
===========================================================================
report_checks -path_delay max (Setup)
============================================================================
======================= Typical Corner ===================================

Startpoint: rst_n (input port clocked by clk)
Endpoint: _3440_ (rising edge-triggered flip-flop clocked by clk')
Path Group: clk
Path Type: max

Fanout     Cap    Slew   Delay    Time   Description
-----------------------------------------------------------------------------
                  0.15    0.00    0.00   clock clk (rise edge)
                          0.00    0.00   clock network delay (ideal)
                          2.80    2.80 v input external delay
                  0.01    0.00    2.80 v rst_n (in)
     1    0.00                           rst_n (net)
                  0.01    0.00    2.80 v _3440_/D (sky130_fd_sc_hd__dfxtp_2)
                                  2.80   data arrival time

                  0.15    7.00    7.00   clock clk' (rise edge)
                          0.00    7.00   clock network delay (ideal)
                         -0.25    6.75   clock uncertainty
                          0.00    6.75   clock reconvergence pessimism
                                  6.75 ^ _3440_/CLK (sky130_fd_sc_hd__dfxtp_2)
                         -0.07    6.68   library setup time
                                  6.68   data required time
-----------------------------------------------------------------------------
                                  6.68   data required time
                                 -2.80   data arrival time
-----------------------------------------------------------------------------
                                  3.88   slack (MET)


Startpoint: _3440_ (rising edge-triggered flip-flop clocked by clk')
Endpoint: _3546_ (rising edge-triggered flip-flop clocked by clk)
Path Group: clk
Path Type: max

Fanout     Cap    Slew   Delay    Time   Description
-----------------------------------------------------------------------------
                  0.15    7.00    7.00   clock clk' (rise edge)
                          0.00    7.00   clock network delay (ideal)
                  0.15    0.00    7.00 ^ _3440_/CLK (sky130_fd_sc_hd__dfxtp_2)
                  0.96    1.05    8.05 ^ _3440_/Q (sky130_fd_sc_hd__dfxtp_2)
    54    0.19                           i_spi_reg.falling_edge_detector_sof.rstb (net)
                  0.96    0.00    8.05 ^ _1769_/A (sky130_fd_sc_hd__buf_2)
                  0.22    0.40    8.45 ^ _1769_/X (sky130_fd_sc_hd__buf_2)
    13    0.04                           _1462_ (net)
                  0.22    0.00    8.45 ^ _1803_/A (sky130_fd_sc_hd__inv_2)
                  0.07    0.09    8.54 v _1803_/Y (sky130_fd_sc_hd__inv_2)
     6    0.01                           _1495_ (net)
                  0.07    0.00    8.54 v _1804_/A (sky130_fd_sc_hd__buf_2)
                  0.06    0.17    8.71 v _1804_/X (sky130_fd_sc_hd__buf_2)
    10    0.02                           _1496_ (net)
                  0.06    0.00    8.71 v _2339_/A (sky130_fd_sc_hd__buf_1)
                  0.46    0.44    9.16 v _2339_/X (sky130_fd_sc_hd__buf_1)
    15    0.08                           _0519_ (net)
                  0.46    0.00    9.16 v _2340_/B1 (sky130_fd_sc_hd__a21oi_4)
                  0.12    0.24    9.39 ^ _2340_/Y (sky130_fd_sc_hd__a21oi_4)
     1    0.00                           _0107_ (net)
                  0.12    0.00    9.39 ^ _3546_/D (sky130_fd_sc_hd__dfxtp_2)
                                  9.39   data arrival time

                  0.15   14.00   14.00   clock clk (rise edge)
                          0.00   14.00   clock network delay (ideal)
                         -0.25   13.75   clock uncertainty
                          0.00   13.75   clock reconvergence pessimism
                                 13.75 ^ _3546_/CLK (sky130_fd_sc_hd__dfxtp_2)
                         -0.06   13.69   library setup time
                                 13.69   data required time
-----------------------------------------------------------------------------
                                 13.69   data required time
                                 -9.39   data arrival time
-----------------------------------------------------------------------------
                                  4.29   slack (MET)


Startpoint: _3440_ (rising edge-triggered flip-flop clocked by clk')
Endpoint: _3547_ (rising edge-triggered flip-flop clocked by clk)
Path Group: clk
Path Type: max

Fanout     Cap    Slew   Delay    Time   Description
-----------------------------------------------------------------------------
                  0.15    7.00    7.00   clock clk' (rise edge)
                          0.00    7.00   clock network delay (ideal)
                  0.15    0.00    7.00 ^ _3440_/CLK (sky130_fd_sc_hd__dfxtp_2)
                  0.96    1.05    8.05 ^ _3440_/Q (sky130_fd_sc_hd__dfxtp_2)
    54    0.19                           i_spi_reg.falling_edge_detector_sof.rstb (net)
                  0.96    0.00    8.05 ^ _1769_/A (sky130_fd_sc_hd__buf_2)
                  0.22    0.40    8.45 ^ _1769_/X (sky130_fd_sc_hd__buf_2)
    13    0.04                           _1462_ (net)
                  0.22    0.00    8.45 ^ _1803_/A (sky130_fd_sc_hd__inv_2)
                  0.07    0.09    8.54 v _1803_/Y (sky130_fd_sc_hd__inv_2)
     6    0.01                           _1495_ (net)
                  0.07    0.00    8.54 v _1804_/A (sky130_fd_sc_hd__buf_2)
                  0.06    0.17    8.71 v _1804_/X (sky130_fd_sc_hd__buf_2)
    10    0.02                           _1496_ (net)
                  0.06    0.00    8.71 v _2339_/A (sky130_fd_sc_hd__buf_1)
                  0.46    0.44    9.16 v _2339_/X (sky130_fd_sc_hd__buf_1)
    15    0.08                           _0519_ (net)
                  0.46    0.00    9.16 v _2348_/B1 (sky130_fd_sc_hd__a21oi_4)
                  0.12    0.24    9.39 ^ _2348_/Y (sky130_fd_sc_hd__a21oi_4)
     1    0.00                           _0108_ (net)
                  0.12    0.00    9.39 ^ _3547_/D (sky130_fd_sc_hd__dfxtp_2)
                                  9.39   data arrival time

                  0.15   14.00   14.00   clock clk (rise edge)
                          0.00   14.00   clock network delay (ideal)
                         -0.25   13.75   clock uncertainty
                          0.00   13.75   clock reconvergence pessimism
                                 13.75 ^ _3547_/CLK (sky130_fd_sc_hd__dfxtp_2)
                         -0.06   13.69   library setup time
                                 13.69   data required time
-----------------------------------------------------------------------------
                                 13.69   data required time
                                 -9.39   data arrival time
-----------------------------------------------------------------------------
                                  4.29   slack (MET)


Startpoint: _3440_ (rising edge-triggered flip-flop clocked by clk')
Endpoint: _3548_ (rising edge-triggered flip-flop clocked by clk)
Path Group: clk
Path Type: max

Fanout     Cap    Slew   Delay    Time   Description
-----------------------------------------------------------------------------
                  0.15    7.00    7.00   clock clk' (rise edge)
                          0.00    7.00   clock network delay (ideal)
                  0.15    0.00    7.00 ^ _3440_/CLK (sky130_fd_sc_hd__dfxtp_2)
                  0.96    1.05    8.05 ^ _3440_/Q (sky130_fd_sc_hd__dfxtp_2)
    54    0.19                           i_spi_reg.falling_edge_detector_sof.rstb (net)
                  0.96    0.00    8.05 ^ _1769_/A (sky130_fd_sc_hd__buf_2)
                  0.22    0.40    8.45 ^ _1769_/X (sky130_fd_sc_hd__buf_2)
    13    0.04                           _1462_ (net)
                  0.22    0.00    8.45 ^ _1803_/A (sky130_fd_sc_hd__inv_2)
                  0.07    0.09    8.54 v _1803_/Y (sky130_fd_sc_hd__inv_2)
     6    0.01                           _1495_ (net)
                  0.07    0.00    8.54 v _1804_/A (sky130_fd_sc_hd__buf_2)
                  0.06    0.17    8.71 v _1804_/X (sky130_fd_sc_hd__buf_2)
    10    0.02                           _1496_ (net)
                  0.06    0.00    8.71 v _2339_/A (sky130_fd_sc_hd__buf_1)
                  0.46    0.44    9.16 v _2339_/X (sky130_fd_sc_hd__buf_1)
    15    0.08                           _0519_ (net)
                  0.46    0.00    9.16 v _2356_/B1 (sky130_fd_sc_hd__a21oi_4)
                  0.12    0.24    9.39 ^ _2356_/Y (sky130_fd_sc_hd__a21oi_4)
     1    0.00                           _0109_ (net)
                  0.12    0.00    9.39 ^ _3548_/D (sky130_fd_sc_hd__dfxtp_2)
                                  9.39   data arrival time

                  0.15   14.00   14.00   clock clk (rise edge)
                          0.00   14.00   clock network delay (ideal)
                         -0.25   13.75   clock uncertainty
                          0.00   13.75   clock reconvergence pessimism
                                 13.75 ^ _3548_/CLK (sky130_fd_sc_hd__dfxtp_2)
                         -0.06   13.69   library setup time
                                 13.69   data required time
-----------------------------------------------------------------------------
                                 13.69   data required time
                                 -9.39   data arrival time
-----------------------------------------------------------------------------
                                  4.29   slack (MET)


Startpoint: _3440_ (rising edge-triggered flip-flop clocked by clk')
Endpoint: _3549_ (rising edge-triggered flip-flop clocked by clk)
Path Group: clk
Path Type: max

Fanout     Cap    Slew   Delay    Time   Description
-----------------------------------------------------------------------------
                  0.15    7.00    7.00   clock clk' (rise edge)
                          0.00    7.00   clock network delay (ideal)
                  0.15    0.00    7.00 ^ _3440_/CLK (sky130_fd_sc_hd__dfxtp_2)
                  0.96    1.05    8.05 ^ _3440_/Q (sky130_fd_sc_hd__dfxtp_2)
    54    0.19                           i_spi_reg.falling_edge_detector_sof.rstb (net)
                  0.96    0.00    8.05 ^ _1769_/A (sky130_fd_sc_hd__buf_2)
                  0.22    0.40    8.45 ^ _1769_/X (sky130_fd_sc_hd__buf_2)
    13    0.04                           _1462_ (net)
                  0.22    0.00    8.45 ^ _1803_/A (sky130_fd_sc_hd__inv_2)
                  0.07    0.09    8.54 v _1803_/Y (sky130_fd_sc_hd__inv_2)
     6    0.01                           _1495_ (net)
                  0.07    0.00    8.54 v _1804_/A (sky130_fd_sc_hd__buf_2)
                  0.06    0.17    8.71 v _1804_/X (sky130_fd_sc_hd__buf_2)
    10    0.02                           _1496_ (net)
                  0.06    0.00    8.71 v _2339_/A (sky130_fd_sc_hd__buf_1)
                  0.46    0.44    9.16 v _2339_/X (sky130_fd_sc_hd__buf_1)
    15    0.08                           _0519_ (net)
                  0.46    0.00    9.16 v _2364_/B1 (sky130_fd_sc_hd__a21oi_4)
                  0.12    0.24    9.39 ^ _2364_/Y (sky130_fd_sc_hd__a21oi_4)
     1    0.00                           _0110_ (net)
                  0.12    0.00    9.39 ^ _3549_/D (sky130_fd_sc_hd__dfxtp_2)
                                  9.39   data arrival time

                  0.15   14.00   14.00   clock clk (rise edge)
                          0.00   14.00   clock network delay (ideal)
                         -0.25   13.75   clock uncertainty
                          0.00   13.75   clock reconvergence pessimism
                                 13.75 ^ _3549_/CLK (sky130_fd_sc_hd__dfxtp_2)
                         -0.06   13.69   library setup time
                                 13.69   data required time
-----------------------------------------------------------------------------
                                 13.69   data required time
                                 -9.39   data arrival time
-----------------------------------------------------------------------------
                                  4.29   slack (MET)


Startpoint: _3440_ (rising edge-triggered flip-flop clocked by clk')
Endpoint: _3550_ (rising edge-triggered flip-flop clocked by clk)
Path Group: clk
Path Type: max

Fanout     Cap    Slew   Delay    Time   Description
-----------------------------------------------------------------------------
                  0.15    7.00    7.00   clock clk' (rise edge)
                          0.00    7.00   clock network delay (ideal)
                  0.15    0.00    7.00 ^ _3440_/CLK (sky130_fd_sc_hd__dfxtp_2)
                  0.96    1.05    8.05 ^ _3440_/Q (sky130_fd_sc_hd__dfxtp_2)
    54    0.19                           i_spi_reg.falling_edge_detector_sof.rstb (net)
                  0.96    0.00    8.05 ^ _1769_/A (sky130_fd_sc_hd__buf_2)
                  0.22    0.40    8.45 ^ _1769_/X (sky130_fd_sc_hd__buf_2)
    13    0.04                           _1462_ (net)
                  0.22    0.00    8.45 ^ _1803_/A (sky130_fd_sc_hd__inv_2)
                  0.07    0.09    8.54 v _1803_/Y (sky130_fd_sc_hd__inv_2)
     6    0.01                           _1495_ (net)
                  0.07    0.00    8.54 v _1804_/A (sky130_fd_sc_hd__buf_2)
                  0.06    0.17    8.71 v _1804_/X (sky130_fd_sc_hd__buf_2)
    10    0.02                           _1496_ (net)
                  0.06    0.00    8.71 v _2339_/A (sky130_fd_sc_hd__buf_1)
                  0.46    0.44    9.16 v _2339_/X (sky130_fd_sc_hd__buf_1)
    15    0.08                           _0519_ (net)
                  0.46    0.00    9.16 v _2371_/B1 (sky130_fd_sc_hd__a21oi_4)
                  0.12    0.24    9.39 ^ _2371_/Y (sky130_fd_sc_hd__a21oi_4)
     1    0.00                           _0111_ (net)
                  0.12    0.00    9.39 ^ _3550_/D (sky130_fd_sc_hd__dfxtp_2)
                                  9.39   data arrival time

                  0.15   14.00   14.00   clock clk (rise edge)
                          0.00   14.00   clock network delay (ideal)
                         -0.25   13.75   clock uncertainty
                          0.00   13.75   clock reconvergence pessimism
                                 13.75 ^ _3550_/CLK (sky130_fd_sc_hd__dfxtp_2)
                         -0.06   13.69   library setup time
                                 13.69   data required time
-----------------------------------------------------------------------------
                                 13.69   data required time
                                 -9.39   data arrival time
-----------------------------------------------------------------------------
                                  4.29   slack (MET)


Startpoint: _3440_ (rising edge-triggered flip-flop clocked by clk')
Endpoint: _3583_ (rising edge-triggered flip-flop clocked by clk)
Path Group: clk
Path Type: max

Fanout     Cap    Slew   Delay    Time   Description
-----------------------------------------------------------------------------
                  0.15    7.00    7.00   clock clk' (rise edge)
                          0.00    7.00   clock network delay (ideal)
                  0.15    0.00    7.00 ^ _3440_/CLK (sky130_fd_sc_hd__dfxtp_2)
                  0.96    1.05    8.05 ^ _3440_/Q (sky130_fd_sc_hd__dfxtp_2)
    54    0.19                           i_spi_reg.falling_edge_detector_sof.rstb (net)
                  0.96    0.00    8.05 ^ _1769_/A (sky130_fd_sc_hd__buf_2)
                  0.22    0.40    8.45 ^ _1769_/X (sky130_fd_sc_hd__buf_2)
    13    0.04                           _1462_ (net)
                  0.22    0.00    8.45 ^ _1803_/A (sky130_fd_sc_hd__inv_2)
                  0.07    0.09    8.54 v _1803_/Y (sky130_fd_sc_hd__inv_2)
     6    0.01                           _1495_ (net)
                  0.07    0.00    8.54 v _1804_/A (sky130_fd_sc_hd__buf_2)
                  0.06    0.17    8.71 v _1804_/X (sky130_fd_sc_hd__buf_2)
    10    0.02                           _1496_ (net)
                  0.06    0.00    8.71 v _2339_/A (sky130_fd_sc_hd__buf_1)
                  0.46    0.44    9.16 v _2339_/X (sky130_fd_sc_hd__buf_1)
    15    0.08                           _0519_ (net)
                  0.46    0.00    9.16 v _2508_/B1 (sky130_fd_sc_hd__a21oi_2)
                  0.12    0.23    9.38 ^ _2508_/Y (sky130_fd_sc_hd__a21oi_2)
     1    0.00                           _0144_ (net)
                  0.12    0.00    9.38 ^ _3583_/D (sky130_fd_sc_hd__dfxtp_2)
                                  9.38   data arrival time

                  0.15   14.00   14.00   clock clk (rise edge)
                          0.00   14.00   clock network delay (ideal)
                         -0.25   13.75   clock uncertainty
                          0.00   13.75   clock reconvergence pessimism
                                 13.75 ^ _3583_/CLK (sky130_fd_sc_hd__dfxtp_2)
                         -0.06   13.69   library setup time
                                 13.69   data required time
-----------------------------------------------------------------------------
                                 13.69   data required time
                                 -9.38   data arrival time
-----------------------------------------------------------------------------
                                  4.30   slack (MET)


Startpoint: _3440_ (rising edge-triggered flip-flop clocked by clk')
Endpoint: _3584_ (rising edge-triggered flip-flop clocked by clk)
Path Group: clk
Path Type: max

Fanout     Cap    Slew   Delay    Time   Description
-----------------------------------------------------------------------------
                  0.15    7.00    7.00   clock clk' (rise edge)
                          0.00    7.00   clock network delay (ideal)
                  0.15    0.00    7.00 ^ _3440_/CLK (sky130_fd_sc_hd__dfxtp_2)
                  0.96    1.05    8.05 ^ _3440_/Q (sky130_fd_sc_hd__dfxtp_2)
    54    0.19                           i_spi_reg.falling_edge_detector_sof.rstb (net)
                  0.96    0.00    8.05 ^ _1769_/A (sky130_fd_sc_hd__buf_2)
                  0.22    0.40    8.45 ^ _1769_/X (sky130_fd_sc_hd__buf_2)
    13    0.04                           _1462_ (net)
                  0.22    0.00    8.45 ^ _1803_/A (sky130_fd_sc_hd__inv_2)
                  0.07    0.09    8.54 v _1803_/Y (sky130_fd_sc_hd__inv_2)
     6    0.01                           _1495_ (net)
                  0.07    0.00    8.54 v _1804_/A (sky130_fd_sc_hd__buf_2)
                  0.06    0.17    8.71 v _1804_/X (sky130_fd_sc_hd__buf_2)
    10    0.02                           _1496_ (net)
                  0.06    0.00    8.71 v _2339_/A (sky130_fd_sc_hd__buf_1)
                  0.46    0.44    9.16 v _2339_/X (sky130_fd_sc_hd__buf_1)
    15    0.08                           _0519_ (net)
                  0.46    0.00    9.16 v _2519_/B1 (sky130_fd_sc_hd__a21oi_2)
                  0.12    0.23    9.38 ^ _2519_/Y (sky130_fd_sc_hd__a21oi_2)
     1    0.00                           _0145_ (net)
                  0.12    0.00    9.38 ^ _3584_/D (sky130_fd_sc_hd__dfxtp_2)
                                  9.38   data arrival time

                  0.15   14.00   14.00   clock clk (rise edge)
                          0.00   14.00   clock network delay (ideal)
                         -0.25   13.75   clock uncertainty
                          0.00   13.75   clock reconvergence pessimism
                                 13.75 ^ _3584_/CLK (sky130_fd_sc_hd__dfxtp_2)
                         -0.06   13.69   library setup time
                                 13.69   data required time
-----------------------------------------------------------------------------
                                 13.69   data required time
                                 -9.38   data arrival time
-----------------------------------------------------------------------------
                                  4.30   slack (MET)


Startpoint: _3440_ (rising edge-triggered flip-flop clocked by clk')
Endpoint: _3585_ (rising edge-triggered flip-flop clocked by clk)
Path Group: clk
Path Type: max

Fanout     Cap    Slew   Delay    Time   Description
-----------------------------------------------------------------------------
                  0.15    7.00    7.00   clock clk' (rise edge)
                          0.00    7.00   clock network delay (ideal)
                  0.15    0.00    7.00 ^ _3440_/CLK (sky130_fd_sc_hd__dfxtp_2)
                  0.96    1.05    8.05 ^ _3440_/Q (sky130_fd_sc_hd__dfxtp_2)
    54    0.19                           i_spi_reg.falling_edge_detector_sof.rstb (net)
                  0.96    0.00    8.05 ^ _1769_/A (sky130_fd_sc_hd__buf_2)
                  0.22    0.40    8.45 ^ _1769_/X (sky130_fd_sc_hd__buf_2)
    13    0.04                           _1462_ (net)
                  0.22    0.00    8.45 ^ _1803_/A (sky130_fd_sc_hd__inv_2)
                  0.07    0.09    8.54 v _1803_/Y (sky130_fd_sc_hd__inv_2)
     6    0.01                           _1495_ (net)
                  0.07    0.00    8.54 v _1804_/A (sky130_fd_sc_hd__buf_2)
                  0.06    0.17    8.71 v _1804_/X (sky130_fd_sc_hd__buf_2)
    10    0.02                           _1496_ (net)
                  0.06    0.00    8.71 v _2339_/A (sky130_fd_sc_hd__buf_1)
                  0.46    0.44    9.16 v _2339_/X (sky130_fd_sc_hd__buf_1)
    15    0.08                           _0519_ (net)
                  0.46    0.00    9.16 v _2530_/B1 (sky130_fd_sc_hd__a21oi_2)
                  0.12    0.23    9.38 ^ _2530_/Y (sky130_fd_sc_hd__a21oi_2)
     1    0.00                           _0146_ (net)
                  0.12    0.00    9.38 ^ _3585_/D (sky130_fd_sc_hd__dfxtp_2)
                                  9.38   data arrival time

                  0.15   14.00   14.00   clock clk (rise edge)
                          0.00   14.00   clock network delay (ideal)
                         -0.25   13.75   clock uncertainty
                          0.00   13.75   clock reconvergence pessimism
                                 13.75 ^ _3585_/CLK (sky130_fd_sc_hd__dfxtp_2)
                         -0.06   13.69   library setup time
                                 13.69   data required time
-----------------------------------------------------------------------------
                                 13.69   data required time
                                 -9.38   data arrival time
-----------------------------------------------------------------------------
                                  4.30   slack (MET)


Startpoint: _3440_ (rising edge-triggered flip-flop clocked by clk')
Endpoint: _3586_ (rising edge-triggered flip-flop clocked by clk)
Path Group: clk
Path Type: max

Fanout     Cap    Slew   Delay    Time   Description
-----------------------------------------------------------------------------
                  0.15    7.00    7.00   clock clk' (rise edge)
                          0.00    7.00   clock network delay (ideal)
                  0.15    0.00    7.00 ^ _3440_/CLK (sky130_fd_sc_hd__dfxtp_2)
                  0.96    1.05    8.05 ^ _3440_/Q (sky130_fd_sc_hd__dfxtp_2)
    54    0.19                           i_spi_reg.falling_edge_detector_sof.rstb (net)
                  0.96    0.00    8.05 ^ _1769_/A (sky130_fd_sc_hd__buf_2)
                  0.22    0.40    8.45 ^ _1769_/X (sky130_fd_sc_hd__buf_2)
    13    0.04                           _1462_ (net)
                  0.22    0.00    8.45 ^ _1803_/A (sky130_fd_sc_hd__inv_2)
                  0.07    0.09    8.54 v _1803_/Y (sky130_fd_sc_hd__inv_2)
     6    0.01                           _1495_ (net)
                  0.07    0.00    8.54 v _1804_/A (sky130_fd_sc_hd__buf_2)
                  0.06    0.17    8.71 v _1804_/X (sky130_fd_sc_hd__buf_2)
    10    0.02                           _1496_ (net)
                  0.06    0.00    8.71 v _2339_/A (sky130_fd_sc_hd__buf_1)
                  0.46    0.44    9.16 v _2339_/X (sky130_fd_sc_hd__buf_1)
    15    0.08                           _0519_ (net)
                  0.46    0.00    9.16 v _2541_/B1 (sky130_fd_sc_hd__a21oi_2)
                  0.12    0.23    9.38 ^ _2541_/Y (sky130_fd_sc_hd__a21oi_2)
     1    0.00                           _0147_ (net)
                  0.12    0.00    9.38 ^ _3586_/D (sky130_fd_sc_hd__dfxtp_2)
                                  9.38   data arrival time

                  0.15   14.00   14.00   clock clk (rise edge)
                          0.00   14.00   clock network delay (ideal)
                         -0.25   13.75   clock uncertainty
                          0.00   13.75   clock reconvergence pessimism
                                 13.75 ^ _3586_/CLK (sky130_fd_sc_hd__dfxtp_2)
                         -0.06   13.69   library setup time
                                 13.69   data required time
-----------------------------------------------------------------------------
                                 13.69   data required time
                                 -9.38   data arrival time
-----------------------------------------------------------------------------
                                  4.30   slack (MET)


Startpoint: _3440_ (rising edge-triggered flip-flop clocked by clk')
Endpoint: _3587_ (rising edge-triggered flip-flop clocked by clk)
Path Group: clk
Path Type: max

Fanout     Cap    Slew   Delay    Time   Description
-----------------------------------------------------------------------------
                  0.15    7.00    7.00   clock clk' (rise edge)
                          0.00    7.00   clock network delay (ideal)
                  0.15    0.00    7.00 ^ _3440_/CLK (sky130_fd_sc_hd__dfxtp_2)
                  0.96    1.05    8.05 ^ _3440_/Q (sky130_fd_sc_hd__dfxtp_2)
    54    0.19                           i_spi_reg.falling_edge_detector_sof.rstb (net)
                  0.96    0.00    8.05 ^ _1769_/A (sky130_fd_sc_hd__buf_2)
                  0.22    0.40    8.45 ^ _1769_/X (sky130_fd_sc_hd__buf_2)
    13    0.04                           _1462_ (net)
                  0.22    0.00    8.45 ^ _1803_/A (sky130_fd_sc_hd__inv_2)
                  0.07    0.09    8.54 v _1803_/Y (sky130_fd_sc_hd__inv_2)
     6    0.01                           _1495_ (net)
                  0.07    0.00    8.54 v _1804_/A (sky130_fd_sc_hd__buf_2)
                  0.06    0.17    8.71 v _1804_/X (sky130_fd_sc_hd__buf_2)
    10    0.02                           _1496_ (net)
                  0.06    0.00    8.71 v _2339_/A (sky130_fd_sc_hd__buf_1)
                  0.46    0.44    9.16 v _2339_/X (sky130_fd_sc_hd__buf_1)
    15    0.08                           _0519_ (net)
                  0.46    0.00    9.16 v _2552_/B1 (sky130_fd_sc_hd__a21oi_2)
                  0.12    0.23    9.38 ^ _2552_/Y (sky130_fd_sc_hd__a21oi_2)
     1    0.00                           _0148_ (net)
                  0.12    0.00    9.38 ^ _3587_/D (sky130_fd_sc_hd__dfxtp_2)
                                  9.38   data arrival time

                  0.15   14.00   14.00   clock clk (rise edge)
                          0.00   14.00   clock network delay (ideal)
                         -0.25   13.75   clock uncertainty
                          0.00   13.75   clock reconvergence pessimism
                                 13.75 ^ _3587_/CLK (sky130_fd_sc_hd__dfxtp_2)
                         -0.06   13.69   library setup time
                                 13.69   data required time
-----------------------------------------------------------------------------
                                 13.69   data required time
                                 -9.38   data arrival time
-----------------------------------------------------------------------------
                                  4.30   slack (MET)


Startpoint: _3440_ (rising edge-triggered flip-flop clocked by clk')
Endpoint: _3588_ (rising edge-triggered flip-flop clocked by clk)
Path Group: clk
Path Type: max

Fanout     Cap    Slew   Delay    Time   Description
-----------------------------------------------------------------------------
                  0.15    7.00    7.00   clock clk' (rise edge)
                          0.00    7.00   clock network delay (ideal)
                  0.15    0.00    7.00 ^ _3440_/CLK (sky130_fd_sc_hd__dfxtp_2)
                  0.96    1.05    8.05 ^ _3440_/Q (sky130_fd_sc_hd__dfxtp_2)
    54    0.19                           i_spi_reg.falling_edge_detector_sof.rstb (net)
                  0.96    0.00    8.05 ^ _1769_/A (sky130_fd_sc_hd__buf_2)
                  0.22    0.40    8.45 ^ _1769_/X (sky130_fd_sc_hd__buf_2)
    13    0.04                           _1462_ (net)
                  0.22    0.00    8.45 ^ _1803_/A (sky130_fd_sc_hd__inv_2)
                  0.07    0.09    8.54 v _1803_/Y (sky130_fd_sc_hd__inv_2)
     6    0.01                           _1495_ (net)
                  0.07    0.00    8.54 v _1804_/A (sky130_fd_sc_hd__buf_2)
                  0.06    0.17    8.71 v _1804_/X (sky130_fd_sc_hd__buf_2)
    10    0.02                           _1496_ (net)
                  0.06    0.00    8.71 v _2339_/A (sky130_fd_sc_hd__buf_1)
                  0.46    0.44    9.16 v _2339_/X (sky130_fd_sc_hd__buf_1)
    15    0.08                           _0519_ (net)
                  0.46    0.00    9.16 v _2563_/B1 (sky130_fd_sc_hd__a21oi_2)
                  0.12    0.23    9.38 ^ _2563_/Y (sky130_fd_sc_hd__a21oi_2)
     1    0.00                           _0149_ (net)
                  0.12    0.00    9.38 ^ _3588_/D (sky130_fd_sc_hd__dfxtp_2)
                                  9.38   data arrival time

                  0.15   14.00   14.00   clock clk (rise edge)
                          0.00   14.00   clock network delay (ideal)
                         -0.25   13.75   clock uncertainty
                          0.00   13.75   clock reconvergence pessimism
                                 13.75 ^ _3588_/CLK (sky130_fd_sc_hd__dfxtp_2)
                         -0.06   13.69   library setup time
                                 13.69   data required time
-----------------------------------------------------------------------------
                                 13.69   data required time
                                 -9.38   data arrival time
-----------------------------------------------------------------------------
                                  4.30   slack (MET)


Startpoint: _3440_ (rising edge-triggered flip-flop clocked by clk')
Endpoint: _3589_ (rising edge-triggered flip-flop clocked by clk)
Path Group: clk
Path Type: max

Fanout     Cap    Slew   Delay    Time   Description
-----------------------------------------------------------------------------
                  0.15    7.00    7.00   clock clk' (rise edge)
                          0.00    7.00   clock network delay (ideal)
                  0.15    0.00    7.00 ^ _3440_/CLK (sky130_fd_sc_hd__dfxtp_2)
                  0.96    1.05    8.05 ^ _3440_/Q (sky130_fd_sc_hd__dfxtp_2)
    54    0.19                           i_spi_reg.falling_edge_detector_sof.rstb (net)
                  0.96    0.00    8.05 ^ _1769_/A (sky130_fd_sc_hd__buf_2)
                  0.22    0.40    8.45 ^ _1769_/X (sky130_fd_sc_hd__buf_2)
    13    0.04                           _1462_ (net)
                  0.22    0.00    8.45 ^ _1803_/A (sky130_fd_sc_hd__inv_2)
                  0.07    0.09    8.54 v _1803_/Y (sky130_fd_sc_hd__inv_2)
     6    0.01                           _1495_ (net)
                  0.07    0.00    8.54 v _1804_/A (sky130_fd_sc_hd__buf_2)
                  0.06    0.17    8.71 v _1804_/X (sky130_fd_sc_hd__buf_2)
    10    0.02                           _1496_ (net)
                  0.06    0.00    8.71 v _2339_/A (sky130_fd_sc_hd__buf_1)
                  0.46    0.44    9.16 v _2339_/X (sky130_fd_sc_hd__buf_1)
    15    0.08                           _0519_ (net)
                  0.46    0.00    9.16 v _2575_/B1 (sky130_fd_sc_hd__a21oi_2)
                  0.12    0.23    9.38 ^ _2575_/Y (sky130_fd_sc_hd__a21oi_2)
     1    0.00                           _0150_ (net)
                  0.12    0.00    9.38 ^ _3589_/D (sky130_fd_sc_hd__dfxtp_2)
                                  9.38   data arrival time

                  0.15   14.00   14.00   clock clk (rise edge)
                          0.00   14.00   clock network delay (ideal)
                         -0.25   13.75   clock uncertainty
                          0.00   13.75   clock reconvergence pessimism
                                 13.75 ^ _3589_/CLK (sky130_fd_sc_hd__dfxtp_2)
                         -0.06   13.69   library setup time
                                 13.69   data required time
-----------------------------------------------------------------------------
                                 13.69   data required time
                                 -9.38   data arrival time
-----------------------------------------------------------------------------
                                  4.30   slack (MET)


Startpoint: _3440_ (rising edge-triggered flip-flop clocked by clk')
Endpoint: _3590_ (rising edge-triggered flip-flop clocked by clk)
Path Group: clk
Path Type: max

Fanout     Cap    Slew   Delay    Time   Description
-----------------------------------------------------------------------------
                  0.15    7.00    7.00   clock clk' (rise edge)
                          0.00    7.00   clock network delay (ideal)
                  0.15    0.00    7.00 ^ _3440_/CLK (sky130_fd_sc_hd__dfxtp_2)
                  0.96    1.05    8.05 ^ _3440_/Q (sky130_fd_sc_hd__dfxtp_2)
    54    0.19                           i_spi_reg.falling_edge_detector_sof.rstb (net)
                  0.96    0.00    8.05 ^ _1769_/A (sky130_fd_sc_hd__buf_2)
                  0.22    0.40    8.45 ^ _1769_/X (sky130_fd_sc_hd__buf_2)
    13    0.04                           _1462_ (net)
                  0.22    0.00    8.45 ^ _1803_/A (sky130_fd_sc_hd__inv_2)
                  0.07    0.09    8.54 v _1803_/Y (sky130_fd_sc_hd__inv_2)
     6    0.01                           _1495_ (net)
                  0.07    0.00    8.54 v _1804_/A (sky130_fd_sc_hd__buf_2)
                  0.06    0.17    8.71 v _1804_/X (sky130_fd_sc_hd__buf_2)
    10    0.02                           _1496_ (net)
                  0.06    0.00    8.71 v _2339_/A (sky130_fd_sc_hd__buf_1)
                  0.46    0.44    9.16 v _2339_/X (sky130_fd_sc_hd__buf_1)
    15    0.08                           _0519_ (net)
                  0.46    0.00    9.16 v _2586_/B1 (sky130_fd_sc_hd__a21oi_2)
                  0.12    0.23    9.38 ^ _2586_/Y (sky130_fd_sc_hd__a21oi_2)
     1    0.00                           _0151_ (net)
                  0.12    0.00    9.38 ^ _3590_/D (sky130_fd_sc_hd__dfxtp_2)
                                  9.38   data arrival time

                  0.15   14.00   14.00   clock clk (rise edge)
                          0.00   14.00   clock network delay (ideal)
                         -0.25   13.75   clock uncertainty
                          0.00   13.75   clock reconvergence pessimism
                                 13.75 ^ _3590_/CLK (sky130_fd_sc_hd__dfxtp_2)
                         -0.06   13.69   library setup time
                                 13.69   data required time
-----------------------------------------------------------------------------
                                 13.69   data required time
                                 -9.38   data arrival time
-----------------------------------------------------------------------------
                                  4.30   slack (MET)


Startpoint: _3440_ (rising edge-triggered flip-flop clocked by clk')
Endpoint: _3591_ (rising edge-triggered flip-flop clocked by clk)
Path Group: clk
Path Type: max

Fanout     Cap    Slew   Delay    Time   Description
-----------------------------------------------------------------------------
                  0.15    7.00    7.00   clock clk' (rise edge)
                          0.00    7.00   clock network delay (ideal)
                  0.15    0.00    7.00 ^ _3440_/CLK (sky130_fd_sc_hd__dfxtp_2)
                  0.96    1.05    8.05 ^ _3440_/Q (sky130_fd_sc_hd__dfxtp_2)
    54    0.19                           i_spi_reg.falling_edge_detector_sof.rstb (net)
                  0.96    0.00    8.05 ^ _1769_/A (sky130_fd_sc_hd__buf_2)
                  0.22    0.40    8.45 ^ _1769_/X (sky130_fd_sc_hd__buf_2)
    13    0.04                           _1462_ (net)
                  0.22    0.00    8.45 ^ _1803_/A (sky130_fd_sc_hd__inv_2)
                  0.07    0.09    8.54 v _1803_/Y (sky130_fd_sc_hd__inv_2)
     6    0.01                           _1495_ (net)
                  0.07    0.00    8.54 v _1804_/A (sky130_fd_sc_hd__buf_2)
                  0.06    0.17    8.71 v _1804_/X (sky130_fd_sc_hd__buf_2)
    10    0.02                           _1496_ (net)
                  0.06    0.00    8.71 v _2339_/A (sky130_fd_sc_hd__buf_1)
                  0.46    0.44    9.16 v _2339_/X (sky130_fd_sc_hd__buf_1)
    15    0.08                           _0519_ (net)
                  0.46    0.00    9.16 v _2598_/B1 (sky130_fd_sc_hd__a21oi_2)
                  0.12    0.23    9.38 ^ _2598_/Y (sky130_fd_sc_hd__a21oi_2)
     1    0.00                           _0152_ (net)
                  0.12    0.00    9.38 ^ _3591_/D (sky130_fd_sc_hd__dfxtp_2)
                                  9.38   data arrival time

                  0.15   14.00   14.00   clock clk (rise edge)
                          0.00   14.00   clock network delay (ideal)
                         -0.25   13.75   clock uncertainty
                          0.00   13.75   clock reconvergence pessimism
                                 13.75 ^ _3591_/CLK (sky130_fd_sc_hd__dfxtp_2)
                         -0.06   13.69   library setup time
                                 13.69   data required time
-----------------------------------------------------------------------------
                                 13.69   data required time
                                 -9.38   data arrival time
-----------------------------------------------------------------------------
                                  4.30   slack (MET)


Startpoint: _3440_ (rising edge-triggered flip-flop clocked by clk')
Endpoint: _3592_ (rising edge-triggered flip-flop clocked by clk)
Path Group: clk
Path Type: max

Fanout     Cap    Slew   Delay    Time   Description
-----------------------------------------------------------------------------
                  0.15    7.00    7.00   clock clk' (rise edge)
                          0.00    7.00   clock network delay (ideal)
                  0.15    0.00    7.00 ^ _3440_/CLK (sky130_fd_sc_hd__dfxtp_2)
                  0.96    1.05    8.05 ^ _3440_/Q (sky130_fd_sc_hd__dfxtp_2)
    54    0.19                           i_spi_reg.falling_edge_detector_sof.rstb (net)
                  0.96    0.00    8.05 ^ _1769_/A (sky130_fd_sc_hd__buf_2)
                  0.22    0.40    8.45 ^ _1769_/X (sky130_fd_sc_hd__buf_2)
    13    0.04                           _1462_ (net)
                  0.22    0.00    8.45 ^ _1803_/A (sky130_fd_sc_hd__inv_2)
                  0.07    0.09    8.54 v _1803_/Y (sky130_fd_sc_hd__inv_2)
     6    0.01                           _1495_ (net)
                  0.07    0.00    8.54 v _1804_/A (sky130_fd_sc_hd__buf_2)
                  0.06    0.17    8.71 v _1804_/X (sky130_fd_sc_hd__buf_2)
    10    0.02                           _1496_ (net)
                  0.06    0.00    8.71 v _2339_/A (sky130_fd_sc_hd__buf_1)
                  0.46    0.44    9.16 v _2339_/X (sky130_fd_sc_hd__buf_1)
    15    0.08                           _0519_ (net)
                  0.46    0.00    9.16 v _2605_/B1 (sky130_fd_sc_hd__a21oi_2)
                  0.12    0.23    9.38 ^ _2605_/Y (sky130_fd_sc_hd__a21oi_2)
     1    0.00                           _0153_ (net)
                  0.12    0.00    9.38 ^ _3592_/D (sky130_fd_sc_hd__dfxtp_2)
                                  9.38   data arrival time

                  0.15   14.00   14.00   clock clk (rise edge)
                          0.00   14.00   clock network delay (ideal)
                         -0.25   13.75   clock uncertainty
                          0.00   13.75   clock reconvergence pessimism
                                 13.75 ^ _3592_/CLK (sky130_fd_sc_hd__dfxtp_2)
                         -0.06   13.69   library setup time
                                 13.69   data required time
-----------------------------------------------------------------------------
                                 13.69   data required time
                                 -9.38   data arrival time
-----------------------------------------------------------------------------
                                  4.30   slack (MET)


Startpoint: _3440_ (rising edge-triggered flip-flop clocked by clk')
Endpoint: _3595_ (rising edge-triggered flip-flop clocked by clk)
Path Group: clk
Path Type: max

Fanout     Cap    Slew   Delay    Time   Description
-----------------------------------------------------------------------------
                  0.15    7.00    7.00   clock clk' (rise edge)
                          0.00    7.00   clock network delay (ideal)
                  0.15    0.00    7.00 ^ _3440_/CLK (sky130_fd_sc_hd__dfxtp_2)
                  0.96    1.05    8.05 ^ _3440_/Q (sky130_fd_sc_hd__dfxtp_2)
    54    0.19                           i_spi_reg.falling_edge_detector_sof.rstb (net)
                  0.96    0.00    8.05 ^ _1769_/A (sky130_fd_sc_hd__buf_2)
                  0.22    0.40    8.45 ^ _1769_/X (sky130_fd_sc_hd__buf_2)
    13    0.04                           _1462_ (net)
                  0.22    0.00    8.45 ^ _1803_/A (sky130_fd_sc_hd__inv_2)
                  0.07    0.09    8.54 v _1803_/Y (sky130_fd_sc_hd__inv_2)
     6    0.01                           _1495_ (net)
                  0.07    0.00    8.54 v _1804_/A (sky130_fd_sc_hd__buf_2)
                  0.06    0.17    8.71 v _1804_/X (sky130_fd_sc_hd__buf_2)
    10    0.02                           _1496_ (net)
                  0.06    0.00    8.71 v _2612_/A (sky130_fd_sc_hd__buf_1)
                  0.39    0.39    9.11 v _2612_/X (sky130_fd_sc_hd__buf_1)
    15    0.07                           _0745_ (net)
                  0.39    0.00    9.11 v _2627_/B1 (sky130_fd_sc_hd__a21oi_4)
                  0.12    0.22    9.33 ^ _2627_/Y (sky130_fd_sc_hd__a21oi_4)
     1    0.00                           _0156_ (net)
                  0.12    0.00    9.33 ^ _3595_/D (sky130_fd_sc_hd__dfxtp_2)
                                  9.33   data arrival time

                  0.15   14.00   14.00   clock clk (rise edge)
                          0.00   14.00   clock network delay (ideal)
                         -0.25   13.75   clock uncertainty
                          0.00   13.75   clock reconvergence pessimism
                                 13.75 ^ _3595_/CLK (sky130_fd_sc_hd__dfxtp_2)
                         -0.06   13.69   library setup time
                                 13.69   data required time
-----------------------------------------------------------------------------
                                 13.69   data required time
                                 -9.33   data arrival time
-----------------------------------------------------------------------------
                                  4.36   slack (MET)


Startpoint: _3440_ (rising edge-triggered flip-flop clocked by clk')
Endpoint: _3597_ (rising edge-triggered flip-flop clocked by clk)
Path Group: clk
Path Type: max

Fanout     Cap    Slew   Delay    Time   Description
-----------------------------------------------------------------------------
                  0.15    7.00    7.00   clock clk' (rise edge)
                          0.00    7.00   clock network delay (ideal)
                  0.15    0.00    7.00 ^ _3440_/CLK (sky130_fd_sc_hd__dfxtp_2)
                  0.96    1.05    8.05 ^ _3440_/Q (sky130_fd_sc_hd__dfxtp_2)
    54    0.19                           i_spi_reg.falling_edge_detector_sof.rstb (net)
                  0.96    0.00    8.05 ^ _1769_/A (sky130_fd_sc_hd__buf_2)
                  0.22    0.40    8.45 ^ _1769_/X (sky130_fd_sc_hd__buf_2)
    13    0.04                           _1462_ (net)
                  0.22    0.00    8.45 ^ _1803_/A (sky130_fd_sc_hd__inv_2)
                  0.07    0.09    8.54 v _1803_/Y (sky130_fd_sc_hd__inv_2)
     6    0.01                           _1495_ (net)
                  0.07    0.00    8.54 v _1804_/A (sky130_fd_sc_hd__buf_2)
                  0.06    0.17    8.71 v _1804_/X (sky130_fd_sc_hd__buf_2)
    10    0.02                           _1496_ (net)
                  0.06    0.00    8.71 v _2612_/A (sky130_fd_sc_hd__buf_1)
                  0.39    0.39    9.11 v _2612_/X (sky130_fd_sc_hd__buf_1)
    15    0.07                           _0745_ (net)
                  0.39    0.00    9.11 v _2641_/B1 (sky130_fd_sc_hd__a21oi_4)
                  0.12    0.22    9.33 ^ _2641_/Y (sky130_fd_sc_hd__a21oi_4)
     1    0.00                           _0158_ (net)
                  0.12    0.00    9.33 ^ _3597_/D (sky130_fd_sc_hd__dfxtp_2)
                                  9.33   data arrival time

                  0.15   14.00   14.00   clock clk (rise edge)
                          0.00   14.00   clock network delay (ideal)
                         -0.25   13.75   clock uncertainty
                          0.00   13.75   clock reconvergence pessimism
                                 13.75 ^ _3597_/CLK (sky130_fd_sc_hd__dfxtp_2)
                         -0.06   13.69   library setup time
                                 13.69   data required time
-----------------------------------------------------------------------------
                                 13.69   data required time
                                 -9.33   data arrival time
-----------------------------------------------------------------------------
                                  4.36   slack (MET)


Startpoint: _3440_ (rising edge-triggered flip-flop clocked by clk')
Endpoint: _3593_ (rising edge-triggered flip-flop clocked by clk)
Path Group: clk
Path Type: max

Fanout     Cap    Slew   Delay    Time   Description
-----------------------------------------------------------------------------
                  0.15    7.00    7.00   clock clk' (rise edge)
                          0.00    7.00   clock network delay (ideal)
                  0.15    0.00    7.00 ^ _3440_/CLK (sky130_fd_sc_hd__dfxtp_2)
                  0.96    1.05    8.05 ^ _3440_/Q (sky130_fd_sc_hd__dfxtp_2)
    54    0.19                           i_spi_reg.falling_edge_detector_sof.rstb (net)
                  0.96    0.00    8.05 ^ _1769_/A (sky130_fd_sc_hd__buf_2)
                  0.22    0.40    8.45 ^ _1769_/X (sky130_fd_sc_hd__buf_2)
    13    0.04                           _1462_ (net)
                  0.22    0.00    8.45 ^ _1803_/A (sky130_fd_sc_hd__inv_2)
                  0.07    0.09    8.54 v _1803_/Y (sky130_fd_sc_hd__inv_2)
     6    0.01                           _1495_ (net)
                  0.07    0.00    8.54 v _1804_/A (sky130_fd_sc_hd__buf_2)
                  0.06    0.17    8.71 v _1804_/X (sky130_fd_sc_hd__buf_2)
    10    0.02                           _1496_ (net)
                  0.06    0.00    8.71 v _2612_/A (sky130_fd_sc_hd__buf_1)
                  0.39    0.39    9.11 v _2612_/X (sky130_fd_sc_hd__buf_1)
    15    0.07                           _0745_ (net)
                  0.39    0.00    9.11 v _2613_/B1 (sky130_fd_sc_hd__a21oi_2)
                  0.11    0.21    9.32 ^ _2613_/Y (sky130_fd_sc_hd__a21oi_2)
     1    0.00                           _0154_ (net)
                  0.11    0.00    9.32 ^ _3593_/D (sky130_fd_sc_hd__dfxtp_2)
                                  9.32   data arrival time

                  0.15   14.00   14.00   clock clk (rise edge)
                          0.00   14.00   clock network delay (ideal)
                         -0.25   13.75   clock uncertainty
                          0.00   13.75   clock reconvergence pessimism
                                 13.75 ^ _3593_/CLK (sky130_fd_sc_hd__dfxtp_2)
                         -0.06   13.69   library setup time
                                 13.69   data required time
-----------------------------------------------------------------------------
                                 13.69   data required time
                                 -9.32   data arrival time
-----------------------------------------------------------------------------
                                  4.37   slack (MET)


Startpoint: _3440_ (rising edge-triggered flip-flop clocked by clk')
Endpoint: _3594_ (rising edge-triggered flip-flop clocked by clk)
Path Group: clk
Path Type: max

Fanout     Cap    Slew   Delay    Time   Description
-----------------------------------------------------------------------------
                  0.15    7.00    7.00   clock clk' (rise edge)
                          0.00    7.00   clock network delay (ideal)
                  0.15    0.00    7.00 ^ _3440_/CLK (sky130_fd_sc_hd__dfxtp_2)
                  0.96    1.05    8.05 ^ _3440_/Q (sky130_fd_sc_hd__dfxtp_2)
    54    0.19                           i_spi_reg.falling_edge_detector_sof.rstb (net)
                  0.96    0.00    8.05 ^ _1769_/A (sky130_fd_sc_hd__buf_2)
                  0.22    0.40    8.45 ^ _1769_/X (sky130_fd_sc_hd__buf_2)
    13    0.04                           _1462_ (net)
                  0.22    0.00    8.45 ^ _1803_/A (sky130_fd_sc_hd__inv_2)
                  0.07    0.09    8.54 v _1803_/Y (sky130_fd_sc_hd__inv_2)
     6    0.01                           _1495_ (net)
                  0.07    0.00    8.54 v _1804_/A (sky130_fd_sc_hd__buf_2)
                  0.06    0.17    8.71 v _1804_/X (sky130_fd_sc_hd__buf_2)
    10    0.02                           _1496_ (net)
                  0.06    0.00    8.71 v _2612_/A (sky130_fd_sc_hd__buf_1)
                  0.39    0.39    9.11 v _2612_/X (sky130_fd_sc_hd__buf_1)
    15    0.07                           _0745_ (net)
                  0.39    0.00    9.11 v _2620_/B1 (sky130_fd_sc_hd__a21oi_2)
                  0.11    0.21    9.32 ^ _2620_/Y (sky130_fd_sc_hd__a21oi_2)
     1    0.00                           _0155_ (net)
                  0.11    0.00    9.32 ^ _3594_/D (sky130_fd_sc_hd__dfxtp_2)
                                  9.32   data arrival time

                  0.15   14.00   14.00   clock clk (rise edge)
                          0.00   14.00   clock network delay (ideal)
                         -0.25   13.75   clock uncertainty
                          0.00   13.75   clock reconvergence pessimism
                                 13.75 ^ _3594_/CLK (sky130_fd_sc_hd__dfxtp_2)
                         -0.06   13.69   library setup time
                                 13.69   data required time
-----------------------------------------------------------------------------
                                 13.69   data required time
                                 -9.32   data arrival time
-----------------------------------------------------------------------------
                                  4.37   slack (MET)


Startpoint: _3440_ (rising edge-triggered flip-flop clocked by clk')
Endpoint: _3596_ (rising edge-triggered flip-flop clocked by clk)
Path Group: clk
Path Type: max

Fanout     Cap    Slew   Delay    Time   Description
-----------------------------------------------------------------------------
                  0.15    7.00    7.00   clock clk' (rise edge)
                          0.00    7.00   clock network delay (ideal)
                  0.15    0.00    7.00 ^ _3440_/CLK (sky130_fd_sc_hd__dfxtp_2)
                  0.96    1.05    8.05 ^ _3440_/Q (sky130_fd_sc_hd__dfxtp_2)
    54    0.19                           i_spi_reg.falling_edge_detector_sof.rstb (net)
                  0.96    0.00    8.05 ^ _1769_/A (sky130_fd_sc_hd__buf_2)
                  0.22    0.40    8.45 ^ _1769_/X (sky130_fd_sc_hd__buf_2)
    13    0.04                           _1462_ (net)
                  0.22    0.00    8.45 ^ _1803_/A (sky130_fd_sc_hd__inv_2)
                  0.07    0.09    8.54 v _1803_/Y (sky130_fd_sc_hd__inv_2)
     6    0.01                           _1495_ (net)
                  0.07    0.00    8.54 v _1804_/A (sky130_fd_sc_hd__buf_2)
                  0.06    0.17    8.71 v _1804_/X (sky130_fd_sc_hd__buf_2)
    10    0.02                           _1496_ (net)
                  0.06    0.00    8.71 v _2612_/A (sky130_fd_sc_hd__buf_1)
                  0.39    0.39    9.11 v _2612_/X (sky130_fd_sc_hd__buf_1)
    15    0.07                           _0745_ (net)
                  0.39    0.00    9.11 v _2634_/B1 (sky130_fd_sc_hd__a21oi_2)
                  0.11    0.21    9.32 ^ _2634_/Y (sky130_fd_sc_hd__a21oi_2)
     1    0.00                           _0157_ (net)
                  0.11    0.00    9.32 ^ _3596_/D (sky130_fd_sc_hd__dfxtp_2)
                                  9.32   data arrival time

                  0.15   14.00   14.00   clock clk (rise edge)
                          0.00   14.00   clock network delay (ideal)
                         -0.25   13.75   clock uncertainty
                          0.00   13.75   clock reconvergence pessimism
                                 13.75 ^ _3596_/CLK (sky130_fd_sc_hd__dfxtp_2)
                         -0.06   13.69   library setup time
                                 13.69   data required time
-----------------------------------------------------------------------------
                                 13.69   data required time
                                 -9.32   data arrival time
-----------------------------------------------------------------------------
                                  4.37   slack (MET)


Startpoint: _3440_ (rising edge-triggered flip-flop clocked by clk')
Endpoint: _3598_ (rising edge-triggered flip-flop clocked by clk)
Path Group: clk
Path Type: max

Fanout     Cap    Slew   Delay    Time   Description
-----------------------------------------------------------------------------
                  0.15    7.00    7.00   clock clk' (rise edge)
                          0.00    7.00   clock network delay (ideal)
                  0.15    0.00    7.00 ^ _3440_/CLK (sky130_fd_sc_hd__dfxtp_2)
                  0.96    1.05    8.05 ^ _3440_/Q (sky130_fd_sc_hd__dfxtp_2)
    54    0.19                           i_spi_reg.falling_edge_detector_sof.rstb (net)
                  0.96    0.00    8.05 ^ _1769_/A (sky130_fd_sc_hd__buf_2)
                  0.22    0.40    8.45 ^ _1769_/X (sky130_fd_sc_hd__buf_2)
    13    0.04                           _1462_ (net)
                  0.22    0.00    8.45 ^ _1803_/A (sky130_fd_sc_hd__inv_2)
                  0.07    0.09    8.54 v _1803_/Y (sky130_fd_sc_hd__inv_2)
     6    0.01                           _1495_ (net)
                  0.07    0.00    8.54 v _1804_/A (sky130_fd_sc_hd__buf_2)
                  0.06    0.17    8.71 v _1804_/X (sky130_fd_sc_hd__buf_2)
    10    0.02                           _1496_ (net)
                  0.06    0.00    8.71 v _2612_/A (sky130_fd_sc_hd__buf_1)
                  0.39    0.39    9.11 v _2612_/X (sky130_fd_sc_hd__buf_1)
    15    0.07                           _0745_ (net)
                  0.39    0.00    9.11 v _2648_/B1 (sky130_fd_sc_hd__a21oi_2)
                  0.11    0.21    9.32 ^ _2648_/Y (sky130_fd_sc_hd__a21oi_2)
     1    0.00                           _0159_ (net)
                  0.11    0.00    9.32 ^ _3598_/D (sky130_fd_sc_hd__dfxtp_2)
                                  9.32   data arrival time

                  0.15   14.00   14.00   clock clk (rise edge)
                          0.00   14.00   clock network delay (ideal)
                         -0.25   13.75   clock uncertainty
                          0.00   13.75   clock reconvergence pessimism
                                 13.75 ^ _3598_/CLK (sky130_fd_sc_hd__dfxtp_2)
                         -0.06   13.69   library setup time
                                 13.69   data required time
-----------------------------------------------------------------------------
                                 13.69   data required time
                                 -9.32   data arrival time
-----------------------------------------------------------------------------
                                  4.37   slack (MET)


Startpoint: _3440_ (rising edge-triggered flip-flop clocked by clk')
Endpoint: _3607_ (rising edge-triggered flip-flop clocked by clk)
Path Group: clk
Path Type: max

Fanout     Cap    Slew   Delay    Time   Description
-----------------------------------------------------------------------------
                  0.15    7.00    7.00   clock clk' (rise edge)
                          0.00    7.00   clock network delay (ideal)
                  0.15    0.00    7.00 ^ _3440_/CLK (sky130_fd_sc_hd__dfxtp_2)
                  0.96    1.05    8.05 ^ _3440_/Q (sky130_fd_sc_hd__dfxtp_2)
    54    0.19                           i_spi_reg.falling_edge_detector_sof.rstb (net)
                  0.96    0.00    8.05 ^ _1769_/A (sky130_fd_sc_hd__buf_2)
                  0.22    0.40    8.45 ^ _1769_/X (sky130_fd_sc_hd__buf_2)
    13    0.04                           _1462_ (net)
                  0.22    0.00    8.45 ^ _1803_/A (sky130_fd_sc_hd__inv_2)
                  0.07    0.09    8.54 v _1803_/Y (sky130_fd_sc_hd__inv_2)
     6    0.01                           _1495_ (net)
                  0.07    0.00    8.54 v _1804_/A (sky130_fd_sc_hd__buf_2)
                  0.06    0.17    8.71 v _1804_/X (sky130_fd_sc_hd__buf_2)
    10    0.02                           _1496_ (net)
                  0.06    0.00    8.71 v _2612_/A (sky130_fd_sc_hd__buf_1)
                  0.39    0.39    9.11 v _2612_/X (sky130_fd_sc_hd__buf_1)
    15    0.07                           _0745_ (net)
                  0.39    0.00    9.11 v _2687_/B1 (sky130_fd_sc_hd__a21oi_2)
                  0.11    0.21    9.32 ^ _2687_/Y (sky130_fd_sc_hd__a21oi_2)
     1    0.00                           _0168_ (net)
                  0.11    0.00    9.32 ^ _3607_/D (sky130_fd_sc_hd__dfxtp_2)
                                  9.32   data arrival time

                  0.15   14.00   14.00   clock clk (rise edge)
                          0.00   14.00   clock network delay (ideal)
                         -0.25   13.75   clock uncertainty
                          0.00   13.75   clock reconvergence pessimism
                                 13.75 ^ _3607_/CLK (sky130_fd_sc_hd__dfxtp_2)
                         -0.06   13.69   library setup time
                                 13.69   data required time
-----------------------------------------------------------------------------
                                 13.69   data required time
                                 -9.32   data arrival time
-----------------------------------------------------------------------------
                                  4.37   slack (MET)


Startpoint: _3440_ (rising edge-triggered flip-flop clocked by clk')
Endpoint: _3608_ (rising edge-triggered flip-flop clocked by clk)
Path Group: clk
Path Type: max

Fanout     Cap    Slew   Delay    Time   Description
-----------------------------------------------------------------------------
                  0.15    7.00    7.00   clock clk' (rise edge)
                          0.00    7.00   clock network delay (ideal)
                  0.15    0.00    7.00 ^ _3440_/CLK (sky130_fd_sc_hd__dfxtp_2)
                  0.96    1.05    8.05 ^ _3440_/Q (sky130_fd_sc_hd__dfxtp_2)
    54    0.19                           i_spi_reg.falling_edge_detector_sof.rstb (net)
                  0.96    0.00    8.05 ^ _1769_/A (sky130_fd_sc_hd__buf_2)
                  0.22    0.40    8.45 ^ _1769_/X (sky130_fd_sc_hd__buf_2)
    13    0.04                           _1462_ (net)
                  0.22    0.00    8.45 ^ _1803_/A (sky130_fd_sc_hd__inv_2)
                  0.07    0.09    8.54 v _1803_/Y (sky130_fd_sc_hd__inv_2)
     6    0.01                           _1495_ (net)
                  0.07    0.00    8.54 v _1804_/A (sky130_fd_sc_hd__buf_2)
                  0.06    0.17    8.71 v _1804_/X (sky130_fd_sc_hd__buf_2)
    10    0.02                           _1496_ (net)
                  0.06    0.00    8.71 v _2612_/A (sky130_fd_sc_hd__buf_1)
                  0.39    0.39    9.11 v _2612_/X (sky130_fd_sc_hd__buf_1)
    15    0.07                           _0745_ (net)
                  0.39    0.00    9.11 v _2692_/B1 (sky130_fd_sc_hd__a21oi_2)
                  0.11    0.21    9.32 ^ _2692_/Y (sky130_fd_sc_hd__a21oi_2)
     1    0.00                           _0169_ (net)
                  0.11    0.00    9.32 ^ _3608_/D (sky130_fd_sc_hd__dfxtp_2)
                                  9.32   data arrival time

                  0.15   14.00   14.00   clock clk (rise edge)
                          0.00   14.00   clock network delay (ideal)
                         -0.25   13.75   clock uncertainty
                          0.00   13.75   clock reconvergence pessimism
                                 13.75 ^ _3608_/CLK (sky130_fd_sc_hd__dfxtp_2)
                         -0.06   13.69   library setup time
                                 13.69   data required time
-----------------------------------------------------------------------------
                                 13.69   data required time
                                 -9.32   data arrival time
-----------------------------------------------------------------------------
                                  4.37   slack (MET)


Startpoint: _3440_ (rising edge-triggered flip-flop clocked by clk')
Endpoint: _3609_ (rising edge-triggered flip-flop clocked by clk)
Path Group: clk
Path Type: max

Fanout     Cap    Slew   Delay    Time   Description
-----------------------------------------------------------------------------
                  0.15    7.00    7.00   clock clk' (rise edge)
                          0.00    7.00   clock network delay (ideal)
                  0.15    0.00    7.00 ^ _3440_/CLK (sky130_fd_sc_hd__dfxtp_2)
                  0.96    1.05    8.05 ^ _3440_/Q (sky130_fd_sc_hd__dfxtp_2)
    54    0.19                           i_spi_reg.falling_edge_detector_sof.rstb (net)
                  0.96    0.00    8.05 ^ _1769_/A (sky130_fd_sc_hd__buf_2)
                  0.22    0.40    8.45 ^ _1769_/X (sky130_fd_sc_hd__buf_2)
    13    0.04                           _1462_ (net)
                  0.22    0.00    8.45 ^ _1803_/A (sky130_fd_sc_hd__inv_2)
                  0.07    0.09    8.54 v _1803_/Y (sky130_fd_sc_hd__inv_2)
     6    0.01                           _1495_ (net)
                  0.07    0.00    8.54 v _1804_/A (sky130_fd_sc_hd__buf_2)
                  0.06    0.17    8.71 v _1804_/X (sky130_fd_sc_hd__buf_2)
    10    0.02                           _1496_ (net)
                  0.06    0.00    8.71 v _2612_/A (sky130_fd_sc_hd__buf_1)
                  0.39    0.39    9.11 v _2612_/X (sky130_fd_sc_hd__buf_1)
    15    0.07                           _0745_ (net)
                  0.39    0.00    9.11 v _2697_/B1 (sky130_fd_sc_hd__a21oi_2)
                  0.11    0.21    9.32 ^ _2697_/Y (sky130_fd_sc_hd__a21oi_2)
     1    0.00                           _0170_ (net)
                  0.11    0.00    9.32 ^ _3609_/D (sky130_fd_sc_hd__dfxtp_2)
                                  9.32   data arrival time

                  0.15   14.00   14.00   clock clk (rise edge)
                          0.00   14.00   clock network delay (ideal)
                         -0.25   13.75   clock uncertainty
                          0.00   13.75   clock reconvergence pessimism
                                 13.75 ^ _3609_/CLK (sky130_fd_sc_hd__dfxtp_2)
                         -0.06   13.69   library setup time
                                 13.69   data required time
-----------------------------------------------------------------------------
                                 13.69   data required time
                                 -9.32   data arrival time
-----------------------------------------------------------------------------
                                  4.37   slack (MET)


Startpoint: _3440_ (rising edge-triggered flip-flop clocked by clk')
Endpoint: _3610_ (rising edge-triggered flip-flop clocked by clk)
Path Group: clk
Path Type: max

Fanout     Cap    Slew   Delay    Time   Description
-----------------------------------------------------------------------------
                  0.15    7.00    7.00   clock clk' (rise edge)
                          0.00    7.00   clock network delay (ideal)
                  0.15    0.00    7.00 ^ _3440_/CLK (sky130_fd_sc_hd__dfxtp_2)
                  0.96    1.05    8.05 ^ _3440_/Q (sky130_fd_sc_hd__dfxtp_2)
    54    0.19                           i_spi_reg.falling_edge_detector_sof.rstb (net)
                  0.96    0.00    8.05 ^ _1769_/A (sky130_fd_sc_hd__buf_2)
                  0.22    0.40    8.45 ^ _1769_/X (sky130_fd_sc_hd__buf_2)
    13    0.04                           _1462_ (net)
                  0.22    0.00    8.45 ^ _1803_/A (sky130_fd_sc_hd__inv_2)
                  0.07    0.09    8.54 v _1803_/Y (sky130_fd_sc_hd__inv_2)
     6    0.01                           _1495_ (net)
                  0.07    0.00    8.54 v _1804_/A (sky130_fd_sc_hd__buf_2)
                  0.06    0.17    8.71 v _1804_/X (sky130_fd_sc_hd__buf_2)
    10    0.02                           _1496_ (net)
                  0.06    0.00    8.71 v _2612_/A (sky130_fd_sc_hd__buf_1)
                  0.39    0.39    9.11 v _2612_/X (sky130_fd_sc_hd__buf_1)
    15    0.07                           _0745_ (net)
                  0.39    0.00    9.11 v _2702_/B1 (sky130_fd_sc_hd__a21oi_2)
                  0.11    0.21    9.32 ^ _2702_/Y (sky130_fd_sc_hd__a21oi_2)
     1    0.00                           _0171_ (net)
                  0.11    0.00    9.32 ^ _3610_/D (sky130_fd_sc_hd__dfxtp_2)
                                  9.32   data arrival time

                  0.15   14.00   14.00   clock clk (rise edge)
                          0.00   14.00   clock network delay (ideal)
                         -0.25   13.75   clock uncertainty
                          0.00   13.75   clock reconvergence pessimism
                                 13.75 ^ _3610_/CLK (sky130_fd_sc_hd__dfxtp_2)
                         -0.06   13.69   library setup time
                                 13.69   data required time
-----------------------------------------------------------------------------
                                 13.69   data required time
                                 -9.32   data arrival time
-----------------------------------------------------------------------------
                                  4.37   slack (MET)


Startpoint: _3440_ (rising edge-triggered flip-flop clocked by clk')
Endpoint: _3611_ (rising edge-triggered flip-flop clocked by clk)
Path Group: clk
Path Type: max

Fanout     Cap    Slew   Delay    Time   Description
-----------------------------------------------------------------------------
                  0.15    7.00    7.00   clock clk' (rise edge)
                          0.00    7.00   clock network delay (ideal)
                  0.15    0.00    7.00 ^ _3440_/CLK (sky130_fd_sc_hd__dfxtp_2)
                  0.96    1.05    8.05 ^ _3440_/Q (sky130_fd_sc_hd__dfxtp_2)
    54    0.19                           i_spi_reg.falling_edge_detector_sof.rstb (net)
                  0.96    0.00    8.05 ^ _1769_/A (sky130_fd_sc_hd__buf_2)
                  0.22    0.40    8.45 ^ _1769_/X (sky130_fd_sc_hd__buf_2)
    13    0.04                           _1462_ (net)
                  0.22    0.00    8.45 ^ _1803_/A (sky130_fd_sc_hd__inv_2)
                  0.07    0.09    8.54 v _1803_/Y (sky130_fd_sc_hd__inv_2)
     6    0.01                           _1495_ (net)
                  0.07    0.00    8.54 v _1804_/A (sky130_fd_sc_hd__buf_2)
                  0.06    0.17    8.71 v _1804_/X (sky130_fd_sc_hd__buf_2)
    10    0.02                           _1496_ (net)
                  0.06    0.00    8.71 v _2612_/A (sky130_fd_sc_hd__buf_1)
                  0.39    0.39    9.11 v _2612_/X (sky130_fd_sc_hd__buf_1)
    15    0.07                           _0745_ (net)
                  0.39    0.00    9.11 v _2707_/B1 (sky130_fd_sc_hd__a21oi_2)
                  0.11    0.21    9.32 ^ _2707_/Y (sky130_fd_sc_hd__a21oi_2)
     1    0.00                           _0172_ (net)
                  0.11    0.00    9.32 ^ _3611_/D (sky130_fd_sc_hd__dfxtp_2)
                                  9.32   data arrival time

                  0.15   14.00   14.00   clock clk (rise edge)
                          0.00   14.00   clock network delay (ideal)
                         -0.25   13.75   clock uncertainty
                          0.00   13.75   clock reconvergence pessimism
                                 13.75 ^ _3611_/CLK (sky130_fd_sc_hd__dfxtp_2)
                         -0.06   13.69   library setup time
                                 13.69   data required time
-----------------------------------------------------------------------------
                                 13.69   data required time
                                 -9.32   data arrival time
-----------------------------------------------------------------------------
                                  4.37   slack (MET)


Startpoint: _3440_ (rising edge-triggered flip-flop clocked by clk')
Endpoint: _3612_ (rising edge-triggered flip-flop clocked by clk)
Path Group: clk
Path Type: max

Fanout     Cap    Slew   Delay    Time   Description
-----------------------------------------------------------------------------
                  0.15    7.00    7.00   clock clk' (rise edge)
                          0.00    7.00   clock network delay (ideal)
                  0.15    0.00    7.00 ^ _3440_/CLK (sky130_fd_sc_hd__dfxtp_2)
                  0.96    1.05    8.05 ^ _3440_/Q (sky130_fd_sc_hd__dfxtp_2)
    54    0.19                           i_spi_reg.falling_edge_detector_sof.rstb (net)
                  0.96    0.00    8.05 ^ _1769_/A (sky130_fd_sc_hd__buf_2)
                  0.22    0.40    8.45 ^ _1769_/X (sky130_fd_sc_hd__buf_2)
    13    0.04                           _1462_ (net)
                  0.22    0.00    8.45 ^ _1803_/A (sky130_fd_sc_hd__inv_2)
                  0.07    0.09    8.54 v _1803_/Y (sky130_fd_sc_hd__inv_2)
     6    0.01                           _1495_ (net)
                  0.07    0.00    8.54 v _1804_/A (sky130_fd_sc_hd__buf_2)
                  0.06    0.17    8.71 v _1804_/X (sky130_fd_sc_hd__buf_2)
    10    0.02                           _1496_ (net)
                  0.06    0.00    8.71 v _2612_/A (sky130_fd_sc_hd__buf_1)
                  0.39    0.39    9.11 v _2612_/X (sky130_fd_sc_hd__buf_1)
    15    0.07                           _0745_ (net)
                  0.39    0.00    9.11 v _2712_/B1 (sky130_fd_sc_hd__a21oi_2)
                  0.11    0.21    9.32 ^ _2712_/Y (sky130_fd_sc_hd__a21oi_2)
     1    0.00                           _0173_ (net)
                  0.11    0.00    9.32 ^ _3612_/D (sky130_fd_sc_hd__dfxtp_2)
                                  9.32   data arrival time

                  0.15   14.00   14.00   clock clk (rise edge)
                          0.00   14.00   clock network delay (ideal)
                         -0.25   13.75   clock uncertainty
                          0.00   13.75   clock reconvergence pessimism
                                 13.75 ^ _3612_/CLK (sky130_fd_sc_hd__dfxtp_2)
                         -0.06   13.69   library setup time
                                 13.69   data required time
-----------------------------------------------------------------------------
                                 13.69   data required time
                                 -9.32   data arrival time
-----------------------------------------------------------------------------
                                  4.37   slack (MET)


Startpoint: _3440_ (rising edge-triggered flip-flop clocked by clk')
Endpoint: _3613_ (rising edge-triggered flip-flop clocked by clk)
Path Group: clk
Path Type: max

Fanout     Cap    Slew   Delay    Time   Description
-----------------------------------------------------------------------------
                  0.15    7.00    7.00   clock clk' (rise edge)
                          0.00    7.00   clock network delay (ideal)
                  0.15    0.00    7.00 ^ _3440_/CLK (sky130_fd_sc_hd__dfxtp_2)
                  0.96    1.05    8.05 ^ _3440_/Q (sky130_fd_sc_hd__dfxtp_2)
    54    0.19                           i_spi_reg.falling_edge_detector_sof.rstb (net)
                  0.96    0.00    8.05 ^ _1769_/A (sky130_fd_sc_hd__buf_2)
                  0.22    0.40    8.45 ^ _1769_/X (sky130_fd_sc_hd__buf_2)
    13    0.04                           _1462_ (net)
                  0.22    0.00    8.45 ^ _1803_/A (sky130_fd_sc_hd__inv_2)
                  0.07    0.09    8.54 v _1803_/Y (sky130_fd_sc_hd__inv_2)
     6    0.01                           _1495_ (net)
                  0.07    0.00    8.54 v _1804_/A (sky130_fd_sc_hd__buf_2)
                  0.06    0.17    8.71 v _1804_/X (sky130_fd_sc_hd__buf_2)
    10    0.02                           _1496_ (net)
                  0.06    0.00    8.71 v _2612_/A (sky130_fd_sc_hd__buf_1)
                  0.39    0.39    9.11 v _2612_/X (sky130_fd_sc_hd__buf_1)
    15    0.07                           _0745_ (net)
                  0.39    0.00    9.11 v _2717_/B1 (sky130_fd_sc_hd__a21oi_2)
                  0.11    0.21    9.32 ^ _2717_/Y (sky130_fd_sc_hd__a21oi_2)
     1    0.00                           _0174_ (net)
                  0.11    0.00    9.32 ^ _3613_/D (sky130_fd_sc_hd__dfxtp_2)
                                  9.32   data arrival time

                  0.15   14.00   14.00   clock clk (rise edge)
                          0.00   14.00   clock network delay (ideal)
                         -0.25   13.75   clock uncertainty
                          0.00   13.75   clock reconvergence pessimism
                                 13.75 ^ _3613_/CLK (sky130_fd_sc_hd__dfxtp_2)
                         -0.06   13.69   library setup time
                                 13.69   data required time
-----------------------------------------------------------------------------
                                 13.69   data required time
                                 -9.32   data arrival time
-----------------------------------------------------------------------------
                                  4.37   slack (MET)


Startpoint: _3440_ (rising edge-triggered flip-flop clocked by clk')
Endpoint: _3614_ (rising edge-triggered flip-flop clocked by clk)
Path Group: clk
Path Type: max

Fanout     Cap    Slew   Delay    Time   Description
-----------------------------------------------------------------------------
                  0.15    7.00    7.00   clock clk' (rise edge)
                          0.00    7.00   clock network delay (ideal)
                  0.15    0.00    7.00 ^ _3440_/CLK (sky130_fd_sc_hd__dfxtp_2)
                  0.96    1.05    8.05 ^ _3440_/Q (sky130_fd_sc_hd__dfxtp_2)
    54    0.19                           i_spi_reg.falling_edge_detector_sof.rstb (net)
                  0.96    0.00    8.05 ^ _1769_/A (sky130_fd_sc_hd__buf_2)
                  0.22    0.40    8.45 ^ _1769_/X (sky130_fd_sc_hd__buf_2)
    13    0.04                           _1462_ (net)
                  0.22    0.00    8.45 ^ _1803_/A (sky130_fd_sc_hd__inv_2)
                  0.07    0.09    8.54 v _1803_/Y (sky130_fd_sc_hd__inv_2)
     6    0.01                           _1495_ (net)
                  0.07    0.00    8.54 v _1804_/A (sky130_fd_sc_hd__buf_2)
                  0.06    0.17    8.71 v _1804_/X (sky130_fd_sc_hd__buf_2)
    10    0.02                           _1496_ (net)
                  0.06    0.00    8.71 v _2612_/A (sky130_fd_sc_hd__buf_1)
                  0.39    0.39    9.11 v _2612_/X (sky130_fd_sc_hd__buf_1)
    15    0.07                           _0745_ (net)
                  0.39    0.00    9.11 v _2722_/B1 (sky130_fd_sc_hd__a21oi_2)
                  0.11    0.21    9.32 ^ _2722_/Y (sky130_fd_sc_hd__a21oi_2)
     1    0.00                           _0175_ (net)
                  0.11    0.00    9.32 ^ _3614_/D (sky130_fd_sc_hd__dfxtp_2)
                                  9.32   data arrival time

                  0.15   14.00   14.00   clock clk (rise edge)
                          0.00   14.00   clock network delay (ideal)
                         -0.25   13.75   clock uncertainty
                          0.00   13.75   clock reconvergence pessimism
                                 13.75 ^ _3614_/CLK (sky130_fd_sc_hd__dfxtp_2)
                         -0.06   13.69   library setup time
                                 13.69   data required time
-----------------------------------------------------------------------------
                                 13.69   data required time
                                 -9.32   data arrival time
-----------------------------------------------------------------------------
                                  4.37   slack (MET)


Startpoint: _3440_ (rising edge-triggered flip-flop clocked by clk')
Endpoint: _3637_ (rising edge-triggered flip-flop clocked by clk)
Path Group: clk
Path Type: max

Fanout     Cap    Slew   Delay    Time   Description
-----------------------------------------------------------------------------
                  0.15    7.00    7.00   clock clk' (rise edge)
                          0.00    7.00   clock network delay (ideal)
                  0.15    0.00    7.00 ^ _3440_/CLK (sky130_fd_sc_hd__dfxtp_2)
                  0.96    1.05    8.05 ^ _3440_/Q (sky130_fd_sc_hd__dfxtp_2)
    54    0.19                           i_spi_reg.falling_edge_detector_sof.rstb (net)
                  0.96    0.00    8.05 ^ _1769_/A (sky130_fd_sc_hd__buf_2)
                  0.22    0.40    8.45 ^ _1769_/X (sky130_fd_sc_hd__buf_2)
    13    0.04                           _1462_ (net)
                  0.22    0.00    8.45 ^ _1803_/A (sky130_fd_sc_hd__inv_2)
                  0.07    0.09    8.54 v _1803_/Y (sky130_fd_sc_hd__inv_2)
     6    0.01                           _1495_ (net)
                  0.07    0.00    8.54 v _1804_/A (sky130_fd_sc_hd__buf_2)
                  0.06    0.17    8.71 v _1804_/X (sky130_fd_sc_hd__buf_2)
    10    0.02                           _1496_ (net)
                  0.06    0.00    8.71 v _2612_/A (sky130_fd_sc_hd__buf_1)
                  0.39    0.39    9.11 v _2612_/X (sky130_fd_sc_hd__buf_1)
    15    0.07                           _0745_ (net)
                  0.39    0.00    9.11 v _2807_/B1 (sky130_fd_sc_hd__a21oi_2)
                  0.11    0.21    9.32 ^ _2807_/Y (sky130_fd_sc_hd__a21oi_2)
     1    0.00                           _0198_ (net)
                  0.11    0.00    9.32 ^ _3637_/D (sky130_fd_sc_hd__dfxtp_2)
                                  9.32   data arrival time

                  0.15   14.00   14.00   clock clk (rise edge)
                          0.00   14.00   clock network delay (ideal)
                         -0.25   13.75   clock uncertainty
                          0.00   13.75   clock reconvergence pessimism
                                 13.75 ^ _3637_/CLK (sky130_fd_sc_hd__dfxtp_2)
                         -0.06   13.69   library setup time
                                 13.69   data required time
-----------------------------------------------------------------------------
                                 13.69   data required time
                                 -9.32   data arrival time
-----------------------------------------------------------------------------
                                  4.37   slack (MET)


Startpoint: _3440_ (rising edge-triggered flip-flop clocked by clk')
Endpoint: _3551_ (rising edge-triggered flip-flop clocked by clk)
Path Group: clk
Path Type: max

Fanout     Cap    Slew   Delay    Time   Description
-----------------------------------------------------------------------------
                  0.15    7.00    7.00   clock clk' (rise edge)
                          0.00    7.00   clock network delay (ideal)
                  0.15    0.00    7.00 ^ _3440_/CLK (sky130_fd_sc_hd__dfxtp_2)
                  0.96    1.05    8.05 ^ _3440_/Q (sky130_fd_sc_hd__dfxtp_2)
    54    0.19                           i_spi_reg.falling_edge_detector_sof.rstb (net)
                  0.96    0.00    8.05 ^ _1769_/A (sky130_fd_sc_hd__buf_2)
                  0.22    0.40    8.45 ^ _1769_/X (sky130_fd_sc_hd__buf_2)
    13    0.04                           _1462_ (net)
                  0.22    0.00    8.45 ^ _1803_/A (sky130_fd_sc_hd__inv_2)
                  0.07    0.09    8.54 v _1803_/Y (sky130_fd_sc_hd__inv_2)
     6    0.01                           _1495_ (net)
                  0.07    0.00    8.54 v _2380_/A (sky130_fd_sc_hd__nor2_2)
                  0.15    0.17    8.71 ^ _2380_/Y (sky130_fd_sc_hd__nor2_2)
     3    0.01                           _0555_ (net)
                  0.15    0.00    8.71 ^ _2381_/A (sky130_fd_sc_hd__inv_2)
                  0.06    0.08    8.79 v _2381_/Y (sky130_fd_sc_hd__inv_2)
     5    0.02                           _0556_ (net)
                  0.06    0.00    8.79 v _2382_/A (sky130_fd_sc_hd__buf_2)
                  0.27    0.34    9.14 v _2382_/X (sky130_fd_sc_hd__buf_2)
    15    0.12                           _0557_ (net)
                  0.27    0.00    9.14 v _2383_/B1 (sky130_fd_sc_hd__a21oi_4)
                  0.10    0.18    9.32 ^ _2383_/Y (sky130_fd_sc_hd__a21oi_4)
     1    0.00                           _0112_ (net)
                  0.10    0.00    9.32 ^ _3551_/D (sky130_fd_sc_hd__dfxtp_2)
                                  9.32   data arrival time

                  0.15   14.00   14.00   clock clk (rise edge)
                          0.00   14.00   clock network delay (ideal)
                         -0.25   13.75   clock uncertainty
                          0.00   13.75   clock reconvergence pessimism
                                 13.75 ^ _3551_/CLK (sky130_fd_sc_hd__dfxtp_2)
                         -0.06   13.69   library setup time
                                 13.69   data required time
-----------------------------------------------------------------------------
                                 13.69   data required time
                                 -9.32   data arrival time
-----------------------------------------------------------------------------
                                  4.38   slack (MET)


Startpoint: _3440_ (rising edge-triggered flip-flop clocked by clk')
Endpoint: _3552_ (rising edge-triggered flip-flop clocked by clk)
Path Group: clk
Path Type: max

Fanout     Cap    Slew   Delay    Time   Description
-----------------------------------------------------------------------------
                  0.15    7.00    7.00   clock clk' (rise edge)
                          0.00    7.00   clock network delay (ideal)
                  0.15    0.00    7.00 ^ _3440_/CLK (sky130_fd_sc_hd__dfxtp_2)
                  0.96    1.05    8.05 ^ _3440_/Q (sky130_fd_sc_hd__dfxtp_2)
    54    0.19                           i_spi_reg.falling_edge_detector_sof.rstb (net)
                  0.96    0.00    8.05 ^ _1769_/A (sky130_fd_sc_hd__buf_2)
                  0.22    0.40    8.45 ^ _1769_/X (sky130_fd_sc_hd__buf_2)
    13    0.04                           _1462_ (net)
                  0.22    0.00    8.45 ^ _1803_/A (sky130_fd_sc_hd__inv_2)
                  0.07    0.09    8.54 v _1803_/Y (sky130_fd_sc_hd__inv_2)
     6    0.01                           _1495_ (net)
                  0.07    0.00    8.54 v _2380_/A (sky130_fd_sc_hd__nor2_2)
                  0.15    0.17    8.71 ^ _2380_/Y (sky130_fd_sc_hd__nor2_2)
     3    0.01                           _0555_ (net)
                  0.15    0.00    8.71 ^ _2381_/A (sky130_fd_sc_hd__inv_2)
                  0.06    0.08    8.79 v _2381_/Y (sky130_fd_sc_hd__inv_2)
     5    0.02                           _0556_ (net)
                  0.06    0.00    8.79 v _2382_/A (sky130_fd_sc_hd__buf_2)
                  0.27    0.34    9.14 v _2382_/X (sky130_fd_sc_hd__buf_2)
    15    0.12                           _0557_ (net)
                  0.27    0.00    9.14 v _2386_/B1 (sky130_fd_sc_hd__a21oi_4)
                  0.10    0.18    9.32 ^ _2386_/Y (sky130_fd_sc_hd__a21oi_4)
     1    0.00                           _0113_ (net)
                  0.10    0.00    9.32 ^ _3552_/D (sky130_fd_sc_hd__dfxtp_2)
                                  9.32   data arrival time

                  0.15   14.00   14.00   clock clk (rise edge)
                          0.00   14.00   clock network delay (ideal)
                         -0.25   13.75   clock uncertainty
                          0.00   13.75   clock reconvergence pessimism
                                 13.75 ^ _3552_/CLK (sky130_fd_sc_hd__dfxtp_2)
                         -0.06   13.69   library setup time
                                 13.69   data required time
-----------------------------------------------------------------------------
                                 13.69   data required time
                                 -9.32   data arrival time
-----------------------------------------------------------------------------
                                  4.38   slack (MET)


Startpoint: _3440_ (rising edge-triggered flip-flop clocked by clk')
Endpoint: _3553_ (rising edge-triggered flip-flop clocked by clk)
Path Group: clk
Path Type: max

Fanout     Cap    Slew   Delay    Time   Description
-----------------------------------------------------------------------------
                  0.15    7.00    7.00   clock clk' (rise edge)
                          0.00    7.00   clock network delay (ideal)
                  0.15    0.00    7.00 ^ _3440_/CLK (sky130_fd_sc_hd__dfxtp_2)
                  0.96    1.05    8.05 ^ _3440_/Q (sky130_fd_sc_hd__dfxtp_2)
    54    0.19                           i_spi_reg.falling_edge_detector_sof.rstb (net)
                  0.96    0.00    8.05 ^ _1769_/A (sky130_fd_sc_hd__buf_2)
                  0.22    0.40    8.45 ^ _1769_/X (sky130_fd_sc_hd__buf_2)
    13    0.04                           _1462_ (net)
                  0.22    0.00    8.45 ^ _1803_/A (sky130_fd_sc_hd__inv_2)
                  0.07    0.09    8.54 v _1803_/Y (sky130_fd_sc_hd__inv_2)
     6    0.01                           _1495_ (net)
                  0.07    0.00    8.54 v _2380_/A (sky130_fd_sc_hd__nor2_2)
                  0.15    0.17    8.71 ^ _2380_/Y (sky130_fd_sc_hd__nor2_2)
     3    0.01                           _0555_ (net)
                  0.15    0.00    8.71 ^ _2381_/A (sky130_fd_sc_hd__inv_2)
                  0.06    0.08    8.79 v _2381_/Y (sky130_fd_sc_hd__inv_2)
     5    0.02                           _0556_ (net)
                  0.06    0.00    8.79 v _2382_/A (sky130_fd_sc_hd__buf_2)
                  0.27    0.34    9.14 v _2382_/X (sky130_fd_sc_hd__buf_2)
    15    0.12                           _0557_ (net)
                  0.27    0.00    9.14 v _2389_/B1 (sky130_fd_sc_hd__a21oi_4)
                  0.10    0.18    9.32 ^ _2389_/Y (sky130_fd_sc_hd__a21oi_4)
     1    0.00                           _0114_ (net)
                  0.10    0.00    9.32 ^ _3553_/D (sky130_fd_sc_hd__dfxtp_2)
                                  9.32   data arrival time

                  0.15   14.00   14.00   clock clk (rise edge)
                          0.00   14.00   clock network delay (ideal)
                         -0.25   13.75   clock uncertainty
                          0.00   13.75   clock reconvergence pessimism
                                 13.75 ^ _3553_/CLK (sky130_fd_sc_hd__dfxtp_2)
                         -0.06   13.69   library setup time
                                 13.69   data required time
-----------------------------------------------------------------------------
                                 13.69   data required time
                                 -9.32   data arrival time
-----------------------------------------------------------------------------
                                  4.38   slack (MET)


Startpoint: _3440_ (rising edge-triggered flip-flop clocked by clk')
Endpoint: _3554_ (rising edge-triggered flip-flop clocked by clk)
Path Group: clk
Path Type: max

Fanout     Cap    Slew   Delay    Time   Description
-----------------------------------------------------------------------------
                  0.15    7.00    7.00   clock clk' (rise edge)
                          0.00    7.00   clock network delay (ideal)
                  0.15    0.00    7.00 ^ _3440_/CLK (sky130_fd_sc_hd__dfxtp_2)
                  0.96    1.05    8.05 ^ _3440_/Q (sky130_fd_sc_hd__dfxtp_2)
    54    0.19                           i_spi_reg.falling_edge_detector_sof.rstb (net)
                  0.96    0.00    8.05 ^ _1769_/A (sky130_fd_sc_hd__buf_2)
                  0.22    0.40    8.45 ^ _1769_/X (sky130_fd_sc_hd__buf_2)
    13    0.04                           _1462_ (net)
                  0.22    0.00    8.45 ^ _1803_/A (sky130_fd_sc_hd__inv_2)
                  0.07    0.09    8.54 v _1803_/Y (sky130_fd_sc_hd__inv_2)
     6    0.01                           _1495_ (net)
                  0.07    0.00    8.54 v _2380_/A (sky130_fd_sc_hd__nor2_2)
                  0.15    0.17    8.71 ^ _2380_/Y (sky130_fd_sc_hd__nor2_2)
     3    0.01                           _0555_ (net)
                  0.15    0.00    8.71 ^ _2381_/A (sky130_fd_sc_hd__inv_2)
                  0.06    0.08    8.79 v _2381_/Y (sky130_fd_sc_hd__inv_2)
     5    0.02                           _0556_ (net)
                  0.06    0.00    8.79 v _2382_/A (sky130_fd_sc_hd__buf_2)
                  0.27    0.34    9.14 v _2382_/X (sky130_fd_sc_hd__buf_2)
    15    0.12                           _0557_ (net)
                  0.27    0.00    9.14 v _2392_/B1 (sky130_fd_sc_hd__a21oi_4)
                  0.10    0.18    9.32 ^ _2392_/Y (sky130_fd_sc_hd__a21oi_4)
     1    0.00                           _0115_ (net)
                  0.10    0.00    9.32 ^ _3554_/D (sky130_fd_sc_hd__dfxtp_2)
                                  9.32   data arrival time

                  0.15   14.00   14.00   clock clk (rise edge)
                          0.00   14.00   clock network delay (ideal)
                         -0.25   13.75   clock uncertainty
                          0.00   13.75   clock reconvergence pessimism
                                 13.75 ^ _3554_/CLK (sky130_fd_sc_hd__dfxtp_2)
                         -0.06   13.69   library setup time
                                 13.69   data required time
-----------------------------------------------------------------------------
                                 13.69   data required time
                                 -9.32   data arrival time
-----------------------------------------------------------------------------
                                  4.38   slack (MET)


Startpoint: _3440_ (rising edge-triggered flip-flop clocked by clk')
Endpoint: _3555_ (rising edge-triggered flip-flop clocked by clk)
Path Group: clk
Path Type: max

Fanout     Cap    Slew   Delay    Time   Description
-----------------------------------------------------------------------------
                  0.15    7.00    7.00   clock clk' (rise edge)
                          0.00    7.00   clock network delay (ideal)
                  0.15    0.00    7.00 ^ _3440_/CLK (sky130_fd_sc_hd__dfxtp_2)
                  0.96    1.05    8.05 ^ _3440_/Q (sky130_fd_sc_hd__dfxtp_2)
    54    0.19                           i_spi_reg.falling_edge_detector_sof.rstb (net)
                  0.96    0.00    8.05 ^ _1769_/A (sky130_fd_sc_hd__buf_2)
                  0.22    0.40    8.45 ^ _1769_/X (sky130_fd_sc_hd__buf_2)
    13    0.04                           _1462_ (net)
                  0.22    0.00    8.45 ^ _1803_/A (sky130_fd_sc_hd__inv_2)
                  0.07    0.09    8.54 v _1803_/Y (sky130_fd_sc_hd__inv_2)
     6    0.01                           _1495_ (net)
                  0.07    0.00    8.54 v _2380_/A (sky130_fd_sc_hd__nor2_2)
                  0.15    0.17    8.71 ^ _2380_/Y (sky130_fd_sc_hd__nor2_2)
     3    0.01                           _0555_ (net)
                  0.15    0.00    8.71 ^ _2381_/A (sky130_fd_sc_hd__inv_2)
                  0.06    0.08    8.79 v _2381_/Y (sky130_fd_sc_hd__inv_2)
     5    0.02                           _0556_ (net)
                  0.06    0.00    8.79 v _2382_/A (sky130_fd_sc_hd__buf_2)
                  0.27    0.34    9.14 v _2382_/X (sky130_fd_sc_hd__buf_2)
    15    0.12                           _0557_ (net)
                  0.27    0.00    9.14 v _2395_/B1 (sky130_fd_sc_hd__a21oi_4)
                  0.10    0.18    9.32 ^ _2395_/Y (sky130_fd_sc_hd__a21oi_4)
     1    0.00                           _0116_ (net)
                  0.10    0.00    9.32 ^ _3555_/D (sky130_fd_sc_hd__dfxtp_2)
                                  9.32   data arrival time

                  0.15   14.00   14.00   clock clk (rise edge)
                          0.00   14.00   clock network delay (ideal)
                         -0.25   13.75   clock uncertainty
                          0.00   13.75   clock reconvergence pessimism
                                 13.75 ^ _3555_/CLK (sky130_fd_sc_hd__dfxtp_2)
                         -0.06   13.69   library setup time
                                 13.69   data required time
-----------------------------------------------------------------------------
                                 13.69   data required time
                                 -9.32   data arrival time
-----------------------------------------------------------------------------
                                  4.38   slack (MET)


Startpoint: _3440_ (rising edge-triggered flip-flop clocked by clk')
Endpoint: _3556_ (rising edge-triggered flip-flop clocked by clk)
Path Group: clk
Path Type: max

Fanout     Cap    Slew   Delay    Time   Description
-----------------------------------------------------------------------------
                  0.15    7.00    7.00   clock clk' (rise edge)
                          0.00    7.00   clock network delay (ideal)
                  0.15    0.00    7.00 ^ _3440_/CLK (sky130_fd_sc_hd__dfxtp_2)
                  0.96    1.05    8.05 ^ _3440_/Q (sky130_fd_sc_hd__dfxtp_2)
    54    0.19                           i_spi_reg.falling_edge_detector_sof.rstb (net)
                  0.96    0.00    8.05 ^ _1769_/A (sky130_fd_sc_hd__buf_2)
                  0.22    0.40    8.45 ^ _1769_/X (sky130_fd_sc_hd__buf_2)
    13    0.04                           _1462_ (net)
                  0.22    0.00    8.45 ^ _1803_/A (sky130_fd_sc_hd__inv_2)
                  0.07    0.09    8.54 v _1803_/Y (sky130_fd_sc_hd__inv_2)
     6    0.01                           _1495_ (net)
                  0.07    0.00    8.54 v _2380_/A (sky130_fd_sc_hd__nor2_2)
                  0.15    0.17    8.71 ^ _2380_/Y (sky130_fd_sc_hd__nor2_2)
     3    0.01                           _0555_ (net)
                  0.15    0.00    8.71 ^ _2381_/A (sky130_fd_sc_hd__inv_2)
                  0.06    0.08    8.79 v _2381_/Y (sky130_fd_sc_hd__inv_2)
     5    0.02                           _0556_ (net)
                  0.06    0.00    8.79 v _2382_/A (sky130_fd_sc_hd__buf_2)
                  0.27    0.34    9.14 v _2382_/X (sky130_fd_sc_hd__buf_2)
    15    0.12                           _0557_ (net)
                  0.27    0.00    9.14 v _2398_/B1 (sky130_fd_sc_hd__a21oi_4)
                  0.10    0.18    9.32 ^ _2398_/Y (sky130_fd_sc_hd__a21oi_4)
     1    0.00                           _0117_ (net)
                  0.10    0.00    9.32 ^ _3556_/D (sky130_fd_sc_hd__dfxtp_2)
                                  9.32   data arrival time

                  0.15   14.00   14.00   clock clk (rise edge)
                          0.00   14.00   clock network delay (ideal)
                         -0.25   13.75   clock uncertainty
                          0.00   13.75   clock reconvergence pessimism
                                 13.75 ^ _3556_/CLK (sky130_fd_sc_hd__dfxtp_2)
                         -0.06   13.69   library setup time
                                 13.69   data required time
-----------------------------------------------------------------------------
                                 13.69   data required time
                                 -9.32   data arrival time
-----------------------------------------------------------------------------
                                  4.38   slack (MET)


Startpoint: _3440_ (rising edge-triggered flip-flop clocked by clk')
Endpoint: _3557_ (rising edge-triggered flip-flop clocked by clk)
Path Group: clk
Path Type: max

Fanout     Cap    Slew   Delay    Time   Description
-----------------------------------------------------------------------------
                  0.15    7.00    7.00   clock clk' (rise edge)
                          0.00    7.00   clock network delay (ideal)
                  0.15    0.00    7.00 ^ _3440_/CLK (sky130_fd_sc_hd__dfxtp_2)
                  0.96    1.05    8.05 ^ _3440_/Q (sky130_fd_sc_hd__dfxtp_2)
    54    0.19                           i_spi_reg.falling_edge_detector_sof.rstb (net)
                  0.96    0.00    8.05 ^ _1769_/A (sky130_fd_sc_hd__buf_2)
                  0.22    0.40    8.45 ^ _1769_/X (sky130_fd_sc_hd__buf_2)
    13    0.04                           _1462_ (net)
                  0.22    0.00    8.45 ^ _1803_/A (sky130_fd_sc_hd__inv_2)
                  0.07    0.09    8.54 v _1803_/Y (sky130_fd_sc_hd__inv_2)
     6    0.01                           _1495_ (net)
                  0.07    0.00    8.54 v _2380_/A (sky130_fd_sc_hd__nor2_2)
                  0.15    0.17    8.71 ^ _2380_/Y (sky130_fd_sc_hd__nor2_2)
     3    0.01                           _0555_ (net)
                  0.15    0.00    8.71 ^ _2381_/A (sky130_fd_sc_hd__inv_2)
                  0.06    0.08    8.79 v _2381_/Y (sky130_fd_sc_hd__inv_2)
     5    0.02                           _0556_ (net)
                  0.06    0.00    8.79 v _2382_/A (sky130_fd_sc_hd__buf_2)
                  0.27    0.34    9.14 v _2382_/X (sky130_fd_sc_hd__buf_2)
    15    0.12                           _0557_ (net)
                  0.27    0.00    9.14 v _2401_/B1 (sky130_fd_sc_hd__a21oi_4)
                  0.10    0.18    9.32 ^ _2401_/Y (sky130_fd_sc_hd__a21oi_4)
     1    0.00                           _0118_ (net)
                  0.10    0.00    9.32 ^ _3557_/D (sky130_fd_sc_hd__dfxtp_2)
                                  9.32   data arrival time

                  0.15   14.00   14.00   clock clk (rise edge)
                          0.00   14.00   clock network delay (ideal)
                         -0.25   13.75   clock uncertainty
                          0.00   13.75   clock reconvergence pessimism
                                 13.75 ^ _3557_/CLK (sky130_fd_sc_hd__dfxtp_2)
                         -0.06   13.69   library setup time
                                 13.69   data required time
-----------------------------------------------------------------------------
                                 13.69   data required time
                                 -9.32   data arrival time
-----------------------------------------------------------------------------
                                  4.38   slack (MET)


Startpoint: _3440_ (rising edge-triggered flip-flop clocked by clk')
Endpoint: _3558_ (rising edge-triggered flip-flop clocked by clk)
Path Group: clk
Path Type: max

Fanout     Cap    Slew   Delay    Time   Description
-----------------------------------------------------------------------------
                  0.15    7.00    7.00   clock clk' (rise edge)
                          0.00    7.00   clock network delay (ideal)
                  0.15    0.00    7.00 ^ _3440_/CLK (sky130_fd_sc_hd__dfxtp_2)
                  0.96    1.05    8.05 ^ _3440_/Q (sky130_fd_sc_hd__dfxtp_2)
    54    0.19                           i_spi_reg.falling_edge_detector_sof.rstb (net)
                  0.96    0.00    8.05 ^ _1769_/A (sky130_fd_sc_hd__buf_2)
                  0.22    0.40    8.45 ^ _1769_/X (sky130_fd_sc_hd__buf_2)
    13    0.04                           _1462_ (net)
                  0.22    0.00    8.45 ^ _1803_/A (sky130_fd_sc_hd__inv_2)
                  0.07    0.09    8.54 v _1803_/Y (sky130_fd_sc_hd__inv_2)
     6    0.01                           _1495_ (net)
                  0.07    0.00    8.54 v _2380_/A (sky130_fd_sc_hd__nor2_2)
                  0.15    0.17    8.71 ^ _2380_/Y (sky130_fd_sc_hd__nor2_2)
     3    0.01                           _0555_ (net)
                  0.15    0.00    8.71 ^ _2381_/A (sky130_fd_sc_hd__inv_2)
                  0.06    0.08    8.79 v _2381_/Y (sky130_fd_sc_hd__inv_2)
     5    0.02                           _0556_ (net)
                  0.06    0.00    8.79 v _2382_/A (sky130_fd_sc_hd__buf_2)
                  0.27    0.34    9.14 v _2382_/X (sky130_fd_sc_hd__buf_2)
    15    0.12                           _0557_ (net)
                  0.27    0.00    9.14 v _2404_/B1 (sky130_fd_sc_hd__a21oi_4)
                  0.10    0.18    9.32 ^ _2404_/Y (sky130_fd_sc_hd__a21oi_4)
     1    0.00                           _0119_ (net)
                  0.10    0.00    9.32 ^ _3558_/D (sky130_fd_sc_hd__dfxtp_2)
                                  9.32   data arrival time

                  0.15   14.00   14.00   clock clk (rise edge)
                          0.00   14.00   clock network delay (ideal)
                         -0.25   13.75   clock uncertainty
                          0.00   13.75   clock reconvergence pessimism
                                 13.75 ^ _3558_/CLK (sky130_fd_sc_hd__dfxtp_2)
                         -0.06   13.69   library setup time
                                 13.69   data required time
-----------------------------------------------------------------------------
                                 13.69   data required time
                                 -9.32   data arrival time
-----------------------------------------------------------------------------
                                  4.38   slack (MET)


Startpoint: _3440_ (rising edge-triggered flip-flop clocked by clk')
Endpoint: _3559_ (rising edge-triggered flip-flop clocked by clk)
Path Group: clk
Path Type: max

Fanout     Cap    Slew   Delay    Time   Description
-----------------------------------------------------------------------------
                  0.15    7.00    7.00   clock clk' (rise edge)
                          0.00    7.00   clock network delay (ideal)
                  0.15    0.00    7.00 ^ _3440_/CLK (sky130_fd_sc_hd__dfxtp_2)
                  0.96    1.05    8.05 ^ _3440_/Q (sky130_fd_sc_hd__dfxtp_2)
    54    0.19                           i_spi_reg.falling_edge_detector_sof.rstb (net)
                  0.96    0.00    8.05 ^ _1769_/A (sky130_fd_sc_hd__buf_2)
                  0.22    0.40    8.45 ^ _1769_/X (sky130_fd_sc_hd__buf_2)
    13    0.04                           _1462_ (net)
                  0.22    0.00    8.45 ^ _1803_/A (sky130_fd_sc_hd__inv_2)
                  0.07    0.09    8.54 v _1803_/Y (sky130_fd_sc_hd__inv_2)
     6    0.01                           _1495_ (net)
                  0.07    0.00    8.54 v _2380_/A (sky130_fd_sc_hd__nor2_2)
                  0.15    0.17    8.71 ^ _2380_/Y (sky130_fd_sc_hd__nor2_2)
     3    0.01                           _0555_ (net)
                  0.15    0.00    8.71 ^ _2381_/A (sky130_fd_sc_hd__inv_2)
                  0.06    0.08    8.79 v _2381_/Y (sky130_fd_sc_hd__inv_2)
     5    0.02                           _0556_ (net)
                  0.06    0.00    8.79 v _2382_/A (sky130_fd_sc_hd__buf_2)
                  0.27    0.34    9.14 v _2382_/X (sky130_fd_sc_hd__buf_2)
    15    0.12                           _0557_ (net)
                  0.27    0.00    9.14 v _2407_/B1 (sky130_fd_sc_hd__a21oi_4)
                  0.10    0.18    9.32 ^ _2407_/Y (sky130_fd_sc_hd__a21oi_4)
     1    0.00                           _0120_ (net)
                  0.10    0.00    9.32 ^ _3559_/D (sky130_fd_sc_hd__dfxtp_2)
                                  9.32   data arrival time

                  0.15   14.00   14.00   clock clk (rise edge)
                          0.00   14.00   clock network delay (ideal)
                         -0.25   13.75   clock uncertainty
                          0.00   13.75   clock reconvergence pessimism
                                 13.75 ^ _3559_/CLK (sky130_fd_sc_hd__dfxtp_2)
                         -0.06   13.69   library setup time
                                 13.69   data required time
-----------------------------------------------------------------------------
                                 13.69   data required time
                                 -9.32   data arrival time
-----------------------------------------------------------------------------
                                  4.38   slack (MET)


Startpoint: _3440_ (rising edge-triggered flip-flop clocked by clk')
Endpoint: _3560_ (rising edge-triggered flip-flop clocked by clk)
Path Group: clk
Path Type: max

Fanout     Cap    Slew   Delay    Time   Description
-----------------------------------------------------------------------------
                  0.15    7.00    7.00   clock clk' (rise edge)
                          0.00    7.00   clock network delay (ideal)
                  0.15    0.00    7.00 ^ _3440_/CLK (sky130_fd_sc_hd__dfxtp_2)
                  0.96    1.05    8.05 ^ _3440_/Q (sky130_fd_sc_hd__dfxtp_2)
    54    0.19                           i_spi_reg.falling_edge_detector_sof.rstb (net)
                  0.96    0.00    8.05 ^ _1769_/A (sky130_fd_sc_hd__buf_2)
                  0.22    0.40    8.45 ^ _1769_/X (sky130_fd_sc_hd__buf_2)
    13    0.04                           _1462_ (net)
                  0.22    0.00    8.45 ^ _1803_/A (sky130_fd_sc_hd__inv_2)
                  0.07    0.09    8.54 v _1803_/Y (sky130_fd_sc_hd__inv_2)
     6    0.01                           _1495_ (net)
                  0.07    0.00    8.54 v _2380_/A (sky130_fd_sc_hd__nor2_2)
                  0.15    0.17    8.71 ^ _2380_/Y (sky130_fd_sc_hd__nor2_2)
     3    0.01                           _0555_ (net)
                  0.15    0.00    8.71 ^ _2381_/A (sky130_fd_sc_hd__inv_2)
                  0.06    0.08    8.79 v _2381_/Y (sky130_fd_sc_hd__inv_2)
     5    0.02                           _0556_ (net)
                  0.06    0.00    8.79 v _2382_/A (sky130_fd_sc_hd__buf_2)
                  0.27    0.34    9.14 v _2382_/X (sky130_fd_sc_hd__buf_2)
    15    0.12                           _0557_ (net)
                  0.27    0.00    9.14 v _2410_/B1 (sky130_fd_sc_hd__a21oi_4)
                  0.10    0.18    9.32 ^ _2410_/Y (sky130_fd_sc_hd__a21oi_4)
     1    0.00                           _0121_ (net)
                  0.10    0.00    9.32 ^ _3560_/D (sky130_fd_sc_hd__dfxtp_2)
                                  9.32   data arrival time

                  0.15   14.00   14.00   clock clk (rise edge)
                          0.00   14.00   clock network delay (ideal)
                         -0.25   13.75   clock uncertainty
                          0.00   13.75   clock reconvergence pessimism
                                 13.75 ^ _3560_/CLK (sky130_fd_sc_hd__dfxtp_2)
                         -0.06   13.69   library setup time
                                 13.69   data required time
-----------------------------------------------------------------------------
                                 13.69   data required time
                                 -9.32   data arrival time
-----------------------------------------------------------------------------
                                  4.38   slack (MET)


Startpoint: _3440_ (rising edge-triggered flip-flop clocked by clk')
Endpoint: _3561_ (rising edge-triggered flip-flop clocked by clk)
Path Group: clk
Path Type: max

Fanout     Cap    Slew   Delay    Time   Description
-----------------------------------------------------------------------------
                  0.15    7.00    7.00   clock clk' (rise edge)
                          0.00    7.00   clock network delay (ideal)
                  0.15    0.00    7.00 ^ _3440_/CLK (sky130_fd_sc_hd__dfxtp_2)
                  0.96    1.05    8.05 ^ _3440_/Q (sky130_fd_sc_hd__dfxtp_2)
    54    0.19                           i_spi_reg.falling_edge_detector_sof.rstb (net)
                  0.96    0.00    8.05 ^ _1769_/A (sky130_fd_sc_hd__buf_2)
                  0.22    0.40    8.45 ^ _1769_/X (sky130_fd_sc_hd__buf_2)
    13    0.04                           _1462_ (net)
                  0.22    0.00    8.45 ^ _1803_/A (sky130_fd_sc_hd__inv_2)
                  0.07    0.09    8.54 v _1803_/Y (sky130_fd_sc_hd__inv_2)
     6    0.01                           _1495_ (net)
                  0.07    0.00    8.54 v _2380_/A (sky130_fd_sc_hd__nor2_2)
                  0.15    0.17    8.71 ^ _2380_/Y (sky130_fd_sc_hd__nor2_2)
     3    0.01                           _0555_ (net)
                  0.15    0.00    8.71 ^ _2381_/A (sky130_fd_sc_hd__inv_2)
                  0.06    0.08    8.79 v _2381_/Y (sky130_fd_sc_hd__inv_2)
     5    0.02                           _0556_ (net)
                  0.06    0.00    8.79 v _2382_/A (sky130_fd_sc_hd__buf_2)
                  0.27    0.34    9.14 v _2382_/X (sky130_fd_sc_hd__buf_2)
    15    0.12                           _0557_ (net)
                  0.27    0.00    9.14 v _2413_/B1 (sky130_fd_sc_hd__a21oi_4)
                  0.10    0.18    9.32 ^ _2413_/Y (sky130_fd_sc_hd__a21oi_4)
     1    0.00                           _0122_ (net)
                  0.10    0.00    9.32 ^ _3561_/D (sky130_fd_sc_hd__dfxtp_2)
                                  9.32   data arrival time

                  0.15   14.00   14.00   clock clk (rise edge)
                          0.00   14.00   clock network delay (ideal)
                         -0.25   13.75   clock uncertainty
                          0.00   13.75   clock reconvergence pessimism
                                 13.75 ^ _3561_/CLK (sky130_fd_sc_hd__dfxtp_2)
                         -0.06   13.69   library setup time
                                 13.69   data required time
-----------------------------------------------------------------------------
                                 13.69   data required time
                                 -9.32   data arrival time
-----------------------------------------------------------------------------
                                  4.38   slack (MET)


Startpoint: _3440_ (rising edge-triggered flip-flop clocked by clk')
Endpoint: _3562_ (rising edge-triggered flip-flop clocked by clk)
Path Group: clk
Path Type: max

Fanout     Cap    Slew   Delay    Time   Description
-----------------------------------------------------------------------------
                  0.15    7.00    7.00   clock clk' (rise edge)
                          0.00    7.00   clock network delay (ideal)
                  0.15    0.00    7.00 ^ _3440_/CLK (sky130_fd_sc_hd__dfxtp_2)
                  0.96    1.05    8.05 ^ _3440_/Q (sky130_fd_sc_hd__dfxtp_2)
    54    0.19                           i_spi_reg.falling_edge_detector_sof.rstb (net)
                  0.96    0.00    8.05 ^ _1769_/A (sky130_fd_sc_hd__buf_2)
                  0.22    0.40    8.45 ^ _1769_/X (sky130_fd_sc_hd__buf_2)
    13    0.04                           _1462_ (net)
                  0.22    0.00    8.45 ^ _1803_/A (sky130_fd_sc_hd__inv_2)
                  0.07    0.09    8.54 v _1803_/Y (sky130_fd_sc_hd__inv_2)
     6    0.01                           _1495_ (net)
                  0.07    0.00    8.54 v _2380_/A (sky130_fd_sc_hd__nor2_2)
                  0.15    0.17    8.71 ^ _2380_/Y (sky130_fd_sc_hd__nor2_2)
     3    0.01                           _0555_ (net)
                  0.15    0.00    8.71 ^ _2381_/A (sky130_fd_sc_hd__inv_2)
                  0.06    0.08    8.79 v _2381_/Y (sky130_fd_sc_hd__inv_2)
     5    0.02                           _0556_ (net)
                  0.06    0.00    8.79 v _2382_/A (sky130_fd_sc_hd__buf_2)
                  0.27    0.34    9.14 v _2382_/X (sky130_fd_sc_hd__buf_2)
    15    0.12                           _0557_ (net)
                  0.27    0.00    9.14 v _2416_/B1 (sky130_fd_sc_hd__a21oi_4)
                  0.10    0.18    9.32 ^ _2416_/Y (sky130_fd_sc_hd__a21oi_4)
     1    0.00                           _0123_ (net)
                  0.10    0.00    9.32 ^ _3562_/D (sky130_fd_sc_hd__dfxtp_2)
                                  9.32   data arrival time

                  0.15   14.00   14.00   clock clk (rise edge)
                          0.00   14.00   clock network delay (ideal)
                         -0.25   13.75   clock uncertainty
                          0.00   13.75   clock reconvergence pessimism
                                 13.75 ^ _3562_/CLK (sky130_fd_sc_hd__dfxtp_2)
                         -0.06   13.69   library setup time
                                 13.69   data required time
-----------------------------------------------------------------------------
                                 13.69   data required time
                                 -9.32   data arrival time
-----------------------------------------------------------------------------
                                  4.38   slack (MET)


Startpoint: _3440_ (rising edge-triggered flip-flop clocked by clk')
Endpoint: _3563_ (rising edge-triggered flip-flop clocked by clk)
Path Group: clk
Path Type: max

Fanout     Cap    Slew   Delay    Time   Description
-----------------------------------------------------------------------------
                  0.15    7.00    7.00   clock clk' (rise edge)
                          0.00    7.00   clock network delay (ideal)
                  0.15    0.00    7.00 ^ _3440_/CLK (sky130_fd_sc_hd__dfxtp_2)
                  0.96    1.05    8.05 ^ _3440_/Q (sky130_fd_sc_hd__dfxtp_2)
    54    0.19                           i_spi_reg.falling_edge_detector_sof.rstb (net)
                  0.96    0.00    8.05 ^ _1769_/A (sky130_fd_sc_hd__buf_2)
                  0.22    0.40    8.45 ^ _1769_/X (sky130_fd_sc_hd__buf_2)
    13    0.04                           _1462_ (net)
                  0.22    0.00    8.45 ^ _1803_/A (sky130_fd_sc_hd__inv_2)
                  0.07    0.09    8.54 v _1803_/Y (sky130_fd_sc_hd__inv_2)
     6    0.01                           _1495_ (net)
                  0.07    0.00    8.54 v _2380_/A (sky130_fd_sc_hd__nor2_2)
                  0.15    0.17    8.71 ^ _2380_/Y (sky130_fd_sc_hd__nor2_2)
     3    0.01                           _0555_ (net)
                  0.15    0.00    8.71 ^ _2381_/A (sky130_fd_sc_hd__inv_2)
                  0.06    0.08    8.79 v _2381_/Y (sky130_fd_sc_hd__inv_2)
     5    0.02                           _0556_ (net)
                  0.06    0.00    8.79 v _2382_/A (sky130_fd_sc_hd__buf_2)
                  0.27    0.34    9.14 v _2382_/X (sky130_fd_sc_hd__buf_2)
    15    0.12                           _0557_ (net)
                  0.27    0.00    9.14 v _2419_/B1 (sky130_fd_sc_hd__a21oi_4)
                  0.10    0.18    9.32 ^ _2419_/Y (sky130_fd_sc_hd__a21oi_4)
     1    0.00                           _0124_ (net)
                  0.10    0.00    9.32 ^ _3563_/D (sky130_fd_sc_hd__dfxtp_2)
                                  9.32   data arrival time

                  0.15   14.00   14.00   clock clk (rise edge)
                          0.00   14.00   clock network delay (ideal)
                         -0.25   13.75   clock uncertainty
                          0.00   13.75   clock reconvergence pessimism
                                 13.75 ^ _3563_/CLK (sky130_fd_sc_hd__dfxtp_2)
                         -0.06   13.69   library setup time
                                 13.69   data required time
-----------------------------------------------------------------------------
                                 13.69   data required time
                                 -9.32   data arrival time
-----------------------------------------------------------------------------
                                  4.38   slack (MET)


Startpoint: _3440_ (rising edge-triggered flip-flop clocked by clk')
Endpoint: _3564_ (rising edge-triggered flip-flop clocked by clk)
Path Group: clk
Path Type: max

Fanout     Cap    Slew   Delay    Time   Description
-----------------------------------------------------------------------------
                  0.15    7.00    7.00   clock clk' (rise edge)
                          0.00    7.00   clock network delay (ideal)
                  0.15    0.00    7.00 ^ _3440_/CLK (sky130_fd_sc_hd__dfxtp_2)
                  0.96    1.05    8.05 ^ _3440_/Q (sky130_fd_sc_hd__dfxtp_2)
    54    0.19                           i_spi_reg.falling_edge_detector_sof.rstb (net)
                  0.96    0.00    8.05 ^ _1769_/A (sky130_fd_sc_hd__buf_2)
                  0.22    0.40    8.45 ^ _1769_/X (sky130_fd_sc_hd__buf_2)
    13    0.04                           _1462_ (net)
                  0.22    0.00    8.45 ^ _1803_/A (sky130_fd_sc_hd__inv_2)
                  0.07    0.09    8.54 v _1803_/Y (sky130_fd_sc_hd__inv_2)
     6    0.01                           _1495_ (net)
                  0.07    0.00    8.54 v _2380_/A (sky130_fd_sc_hd__nor2_2)
                  0.15    0.17    8.71 ^ _2380_/Y (sky130_fd_sc_hd__nor2_2)
     3    0.01                           _0555_ (net)
                  0.15    0.00    8.71 ^ _2381_/A (sky130_fd_sc_hd__inv_2)
                  0.06    0.08    8.79 v _2381_/Y (sky130_fd_sc_hd__inv_2)
     5    0.02                           _0556_ (net)
                  0.06    0.00    8.79 v _2382_/A (sky130_fd_sc_hd__buf_2)
                  0.27    0.34    9.14 v _2382_/X (sky130_fd_sc_hd__buf_2)
    15    0.12                           _0557_ (net)
                  0.27    0.00    9.14 v _2423_/B1 (sky130_fd_sc_hd__a21oi_4)
                  0.10    0.18    9.32 ^ _2423_/Y (sky130_fd_sc_hd__a21oi_4)
     1    0.00                           _0125_ (net)
                  0.10    0.00    9.32 ^ _3564_/D (sky130_fd_sc_hd__dfxtp_2)
                                  9.32   data arrival time

                  0.15   14.00   14.00   clock clk (rise edge)
                          0.00   14.00   clock network delay (ideal)
                         -0.25   13.75   clock uncertainty
                          0.00   13.75   clock reconvergence pessimism
                                 13.75 ^ _3564_/CLK (sky130_fd_sc_hd__dfxtp_2)
                         -0.06   13.69   library setup time
                                 13.69   data required time
-----------------------------------------------------------------------------
                                 13.69   data required time
                                 -9.32   data arrival time
-----------------------------------------------------------------------------
                                  4.38   slack (MET)


Startpoint: _3440_ (rising edge-triggered flip-flop clocked by clk')
Endpoint: _3565_ (rising edge-triggered flip-flop clocked by clk)
Path Group: clk
Path Type: max

Fanout     Cap    Slew   Delay    Time   Description
-----------------------------------------------------------------------------
                  0.15    7.00    7.00   clock clk' (rise edge)
                          0.00    7.00   clock network delay (ideal)
                  0.15    0.00    7.00 ^ _3440_/CLK (sky130_fd_sc_hd__dfxtp_2)
                  0.96    1.05    8.05 ^ _3440_/Q (sky130_fd_sc_hd__dfxtp_2)
    54    0.19                           i_spi_reg.falling_edge_detector_sof.rstb (net)
                  0.96    0.00    8.05 ^ _1769_/A (sky130_fd_sc_hd__buf_2)
                  0.22    0.40    8.45 ^ _1769_/X (sky130_fd_sc_hd__buf_2)
    13    0.04                           _1462_ (net)
                  0.22    0.00    8.45 ^ _1803_/A (sky130_fd_sc_hd__inv_2)
                  0.07    0.09    8.54 v _1803_/Y (sky130_fd_sc_hd__inv_2)
     6    0.01                           _1495_ (net)
                  0.07    0.00    8.54 v _2380_/A (sky130_fd_sc_hd__nor2_2)
                  0.15    0.17    8.71 ^ _2380_/Y (sky130_fd_sc_hd__nor2_2)
     3    0.01                           _0555_ (net)
                  0.15    0.00    8.71 ^ _2381_/A (sky130_fd_sc_hd__inv_2)
                  0.06    0.08    8.79 v _2381_/Y (sky130_fd_sc_hd__inv_2)
     5    0.02                           _0556_ (net)
                  0.06    0.00    8.79 v _2382_/A (sky130_fd_sc_hd__buf_2)
                  0.27    0.34    9.14 v _2382_/X (sky130_fd_sc_hd__buf_2)
    15    0.12                           _0557_ (net)
                  0.27    0.00    9.14 v _2426_/B1 (sky130_fd_sc_hd__a21oi_4)
                  0.10    0.18    9.32 ^ _2426_/Y (sky130_fd_sc_hd__a21oi_4)
     1    0.00                           _0126_ (net)
                  0.10    0.00    9.32 ^ _3565_/D (sky130_fd_sc_hd__dfxtp_2)
                                  9.32   data arrival time

                  0.15   14.00   14.00   clock clk (rise edge)
                          0.00   14.00   clock network delay (ideal)
                         -0.25   13.75   clock uncertainty
                          0.00   13.75   clock reconvergence pessimism
                                 13.75 ^ _3565_/CLK (sky130_fd_sc_hd__dfxtp_2)
                         -0.06   13.69   library setup time
                                 13.69   data required time
-----------------------------------------------------------------------------
                                 13.69   data required time
                                 -9.32   data arrival time
-----------------------------------------------------------------------------
                                  4.38   slack (MET)


Startpoint: _3440_ (rising edge-triggered flip-flop clocked by clk')
Endpoint: _3566_ (rising edge-triggered flip-flop clocked by clk)
Path Group: clk
Path Type: max

Fanout     Cap    Slew   Delay    Time   Description
-----------------------------------------------------------------------------
                  0.15    7.00    7.00   clock clk' (rise edge)
                          0.00    7.00   clock network delay (ideal)
                  0.15    0.00    7.00 ^ _3440_/CLK (sky130_fd_sc_hd__dfxtp_2)
                  0.96    1.05    8.05 ^ _3440_/Q (sky130_fd_sc_hd__dfxtp_2)
    54    0.19                           i_spi_reg.falling_edge_detector_sof.rstb (net)
                  0.96    0.00    8.05 ^ _1769_/A (sky130_fd_sc_hd__buf_2)
                  0.22    0.40    8.45 ^ _1769_/X (sky130_fd_sc_hd__buf_2)
    13    0.04                           _1462_ (net)
                  0.22    0.00    8.45 ^ _1803_/A (sky130_fd_sc_hd__inv_2)
                  0.07    0.09    8.54 v _1803_/Y (sky130_fd_sc_hd__inv_2)
     6    0.01                           _1495_ (net)
                  0.07    0.00    8.54 v _2380_/A (sky130_fd_sc_hd__nor2_2)
                  0.15    0.17    8.71 ^ _2380_/Y (sky130_fd_sc_hd__nor2_2)
     3    0.01                           _0555_ (net)
                  0.15    0.00    8.71 ^ _2381_/A (sky130_fd_sc_hd__inv_2)
                  0.06    0.08    8.79 v _2381_/Y (sky130_fd_sc_hd__inv_2)
     5    0.02                           _0556_ (net)
                  0.06    0.00    8.79 v _2431_/A (sky130_fd_sc_hd__buf_2)
                  0.25    0.33    9.12 v _2431_/X (sky130_fd_sc_hd__buf_2)
    15    0.11                           _0591_ (net)
                  0.25    0.00    9.12 v _2432_/B1 (sky130_fd_sc_hd__a21oi_4)
                  0.10    0.18    9.30 ^ _2432_/Y (sky130_fd_sc_hd__a21oi_4)
     1    0.00                           _0127_ (net)
                  0.10    0.00    9.30 ^ _3566_/D (sky130_fd_sc_hd__dfxtp_2)
                                  9.30   data arrival time

                  0.15   14.00   14.00   clock clk (rise edge)
                          0.00   14.00   clock network delay (ideal)
                         -0.25   13.75   clock uncertainty
                          0.00   13.75   clock reconvergence pessimism
                                 13.75 ^ _3566_/CLK (sky130_fd_sc_hd__dfxtp_2)
                         -0.06   13.69   library setup time
                                 13.69   data required time
-----------------------------------------------------------------------------
                                 13.69   data required time
                                 -9.30   data arrival time
-----------------------------------------------------------------------------
                                  4.40   slack (MET)


Startpoint: _3440_ (rising edge-triggered flip-flop clocked by clk')
Endpoint: _3567_ (rising edge-triggered flip-flop clocked by clk)
Path Group: clk
Path Type: max

Fanout     Cap    Slew   Delay    Time   Description
-----------------------------------------------------------------------------
                  0.15    7.00    7.00   clock clk' (rise edge)
                          0.00    7.00   clock network delay (ideal)
                  0.15    0.00    7.00 ^ _3440_/CLK (sky130_fd_sc_hd__dfxtp_2)
                  0.96    1.05    8.05 ^ _3440_/Q (sky130_fd_sc_hd__dfxtp_2)
    54    0.19                           i_spi_reg.falling_edge_detector_sof.rstb (net)
                  0.96    0.00    8.05 ^ _1769_/A (sky130_fd_sc_hd__buf_2)
                  0.22    0.40    8.45 ^ _1769_/X (sky130_fd_sc_hd__buf_2)
    13    0.04                           _1462_ (net)
                  0.22    0.00    8.45 ^ _1803_/A (sky130_fd_sc_hd__inv_2)
                  0.07    0.09    8.54 v _1803_/Y (sky130_fd_sc_hd__inv_2)
     6    0.01                           _1495_ (net)
                  0.07    0.00    8.54 v _2380_/A (sky130_fd_sc_hd__nor2_2)
                  0.15    0.17    8.71 ^ _2380_/Y (sky130_fd_sc_hd__nor2_2)
     3    0.01                           _0555_ (net)
                  0.15    0.00    8.71 ^ _2381_/A (sky130_fd_sc_hd__inv_2)
                  0.06    0.08    8.79 v _2381_/Y (sky130_fd_sc_hd__inv_2)
     5    0.02                           _0556_ (net)
                  0.06    0.00    8.79 v _2431_/A (sky130_fd_sc_hd__buf_2)
                  0.25    0.33    9.12 v _2431_/X (sky130_fd_sc_hd__buf_2)
    15    0.11                           _0591_ (net)
                  0.25    0.00    9.12 v _2435_/B1 (sky130_fd_sc_hd__a21oi_4)
                  0.10    0.18    9.30 ^ _2435_/Y (sky130_fd_sc_hd__a21oi_4)
     1    0.00                           _0128_ (net)
                  0.10    0.00    9.30 ^ _3567_/D (sky130_fd_sc_hd__dfxtp_2)
                                  9.30   data arrival time

                  0.15   14.00   14.00   clock clk (rise edge)
                          0.00   14.00   clock network delay (ideal)
                         -0.25   13.75   clock uncertainty
                          0.00   13.75   clock reconvergence pessimism
                                 13.75 ^ _3567_/CLK (sky130_fd_sc_hd__dfxtp_2)
                         -0.06   13.69   library setup time
                                 13.69   data required time
-----------------------------------------------------------------------------
                                 13.69   data required time
                                 -9.30   data arrival time
-----------------------------------------------------------------------------
                                  4.40   slack (MET)


Startpoint: _3440_ (rising edge-triggered flip-flop clocked by clk')
Endpoint: _3568_ (rising edge-triggered flip-flop clocked by clk)
Path Group: clk
Path Type: max

Fanout     Cap    Slew   Delay    Time   Description
-----------------------------------------------------------------------------
                  0.15    7.00    7.00   clock clk' (rise edge)
                          0.00    7.00   clock network delay (ideal)
                  0.15    0.00    7.00 ^ _3440_/CLK (sky130_fd_sc_hd__dfxtp_2)
                  0.96    1.05    8.05 ^ _3440_/Q (sky130_fd_sc_hd__dfxtp_2)
    54    0.19                           i_spi_reg.falling_edge_detector_sof.rstb (net)
                  0.96    0.00    8.05 ^ _1769_/A (sky130_fd_sc_hd__buf_2)
                  0.22    0.40    8.45 ^ _1769_/X (sky130_fd_sc_hd__buf_2)
    13    0.04                           _1462_ (net)
                  0.22    0.00    8.45 ^ _1803_/A (sky130_fd_sc_hd__inv_2)
                  0.07    0.09    8.54 v _1803_/Y (sky130_fd_sc_hd__inv_2)
     6    0.01                           _1495_ (net)
                  0.07    0.00    8.54 v _2380_/A (sky130_fd_sc_hd__nor2_2)
                  0.15    0.17    8.71 ^ _2380_/Y (sky130_fd_sc_hd__nor2_2)
     3    0.01                           _0555_ (net)
                  0.15    0.00    8.71 ^ _2381_/A (sky130_fd_sc_hd__inv_2)
                  0.06    0.08    8.79 v _2381_/Y (sky130_fd_sc_hd__inv_2)
     5    0.02                           _0556_ (net)
                  0.06    0.00    8.79 v _2431_/A (sky130_fd_sc_hd__buf_2)
                  0.25    0.33    9.12 v _2431_/X (sky130_fd_sc_hd__buf_2)
    15    0.11                           _0591_ (net)
                  0.25    0.00    9.12 v _2438_/B1 (sky130_fd_sc_hd__a21oi_4)
                  0.10    0.18    9.30 ^ _2438_/Y (sky130_fd_sc_hd__a21oi_4)
     1    0.00                           _0129_ (net)
                  0.10    0.00    9.30 ^ _3568_/D (sky130_fd_sc_hd__dfxtp_2)
                                  9.30   data arrival time

                  0.15   14.00   14.00   clock clk (rise edge)
                          0.00   14.00   clock network delay (ideal)
                         -0.25   13.75   clock uncertainty
                          0.00   13.75   clock reconvergence pessimism
                                 13.75 ^ _3568_/CLK (sky130_fd_sc_hd__dfxtp_2)
                         -0.06   13.69   library setup time
                                 13.69   data required time
-----------------------------------------------------------------------------
                                 13.69   data required time
                                 -9.30   data arrival time
-----------------------------------------------------------------------------
                                  4.40   slack (MET)


Startpoint: _3440_ (rising edge-triggered flip-flop clocked by clk')
Endpoint: _3569_ (rising edge-triggered flip-flop clocked by clk)
Path Group: clk
Path Type: max

Fanout     Cap    Slew   Delay    Time   Description
-----------------------------------------------------------------------------
                  0.15    7.00    7.00   clock clk' (rise edge)
                          0.00    7.00   clock network delay (ideal)
                  0.15    0.00    7.00 ^ _3440_/CLK (sky130_fd_sc_hd__dfxtp_2)
                  0.96    1.05    8.05 ^ _3440_/Q (sky130_fd_sc_hd__dfxtp_2)
    54    0.19                           i_spi_reg.falling_edge_detector_sof.rstb (net)
                  0.96    0.00    8.05 ^ _1769_/A (sky130_fd_sc_hd__buf_2)
                  0.22    0.40    8.45 ^ _1769_/X (sky130_fd_sc_hd__buf_2)
    13    0.04                           _1462_ (net)
                  0.22    0.00    8.45 ^ _1803_/A (sky130_fd_sc_hd__inv_2)
                  0.07    0.09    8.54 v _1803_/Y (sky130_fd_sc_hd__inv_2)
     6    0.01                           _1495_ (net)
                  0.07    0.00    8.54 v _2380_/A (sky130_fd_sc_hd__nor2_2)
                  0.15    0.17    8.71 ^ _2380_/Y (sky130_fd_sc_hd__nor2_2)
     3    0.01                           _0555_ (net)
                  0.15    0.00    8.71 ^ _2381_/A (sky130_fd_sc_hd__inv_2)
                  0.06    0.08    8.79 v _2381_/Y (sky130_fd_sc_hd__inv_2)
     5    0.02                           _0556_ (net)
                  0.06    0.00    8.79 v _2431_/A (sky130_fd_sc_hd__buf_2)
                  0.25    0.33    9.12 v _2431_/X (sky130_fd_sc_hd__buf_2)
    15    0.11                           _0591_ (net)
                  0.25    0.00    9.12 v _2441_/B1 (sky130_fd_sc_hd__a21oi_4)
                  0.10    0.18    9.30 ^ _2441_/Y (sky130_fd_sc_hd__a21oi_4)
     1    0.00                           _0130_ (net)
                  0.10    0.00    9.30 ^ _3569_/D (sky130_fd_sc_hd__dfxtp_2)
                                  9.30   data arrival time

                  0.15   14.00   14.00   clock clk (rise edge)
                          0.00   14.00   clock network delay (ideal)
                         -0.25   13.75   clock uncertainty
                          0.00   13.75   clock reconvergence pessimism
                                 13.75 ^ _3569_/CLK (sky130_fd_sc_hd__dfxtp_2)
                         -0.06   13.69   library setup time
                                 13.69   data required time
-----------------------------------------------------------------------------
                                 13.69   data required time
                                 -9.30   data arrival time
-----------------------------------------------------------------------------
                                  4.40   slack (MET)


Startpoint: _3440_ (rising edge-triggered flip-flop clocked by clk')
Endpoint: _3570_ (rising edge-triggered flip-flop clocked by clk)
Path Group: clk
Path Type: max

Fanout     Cap    Slew   Delay    Time   Description
-----------------------------------------------------------------------------
                  0.15    7.00    7.00   clock clk' (rise edge)
                          0.00    7.00   clock network delay (ideal)
                  0.15    0.00    7.00 ^ _3440_/CLK (sky130_fd_sc_hd__dfxtp_2)
                  0.96    1.05    8.05 ^ _3440_/Q (sky130_fd_sc_hd__dfxtp_2)
    54    0.19                           i_spi_reg.falling_edge_detector_sof.rstb (net)
                  0.96    0.00    8.05 ^ _1769_/A (sky130_fd_sc_hd__buf_2)
                  0.22    0.40    8.45 ^ _1769_/X (sky130_fd_sc_hd__buf_2)
    13    0.04                           _1462_ (net)
                  0.22    0.00    8.45 ^ _1803_/A (sky130_fd_sc_hd__inv_2)
                  0.07    0.09    8.54 v _1803_/Y (sky130_fd_sc_hd__inv_2)
     6    0.01                           _1495_ (net)
                  0.07    0.00    8.54 v _2380_/A (sky130_fd_sc_hd__nor2_2)
                  0.15    0.17    8.71 ^ _2380_/Y (sky130_fd_sc_hd__nor2_2)
     3    0.01                           _0555_ (net)
                  0.15    0.00    8.71 ^ _2381_/A (sky130_fd_sc_hd__inv_2)
                  0.06    0.08    8.79 v _2381_/Y (sky130_fd_sc_hd__inv_2)
     5    0.02                           _0556_ (net)
                  0.06    0.00    8.79 v _2431_/A (sky130_fd_sc_hd__buf_2)
                  0.25    0.33    9.12 v _2431_/X (sky130_fd_sc_hd__buf_2)
    15    0.11                           _0591_ (net)
                  0.25    0.00    9.12 v _2444_/B1 (sky130_fd_sc_hd__a21oi_4)
                  0.10    0.18    9.30 ^ _2444_/Y (sky130_fd_sc_hd__a21oi_4)
     1    0.00                           _0131_ (net)
                  0.10    0.00    9.30 ^ _3570_/D (sky130_fd_sc_hd__dfxtp_2)
                                  9.30   data arrival time

                  0.15   14.00   14.00   clock clk (rise edge)
                          0.00   14.00   clock network delay (ideal)
                         -0.25   13.75   clock uncertainty
                          0.00   13.75   clock reconvergence pessimism
                                 13.75 ^ _3570_/CLK (sky130_fd_sc_hd__dfxtp_2)
                         -0.06   13.69   library setup time
                                 13.69   data required time
-----------------------------------------------------------------------------
                                 13.69   data required time
                                 -9.30   data arrival time
-----------------------------------------------------------------------------
                                  4.40   slack (MET)


Startpoint: _3440_ (rising edge-triggered flip-flop clocked by clk')
Endpoint: _3571_ (rising edge-triggered flip-flop clocked by clk)
Path Group: clk
Path Type: max

Fanout     Cap    Slew   Delay    Time   Description
-----------------------------------------------------------------------------
                  0.15    7.00    7.00   clock clk' (rise edge)
                          0.00    7.00   clock network delay (ideal)
                  0.15    0.00    7.00 ^ _3440_/CLK (sky130_fd_sc_hd__dfxtp_2)
                  0.96    1.05    8.05 ^ _3440_/Q (sky130_fd_sc_hd__dfxtp_2)
    54    0.19                           i_spi_reg.falling_edge_detector_sof.rstb (net)
                  0.96    0.00    8.05 ^ _1769_/A (sky130_fd_sc_hd__buf_2)
                  0.22    0.40    8.45 ^ _1769_/X (sky130_fd_sc_hd__buf_2)
    13    0.04                           _1462_ (net)
                  0.22    0.00    8.45 ^ _1803_/A (sky130_fd_sc_hd__inv_2)
                  0.07    0.09    8.54 v _1803_/Y (sky130_fd_sc_hd__inv_2)
     6    0.01                           _1495_ (net)
                  0.07    0.00    8.54 v _2380_/A (sky130_fd_sc_hd__nor2_2)
                  0.15    0.17    8.71 ^ _2380_/Y (sky130_fd_sc_hd__nor2_2)
     3    0.01                           _0555_ (net)
                  0.15    0.00    8.71 ^ _2381_/A (sky130_fd_sc_hd__inv_2)
                  0.06    0.08    8.79 v _2381_/Y (sky130_fd_sc_hd__inv_2)
     5    0.02                           _0556_ (net)
                  0.06    0.00    8.79 v _2431_/A (sky130_fd_sc_hd__buf_2)
                  0.25    0.33    9.12 v _2431_/X (sky130_fd_sc_hd__buf_2)
    15    0.11                           _0591_ (net)
                  0.25    0.00    9.12 v _2447_/B1 (sky130_fd_sc_hd__a21oi_4)
                  0.10    0.18    9.30 ^ _2447_/Y (sky130_fd_sc_hd__a21oi_4)
     1    0.00                           _0132_ (net)
                  0.10    0.00    9.30 ^ _3571_/D (sky130_fd_sc_hd__dfxtp_2)
                                  9.30   data arrival time

                  0.15   14.00   14.00   clock clk (rise edge)
                          0.00   14.00   clock network delay (ideal)
                         -0.25   13.75   clock uncertainty
                          0.00   13.75   clock reconvergence pessimism
                                 13.75 ^ _3571_/CLK (sky130_fd_sc_hd__dfxtp_2)
                         -0.06   13.69   library setup time
                                 13.69   data required time
-----------------------------------------------------------------------------
                                 13.69   data required time
                                 -9.30   data arrival time
-----------------------------------------------------------------------------
                                  4.40   slack (MET)


Startpoint: _3440_ (rising edge-triggered flip-flop clocked by clk')
Endpoint: _3572_ (rising edge-triggered flip-flop clocked by clk)
Path Group: clk
Path Type: max

Fanout     Cap    Slew   Delay    Time   Description
-----------------------------------------------------------------------------
                  0.15    7.00    7.00   clock clk' (rise edge)
                          0.00    7.00   clock network delay (ideal)
                  0.15    0.00    7.00 ^ _3440_/CLK (sky130_fd_sc_hd__dfxtp_2)
                  0.96    1.05    8.05 ^ _3440_/Q (sky130_fd_sc_hd__dfxtp_2)
    54    0.19                           i_spi_reg.falling_edge_detector_sof.rstb (net)
                  0.96    0.00    8.05 ^ _1769_/A (sky130_fd_sc_hd__buf_2)
                  0.22    0.40    8.45 ^ _1769_/X (sky130_fd_sc_hd__buf_2)
    13    0.04                           _1462_ (net)
                  0.22    0.00    8.45 ^ _1803_/A (sky130_fd_sc_hd__inv_2)
                  0.07    0.09    8.54 v _1803_/Y (sky130_fd_sc_hd__inv_2)
     6    0.01                           _1495_ (net)
                  0.07    0.00    8.54 v _2380_/A (sky130_fd_sc_hd__nor2_2)
                  0.15    0.17    8.71 ^ _2380_/Y (sky130_fd_sc_hd__nor2_2)
     3    0.01                           _0555_ (net)
                  0.15    0.00    8.71 ^ _2381_/A (sky130_fd_sc_hd__inv_2)
                  0.06    0.08    8.79 v _2381_/Y (sky130_fd_sc_hd__inv_2)
     5    0.02                           _0556_ (net)
                  0.06    0.00    8.79 v _2431_/A (sky130_fd_sc_hd__buf_2)
                  0.25    0.33    9.12 v _2431_/X (sky130_fd_sc_hd__buf_2)
    15    0.11                           _0591_ (net)
                  0.25    0.00    9.12 v _2450_/B1 (sky130_fd_sc_hd__a21oi_4)
                  0.10    0.18    9.30 ^ _2450_/Y (sky130_fd_sc_hd__a21oi_4)
     1    0.00                           _0133_ (net)
                  0.10    0.00    9.30 ^ _3572_/D (sky130_fd_sc_hd__dfxtp_2)
                                  9.30   data arrival time

                  0.15   14.00   14.00   clock clk (rise edge)
                          0.00   14.00   clock network delay (ideal)
                         -0.25   13.75   clock uncertainty
                          0.00   13.75   clock reconvergence pessimism
                                 13.75 ^ _3572_/CLK (sky130_fd_sc_hd__dfxtp_2)
                         -0.06   13.69   library setup time
                                 13.69   data required time
-----------------------------------------------------------------------------
                                 13.69   data required time
                                 -9.30   data arrival time
-----------------------------------------------------------------------------
                                  4.40   slack (MET)


Startpoint: _3440_ (rising edge-triggered flip-flop clocked by clk')
Endpoint: _3573_ (rising edge-triggered flip-flop clocked by clk)
Path Group: clk
Path Type: max

Fanout     Cap    Slew   Delay    Time   Description
-----------------------------------------------------------------------------
                  0.15    7.00    7.00   clock clk' (rise edge)
                          0.00    7.00   clock network delay (ideal)
                  0.15    0.00    7.00 ^ _3440_/CLK (sky130_fd_sc_hd__dfxtp_2)
                  0.96    1.05    8.05 ^ _3440_/Q (sky130_fd_sc_hd__dfxtp_2)
    54    0.19                           i_spi_reg.falling_edge_detector_sof.rstb (net)
                  0.96    0.00    8.05 ^ _1769_/A (sky130_fd_sc_hd__buf_2)
                  0.22    0.40    8.45 ^ _1769_/X (sky130_fd_sc_hd__buf_2)
    13    0.04                           _1462_ (net)
                  0.22    0.00    8.45 ^ _1803_/A (sky130_fd_sc_hd__inv_2)
                  0.07    0.09    8.54 v _1803_/Y (sky130_fd_sc_hd__inv_2)
     6    0.01                           _1495_ (net)
                  0.07    0.00    8.54 v _2380_/A (sky130_fd_sc_hd__nor2_2)
                  0.15    0.17    8.71 ^ _2380_/Y (sky130_fd_sc_hd__nor2_2)
     3    0.01                           _0555_ (net)
                  0.15    0.00    8.71 ^ _2381_/A (sky130_fd_sc_hd__inv_2)
                  0.06    0.08    8.79 v _2381_/Y (sky130_fd_sc_hd__inv_2)
     5    0.02                           _0556_ (net)
                  0.06    0.00    8.79 v _2431_/A (sky130_fd_sc_hd__buf_2)
                  0.25    0.33    9.12 v _2431_/X (sky130_fd_sc_hd__buf_2)
    15    0.11                           _0591_ (net)
                  0.25    0.00    9.12 v _2453_/B1 (sky130_fd_sc_hd__a21oi_4)
                  0.10    0.18    9.30 ^ _2453_/Y (sky130_fd_sc_hd__a21oi_4)
     1    0.00                           _0134_ (net)
                  0.10    0.00    9.30 ^ _3573_/D (sky130_fd_sc_hd__dfxtp_2)
                                  9.30   data arrival time

                  0.15   14.00   14.00   clock clk (rise edge)
                          0.00   14.00   clock network delay (ideal)
                         -0.25   13.75   clock uncertainty
                          0.00   13.75   clock reconvergence pessimism
                                 13.75 ^ _3573_/CLK (sky130_fd_sc_hd__dfxtp_2)
                         -0.06   13.69   library setup time
                                 13.69   data required time
-----------------------------------------------------------------------------
                                 13.69   data required time
                                 -9.30   data arrival time
-----------------------------------------------------------------------------
                                  4.40   slack (MET)


Startpoint: _3440_ (rising edge-triggered flip-flop clocked by clk')
Endpoint: _3574_ (rising edge-triggered flip-flop clocked by clk)
Path Group: clk
Path Type: max

Fanout     Cap    Slew   Delay    Time   Description
-----------------------------------------------------------------------------
                  0.15    7.00    7.00   clock clk' (rise edge)
                          0.00    7.00   clock network delay (ideal)
                  0.15    0.00    7.00 ^ _3440_/CLK (sky130_fd_sc_hd__dfxtp_2)
                  0.96    1.05    8.05 ^ _3440_/Q (sky130_fd_sc_hd__dfxtp_2)
    54    0.19                           i_spi_reg.falling_edge_detector_sof.rstb (net)
                  0.96    0.00    8.05 ^ _1769_/A (sky130_fd_sc_hd__buf_2)
                  0.22    0.40    8.45 ^ _1769_/X (sky130_fd_sc_hd__buf_2)
    13    0.04                           _1462_ (net)
                  0.22    0.00    8.45 ^ _1803_/A (sky130_fd_sc_hd__inv_2)
                  0.07    0.09    8.54 v _1803_/Y (sky130_fd_sc_hd__inv_2)
     6    0.01                           _1495_ (net)
                  0.07    0.00    8.54 v _2380_/A (sky130_fd_sc_hd__nor2_2)
                  0.15    0.17    8.71 ^ _2380_/Y (sky130_fd_sc_hd__nor2_2)
     3    0.01                           _0555_ (net)
                  0.15    0.00    8.71 ^ _2381_/A (sky130_fd_sc_hd__inv_2)
                  0.06    0.08    8.79 v _2381_/Y (sky130_fd_sc_hd__inv_2)
     5    0.02                           _0556_ (net)
                  0.06    0.00    8.79 v _2431_/A (sky130_fd_sc_hd__buf_2)
                  0.25    0.33    9.12 v _2431_/X (sky130_fd_sc_hd__buf_2)
    15    0.11                           _0591_ (net)
                  0.25    0.00    9.12 v _2456_/B1 (sky130_fd_sc_hd__a21oi_4)
                  0.10    0.18    9.30 ^ _2456_/Y (sky130_fd_sc_hd__a21oi_4)
     1    0.00                           _0135_ (net)
                  0.10    0.00    9.30 ^ _3574_/D (sky130_fd_sc_hd__dfxtp_2)
                                  9.30   data arrival time

                  0.15   14.00   14.00   clock clk (rise edge)
                          0.00   14.00   clock network delay (ideal)
                         -0.25   13.75   clock uncertainty
                          0.00   13.75   clock reconvergence pessimism
                                 13.75 ^ _3574_/CLK (sky130_fd_sc_hd__dfxtp_2)
                         -0.06   13.69   library setup time
                                 13.69   data required time
-----------------------------------------------------------------------------
                                 13.69   data required time
                                 -9.30   data arrival time
-----------------------------------------------------------------------------
                                  4.40   slack (MET)


Startpoint: _3440_ (rising edge-triggered flip-flop clocked by clk')
Endpoint: _3575_ (rising edge-triggered flip-flop clocked by clk)
Path Group: clk
Path Type: max

Fanout     Cap    Slew   Delay    Time   Description
-----------------------------------------------------------------------------
                  0.15    7.00    7.00   clock clk' (rise edge)
                          0.00    7.00   clock network delay (ideal)
                  0.15    0.00    7.00 ^ _3440_/CLK (sky130_fd_sc_hd__dfxtp_2)
                  0.96    1.05    8.05 ^ _3440_/Q (sky130_fd_sc_hd__dfxtp_2)
    54    0.19                           i_spi_reg.falling_edge_detector_sof.rstb (net)
                  0.96    0.00    8.05 ^ _1769_/A (sky130_fd_sc_hd__buf_2)
                  0.22    0.40    8.45 ^ _1769_/X (sky130_fd_sc_hd__buf_2)
    13    0.04                           _1462_ (net)
                  0.22    0.00    8.45 ^ _1803_/A (sky130_fd_sc_hd__inv_2)
                  0.07    0.09    8.54 v _1803_/Y (sky130_fd_sc_hd__inv_2)
     6    0.01                           _1495_ (net)
                  0.07    0.00    8.54 v _2380_/A (sky130_fd_sc_hd__nor2_2)
                  0.15    0.17    8.71 ^ _2380_/Y (sky130_fd_sc_hd__nor2_2)
     3    0.01                           _0555_ (net)
                  0.15    0.00    8.71 ^ _2381_/A (sky130_fd_sc_hd__inv_2)
                  0.06    0.08    8.79 v _2381_/Y (sky130_fd_sc_hd__inv_2)
     5    0.02                           _0556_ (net)
                  0.06    0.00    8.79 v _2431_/A (sky130_fd_sc_hd__buf_2)
                  0.25    0.33    9.12 v _2431_/X (sky130_fd_sc_hd__buf_2)
    15    0.11                           _0591_ (net)
                  0.25    0.00    9.12 v _2459_/B1 (sky130_fd_sc_hd__a21oi_4)
                  0.10    0.18    9.30 ^ _2459_/Y (sky130_fd_sc_hd__a21oi_4)
     1    0.00                           _0136_ (net)
                  0.10    0.00    9.30 ^ _3575_/D (sky130_fd_sc_hd__dfxtp_2)
                                  9.30   data arrival time

                  0.15   14.00   14.00   clock clk (rise edge)
                          0.00   14.00   clock network delay (ideal)
                         -0.25   13.75   clock uncertainty
                          0.00   13.75   clock reconvergence pessimism
                                 13.75 ^ _3575_/CLK (sky130_fd_sc_hd__dfxtp_2)
                         -0.06   13.69   library setup time
                                 13.69   data required time
-----------------------------------------------------------------------------
                                 13.69   data required time
                                 -9.30   data arrival time
-----------------------------------------------------------------------------
                                  4.40   slack (MET)


Startpoint: _3440_ (rising edge-triggered flip-flop clocked by clk')
Endpoint: _3576_ (rising edge-triggered flip-flop clocked by clk)
Path Group: clk
Path Type: max

Fanout     Cap    Slew   Delay    Time   Description
-----------------------------------------------------------------------------
                  0.15    7.00    7.00   clock clk' (rise edge)
                          0.00    7.00   clock network delay (ideal)
                  0.15    0.00    7.00 ^ _3440_/CLK (sky130_fd_sc_hd__dfxtp_2)
                  0.96    1.05    8.05 ^ _3440_/Q (sky130_fd_sc_hd__dfxtp_2)
    54    0.19                           i_spi_reg.falling_edge_detector_sof.rstb (net)
                  0.96    0.00    8.05 ^ _1769_/A (sky130_fd_sc_hd__buf_2)
                  0.22    0.40    8.45 ^ _1769_/X (sky130_fd_sc_hd__buf_2)
    13    0.04                           _1462_ (net)
                  0.22    0.00    8.45 ^ _1803_/A (sky130_fd_sc_hd__inv_2)
                  0.07    0.09    8.54 v _1803_/Y (sky130_fd_sc_hd__inv_2)
     6    0.01                           _1495_ (net)
                  0.07    0.00    8.54 v _2380_/A (sky130_fd_sc_hd__nor2_2)
                  0.15    0.17    8.71 ^ _2380_/Y (sky130_fd_sc_hd__nor2_2)
     3    0.01                           _0555_ (net)
                  0.15    0.00    8.71 ^ _2381_/A (sky130_fd_sc_hd__inv_2)
                  0.06    0.08    8.79 v _2381_/Y (sky130_fd_sc_hd__inv_2)
     5    0.02                           _0556_ (net)
                  0.06    0.00    8.79 v _2431_/A (sky130_fd_sc_hd__buf_2)
                  0.25    0.33    9.12 v _2431_/X (sky130_fd_sc_hd__buf_2)
    15    0.11                           _0591_ (net)
                  0.25    0.00    9.12 v _2462_/B1 (sky130_fd_sc_hd__a21oi_4)
                  0.10    0.18    9.30 ^ _2462_/Y (sky130_fd_sc_hd__a21oi_4)
     1    0.00                           _0137_ (net)
                  0.10    0.00    9.30 ^ _3576_/D (sky130_fd_sc_hd__dfxtp_2)
                                  9.30   data arrival time

                  0.15   14.00   14.00   clock clk (rise edge)
                          0.00   14.00   clock network delay (ideal)
                         -0.25   13.75   clock uncertainty
                          0.00   13.75   clock reconvergence pessimism
                                 13.75 ^ _3576_/CLK (sky130_fd_sc_hd__dfxtp_2)
                         -0.06   13.69   library setup time
                                 13.69   data required time
-----------------------------------------------------------------------------
                                 13.69   data required time
                                 -9.30   data arrival time
-----------------------------------------------------------------------------
                                  4.40   slack (MET)


Startpoint: _3440_ (rising edge-triggered flip-flop clocked by clk')
Endpoint: _3577_ (rising edge-triggered flip-flop clocked by clk)
Path Group: clk
Path Type: max

Fanout     Cap    Slew   Delay    Time   Description
-----------------------------------------------------------------------------
                  0.15    7.00    7.00   clock clk' (rise edge)
                          0.00    7.00   clock network delay (ideal)
                  0.15    0.00    7.00 ^ _3440_/CLK (sky130_fd_sc_hd__dfxtp_2)
                  0.96    1.05    8.05 ^ _3440_/Q (sky130_fd_sc_hd__dfxtp_2)
    54    0.19                           i_spi_reg.falling_edge_detector_sof.rstb (net)
                  0.96    0.00    8.05 ^ _1769_/A (sky130_fd_sc_hd__buf_2)
                  0.22    0.40    8.45 ^ _1769_/X (sky130_fd_sc_hd__buf_2)
    13    0.04                           _1462_ (net)
                  0.22    0.00    8.45 ^ _1803_/A (sky130_fd_sc_hd__inv_2)
                  0.07    0.09    8.54 v _1803_/Y (sky130_fd_sc_hd__inv_2)
     6    0.01                           _1495_ (net)
                  0.07    0.00    8.54 v _2380_/A (sky130_fd_sc_hd__nor2_2)
                  0.15    0.17    8.71 ^ _2380_/Y (sky130_fd_sc_hd__nor2_2)
     3    0.01                           _0555_ (net)
                  0.15    0.00    8.71 ^ _2381_/A (sky130_fd_sc_hd__inv_2)
                  0.06    0.08    8.79 v _2381_/Y (sky130_fd_sc_hd__inv_2)
     5    0.02                           _0556_ (net)
                  0.06    0.00    8.79 v _2431_/A (sky130_fd_sc_hd__buf_2)
                  0.25    0.33    9.12 v _2431_/X (sky130_fd_sc_hd__buf_2)
    15    0.11                           _0591_ (net)
                  0.25    0.00    9.12 v _2465_/B1 (sky130_fd_sc_hd__a21oi_4)
                  0.10    0.18    9.30 ^ _2465_/Y (sky130_fd_sc_hd__a21oi_4)
     1    0.00                           _0138_ (net)
                  0.10    0.00    9.30 ^ _3577_/D (sky130_fd_sc_hd__dfxtp_2)
                                  9.30   data arrival time

                  0.15   14.00   14.00   clock clk (rise edge)
                          0.00   14.00   clock network delay (ideal)
                         -0.25   13.75   clock uncertainty
                          0.00   13.75   clock reconvergence pessimism
                                 13.75 ^ _3577_/CLK (sky130_fd_sc_hd__dfxtp_2)
                         -0.06   13.69   library setup time
                                 13.69   data required time
-----------------------------------------------------------------------------
                                 13.69   data required time
                                 -9.30   data arrival time
-----------------------------------------------------------------------------
                                  4.40   slack (MET)


Startpoint: _3440_ (rising edge-triggered flip-flop clocked by clk')
Endpoint: _3578_ (rising edge-triggered flip-flop clocked by clk)
Path Group: clk
Path Type: max

Fanout     Cap    Slew   Delay    Time   Description
-----------------------------------------------------------------------------
                  0.15    7.00    7.00   clock clk' (rise edge)
                          0.00    7.00   clock network delay (ideal)
                  0.15    0.00    7.00 ^ _3440_/CLK (sky130_fd_sc_hd__dfxtp_2)
                  0.96    1.05    8.05 ^ _3440_/Q (sky130_fd_sc_hd__dfxtp_2)
    54    0.19                           i_spi_reg.falling_edge_detector_sof.rstb (net)
                  0.96    0.00    8.05 ^ _1769_/A (sky130_fd_sc_hd__buf_2)
                  0.22    0.40    8.45 ^ _1769_/X (sky130_fd_sc_hd__buf_2)
    13    0.04                           _1462_ (net)
                  0.22    0.00    8.45 ^ _1803_/A (sky130_fd_sc_hd__inv_2)
                  0.07    0.09    8.54 v _1803_/Y (sky130_fd_sc_hd__inv_2)
     6    0.01                           _1495_ (net)
                  0.07    0.00    8.54 v _2380_/A (sky130_fd_sc_hd__nor2_2)
                  0.15    0.17    8.71 ^ _2380_/Y (sky130_fd_sc_hd__nor2_2)
     3    0.01                           _0555_ (net)
                  0.15    0.00    8.71 ^ _2381_/A (sky130_fd_sc_hd__inv_2)
                  0.06    0.08    8.79 v _2381_/Y (sky130_fd_sc_hd__inv_2)
     5    0.02                           _0556_ (net)
                  0.06    0.00    8.79 v _2431_/A (sky130_fd_sc_hd__buf_2)
                  0.25    0.33    9.12 v _2431_/X (sky130_fd_sc_hd__buf_2)
    15    0.11                           _0591_ (net)
                  0.25    0.00    9.12 v _2468_/B1 (sky130_fd_sc_hd__a21oi_4)
                  0.10    0.18    9.30 ^ _2468_/Y (sky130_fd_sc_hd__a21oi_4)
     1    0.00                           _0139_ (net)
                  0.10    0.00    9.30 ^ _3578_/D (sky130_fd_sc_hd__dfxtp_2)
                                  9.30   data arrival time

                  0.15   14.00   14.00   clock clk (rise edge)
                          0.00   14.00   clock network delay (ideal)
                         -0.25   13.75   clock uncertainty
                          0.00   13.75   clock reconvergence pessimism
                                 13.75 ^ _3578_/CLK (sky130_fd_sc_hd__dfxtp_2)
                         -0.06   13.69   library setup time
                                 13.69   data required time
-----------------------------------------------------------------------------
                                 13.69   data required time
                                 -9.30   data arrival time
-----------------------------------------------------------------------------
                                  4.40   slack (MET)


Startpoint: _3440_ (rising edge-triggered flip-flop clocked by clk')
Endpoint: _3579_ (rising edge-triggered flip-flop clocked by clk)
Path Group: clk
Path Type: max

Fanout     Cap    Slew   Delay    Time   Description
-----------------------------------------------------------------------------
                  0.15    7.00    7.00   clock clk' (rise edge)
                          0.00    7.00   clock network delay (ideal)
                  0.15    0.00    7.00 ^ _3440_/CLK (sky130_fd_sc_hd__dfxtp_2)
                  0.96    1.05    8.05 ^ _3440_/Q (sky130_fd_sc_hd__dfxtp_2)
    54    0.19                           i_spi_reg.falling_edge_detector_sof.rstb (net)
                  0.96    0.00    8.05 ^ _1769_/A (sky130_fd_sc_hd__buf_2)
                  0.22    0.40    8.45 ^ _1769_/X (sky130_fd_sc_hd__buf_2)
    13    0.04                           _1462_ (net)
                  0.22    0.00    8.45 ^ _1803_/A (sky130_fd_sc_hd__inv_2)
                  0.07    0.09    8.54 v _1803_/Y (sky130_fd_sc_hd__inv_2)
     6    0.01                           _1495_ (net)
                  0.07    0.00    8.54 v _2380_/A (sky130_fd_sc_hd__nor2_2)
                  0.15    0.17    8.71 ^ _2380_/Y (sky130_fd_sc_hd__nor2_2)
     3    0.01                           _0555_ (net)
                  0.15    0.00    8.71 ^ _2381_/A (sky130_fd_sc_hd__inv_2)
                  0.06    0.08    8.79 v _2381_/Y (sky130_fd_sc_hd__inv_2)
     5    0.02                           _0556_ (net)
                  0.06    0.00    8.79 v _2431_/A (sky130_fd_sc_hd__buf_2)
                  0.25    0.33    9.12 v _2431_/X (sky130_fd_sc_hd__buf_2)
    15    0.11                           _0591_ (net)
                  0.25    0.00    9.12 v _2471_/B1 (sky130_fd_sc_hd__a21oi_2)
                  0.09    0.17    9.29 ^ _2471_/Y (sky130_fd_sc_hd__a21oi_2)
     1    0.00                           _0140_ (net)
                  0.09    0.00    9.29 ^ _3579_/D (sky130_fd_sc_hd__dfxtp_2)
                                  9.29   data arrival time

                  0.15   14.00   14.00   clock clk (rise edge)
                          0.00   14.00   clock network delay (ideal)
                         -0.25   13.75   clock uncertainty
                          0.00   13.75   clock reconvergence pessimism
                                 13.75 ^ _3579_/CLK (sky130_fd_sc_hd__dfxtp_2)
                         -0.05   13.70   library setup time
                                 13.70   data required time
-----------------------------------------------------------------------------
                                 13.70   data required time
                                 -9.29   data arrival time
-----------------------------------------------------------------------------
                                  4.40   slack (MET)


Startpoint: _3440_ (rising edge-triggered flip-flop clocked by clk')
Endpoint: _3580_ (rising edge-triggered flip-flop clocked by clk)
Path Group: clk
Path Type: max

Fanout     Cap    Slew   Delay    Time   Description
-----------------------------------------------------------------------------
                  0.15    7.00    7.00   clock clk' (rise edge)
                          0.00    7.00   clock network delay (ideal)
                  0.15    0.00    7.00 ^ _3440_/CLK (sky130_fd_sc_hd__dfxtp_2)
                  0.96    1.05    8.05 ^ _3440_/Q (sky130_fd_sc_hd__dfxtp_2)
    54    0.19                           i_spi_reg.falling_edge_detector_sof.rstb (net)
                  0.96    0.00    8.05 ^ _1769_/A (sky130_fd_sc_hd__buf_2)
                  0.22    0.40    8.45 ^ _1769_/X (sky130_fd_sc_hd__buf_2)
    13    0.04                           _1462_ (net)
                  0.22    0.00    8.45 ^ _1803_/A (sky130_fd_sc_hd__inv_2)
                  0.07    0.09    8.54 v _1803_/Y (sky130_fd_sc_hd__inv_2)
     6    0.01                           _1495_ (net)
                  0.07    0.00    8.54 v _2380_/A (sky130_fd_sc_hd__nor2_2)
                  0.15    0.17    8.71 ^ _2380_/Y (sky130_fd_sc_hd__nor2_2)
     3    0.01                           _0555_ (net)
                  0.15    0.00    8.71 ^ _2381_/A (sky130_fd_sc_hd__inv_2)
                  0.06    0.08    8.79 v _2381_/Y (sky130_fd_sc_hd__inv_2)
     5    0.02                           _0556_ (net)
                  0.06    0.00    8.79 v _2431_/A (sky130_fd_sc_hd__buf_2)
                  0.25    0.33    9.12 v _2431_/X (sky130_fd_sc_hd__buf_2)
    15    0.11                           _0591_ (net)
                  0.25    0.00    9.12 v _2474_/B1 (sky130_fd_sc_hd__a21oi_2)
                  0.09    0.17    9.29 ^ _2474_/Y (sky130_fd_sc_hd__a21oi_2)
     1    0.00                           _0141_ (net)
                  0.09    0.00    9.29 ^ _3580_/D (sky130_fd_sc_hd__dfxtp_2)
                                  9.29   data arrival time

                  0.15   14.00   14.00   clock clk (rise edge)
                          0.00   14.00   clock network delay (ideal)
                         -0.25   13.75   clock uncertainty
                          0.00   13.75   clock reconvergence pessimism
                                 13.75 ^ _3580_/CLK (sky130_fd_sc_hd__dfxtp_2)
                         -0.05   13.70   library setup time
                                 13.70   data required time
-----------------------------------------------------------------------------
                                 13.70   data required time
                                 -9.29   data arrival time
-----------------------------------------------------------------------------
                                  4.40   slack (MET)


Startpoint: _3440_ (rising edge-triggered flip-flop clocked by clk')
Endpoint: _3619_ (rising edge-triggered flip-flop clocked by clk)
Path Group: clk
Path Type: max

Fanout     Cap    Slew   Delay    Time   Description
-----------------------------------------------------------------------------
                  0.15    7.00    7.00   clock clk' (rise edge)
                          0.00    7.00   clock network delay (ideal)
                  0.15    0.00    7.00 ^ _3440_/CLK (sky130_fd_sc_hd__dfxtp_2)
                  0.96    1.05    8.05 ^ _3440_/Q (sky130_fd_sc_hd__dfxtp_2)
    54    0.19                           i_spi_reg.falling_edge_detector_sof.rstb (net)
                  0.96    0.00    8.05 ^ _1769_/A (sky130_fd_sc_hd__buf_2)
                  0.22    0.40    8.45 ^ _1769_/X (sky130_fd_sc_hd__buf_2)
    13    0.04                           _1462_ (net)
                  0.22    0.00    8.45 ^ _1803_/A (sky130_fd_sc_hd__inv_2)
                  0.07    0.09    8.54 v _1803_/Y (sky130_fd_sc_hd__inv_2)
     6    0.01                           _1495_ (net)
                  0.07    0.00    8.54 v _2380_/A (sky130_fd_sc_hd__nor2_2)
                  0.15    0.17    8.71 ^ _2380_/Y (sky130_fd_sc_hd__nor2_2)
     3    0.01                           _0555_ (net)
                  0.15    0.00    8.71 ^ _2729_/A (sky130_fd_sc_hd__buf_2)
                  0.37    0.39    9.10 ^ _2729_/X (sky130_fd_sc_hd__buf_2)
    15    0.08                           _0840_ (net)
                  0.37    0.00    9.10 ^ _2742_/B1 (sky130_fd_sc_hd__o211ai_2)
                  0.08    0.14    9.23 v _2742_/Y (sky130_fd_sc_hd__o211ai_2)
     1    0.00                           _0180_ (net)
                  0.08    0.00    9.23 v _3619_/D (sky130_fd_sc_hd__dfxtp_2)
                                  9.23   data arrival time

                  0.15   14.00   14.00   clock clk (rise edge)
                          0.00   14.00   clock network delay (ideal)
                         -0.25   13.75   clock uncertainty
                          0.00   13.75   clock reconvergence pessimism
                                 13.75 ^ _3619_/CLK (sky130_fd_sc_hd__dfxtp_2)
                         -0.10   13.65   library setup time
                                 13.65   data required time
-----------------------------------------------------------------------------
                                 13.65   data required time
                                 -9.23   data arrival time
-----------------------------------------------------------------------------
                                  4.41   slack (MET)


Startpoint: _3440_ (rising edge-triggered flip-flop clocked by clk')
Endpoint: _3460_ (rising edge-triggered flip-flop clocked by clk)
Path Group: clk
Path Type: max

Fanout     Cap    Slew   Delay    Time   Description
-----------------------------------------------------------------------------
                  0.15    7.00    7.00   clock clk' (rise edge)
                          0.00    7.00   clock network delay (ideal)
                  0.15    0.00    7.00 ^ _3440_/CLK (sky130_fd_sc_hd__dfxtp_2)
                  0.96    1.05    8.05 ^ _3440_/Q (sky130_fd_sc_hd__dfxtp_2)
    54    0.19                           i_spi_reg.falling_edge_detector_sof.rstb (net)
                  0.96    0.00    8.05 ^ _1769_/A (sky130_fd_sc_hd__buf_2)
                  0.22    0.40    8.45 ^ _1769_/X (sky130_fd_sc_hd__buf_2)
    13    0.04                           _1462_ (net)
                  0.22    0.00    8.45 ^ _1803_/A (sky130_fd_sc_hd__inv_2)
                  0.07    0.09    8.54 v _1803_/Y (sky130_fd_sc_hd__inv_2)
     6    0.01                           _1495_ (net)
                  0.07    0.00    8.54 v _1804_/A (sky130_fd_sc_hd__buf_2)
                  0.06    0.17    8.71 v _1804_/X (sky130_fd_sc_hd__buf_2)
    10    0.02                           _1496_ (net)
                  0.06    0.00    8.71 v _1923_/A (sky130_fd_sc_hd__buf_1)
                  0.35    0.36    9.07 v _1923_/X (sky130_fd_sc_hd__buf_1)
    15    0.06                           _1597_ (net)
                  0.35    0.00    9.07 v _1924_/B1 (sky130_fd_sc_hd__a21oi_2)
                  0.11    0.20    9.27 ^ _1924_/Y (sky130_fd_sc_hd__a21oi_2)
     1    0.00                           _0021_ (net)
                  0.11    0.00    9.27 ^ _3460_/D (sky130_fd_sc_hd__dfxtp_2)
                                  9.27   data arrival time

                  0.15   14.00   14.00   clock clk (rise edge)
                          0.00   14.00   clock network delay (ideal)
                         -0.25   13.75   clock uncertainty
                          0.00   13.75   clock reconvergence pessimism
                                 13.75 ^ _3460_/CLK (sky130_fd_sc_hd__dfxtp_2)
                         -0.06   13.69   library setup time
                                 13.69   data required time
-----------------------------------------------------------------------------
                                 13.69   data required time
                                 -9.27   data arrival time
-----------------------------------------------------------------------------
                                  4.42   slack (MET)


Startpoint: _3440_ (rising edge-triggered flip-flop clocked by clk')
Endpoint: _3461_ (rising edge-triggered flip-flop clocked by clk)
Path Group: clk
Path Type: max

Fanout     Cap    Slew   Delay    Time   Description
-----------------------------------------------------------------------------
                  0.15    7.00    7.00   clock clk' (rise edge)
                          0.00    7.00   clock network delay (ideal)
                  0.15    0.00    7.00 ^ _3440_/CLK (sky130_fd_sc_hd__dfxtp_2)
                  0.96    1.05    8.05 ^ _3440_/Q (sky130_fd_sc_hd__dfxtp_2)
    54    0.19                           i_spi_reg.falling_edge_detector_sof.rstb (net)
                  0.96    0.00    8.05 ^ _1769_/A (sky130_fd_sc_hd__buf_2)
                  0.22    0.40    8.45 ^ _1769_/X (sky130_fd_sc_hd__buf_2)
    13    0.04                           _1462_ (net)
                  0.22    0.00    8.45 ^ _1803_/A (sky130_fd_sc_hd__inv_2)
                  0.07    0.09    8.54 v _1803_/Y (sky130_fd_sc_hd__inv_2)
     6    0.01                           _1495_ (net)
                  0.07    0.00    8.54 v _1804_/A (sky130_fd_sc_hd__buf_2)
                  0.06    0.17    8.71 v _1804_/X (sky130_fd_sc_hd__buf_2)
    10    0.02                           _1496_ (net)
                  0.06    0.00    8.71 v _1923_/A (sky130_fd_sc_hd__buf_1)
                  0.35    0.36    9.07 v _1923_/X (sky130_fd_sc_hd__buf_1)
    15    0.06                           _1597_ (net)
                  0.35    0.00    9.07 v _1927_/B1 (sky130_fd_sc_hd__a21oi_2)
                  0.11    0.20    9.27 ^ _1927_/Y (sky130_fd_sc_hd__a21oi_2)
     1    0.00                           _0022_ (net)
                  0.11    0.00    9.27 ^ _3461_/D (sky130_fd_sc_hd__dfxtp_2)
                                  9.27   data arrival time

                  0.15   14.00   14.00   clock clk (rise edge)
                          0.00   14.00   clock network delay (ideal)
                         -0.25   13.75   clock uncertainty
                          0.00   13.75   clock reconvergence pessimism
                                 13.75 ^ _3461_/CLK (sky130_fd_sc_hd__dfxtp_2)
                         -0.06   13.69   library setup time
                                 13.69   data required time
-----------------------------------------------------------------------------
                                 13.69   data required time
                                 -9.27   data arrival time
-----------------------------------------------------------------------------
                                  4.42   slack (MET)


Startpoint: _3440_ (rising edge-triggered flip-flop clocked by clk')
Endpoint: _3462_ (rising edge-triggered flip-flop clocked by clk)
Path Group: clk
Path Type: max

Fanout     Cap    Slew   Delay    Time   Description
-----------------------------------------------------------------------------
                  0.15    7.00    7.00   clock clk' (rise edge)
                          0.00    7.00   clock network delay (ideal)
                  0.15    0.00    7.00 ^ _3440_/CLK (sky130_fd_sc_hd__dfxtp_2)
                  0.96    1.05    8.05 ^ _3440_/Q (sky130_fd_sc_hd__dfxtp_2)
    54    0.19                           i_spi_reg.falling_edge_detector_sof.rstb (net)
                  0.96    0.00    8.05 ^ _1769_/A (sky130_fd_sc_hd__buf_2)
                  0.22    0.40    8.45 ^ _1769_/X (sky130_fd_sc_hd__buf_2)
    13    0.04                           _1462_ (net)
                  0.22    0.00    8.45 ^ _1803_/A (sky130_fd_sc_hd__inv_2)
                  0.07    0.09    8.54 v _1803_/Y (sky130_fd_sc_hd__inv_2)
     6    0.01                           _1495_ (net)
                  0.07    0.00    8.54 v _1804_/A (sky130_fd_sc_hd__buf_2)
                  0.06    0.17    8.71 v _1804_/X (sky130_fd_sc_hd__buf_2)
    10    0.02                           _1496_ (net)
                  0.06    0.00    8.71 v _1923_/A (sky130_fd_sc_hd__buf_1)
                  0.35    0.36    9.07 v _1923_/X (sky130_fd_sc_hd__buf_1)
    15    0.06                           _1597_ (net)
                  0.35    0.00    9.07 v _1930_/B1 (sky130_fd_sc_hd__a21oi_2)
                  0.11    0.20    9.27 ^ _1930_/Y (sky130_fd_sc_hd__a21oi_2)
     1    0.00                           _0023_ (net)
                  0.11    0.00    9.27 ^ _3462_/D (sky130_fd_sc_hd__dfxtp_2)
                                  9.27   data arrival time

                  0.15   14.00   14.00   clock clk (rise edge)
                          0.00   14.00   clock network delay (ideal)
                         -0.25   13.75   clock uncertainty
                          0.00   13.75   clock reconvergence pessimism
                                 13.75 ^ _3462_/CLK (sky130_fd_sc_hd__dfxtp_2)
                         -0.06   13.69   library setup time
                                 13.69   data required time
-----------------------------------------------------------------------------
                                 13.69   data required time
                                 -9.27   data arrival time
-----------------------------------------------------------------------------
                                  4.42   slack (MET)


Startpoint: _3440_ (rising edge-triggered flip-flop clocked by clk')
Endpoint: _3463_ (rising edge-triggered flip-flop clocked by clk)
Path Group: clk
Path Type: max

Fanout     Cap    Slew   Delay    Time   Description
-----------------------------------------------------------------------------
                  0.15    7.00    7.00   clock clk' (rise edge)
                          0.00    7.00   clock network delay (ideal)
                  0.15    0.00    7.00 ^ _3440_/CLK (sky130_fd_sc_hd__dfxtp_2)
                  0.96    1.05    8.05 ^ _3440_/Q (sky130_fd_sc_hd__dfxtp_2)
    54    0.19                           i_spi_reg.falling_edge_detector_sof.rstb (net)
                  0.96    0.00    8.05 ^ _1769_/A (sky130_fd_sc_hd__buf_2)
                  0.22    0.40    8.45 ^ _1769_/X (sky130_fd_sc_hd__buf_2)
    13    0.04                           _1462_ (net)
                  0.22    0.00    8.45 ^ _1803_/A (sky130_fd_sc_hd__inv_2)
                  0.07    0.09    8.54 v _1803_/Y (sky130_fd_sc_hd__inv_2)
     6    0.01                           _1495_ (net)
                  0.07    0.00    8.54 v _1804_/A (sky130_fd_sc_hd__buf_2)
                  0.06    0.17    8.71 v _1804_/X (sky130_fd_sc_hd__buf_2)
    10    0.02                           _1496_ (net)
                  0.06    0.00    8.71 v _1923_/A (sky130_fd_sc_hd__buf_1)
                  0.35    0.36    9.07 v _1923_/X (sky130_fd_sc_hd__buf_1)
    15    0.06                           _1597_ (net)
                  0.35    0.00    9.07 v _1933_/B1 (sky130_fd_sc_hd__a21oi_2)
                  0.11    0.20    9.27 ^ _1933_/Y (sky130_fd_sc_hd__a21oi_2)
     1    0.00                           _0024_ (net)
                  0.11    0.00    9.27 ^ _3463_/D (sky130_fd_sc_hd__dfxtp_2)
                                  9.27   data arrival time

                  0.15   14.00   14.00   clock clk (rise edge)
                          0.00   14.00   clock network delay (ideal)
                         -0.25   13.75   clock uncertainty
                          0.00   13.75   clock reconvergence pessimism
                                 13.75 ^ _3463_/CLK (sky130_fd_sc_hd__dfxtp_2)
                         -0.06   13.69   library setup time
                                 13.69   data required time
-----------------------------------------------------------------------------
                                 13.69   data required time
                                 -9.27   data arrival time
-----------------------------------------------------------------------------
                                  4.42   slack (MET)


Startpoint: _3440_ (rising edge-triggered flip-flop clocked by clk')
Endpoint: _3464_ (rising edge-triggered flip-flop clocked by clk)
Path Group: clk
Path Type: max

Fanout     Cap    Slew   Delay    Time   Description
-----------------------------------------------------------------------------
                  0.15    7.00    7.00   clock clk' (rise edge)
                          0.00    7.00   clock network delay (ideal)
                  0.15    0.00    7.00 ^ _3440_/CLK (sky130_fd_sc_hd__dfxtp_2)
                  0.96    1.05    8.05 ^ _3440_/Q (sky130_fd_sc_hd__dfxtp_2)
    54    0.19                           i_spi_reg.falling_edge_detector_sof.rstb (net)
                  0.96    0.00    8.05 ^ _1769_/A (sky130_fd_sc_hd__buf_2)
                  0.22    0.40    8.45 ^ _1769_/X (sky130_fd_sc_hd__buf_2)
    13    0.04                           _1462_ (net)
                  0.22    0.00    8.45 ^ _1803_/A (sky130_fd_sc_hd__inv_2)
                  0.07    0.09    8.54 v _1803_/Y (sky130_fd_sc_hd__inv_2)
     6    0.01                           _1495_ (net)
                  0.07    0.00    8.54 v _1804_/A (sky130_fd_sc_hd__buf_2)
                  0.06    0.17    8.71 v _1804_/X (sky130_fd_sc_hd__buf_2)
    10    0.02                           _1496_ (net)
                  0.06    0.00    8.71 v _1923_/A (sky130_fd_sc_hd__buf_1)
                  0.35    0.36    9.07 v _1923_/X (sky130_fd_sc_hd__buf_1)
    15    0.06                           _1597_ (net)
                  0.35    0.00    9.07 v _1936_/B1 (sky130_fd_sc_hd__a21oi_2)
                  0.11    0.20    9.27 ^ _1936_/Y (sky130_fd_sc_hd__a21oi_2)
     1    0.00                           _0025_ (net)
                  0.11    0.00    9.27 ^ _3464_/D (sky130_fd_sc_hd__dfxtp_2)
                                  9.27   data arrival time

                  0.15   14.00   14.00   clock clk (rise edge)
                          0.00   14.00   clock network delay (ideal)
                         -0.25   13.75   clock uncertainty
                          0.00   13.75   clock reconvergence pessimism
                                 13.75 ^ _3464_/CLK (sky130_fd_sc_hd__dfxtp_2)
                         -0.06   13.69   library setup time
                                 13.69   data required time
-----------------------------------------------------------------------------
                                 13.69   data required time
                                 -9.27   data arrival time
-----------------------------------------------------------------------------
                                  4.42   slack (MET)


Startpoint: _3440_ (rising edge-triggered flip-flop clocked by clk')
Endpoint: _3465_ (rising edge-triggered flip-flop clocked by clk)
Path Group: clk
Path Type: max

Fanout     Cap    Slew   Delay    Time   Description
-----------------------------------------------------------------------------
                  0.15    7.00    7.00   clock clk' (rise edge)
                          0.00    7.00   clock network delay (ideal)
                  0.15    0.00    7.00 ^ _3440_/CLK (sky130_fd_sc_hd__dfxtp_2)
                  0.96    1.05    8.05 ^ _3440_/Q (sky130_fd_sc_hd__dfxtp_2)
    54    0.19                           i_spi_reg.falling_edge_detector_sof.rstb (net)
                  0.96    0.00    8.05 ^ _1769_/A (sky130_fd_sc_hd__buf_2)
                  0.22    0.40    8.45 ^ _1769_/X (sky130_fd_sc_hd__buf_2)
    13    0.04                           _1462_ (net)
                  0.22    0.00    8.45 ^ _1803_/A (sky130_fd_sc_hd__inv_2)
                  0.07    0.09    8.54 v _1803_/Y (sky130_fd_sc_hd__inv_2)
     6    0.01                           _1495_ (net)
                  0.07    0.00    8.54 v _1804_/A (sky130_fd_sc_hd__buf_2)
                  0.06    0.17    8.71 v _1804_/X (sky130_fd_sc_hd__buf_2)
    10    0.02                           _1496_ (net)
                  0.06    0.00    8.71 v _1923_/A (sky130_fd_sc_hd__buf_1)
                  0.35    0.36    9.07 v _1923_/X (sky130_fd_sc_hd__buf_1)
    15    0.06                           _1597_ (net)
                  0.35    0.00    9.07 v _1939_/B1 (sky130_fd_sc_hd__a21oi_2)
                  0.11    0.20    9.27 ^ _1939_/Y (sky130_fd_sc_hd__a21oi_2)
     1    0.00                           _0026_ (net)
                  0.11    0.00    9.27 ^ _3465_/D (sky130_fd_sc_hd__dfxtp_2)
                                  9.27   data arrival time

                  0.15   14.00   14.00   clock clk (rise edge)
                          0.00   14.00   clock network delay (ideal)
                         -0.25   13.75   clock uncertainty
                          0.00   13.75   clock reconvergence pessimism
                                 13.75 ^ _3465_/CLK (sky130_fd_sc_hd__dfxtp_2)
                         -0.06   13.69   library setup time
                                 13.69   data required time
-----------------------------------------------------------------------------
                                 13.69   data required time
                                 -9.27   data arrival time
-----------------------------------------------------------------------------
                                  4.42   slack (MET)


Startpoint: _3440_ (rising edge-triggered flip-flop clocked by clk')
Endpoint: _3466_ (rising edge-triggered flip-flop clocked by clk)
Path Group: clk
Path Type: max

Fanout     Cap    Slew   Delay    Time   Description
-----------------------------------------------------------------------------
                  0.15    7.00    7.00   clock clk' (rise edge)
                          0.00    7.00   clock network delay (ideal)
                  0.15    0.00    7.00 ^ _3440_/CLK (sky130_fd_sc_hd__dfxtp_2)
                  0.96    1.05    8.05 ^ _3440_/Q (sky130_fd_sc_hd__dfxtp_2)
    54    0.19                           i_spi_reg.falling_edge_detector_sof.rstb (net)
                  0.96    0.00    8.05 ^ _1769_/A (sky130_fd_sc_hd__buf_2)
                  0.22    0.40    8.45 ^ _1769_/X (sky130_fd_sc_hd__buf_2)
    13    0.04                           _1462_ (net)
                  0.22    0.00    8.45 ^ _1803_/A (sky130_fd_sc_hd__inv_2)
                  0.07    0.09    8.54 v _1803_/Y (sky130_fd_sc_hd__inv_2)
     6    0.01                           _1495_ (net)
                  0.07    0.00    8.54 v _1804_/A (sky130_fd_sc_hd__buf_2)
                  0.06    0.17    8.71 v _1804_/X (sky130_fd_sc_hd__buf_2)
    10    0.02                           _1496_ (net)
                  0.06    0.00    8.71 v _1923_/A (sky130_fd_sc_hd__buf_1)
                  0.35    0.36    9.07 v _1923_/X (sky130_fd_sc_hd__buf_1)
    15    0.06                           _1597_ (net)
                  0.35    0.00    9.07 v _1942_/B1 (sky130_fd_sc_hd__a21oi_2)
                  0.11    0.20    9.27 ^ _1942_/Y (sky130_fd_sc_hd__a21oi_2)
     1    0.00                           _0027_ (net)
                  0.11    0.00    9.27 ^ _3466_/D (sky130_fd_sc_hd__dfxtp_2)
                                  9.27   data arrival time

                  0.15   14.00   14.00   clock clk (rise edge)
                          0.00   14.00   clock network delay (ideal)
                         -0.25   13.75   clock uncertainty
                          0.00   13.75   clock reconvergence pessimism
                                 13.75 ^ _3466_/CLK (sky130_fd_sc_hd__dfxtp_2)
                         -0.06   13.69   library setup time
                                 13.69   data required time
-----------------------------------------------------------------------------
                                 13.69   data required time
                                 -9.27   data arrival time
-----------------------------------------------------------------------------
                                  4.42   slack (MET)


Startpoint: _3440_ (rising edge-triggered flip-flop clocked by clk')
Endpoint: _3467_ (rising edge-triggered flip-flop clocked by clk)
Path Group: clk
Path Type: max

Fanout     Cap    Slew   Delay    Time   Description
-----------------------------------------------------------------------------
                  0.15    7.00    7.00   clock clk' (rise edge)
                          0.00    7.00   clock network delay (ideal)
                  0.15    0.00    7.00 ^ _3440_/CLK (sky130_fd_sc_hd__dfxtp_2)
                  0.96    1.05    8.05 ^ _3440_/Q (sky130_fd_sc_hd__dfxtp_2)
    54    0.19                           i_spi_reg.falling_edge_detector_sof.rstb (net)
                  0.96    0.00    8.05 ^ _1769_/A (sky130_fd_sc_hd__buf_2)
                  0.22    0.40    8.45 ^ _1769_/X (sky130_fd_sc_hd__buf_2)
    13    0.04                           _1462_ (net)
                  0.22    0.00    8.45 ^ _1803_/A (sky130_fd_sc_hd__inv_2)
                  0.07    0.09    8.54 v _1803_/Y (sky130_fd_sc_hd__inv_2)
     6    0.01                           _1495_ (net)
                  0.07    0.00    8.54 v _1804_/A (sky130_fd_sc_hd__buf_2)
                  0.06    0.17    8.71 v _1804_/X (sky130_fd_sc_hd__buf_2)
    10    0.02                           _1496_ (net)
                  0.06    0.00    8.71 v _1923_/A (sky130_fd_sc_hd__buf_1)
                  0.35    0.36    9.07 v _1923_/X (sky130_fd_sc_hd__buf_1)
    15    0.06                           _1597_ (net)
                  0.35    0.00    9.07 v _1945_/B1 (sky130_fd_sc_hd__a21oi_2)
                  0.11    0.20    9.27 ^ _1945_/Y (sky130_fd_sc_hd__a21oi_2)
     1    0.00                           _0028_ (net)
                  0.11    0.00    9.27 ^ _3467_/D (sky130_fd_sc_hd__dfxtp_2)
                                  9.27   data arrival time

                  0.15   14.00   14.00   clock clk (rise edge)
                          0.00   14.00   clock network delay (ideal)
                         -0.25   13.75   clock uncertainty
                          0.00   13.75   clock reconvergence pessimism
                                 13.75 ^ _3467_/CLK (sky130_fd_sc_hd__dfxtp_2)
                         -0.06   13.69   library setup time
                                 13.69   data required time
-----------------------------------------------------------------------------
                                 13.69   data required time
                                 -9.27   data arrival time
-----------------------------------------------------------------------------
                                  4.42   slack (MET)


Startpoint: _3440_ (rising edge-triggered flip-flop clocked by clk')
Endpoint: _3479_ (rising edge-triggered flip-flop clocked by clk)
Path Group: clk
Path Type: max

Fanout     Cap    Slew   Delay    Time   Description
-----------------------------------------------------------------------------
                  0.15    7.00    7.00   clock clk' (rise edge)
                          0.00    7.00   clock network delay (ideal)
                  0.15    0.00    7.00 ^ _3440_/CLK (sky130_fd_sc_hd__dfxtp_2)
                  0.96    1.05    8.05 ^ _3440_/Q (sky130_fd_sc_hd__dfxtp_2)
    54    0.19                           i_spi_reg.falling_edge_detector_sof.rstb (net)
                  0.96    0.00    8.05 ^ _1769_/A (sky130_fd_sc_hd__buf_2)
                  0.22    0.40    8.45 ^ _1769_/X (sky130_fd_sc_hd__buf_2)
    13    0.04                           _1462_ (net)
                  0.22    0.00    8.45 ^ _1803_/A (sky130_fd_sc_hd__inv_2)
                  0.07    0.09    8.54 v _1803_/Y (sky130_fd_sc_hd__inv_2)
     6    0.01                           _1495_ (net)
                  0.07    0.00    8.54 v _1804_/A (sky130_fd_sc_hd__buf_2)
                  0.06    0.17    8.71 v _1804_/X (sky130_fd_sc_hd__buf_2)
    10    0.02                           _1496_ (net)
                  0.06    0.00    8.71 v _1923_/A (sky130_fd_sc_hd__buf_1)
                  0.35    0.36    9.07 v _1923_/X (sky130_fd_sc_hd__buf_1)
    15    0.06                           _1597_ (net)
                  0.35    0.00    9.07 v _2002_/B1 (sky130_fd_sc_hd__a21oi_2)
                  0.11    0.20    9.27 ^ _2002_/Y (sky130_fd_sc_hd__a21oi_2)
     1    0.00                           _0040_ (net)
                  0.11    0.00    9.27 ^ _3479_/D (sky130_fd_sc_hd__dfxtp_2)
                                  9.27   data arrival time

                  0.15   14.00   14.00   clock clk (rise edge)
                          0.00   14.00   clock network delay (ideal)
                         -0.25   13.75   clock uncertainty
                          0.00   13.75   clock reconvergence pessimism
                                 13.75 ^ _3479_/CLK (sky130_fd_sc_hd__dfxtp_2)
                         -0.06   13.69   library setup time
                                 13.69   data required time
-----------------------------------------------------------------------------
                                 13.69   data required time
                                 -9.27   data arrival time
-----------------------------------------------------------------------------
                                  4.42   slack (MET)


Startpoint: _3440_ (rising edge-triggered flip-flop clocked by clk')
Endpoint: _3480_ (rising edge-triggered flip-flop clocked by clk)
Path Group: clk
Path Type: max

Fanout     Cap    Slew   Delay    Time   Description
-----------------------------------------------------------------------------
                  0.15    7.00    7.00   clock clk' (rise edge)
                          0.00    7.00   clock network delay (ideal)
                  0.15    0.00    7.00 ^ _3440_/CLK (sky130_fd_sc_hd__dfxtp_2)
                  0.96    1.05    8.05 ^ _3440_/Q (sky130_fd_sc_hd__dfxtp_2)
    54    0.19                           i_spi_reg.falling_edge_detector_sof.rstb (net)
                  0.96    0.00    8.05 ^ _1769_/A (sky130_fd_sc_hd__buf_2)
                  0.22    0.40    8.45 ^ _1769_/X (sky130_fd_sc_hd__buf_2)
    13    0.04                           _1462_ (net)
                  0.22    0.00    8.45 ^ _1803_/A (sky130_fd_sc_hd__inv_2)
                  0.07    0.09    8.54 v _1803_/Y (sky130_fd_sc_hd__inv_2)
     6    0.01                           _1495_ (net)
                  0.07    0.00    8.54 v _1804_/A (sky130_fd_sc_hd__buf_2)
                  0.06    0.17    8.71 v _1804_/X (sky130_fd_sc_hd__buf_2)
    10    0.02                           _1496_ (net)
                  0.06    0.00    8.71 v _1923_/A (sky130_fd_sc_hd__buf_1)
                  0.35    0.36    9.07 v _1923_/X (sky130_fd_sc_hd__buf_1)
    15    0.06                           _1597_ (net)
                  0.35    0.00    9.07 v _2005_/B1 (sky130_fd_sc_hd__a21oi_2)
                  0.11    0.20    9.27 ^ _2005_/Y (sky130_fd_sc_hd__a21oi_2)
     1    0.00                           _0041_ (net)
                  0.11    0.00    9.27 ^ _3480_/D (sky130_fd_sc_hd__dfxtp_2)
                                  9.27   data arrival time

                  0.15   14.00   14.00   clock clk (rise edge)
                          0.00   14.00   clock network delay (ideal)
                         -0.25   13.75   clock uncertainty
                          0.00   13.75   clock reconvergence pessimism
                                 13.75 ^ _3480_/CLK (sky130_fd_sc_hd__dfxtp_2)
                         -0.06   13.69   library setup time
                                 13.69   data required time
-----------------------------------------------------------------------------
                                 13.69   data required time
                                 -9.27   data arrival time
-----------------------------------------------------------------------------
                                  4.42   slack (MET)


Startpoint: _3440_ (rising edge-triggered flip-flop clocked by clk')
Endpoint: _3481_ (rising edge-triggered flip-flop clocked by clk)
Path Group: clk
Path Type: max

Fanout     Cap    Slew   Delay    Time   Description
-----------------------------------------------------------------------------
                  0.15    7.00    7.00   clock clk' (rise edge)
                          0.00    7.00   clock network delay (ideal)
                  0.15    0.00    7.00 ^ _3440_/CLK (sky130_fd_sc_hd__dfxtp_2)
                  0.96    1.05    8.05 ^ _3440_/Q (sky130_fd_sc_hd__dfxtp_2)
    54    0.19                           i_spi_reg.falling_edge_detector_sof.rstb (net)
                  0.96    0.00    8.05 ^ _1769_/A (sky130_fd_sc_hd__buf_2)
                  0.22    0.40    8.45 ^ _1769_/X (sky130_fd_sc_hd__buf_2)
    13    0.04                           _1462_ (net)
                  0.22    0.00    8.45 ^ _1803_/A (sky130_fd_sc_hd__inv_2)
                  0.07    0.09    8.54 v _1803_/Y (sky130_fd_sc_hd__inv_2)
     6    0.01                           _1495_ (net)
                  0.07    0.00    8.54 v _1804_/A (sky130_fd_sc_hd__buf_2)
                  0.06    0.17    8.71 v _1804_/X (sky130_fd_sc_hd__buf_2)
    10    0.02                           _1496_ (net)
                  0.06    0.00    8.71 v _1923_/A (sky130_fd_sc_hd__buf_1)
                  0.35    0.36    9.07 v _1923_/X (sky130_fd_sc_hd__buf_1)
    15    0.06                           _1597_ (net)
                  0.35    0.00    9.07 v _2008_/B1 (sky130_fd_sc_hd__a21oi_2)
                  0.11    0.20    9.27 ^ _2008_/Y (sky130_fd_sc_hd__a21oi_2)
     1    0.00                           _0042_ (net)
                  0.11    0.00    9.27 ^ _3481_/D (sky130_fd_sc_hd__dfxtp_2)
                                  9.27   data arrival time

                  0.15   14.00   14.00   clock clk (rise edge)
                          0.00   14.00   clock network delay (ideal)
                         -0.25   13.75   clock uncertainty
                          0.00   13.75   clock reconvergence pessimism
                                 13.75 ^ _3481_/CLK (sky130_fd_sc_hd__dfxtp_2)
                         -0.06   13.69   library setup time
                                 13.69   data required time
-----------------------------------------------------------------------------
                                 13.69   data required time
                                 -9.27   data arrival time
-----------------------------------------------------------------------------
                                  4.42   slack (MET)


Startpoint: _3440_ (rising edge-triggered flip-flop clocked by clk')
Endpoint: _3482_ (rising edge-triggered flip-flop clocked by clk)
Path Group: clk
Path Type: max

Fanout     Cap    Slew   Delay    Time   Description
-----------------------------------------------------------------------------
                  0.15    7.00    7.00   clock clk' (rise edge)
                          0.00    7.00   clock network delay (ideal)
                  0.15    0.00    7.00 ^ _3440_/CLK (sky130_fd_sc_hd__dfxtp_2)
                  0.96    1.05    8.05 ^ _3440_/Q (sky130_fd_sc_hd__dfxtp_2)
    54    0.19                           i_spi_reg.falling_edge_detector_sof.rstb (net)
                  0.96    0.00    8.05 ^ _1769_/A (sky130_fd_sc_hd__buf_2)
                  0.22    0.40    8.45 ^ _1769_/X (sky130_fd_sc_hd__buf_2)
    13    0.04                           _1462_ (net)
                  0.22    0.00    8.45 ^ _1803_/A (sky130_fd_sc_hd__inv_2)
                  0.07    0.09    8.54 v _1803_/Y (sky130_fd_sc_hd__inv_2)
     6    0.01                           _1495_ (net)
                  0.07    0.00    8.54 v _1804_/A (sky130_fd_sc_hd__buf_2)
                  0.06    0.17    8.71 v _1804_/X (sky130_fd_sc_hd__buf_2)
    10    0.02                           _1496_ (net)
                  0.06    0.00    8.71 v _1923_/A (sky130_fd_sc_hd__buf_1)
                  0.35    0.36    9.07 v _1923_/X (sky130_fd_sc_hd__buf_1)
    15    0.06                           _1597_ (net)
                  0.35    0.00    9.07 v _2011_/B1 (sky130_fd_sc_hd__a21oi_2)
                  0.11    0.20    9.27 ^ _2011_/Y (sky130_fd_sc_hd__a21oi_2)
     1    0.00                           _0043_ (net)
                  0.11    0.00    9.27 ^ _3482_/D (sky130_fd_sc_hd__dfxtp_2)
                                  9.27   data arrival time

                  0.15   14.00   14.00   clock clk (rise edge)
                          0.00   14.00   clock network delay (ideal)
                         -0.25   13.75   clock uncertainty
                          0.00   13.75   clock reconvergence pessimism
                                 13.75 ^ _3482_/CLK (sky130_fd_sc_hd__dfxtp_2)
                         -0.06   13.69   library setup time
                                 13.69   data required time
-----------------------------------------------------------------------------
                                 13.69   data required time
                                 -9.27   data arrival time
-----------------------------------------------------------------------------
                                  4.42   slack (MET)


Startpoint: _3440_ (rising edge-triggered flip-flop clocked by clk')
Endpoint: _3483_ (rising edge-triggered flip-flop clocked by clk)
Path Group: clk
Path Type: max

Fanout     Cap    Slew   Delay    Time   Description
-----------------------------------------------------------------------------
                  0.15    7.00    7.00   clock clk' (rise edge)
                          0.00    7.00   clock network delay (ideal)
                  0.15    0.00    7.00 ^ _3440_/CLK (sky130_fd_sc_hd__dfxtp_2)
                  0.96    1.05    8.05 ^ _3440_/Q (sky130_fd_sc_hd__dfxtp_2)
    54    0.19                           i_spi_reg.falling_edge_detector_sof.rstb (net)
                  0.96    0.00    8.05 ^ _1769_/A (sky130_fd_sc_hd__buf_2)
                  0.22    0.40    8.45 ^ _1769_/X (sky130_fd_sc_hd__buf_2)
    13    0.04                           _1462_ (net)
                  0.22    0.00    8.45 ^ _1803_/A (sky130_fd_sc_hd__inv_2)
                  0.07    0.09    8.54 v _1803_/Y (sky130_fd_sc_hd__inv_2)
     6    0.01                           _1495_ (net)
                  0.07    0.00    8.54 v _1804_/A (sky130_fd_sc_hd__buf_2)
                  0.06    0.17    8.71 v _1804_/X (sky130_fd_sc_hd__buf_2)
    10    0.02                           _1496_ (net)
                  0.06    0.00    8.71 v _1923_/A (sky130_fd_sc_hd__buf_1)
                  0.35    0.36    9.07 v _1923_/X (sky130_fd_sc_hd__buf_1)
    15    0.06                           _1597_ (net)
                  0.35    0.00    9.07 v _2014_/B1 (sky130_fd_sc_hd__a21oi_2)
                  0.11    0.20    9.27 ^ _2014_/Y (sky130_fd_sc_hd__a21oi_2)
     1    0.00                           _0044_ (net)
                  0.11    0.00    9.27 ^ _3483_/D (sky130_fd_sc_hd__dfxtp_2)
                                  9.27   data arrival time

                  0.15   14.00   14.00   clock clk (rise edge)
                          0.00   14.00   clock network delay (ideal)
                         -0.25   13.75   clock uncertainty
                          0.00   13.75   clock reconvergence pessimism
                                 13.75 ^ _3483_/CLK (sky130_fd_sc_hd__dfxtp_2)
                         -0.06   13.69   library setup time
                                 13.69   data required time
-----------------------------------------------------------------------------
                                 13.69   data required time
                                 -9.27   data arrival time
-----------------------------------------------------------------------------
                                  4.42   slack (MET)


Startpoint: _3440_ (rising edge-triggered flip-flop clocked by clk')
Endpoint: _3484_ (rising edge-triggered flip-flop clocked by clk)
Path Group: clk
Path Type: max

Fanout     Cap    Slew   Delay    Time   Description
-----------------------------------------------------------------------------
                  0.15    7.00    7.00   clock clk' (rise edge)
                          0.00    7.00   clock network delay (ideal)
                  0.15    0.00    7.00 ^ _3440_/CLK (sky130_fd_sc_hd__dfxtp_2)
                  0.96    1.05    8.05 ^ _3440_/Q (sky130_fd_sc_hd__dfxtp_2)
    54    0.19                           i_spi_reg.falling_edge_detector_sof.rstb (net)
                  0.96    0.00    8.05 ^ _1769_/A (sky130_fd_sc_hd__buf_2)
                  0.22    0.40    8.45 ^ _1769_/X (sky130_fd_sc_hd__buf_2)
    13    0.04                           _1462_ (net)
                  0.22    0.00    8.45 ^ _1803_/A (sky130_fd_sc_hd__inv_2)
                  0.07    0.09    8.54 v _1803_/Y (sky130_fd_sc_hd__inv_2)
     6    0.01                           _1495_ (net)
                  0.07    0.00    8.54 v _1804_/A (sky130_fd_sc_hd__buf_2)
                  0.06    0.17    8.71 v _1804_/X (sky130_fd_sc_hd__buf_2)
    10    0.02                           _1496_ (net)
                  0.06    0.00    8.71 v _1923_/A (sky130_fd_sc_hd__buf_1)
                  0.35    0.36    9.07 v _1923_/X (sky130_fd_sc_hd__buf_1)
    15    0.06                           _1597_ (net)
                  0.35    0.00    9.07 v _2017_/B1 (sky130_fd_sc_hd__a21oi_2)
                  0.11    0.20    9.27 ^ _2017_/Y (sky130_fd_sc_hd__a21oi_2)
     1    0.00                           _0045_ (net)
                  0.11    0.00    9.27 ^ _3484_/D (sky130_fd_sc_hd__dfxtp_2)
                                  9.27   data arrival time

                  0.15   14.00   14.00   clock clk (rise edge)
                          0.00   14.00   clock network delay (ideal)
                         -0.25   13.75   clock uncertainty
                          0.00   13.75   clock reconvergence pessimism
                                 13.75 ^ _3484_/CLK (sky130_fd_sc_hd__dfxtp_2)
                         -0.06   13.69   library setup time
                                 13.69   data required time
-----------------------------------------------------------------------------
                                 13.69   data required time
                                 -9.27   data arrival time
-----------------------------------------------------------------------------
                                  4.42   slack (MET)


Startpoint: _3440_ (rising edge-triggered flip-flop clocked by clk')
Endpoint: _3485_ (rising edge-triggered flip-flop clocked by clk)
Path Group: clk
Path Type: max

Fanout     Cap    Slew   Delay    Time   Description
-----------------------------------------------------------------------------
                  0.15    7.00    7.00   clock clk' (rise edge)
                          0.00    7.00   clock network delay (ideal)
                  0.15    0.00    7.00 ^ _3440_/CLK (sky130_fd_sc_hd__dfxtp_2)
                  0.96    1.05    8.05 ^ _3440_/Q (sky130_fd_sc_hd__dfxtp_2)
    54    0.19                           i_spi_reg.falling_edge_detector_sof.rstb (net)
                  0.96    0.00    8.05 ^ _1769_/A (sky130_fd_sc_hd__buf_2)
                  0.22    0.40    8.45 ^ _1769_/X (sky130_fd_sc_hd__buf_2)
    13    0.04                           _1462_ (net)
                  0.22    0.00    8.45 ^ _1803_/A (sky130_fd_sc_hd__inv_2)
                  0.07    0.09    8.54 v _1803_/Y (sky130_fd_sc_hd__inv_2)
     6    0.01                           _1495_ (net)
                  0.07    0.00    8.54 v _1804_/A (sky130_fd_sc_hd__buf_2)
                  0.06    0.17    8.71 v _1804_/X (sky130_fd_sc_hd__buf_2)
    10    0.02                           _1496_ (net)
                  0.06    0.00    8.71 v _1923_/A (sky130_fd_sc_hd__buf_1)
                  0.35    0.36    9.07 v _1923_/X (sky130_fd_sc_hd__buf_1)
    15    0.06                           _1597_ (net)
                  0.35    0.00    9.07 v _2020_/B1 (sky130_fd_sc_hd__a21oi_2)
                  0.11    0.20    9.27 ^ _2020_/Y (sky130_fd_sc_hd__a21oi_2)
     1    0.00                           _0046_ (net)
                  0.11    0.00    9.27 ^ _3485_/D (sky130_fd_sc_hd__dfxtp_2)
                                  9.27   data arrival time

                  0.15   14.00   14.00   clock clk (rise edge)
                          0.00   14.00   clock network delay (ideal)
                         -0.25   13.75   clock uncertainty
                          0.00   13.75   clock reconvergence pessimism
                                 13.75 ^ _3485_/CLK (sky130_fd_sc_hd__dfxtp_2)
                         -0.06   13.69   library setup time
                                 13.69   data required time
-----------------------------------------------------------------------------
                                 13.69   data required time
                                 -9.27   data arrival time
-----------------------------------------------------------------------------
                                  4.42   slack (MET)


Startpoint: _3440_ (rising edge-triggered flip-flop clocked by clk')
Endpoint: _3486_ (rising edge-triggered flip-flop clocked by clk)
Path Group: clk
Path Type: max

Fanout     Cap    Slew   Delay    Time   Description
-----------------------------------------------------------------------------
                  0.15    7.00    7.00   clock clk' (rise edge)
                          0.00    7.00   clock network delay (ideal)
                  0.15    0.00    7.00 ^ _3440_/CLK (sky130_fd_sc_hd__dfxtp_2)
                  0.96    1.05    8.05 ^ _3440_/Q (sky130_fd_sc_hd__dfxtp_2)
    54    0.19                           i_spi_reg.falling_edge_detector_sof.rstb (net)
                  0.96    0.00    8.05 ^ _1769_/A (sky130_fd_sc_hd__buf_2)
                  0.22    0.40    8.45 ^ _1769_/X (sky130_fd_sc_hd__buf_2)
    13    0.04                           _1462_ (net)
                  0.22    0.00    8.45 ^ _1803_/A (sky130_fd_sc_hd__inv_2)
                  0.07    0.09    8.54 v _1803_/Y (sky130_fd_sc_hd__inv_2)
     6    0.01                           _1495_ (net)
                  0.07    0.00    8.54 v _1804_/A (sky130_fd_sc_hd__buf_2)
                  0.06    0.17    8.71 v _1804_/X (sky130_fd_sc_hd__buf_2)
    10    0.02                           _1496_ (net)
                  0.06    0.00    8.71 v _2023_/A (sky130_fd_sc_hd__buf_1)
                  0.35    0.36    9.07 v _2023_/X (sky130_fd_sc_hd__buf_1)
    15    0.06                           _1671_ (net)
                  0.35    0.00    9.07 v _2024_/B1 (sky130_fd_sc_hd__a21oi_2)
                  0.11    0.20    9.27 ^ _2024_/Y (sky130_fd_sc_hd__a21oi_2)
     1    0.00                           _0047_ (net)
                  0.11    0.00    9.27 ^ _3486_/D (sky130_fd_sc_hd__dfxtp_2)
                                  9.27   data arrival time

                  0.15   14.00   14.00   clock clk (rise edge)
                          0.00   14.00   clock network delay (ideal)
                         -0.25   13.75   clock uncertainty
                          0.00   13.75   clock reconvergence pessimism
                                 13.75 ^ _3486_/CLK (sky130_fd_sc_hd__dfxtp_2)
                         -0.06   13.69   library setup time
                                 13.69   data required time
-----------------------------------------------------------------------------
                                 13.69   data required time
                                 -9.27   data arrival time
-----------------------------------------------------------------------------
                                  4.42   slack (MET)


Startpoint: _3440_ (rising edge-triggered flip-flop clocked by clk')
Endpoint: _3487_ (rising edge-triggered flip-flop clocked by clk)
Path Group: clk
Path Type: max

Fanout     Cap    Slew   Delay    Time   Description
-----------------------------------------------------------------------------
                  0.15    7.00    7.00   clock clk' (rise edge)
                          0.00    7.00   clock network delay (ideal)
                  0.15    0.00    7.00 ^ _3440_/CLK (sky130_fd_sc_hd__dfxtp_2)
                  0.96    1.05    8.05 ^ _3440_/Q (sky130_fd_sc_hd__dfxtp_2)
    54    0.19                           i_spi_reg.falling_edge_detector_sof.rstb (net)
                  0.96    0.00    8.05 ^ _1769_/A (sky130_fd_sc_hd__buf_2)
                  0.22    0.40    8.45 ^ _1769_/X (sky130_fd_sc_hd__buf_2)
    13    0.04                           _1462_ (net)
                  0.22    0.00    8.45 ^ _1803_/A (sky130_fd_sc_hd__inv_2)
                  0.07    0.09    8.54 v _1803_/Y (sky130_fd_sc_hd__inv_2)
     6    0.01                           _1495_ (net)
                  0.07    0.00    8.54 v _1804_/A (sky130_fd_sc_hd__buf_2)
                  0.06    0.17    8.71 v _1804_/X (sky130_fd_sc_hd__buf_2)
    10    0.02                           _1496_ (net)
                  0.06    0.00    8.71 v _2023_/A (sky130_fd_sc_hd__buf_1)
                  0.35    0.36    9.07 v _2023_/X (sky130_fd_sc_hd__buf_1)
    15    0.06                           _1671_ (net)
                  0.35    0.00    9.07 v _2033_/B1 (sky130_fd_sc_hd__a21oi_2)
                  0.11    0.20    9.27 ^ _2033_/Y (sky130_fd_sc_hd__a21oi_2)
     1    0.00                           _0048_ (net)
                  0.11    0.00    9.27 ^ _3487_/D (sky130_fd_sc_hd__dfxtp_2)
                                  9.27   data arrival time

                  0.15   14.00   14.00   clock clk (rise edge)
                          0.00   14.00   clock network delay (ideal)
                         -0.25   13.75   clock uncertainty
                          0.00   13.75   clock reconvergence pessimism
                                 13.75 ^ _3487_/CLK (sky130_fd_sc_hd__dfxtp_2)
                         -0.06   13.69   library setup time
                                 13.69   data required time
-----------------------------------------------------------------------------
                                 13.69   data required time
                                 -9.27   data arrival time
-----------------------------------------------------------------------------
                                  4.42   slack (MET)


Startpoint: _3440_ (rising edge-triggered flip-flop clocked by clk')
Endpoint: _3488_ (rising edge-triggered flip-flop clocked by clk)
Path Group: clk
Path Type: max

Fanout     Cap    Slew   Delay    Time   Description
-----------------------------------------------------------------------------
                  0.15    7.00    7.00   clock clk' (rise edge)
                          0.00    7.00   clock network delay (ideal)
                  0.15    0.00    7.00 ^ _3440_/CLK (sky130_fd_sc_hd__dfxtp_2)
                  0.96    1.05    8.05 ^ _3440_/Q (sky130_fd_sc_hd__dfxtp_2)
    54    0.19                           i_spi_reg.falling_edge_detector_sof.rstb (net)
                  0.96    0.00    8.05 ^ _1769_/A (sky130_fd_sc_hd__buf_2)
                  0.22    0.40    8.45 ^ _1769_/X (sky130_fd_sc_hd__buf_2)
    13    0.04                           _1462_ (net)
                  0.22    0.00    8.45 ^ _1803_/A (sky130_fd_sc_hd__inv_2)
                  0.07    0.09    8.54 v _1803_/Y (sky130_fd_sc_hd__inv_2)
     6    0.01                           _1495_ (net)
                  0.07    0.00    8.54 v _1804_/A (sky130_fd_sc_hd__buf_2)
                  0.06    0.17    8.71 v _1804_/X (sky130_fd_sc_hd__buf_2)
    10    0.02                           _1496_ (net)
                  0.06    0.00    8.71 v _2023_/A (sky130_fd_sc_hd__buf_1)
                  0.35    0.36    9.07 v _2023_/X (sky130_fd_sc_hd__buf_1)
    15    0.06                           _1671_ (net)
                  0.35    0.00    9.07 v _2036_/B1 (sky130_fd_sc_hd__a21oi_2)
                  0.11    0.20    9.27 ^ _2036_/Y (sky130_fd_sc_hd__a21oi_2)
     1    0.00                           _0049_ (net)
                  0.11    0.00    9.27 ^ _3488_/D (sky130_fd_sc_hd__dfxtp_2)
                                  9.27   data arrival time

                  0.15   14.00   14.00   clock clk (rise edge)
                          0.00   14.00   clock network delay (ideal)
                         -0.25   13.75   clock uncertainty
                          0.00   13.75   clock reconvergence pessimism
                                 13.75 ^ _3488_/CLK (sky130_fd_sc_hd__dfxtp_2)
                         -0.06   13.69   library setup time
                                 13.69   data required time
-----------------------------------------------------------------------------
                                 13.69   data required time
                                 -9.27   data arrival time
-----------------------------------------------------------------------------
                                  4.42   slack (MET)


Startpoint: _3440_ (rising edge-triggered flip-flop clocked by clk')
Endpoint: _3489_ (rising edge-triggered flip-flop clocked by clk)
Path Group: clk
Path Type: max

Fanout     Cap    Slew   Delay    Time   Description
-----------------------------------------------------------------------------
                  0.15    7.00    7.00   clock clk' (rise edge)
                          0.00    7.00   clock network delay (ideal)
                  0.15    0.00    7.00 ^ _3440_/CLK (sky130_fd_sc_hd__dfxtp_2)
                  0.96    1.05    8.05 ^ _3440_/Q (sky130_fd_sc_hd__dfxtp_2)
    54    0.19                           i_spi_reg.falling_edge_detector_sof.rstb (net)
                  0.96    0.00    8.05 ^ _1769_/A (sky130_fd_sc_hd__buf_2)
                  0.22    0.40    8.45 ^ _1769_/X (sky130_fd_sc_hd__buf_2)
    13    0.04                           _1462_ (net)
                  0.22    0.00    8.45 ^ _1803_/A (sky130_fd_sc_hd__inv_2)
                  0.07    0.09    8.54 v _1803_/Y (sky130_fd_sc_hd__inv_2)
     6    0.01                           _1495_ (net)
                  0.07    0.00    8.54 v _1804_/A (sky130_fd_sc_hd__buf_2)
                  0.06    0.17    8.71 v _1804_/X (sky130_fd_sc_hd__buf_2)
    10    0.02                           _1496_ (net)
                  0.06    0.00    8.71 v _2023_/A (sky130_fd_sc_hd__buf_1)
                  0.35    0.36    9.07 v _2023_/X (sky130_fd_sc_hd__buf_1)
    15    0.06                           _1671_ (net)
                  0.35    0.00    9.07 v _2039_/B1 (sky130_fd_sc_hd__a21oi_2)
                  0.11    0.20    9.27 ^ _2039_/Y (sky130_fd_sc_hd__a21oi_2)
     1    0.00                           _0050_ (net)
                  0.11    0.00    9.27 ^ _3489_/D (sky130_fd_sc_hd__dfxtp_2)
                                  9.27   data arrival time

                  0.15   14.00   14.00   clock clk (rise edge)
                          0.00   14.00   clock network delay (ideal)
                         -0.25   13.75   clock uncertainty
                          0.00   13.75   clock reconvergence pessimism
                                 13.75 ^ _3489_/CLK (sky130_fd_sc_hd__dfxtp_2)
                         -0.06   13.69   library setup time
                                 13.69   data required time
-----------------------------------------------------------------------------
                                 13.69   data required time
                                 -9.27   data arrival time
-----------------------------------------------------------------------------
                                  4.42   slack (MET)


Startpoint: _3440_ (rising edge-triggered flip-flop clocked by clk')
Endpoint: _3490_ (rising edge-triggered flip-flop clocked by clk)
Path Group: clk
Path Type: max

Fanout     Cap    Slew   Delay    Time   Description
-----------------------------------------------------------------------------
                  0.15    7.00    7.00   clock clk' (rise edge)
                          0.00    7.00   clock network delay (ideal)
                  0.15    0.00    7.00 ^ _3440_/CLK (sky130_fd_sc_hd__dfxtp_2)
                  0.96    1.05    8.05 ^ _3440_/Q (sky130_fd_sc_hd__dfxtp_2)
    54    0.19                           i_spi_reg.falling_edge_detector_sof.rstb (net)
                  0.96    0.00    8.05 ^ _1769_/A (sky130_fd_sc_hd__buf_2)
                  0.22    0.40    8.45 ^ _1769_/X (sky130_fd_sc_hd__buf_2)
    13    0.04                           _1462_ (net)
                  0.22    0.00    8.45 ^ _1803_/A (sky130_fd_sc_hd__inv_2)
                  0.07    0.09    8.54 v _1803_/Y (sky130_fd_sc_hd__inv_2)
     6    0.01                           _1495_ (net)
                  0.07    0.00    8.54 v _1804_/A (sky130_fd_sc_hd__buf_2)
                  0.06    0.17    8.71 v _1804_/X (sky130_fd_sc_hd__buf_2)
    10    0.02                           _1496_ (net)
                  0.06    0.00    8.71 v _2023_/A (sky130_fd_sc_hd__buf_1)
                  0.35    0.36    9.07 v _2023_/X (sky130_fd_sc_hd__buf_1)
    15    0.06                           _1671_ (net)
                  0.35    0.00    9.07 v _2042_/B1 (sky130_fd_sc_hd__a21oi_2)
                  0.11    0.20    9.27 ^ _2042_/Y (sky130_fd_sc_hd__a21oi_2)
     1    0.00                           _0051_ (net)
                  0.11    0.00    9.27 ^ _3490_/D (sky130_fd_sc_hd__dfxtp_2)
                                  9.27   data arrival time

                  0.15   14.00   14.00   clock clk (rise edge)
                          0.00   14.00   clock network delay (ideal)
                         -0.25   13.75   clock uncertainty
                          0.00   13.75   clock reconvergence pessimism
                                 13.75 ^ _3490_/CLK (sky130_fd_sc_hd__dfxtp_2)
                         -0.06   13.69   library setup time
                                 13.69   data required time
-----------------------------------------------------------------------------
                                 13.69   data required time
                                 -9.27   data arrival time
-----------------------------------------------------------------------------
                                  4.42   slack (MET)


Startpoint: _3440_ (rising edge-triggered flip-flop clocked by clk')
Endpoint: _3491_ (rising edge-triggered flip-flop clocked by clk)
Path Group: clk
Path Type: max

Fanout     Cap    Slew   Delay    Time   Description
-----------------------------------------------------------------------------
                  0.15    7.00    7.00   clock clk' (rise edge)
                          0.00    7.00   clock network delay (ideal)
                  0.15    0.00    7.00 ^ _3440_/CLK (sky130_fd_sc_hd__dfxtp_2)
                  0.96    1.05    8.05 ^ _3440_/Q (sky130_fd_sc_hd__dfxtp_2)
    54    0.19                           i_spi_reg.falling_edge_detector_sof.rstb (net)
                  0.96    0.00    8.05 ^ _1769_/A (sky130_fd_sc_hd__buf_2)
                  0.22    0.40    8.45 ^ _1769_/X (sky130_fd_sc_hd__buf_2)
    13    0.04                           _1462_ (net)
                  0.22    0.00    8.45 ^ _1803_/A (sky130_fd_sc_hd__inv_2)
                  0.07    0.09    8.54 v _1803_/Y (sky130_fd_sc_hd__inv_2)
     6    0.01                           _1495_ (net)
                  0.07    0.00    8.54 v _1804_/A (sky130_fd_sc_hd__buf_2)
                  0.06    0.17    8.71 v _1804_/X (sky130_fd_sc_hd__buf_2)
    10    0.02                           _1496_ (net)
                  0.06    0.00    8.71 v _2023_/A (sky130_fd_sc_hd__buf_1)
                  0.35    0.36    9.07 v _2023_/X (sky130_fd_sc_hd__buf_1)
    15    0.06                           _1671_ (net)
                  0.35    0.00    9.07 v _2045_/B1 (sky130_fd_sc_hd__a21oi_2)
                  0.11    0.20    9.27 ^ _2045_/Y (sky130_fd_sc_hd__a21oi_2)
     1    0.00                           _0052_ (net)
                  0.11    0.00    9.27 ^ _3491_/D (sky130_fd_sc_hd__dfxtp_2)
                                  9.27   data arrival time

                  0.15   14.00   14.00   clock clk (rise edge)
                          0.00   14.00   clock network delay (ideal)
                         -0.25   13.75   clock uncertainty
                          0.00   13.75   clock reconvergence pessimism
                                 13.75 ^ _3491_/CLK (sky130_fd_sc_hd__dfxtp_2)
                         -0.06   13.69   library setup time
                                 13.69   data required time
-----------------------------------------------------------------------------
                                 13.69   data required time
                                 -9.27   data arrival time
-----------------------------------------------------------------------------
                                  4.42   slack (MET)


Startpoint: _3440_ (rising edge-triggered flip-flop clocked by clk')
Endpoint: _3492_ (rising edge-triggered flip-flop clocked by clk)
Path Group: clk
Path Type: max

Fanout     Cap    Slew   Delay    Time   Description
-----------------------------------------------------------------------------
                  0.15    7.00    7.00   clock clk' (rise edge)
                          0.00    7.00   clock network delay (ideal)
                  0.15    0.00    7.00 ^ _3440_/CLK (sky130_fd_sc_hd__dfxtp_2)
                  0.96    1.05    8.05 ^ _3440_/Q (sky130_fd_sc_hd__dfxtp_2)
    54    0.19                           i_spi_reg.falling_edge_detector_sof.rstb (net)
                  0.96    0.00    8.05 ^ _1769_/A (sky130_fd_sc_hd__buf_2)
                  0.22    0.40    8.45 ^ _1769_/X (sky130_fd_sc_hd__buf_2)
    13    0.04                           _1462_ (net)
                  0.22    0.00    8.45 ^ _1803_/A (sky130_fd_sc_hd__inv_2)
                  0.07    0.09    8.54 v _1803_/Y (sky130_fd_sc_hd__inv_2)
     6    0.01                           _1495_ (net)
                  0.07    0.00    8.54 v _1804_/A (sky130_fd_sc_hd__buf_2)
                  0.06    0.17    8.71 v _1804_/X (sky130_fd_sc_hd__buf_2)
    10    0.02                           _1496_ (net)
                  0.06    0.00    8.71 v _2023_/A (sky130_fd_sc_hd__buf_1)
                  0.35    0.36    9.07 v _2023_/X (sky130_fd_sc_hd__buf_1)
    15    0.06                           _1671_ (net)
                  0.35    0.00    9.07 v _2048_/B1 (sky130_fd_sc_hd__a21oi_2)
                  0.11    0.20    9.27 ^ _2048_/Y (sky130_fd_sc_hd__a21oi_2)
     1    0.00                           _0053_ (net)
                  0.11    0.00    9.27 ^ _3492_/D (sky130_fd_sc_hd__dfxtp_2)
                                  9.27   data arrival time

                  0.15   14.00   14.00   clock clk (rise edge)
                          0.00   14.00   clock network delay (ideal)
                         -0.25   13.75   clock uncertainty
                          0.00   13.75   clock reconvergence pessimism
                                 13.75 ^ _3492_/CLK (sky130_fd_sc_hd__dfxtp_2)
                         -0.06   13.69   library setup time
                                 13.69   data required time
-----------------------------------------------------------------------------
                                 13.69   data required time
                                 -9.27   data arrival time
-----------------------------------------------------------------------------
                                  4.42   slack (MET)


Startpoint: _3440_ (rising edge-triggered flip-flop clocked by clk')
Endpoint: _3493_ (rising edge-triggered flip-flop clocked by clk)
Path Group: clk
Path Type: max

Fanout     Cap    Slew   Delay    Time   Description
-----------------------------------------------------------------------------
                  0.15    7.00    7.00   clock clk' (rise edge)
                          0.00    7.00   clock network delay (ideal)
                  0.15    0.00    7.00 ^ _3440_/CLK (sky130_fd_sc_hd__dfxtp_2)
                  0.96    1.05    8.05 ^ _3440_/Q (sky130_fd_sc_hd__dfxtp_2)
    54    0.19                           i_spi_reg.falling_edge_detector_sof.rstb (net)
                  0.96    0.00    8.05 ^ _1769_/A (sky130_fd_sc_hd__buf_2)
                  0.22    0.40    8.45 ^ _1769_/X (sky130_fd_sc_hd__buf_2)
    13    0.04                           _1462_ (net)
                  0.22    0.00    8.45 ^ _1803_/A (sky130_fd_sc_hd__inv_2)
                  0.07    0.09    8.54 v _1803_/Y (sky130_fd_sc_hd__inv_2)
     6    0.01                           _1495_ (net)
                  0.07    0.00    8.54 v _1804_/A (sky130_fd_sc_hd__buf_2)
                  0.06    0.17    8.71 v _1804_/X (sky130_fd_sc_hd__buf_2)
    10    0.02                           _1496_ (net)
                  0.06    0.00    8.71 v _2023_/A (sky130_fd_sc_hd__buf_1)
                  0.35    0.36    9.07 v _2023_/X (sky130_fd_sc_hd__buf_1)
    15    0.06                           _1671_ (net)
                  0.35    0.00    9.07 v _2051_/B1 (sky130_fd_sc_hd__a21oi_2)
                  0.11    0.20    9.27 ^ _2051_/Y (sky130_fd_sc_hd__a21oi_2)
     1    0.00                           _0054_ (net)
                  0.11    0.00    9.27 ^ _3493_/D (sky130_fd_sc_hd__dfxtp_2)
                                  9.27   data arrival time

                  0.15   14.00   14.00   clock clk (rise edge)
                          0.00   14.00   clock network delay (ideal)
                         -0.25   13.75   clock uncertainty
                          0.00   13.75   clock reconvergence pessimism
                                 13.75 ^ _3493_/CLK (sky130_fd_sc_hd__dfxtp_2)
                         -0.06   13.69   library setup time
                                 13.69   data required time
-----------------------------------------------------------------------------
                                 13.69   data required time
                                 -9.27   data arrival time
-----------------------------------------------------------------------------
                                  4.42   slack (MET)


Startpoint: _3440_ (rising edge-triggered flip-flop clocked by clk')
Endpoint: _3494_ (rising edge-triggered flip-flop clocked by clk)
Path Group: clk
Path Type: max

Fanout     Cap    Slew   Delay    Time   Description
-----------------------------------------------------------------------------
                  0.15    7.00    7.00   clock clk' (rise edge)
                          0.00    7.00   clock network delay (ideal)
                  0.15    0.00    7.00 ^ _3440_/CLK (sky130_fd_sc_hd__dfxtp_2)
                  0.96    1.05    8.05 ^ _3440_/Q (sky130_fd_sc_hd__dfxtp_2)
    54    0.19                           i_spi_reg.falling_edge_detector_sof.rstb (net)
                  0.96    0.00    8.05 ^ _1769_/A (sky130_fd_sc_hd__buf_2)
                  0.22    0.40    8.45 ^ _1769_/X (sky130_fd_sc_hd__buf_2)
    13    0.04                           _1462_ (net)
                  0.22    0.00    8.45 ^ _1803_/A (sky130_fd_sc_hd__inv_2)
                  0.07    0.09    8.54 v _1803_/Y (sky130_fd_sc_hd__inv_2)
     6    0.01                           _1495_ (net)
                  0.07    0.00    8.54 v _1804_/A (sky130_fd_sc_hd__buf_2)
                  0.06    0.17    8.71 v _1804_/X (sky130_fd_sc_hd__buf_2)
    10    0.02                           _1496_ (net)
                  0.06    0.00    8.71 v _2023_/A (sky130_fd_sc_hd__buf_1)
                  0.35    0.36    9.07 v _2023_/X (sky130_fd_sc_hd__buf_1)
    15    0.06                           _1671_ (net)
                  0.35    0.00    9.07 v _2054_/B1 (sky130_fd_sc_hd__a21oi_2)
                  0.11    0.20    9.27 ^ _2054_/Y (sky130_fd_sc_hd__a21oi_2)
     1    0.00                           _0055_ (net)
                  0.11    0.00    9.27 ^ _3494_/D (sky130_fd_sc_hd__dfxtp_2)
                                  9.27   data arrival time

                  0.15   14.00   14.00   clock clk (rise edge)
                          0.00   14.00   clock network delay (ideal)
                         -0.25   13.75   clock uncertainty
                          0.00   13.75   clock reconvergence pessimism
                                 13.75 ^ _3494_/CLK (sky130_fd_sc_hd__dfxtp_2)
                         -0.06   13.69   library setup time
                                 13.69   data required time
-----------------------------------------------------------------------------
                                 13.69   data required time
                                 -9.27   data arrival time
-----------------------------------------------------------------------------
                                  4.42   slack (MET)


Startpoint: _3440_ (rising edge-triggered flip-flop clocked by clk')
Endpoint: _3495_ (rising edge-triggered flip-flop clocked by clk)
Path Group: clk
Path Type: max

Fanout     Cap    Slew   Delay    Time   Description
-----------------------------------------------------------------------------
                  0.15    7.00    7.00   clock clk' (rise edge)
                          0.00    7.00   clock network delay (ideal)
                  0.15    0.00    7.00 ^ _3440_/CLK (sky130_fd_sc_hd__dfxtp_2)
                  0.96    1.05    8.05 ^ _3440_/Q (sky130_fd_sc_hd__dfxtp_2)
    54    0.19                           i_spi_reg.falling_edge_detector_sof.rstb (net)
                  0.96    0.00    8.05 ^ _1769_/A (sky130_fd_sc_hd__buf_2)
                  0.22    0.40    8.45 ^ _1769_/X (sky130_fd_sc_hd__buf_2)
    13    0.04                           _1462_ (net)
                  0.22    0.00    8.45 ^ _1803_/A (sky130_fd_sc_hd__inv_2)
                  0.07    0.09    8.54 v _1803_/Y (sky130_fd_sc_hd__inv_2)
     6    0.01                           _1495_ (net)
                  0.07    0.00    8.54 v _1804_/A (sky130_fd_sc_hd__buf_2)
                  0.06    0.17    8.71 v _1804_/X (sky130_fd_sc_hd__buf_2)
    10    0.02                           _1496_ (net)
                  0.06    0.00    8.71 v _2023_/A (sky130_fd_sc_hd__buf_1)
                  0.35    0.36    9.07 v _2023_/X (sky130_fd_sc_hd__buf_1)
    15    0.06                           _1671_ (net)
                  0.35    0.00    9.07 v _2057_/B1 (sky130_fd_sc_hd__a21oi_2)
                  0.11    0.20    9.27 ^ _2057_/Y (sky130_fd_sc_hd__a21oi_2)
     1    0.00                           _0056_ (net)
                  0.11    0.00    9.27 ^ _3495_/D (sky130_fd_sc_hd__dfxtp_2)
                                  9.27   data arrival time

                  0.15   14.00   14.00   clock clk (rise edge)
                          0.00   14.00   clock network delay (ideal)
                         -0.25   13.75   clock uncertainty
                          0.00   13.75   clock reconvergence pessimism
                                 13.75 ^ _3495_/CLK (sky130_fd_sc_hd__dfxtp_2)
                         -0.06   13.69   library setup time
                                 13.69   data required time
-----------------------------------------------------------------------------
                                 13.69   data required time
                                 -9.27   data arrival time
-----------------------------------------------------------------------------
                                  4.42   slack (MET)


Startpoint: _3440_ (rising edge-triggered flip-flop clocked by clk')
Endpoint: _3496_ (rising edge-triggered flip-flop clocked by clk)
Path Group: clk
Path Type: max

Fanout     Cap    Slew   Delay    Time   Description
-----------------------------------------------------------------------------
                  0.15    7.00    7.00   clock clk' (rise edge)
                          0.00    7.00   clock network delay (ideal)
                  0.15    0.00    7.00 ^ _3440_/CLK (sky130_fd_sc_hd__dfxtp_2)
                  0.96    1.05    8.05 ^ _3440_/Q (sky130_fd_sc_hd__dfxtp_2)
    54    0.19                           i_spi_reg.falling_edge_detector_sof.rstb (net)
                  0.96    0.00    8.05 ^ _1769_/A (sky130_fd_sc_hd__buf_2)
                  0.22    0.40    8.45 ^ _1769_/X (sky130_fd_sc_hd__buf_2)
    13    0.04                           _1462_ (net)
                  0.22    0.00    8.45 ^ _1803_/A (sky130_fd_sc_hd__inv_2)
                  0.07    0.09    8.54 v _1803_/Y (sky130_fd_sc_hd__inv_2)
     6    0.01                           _1495_ (net)
                  0.07    0.00    8.54 v _1804_/A (sky130_fd_sc_hd__buf_2)
                  0.06    0.17    8.71 v _1804_/X (sky130_fd_sc_hd__buf_2)
    10    0.02                           _1496_ (net)
                  0.06    0.00    8.71 v _2023_/A (sky130_fd_sc_hd__buf_1)
                  0.35    0.36    9.07 v _2023_/X (sky130_fd_sc_hd__buf_1)
    15    0.06                           _1671_ (net)
                  0.35    0.00    9.07 v _2060_/B1 (sky130_fd_sc_hd__a21oi_2)
                  0.11    0.20    9.27 ^ _2060_/Y (sky130_fd_sc_hd__a21oi_2)
     1    0.00                           _0057_ (net)
                  0.11    0.00    9.27 ^ _3496_/D (sky130_fd_sc_hd__dfxtp_2)
                                  9.27   data arrival time

                  0.15   14.00   14.00   clock clk (rise edge)
                          0.00   14.00   clock network delay (ideal)
                         -0.25   13.75   clock uncertainty
                          0.00   13.75   clock reconvergence pessimism
                                 13.75 ^ _3496_/CLK (sky130_fd_sc_hd__dfxtp_2)
                         -0.06   13.69   library setup time
                                 13.69   data required time
-----------------------------------------------------------------------------
                                 13.69   data required time
                                 -9.27   data arrival time
-----------------------------------------------------------------------------
                                  4.42   slack (MET)


Startpoint: _3440_ (rising edge-triggered flip-flop clocked by clk')
Endpoint: _3497_ (rising edge-triggered flip-flop clocked by clk)
Path Group: clk
Path Type: max

Fanout     Cap    Slew   Delay    Time   Description
-----------------------------------------------------------------------------
                  0.15    7.00    7.00   clock clk' (rise edge)
                          0.00    7.00   clock network delay (ideal)
                  0.15    0.00    7.00 ^ _3440_/CLK (sky130_fd_sc_hd__dfxtp_2)
                  0.96    1.05    8.05 ^ _3440_/Q (sky130_fd_sc_hd__dfxtp_2)
    54    0.19                           i_spi_reg.falling_edge_detector_sof.rstb (net)
                  0.96    0.00    8.05 ^ _1769_/A (sky130_fd_sc_hd__buf_2)
                  0.22    0.40    8.45 ^ _1769_/X (sky130_fd_sc_hd__buf_2)
    13    0.04                           _1462_ (net)
                  0.22    0.00    8.45 ^ _1803_/A (sky130_fd_sc_hd__inv_2)
                  0.07    0.09    8.54 v _1803_/Y (sky130_fd_sc_hd__inv_2)
     6    0.01                           _1495_ (net)
                  0.07    0.00    8.54 v _1804_/A (sky130_fd_sc_hd__buf_2)
                  0.06    0.17    8.71 v _1804_/X (sky130_fd_sc_hd__buf_2)
    10    0.02                           _1496_ (net)
                  0.06    0.00    8.71 v _2023_/A (sky130_fd_sc_hd__buf_1)
                  0.35    0.36    9.07 v _2023_/X (sky130_fd_sc_hd__buf_1)
    15    0.06                           _1671_ (net)
                  0.35    0.00    9.07 v _2063_/B1 (sky130_fd_sc_hd__a21oi_2)
                  0.11    0.20    9.27 ^ _2063_/Y (sky130_fd_sc_hd__a21oi_2)
     1    0.00                           _0058_ (net)
                  0.11    0.00    9.27 ^ _3497_/D (sky130_fd_sc_hd__dfxtp_2)
                                  9.27   data arrival time

                  0.15   14.00   14.00   clock clk (rise edge)
                          0.00   14.00   clock network delay (ideal)
                         -0.25   13.75   clock uncertainty
                          0.00   13.75   clock reconvergence pessimism
                                 13.75 ^ _3497_/CLK (sky130_fd_sc_hd__dfxtp_2)
                         -0.06   13.69   library setup time
                                 13.69   data required time
-----------------------------------------------------------------------------
                                 13.69   data required time
                                 -9.27   data arrival time
-----------------------------------------------------------------------------
                                  4.42   slack (MET)


Startpoint: _3440_ (rising edge-triggered flip-flop clocked by clk')
Endpoint: _3498_ (rising edge-triggered flip-flop clocked by clk)
Path Group: clk
Path Type: max

Fanout     Cap    Slew   Delay    Time   Description
-----------------------------------------------------------------------------
                  0.15    7.00    7.00   clock clk' (rise edge)
                          0.00    7.00   clock network delay (ideal)
                  0.15    0.00    7.00 ^ _3440_/CLK (sky130_fd_sc_hd__dfxtp_2)
                  0.96    1.05    8.05 ^ _3440_/Q (sky130_fd_sc_hd__dfxtp_2)
    54    0.19                           i_spi_reg.falling_edge_detector_sof.rstb (net)
                  0.96    0.00    8.05 ^ _1769_/A (sky130_fd_sc_hd__buf_2)
                  0.22    0.40    8.45 ^ _1769_/X (sky130_fd_sc_hd__buf_2)
    13    0.04                           _1462_ (net)
                  0.22    0.00    8.45 ^ _1803_/A (sky130_fd_sc_hd__inv_2)
                  0.07    0.09    8.54 v _1803_/Y (sky130_fd_sc_hd__inv_2)
     6    0.01                           _1495_ (net)
                  0.07    0.00    8.54 v _1804_/A (sky130_fd_sc_hd__buf_2)
                  0.06    0.17    8.71 v _1804_/X (sky130_fd_sc_hd__buf_2)
    10    0.02                           _1496_ (net)
                  0.06    0.00    8.71 v _2023_/A (sky130_fd_sc_hd__buf_1)
                  0.35    0.36    9.07 v _2023_/X (sky130_fd_sc_hd__buf_1)
    15    0.06                           _1671_ (net)
                  0.35    0.00    9.07 v _2066_/B1 (sky130_fd_sc_hd__a21oi_2)
                  0.11    0.20    9.27 ^ _2066_/Y (sky130_fd_sc_hd__a21oi_2)
     1    0.00                           _0059_ (net)
                  0.11    0.00    9.27 ^ _3498_/D (sky130_fd_sc_hd__dfxtp_2)
                                  9.27   data arrival time

                  0.15   14.00   14.00   clock clk (rise edge)
                          0.00   14.00   clock network delay (ideal)
                         -0.25   13.75   clock uncertainty
                          0.00   13.75   clock reconvergence pessimism
                                 13.75 ^ _3498_/CLK (sky130_fd_sc_hd__dfxtp_2)
                         -0.06   13.69   library setup time
                                 13.69   data required time
-----------------------------------------------------------------------------
                                 13.69   data required time
                                 -9.27   data arrival time
-----------------------------------------------------------------------------
                                  4.42   slack (MET)


Startpoint: _3440_ (rising edge-triggered flip-flop clocked by clk')
Endpoint: _3499_ (rising edge-triggered flip-flop clocked by clk)
Path Group: clk
Path Type: max

Fanout     Cap    Slew   Delay    Time   Description
-----------------------------------------------------------------------------
                  0.15    7.00    7.00   clock clk' (rise edge)
                          0.00    7.00   clock network delay (ideal)
                  0.15    0.00    7.00 ^ _3440_/CLK (sky130_fd_sc_hd__dfxtp_2)
                  0.96    1.05    8.05 ^ _3440_/Q (sky130_fd_sc_hd__dfxtp_2)
    54    0.19                           i_spi_reg.falling_edge_detector_sof.rstb (net)
                  0.96    0.00    8.05 ^ _1769_/A (sky130_fd_sc_hd__buf_2)
                  0.22    0.40    8.45 ^ _1769_/X (sky130_fd_sc_hd__buf_2)
    13    0.04                           _1462_ (net)
                  0.22    0.00    8.45 ^ _1803_/A (sky130_fd_sc_hd__inv_2)
                  0.07    0.09    8.54 v _1803_/Y (sky130_fd_sc_hd__inv_2)
     6    0.01                           _1495_ (net)
                  0.07    0.00    8.54 v _1804_/A (sky130_fd_sc_hd__buf_2)
                  0.06    0.17    8.71 v _1804_/X (sky130_fd_sc_hd__buf_2)
    10    0.02                           _1496_ (net)
                  0.06    0.00    8.71 v _2023_/A (sky130_fd_sc_hd__buf_1)
                  0.35    0.36    9.07 v _2023_/X (sky130_fd_sc_hd__buf_1)
    15    0.06                           _1671_ (net)
                  0.35    0.00    9.07 v _2069_/B1 (sky130_fd_sc_hd__a21oi_2)
                  0.11    0.20    9.27 ^ _2069_/Y (sky130_fd_sc_hd__a21oi_2)
     1    0.00                           _0060_ (net)
                  0.11    0.00    9.27 ^ _3499_/D (sky130_fd_sc_hd__dfxtp_2)
                                  9.27   data arrival time

                  0.15   14.00   14.00   clock clk (rise edge)
                          0.00   14.00   clock network delay (ideal)
                         -0.25   13.75   clock uncertainty
                          0.00   13.75   clock reconvergence pessimism
                                 13.75 ^ _3499_/CLK (sky130_fd_sc_hd__dfxtp_2)
                         -0.06   13.69   library setup time
                                 13.69   data required time
-----------------------------------------------------------------------------
                                 13.69   data required time
                                 -9.27   data arrival time
-----------------------------------------------------------------------------
                                  4.42   slack (MET)


Startpoint: _3440_ (rising edge-triggered flip-flop clocked by clk')
Endpoint: _3500_ (rising edge-triggered flip-flop clocked by clk)
Path Group: clk
Path Type: max

Fanout     Cap    Slew   Delay    Time   Description
-----------------------------------------------------------------------------
                  0.15    7.00    7.00   clock clk' (rise edge)
                          0.00    7.00   clock network delay (ideal)
                  0.15    0.00    7.00 ^ _3440_/CLK (sky130_fd_sc_hd__dfxtp_2)
                  0.96    1.05    8.05 ^ _3440_/Q (sky130_fd_sc_hd__dfxtp_2)
    54    0.19                           i_spi_reg.falling_edge_detector_sof.rstb (net)
                  0.96    0.00    8.05 ^ _1769_/A (sky130_fd_sc_hd__buf_2)
                  0.22    0.40    8.45 ^ _1769_/X (sky130_fd_sc_hd__buf_2)
    13    0.04                           _1462_ (net)
                  0.22    0.00    8.45 ^ _1803_/A (sky130_fd_sc_hd__inv_2)
                  0.07    0.09    8.54 v _1803_/Y (sky130_fd_sc_hd__inv_2)
     6    0.01                           _1495_ (net)
                  0.07    0.00    8.54 v _1804_/A (sky130_fd_sc_hd__buf_2)
                  0.06    0.17    8.71 v _1804_/X (sky130_fd_sc_hd__buf_2)
    10    0.02                           _1496_ (net)
                  0.06    0.00    8.71 v _2023_/A (sky130_fd_sc_hd__buf_1)
                  0.35    0.36    9.07 v _2023_/X (sky130_fd_sc_hd__buf_1)
    15    0.06                           _1671_ (net)
                  0.35    0.00    9.07 v _2072_/B1 (sky130_fd_sc_hd__a21oi_2)
                  0.11    0.20    9.27 ^ _2072_/Y (sky130_fd_sc_hd__a21oi_2)
     1    0.00                           _0061_ (net)
                  0.11    0.00    9.27 ^ _3500_/D (sky130_fd_sc_hd__dfxtp_2)
                                  9.27   data arrival time

                  0.15   14.00   14.00   clock clk (rise edge)
                          0.00   14.00   clock network delay (ideal)
                         -0.25   13.75   clock uncertainty
                          0.00   13.75   clock reconvergence pessimism
                                 13.75 ^ _3500_/CLK (sky130_fd_sc_hd__dfxtp_2)
                         -0.06   13.69   library setup time
                                 13.69   data required time
-----------------------------------------------------------------------------
                                 13.69   data required time
                                 -9.27   data arrival time
-----------------------------------------------------------------------------
                                  4.42   slack (MET)


Startpoint: _3440_ (rising edge-triggered flip-flop clocked by clk')
Endpoint: _3501_ (rising edge-triggered flip-flop clocked by clk)
Path Group: clk
Path Type: max

Fanout     Cap    Slew   Delay    Time   Description
-----------------------------------------------------------------------------
                  0.15    7.00    7.00   clock clk' (rise edge)
                          0.00    7.00   clock network delay (ideal)
                  0.15    0.00    7.00 ^ _3440_/CLK (sky130_fd_sc_hd__dfxtp_2)
                  0.96    1.05    8.05 ^ _3440_/Q (sky130_fd_sc_hd__dfxtp_2)
    54    0.19                           i_spi_reg.falling_edge_detector_sof.rstb (net)
                  0.96    0.00    8.05 ^ _1769_/A (sky130_fd_sc_hd__buf_2)
                  0.22    0.40    8.45 ^ _1769_/X (sky130_fd_sc_hd__buf_2)
    13    0.04                           _1462_ (net)
                  0.22    0.00    8.45 ^ _1803_/A (sky130_fd_sc_hd__inv_2)
                  0.07    0.09    8.54 v _1803_/Y (sky130_fd_sc_hd__inv_2)
     6    0.01                           _1495_ (net)
                  0.07    0.00    8.54 v _1804_/A (sky130_fd_sc_hd__buf_2)
                  0.06    0.17    8.71 v _1804_/X (sky130_fd_sc_hd__buf_2)
    10    0.02                           _1496_ (net)
                  0.06    0.00    8.71 v _2075_/A (sky130_fd_sc_hd__buf_1)
                  0.35    0.36    9.07 v _2075_/X (sky130_fd_sc_hd__buf_1)
    15    0.06                           _1708_ (net)
                  0.35    0.00    9.07 v _2076_/B1 (sky130_fd_sc_hd__a21oi_2)
                  0.11    0.20    9.27 ^ _2076_/Y (sky130_fd_sc_hd__a21oi_2)
     1    0.00                           _0062_ (net)
                  0.11    0.00    9.27 ^ _3501_/D (sky130_fd_sc_hd__dfxtp_2)
                                  9.27   data arrival time

                  0.15   14.00   14.00   clock clk (rise edge)
                          0.00   14.00   clock network delay (ideal)
                         -0.25   13.75   clock uncertainty
                          0.00   13.75   clock reconvergence pessimism
                                 13.75 ^ _3501_/CLK (sky130_fd_sc_hd__dfxtp_2)
                         -0.06   13.69   library setup time
                                 13.69   data required time
-----------------------------------------------------------------------------
                                 13.69   data required time
                                 -9.27   data arrival time
-----------------------------------------------------------------------------
                                  4.42   slack (MET)


Startpoint: _3440_ (rising edge-triggered flip-flop clocked by clk')
Endpoint: _3502_ (rising edge-triggered flip-flop clocked by clk)
Path Group: clk
Path Type: max

Fanout     Cap    Slew   Delay    Time   Description
-----------------------------------------------------------------------------
                  0.15    7.00    7.00   clock clk' (rise edge)
                          0.00    7.00   clock network delay (ideal)
                  0.15    0.00    7.00 ^ _3440_/CLK (sky130_fd_sc_hd__dfxtp_2)
                  0.96    1.05    8.05 ^ _3440_/Q (sky130_fd_sc_hd__dfxtp_2)
    54    0.19                           i_spi_reg.falling_edge_detector_sof.rstb (net)
                  0.96    0.00    8.05 ^ _1769_/A (sky130_fd_sc_hd__buf_2)
                  0.22    0.40    8.45 ^ _1769_/X (sky130_fd_sc_hd__buf_2)
    13    0.04                           _1462_ (net)
                  0.22    0.00    8.45 ^ _1803_/A (sky130_fd_sc_hd__inv_2)
                  0.07    0.09    8.54 v _1803_/Y (sky130_fd_sc_hd__inv_2)
     6    0.01                           _1495_ (net)
                  0.07    0.00    8.54 v _1804_/A (sky130_fd_sc_hd__buf_2)
                  0.06    0.17    8.71 v _1804_/X (sky130_fd_sc_hd__buf_2)
    10    0.02                           _1496_ (net)
                  0.06    0.00    8.71 v _2075_/A (sky130_fd_sc_hd__buf_1)
                  0.35    0.36    9.07 v _2075_/X (sky130_fd_sc_hd__buf_1)
    15    0.06                           _1708_ (net)
                  0.35    0.00    9.07 v _2081_/B1 (sky130_fd_sc_hd__a21oi_2)
                  0.11    0.20    9.27 ^ _2081_/Y (sky130_fd_sc_hd__a21oi_2)
     1    0.00                           _0063_ (net)
                  0.11    0.00    9.27 ^ _3502_/D (sky130_fd_sc_hd__dfxtp_2)
                                  9.27   data arrival time

                  0.15   14.00   14.00   clock clk (rise edge)
                          0.00   14.00   clock network delay (ideal)
                         -0.25   13.75   clock uncertainty
                          0.00   13.75   clock reconvergence pessimism
                                 13.75 ^ _3502_/CLK (sky130_fd_sc_hd__dfxtp_2)
                         -0.06   13.69   library setup time
                                 13.69   data required time
-----------------------------------------------------------------------------
                                 13.69   data required time
                                 -9.27   data arrival time
-----------------------------------------------------------------------------
                                  4.42   slack (MET)


Startpoint: _3440_ (rising edge-triggered flip-flop clocked by clk')
Endpoint: _3503_ (rising edge-triggered flip-flop clocked by clk)
Path Group: clk
Path Type: max

Fanout     Cap    Slew   Delay    Time   Description
-----------------------------------------------------------------------------
                  0.15    7.00    7.00   clock clk' (rise edge)
                          0.00    7.00   clock network delay (ideal)
                  0.15    0.00    7.00 ^ _3440_/CLK (sky130_fd_sc_hd__dfxtp_2)
                  0.96    1.05    8.05 ^ _3440_/Q (sky130_fd_sc_hd__dfxtp_2)
    54    0.19                           i_spi_reg.falling_edge_detector_sof.rstb (net)
                  0.96    0.00    8.05 ^ _1769_/A (sky130_fd_sc_hd__buf_2)
                  0.22    0.40    8.45 ^ _1769_/X (sky130_fd_sc_hd__buf_2)
    13    0.04                           _1462_ (net)
                  0.22    0.00    8.45 ^ _1803_/A (sky130_fd_sc_hd__inv_2)
                  0.07    0.09    8.54 v _1803_/Y (sky130_fd_sc_hd__inv_2)
     6    0.01                           _1495_ (net)
                  0.07    0.00    8.54 v _1804_/A (sky130_fd_sc_hd__buf_2)
                  0.06    0.17    8.71 v _1804_/X (sky130_fd_sc_hd__buf_2)
    10    0.02                           _1496_ (net)
                  0.06    0.00    8.71 v _2075_/A (sky130_fd_sc_hd__buf_1)
                  0.35    0.36    9.07 v _2075_/X (sky130_fd_sc_hd__buf_1)
    15    0.06                           _1708_ (net)
                  0.35    0.00    9.07 v _2084_/B1 (sky130_fd_sc_hd__a21oi_2)
                  0.11    0.20    9.27 ^ _2084_/Y (sky130_fd_sc_hd__a21oi_2)
     1    0.00                           _0064_ (net)
                  0.11    0.00    9.27 ^ _3503_/D (sky130_fd_sc_hd__dfxtp_2)
                                  9.27   data arrival time

                  0.15   14.00   14.00   clock clk (rise edge)
                          0.00   14.00   clock network delay (ideal)
                         -0.25   13.75   clock uncertainty
                          0.00   13.75   clock reconvergence pessimism
                                 13.75 ^ _3503_/CLK (sky130_fd_sc_hd__dfxtp_2)
                         -0.06   13.69   library setup time
                                 13.69   data required time
-----------------------------------------------------------------------------
                                 13.69   data required time
                                 -9.27   data arrival time
-----------------------------------------------------------------------------
                                  4.42   slack (MET)


Startpoint: _3440_ (rising edge-triggered flip-flop clocked by clk')
Endpoint: _3504_ (rising edge-triggered flip-flop clocked by clk)
Path Group: clk
Path Type: max

Fanout     Cap    Slew   Delay    Time   Description
-----------------------------------------------------------------------------
                  0.15    7.00    7.00   clock clk' (rise edge)
                          0.00    7.00   clock network delay (ideal)
                  0.15    0.00    7.00 ^ _3440_/CLK (sky130_fd_sc_hd__dfxtp_2)
                  0.96    1.05    8.05 ^ _3440_/Q (sky130_fd_sc_hd__dfxtp_2)
    54    0.19                           i_spi_reg.falling_edge_detector_sof.rstb (net)
                  0.96    0.00    8.05 ^ _1769_/A (sky130_fd_sc_hd__buf_2)
                  0.22    0.40    8.45 ^ _1769_/X (sky130_fd_sc_hd__buf_2)
    13    0.04                           _1462_ (net)
                  0.22    0.00    8.45 ^ _1803_/A (sky130_fd_sc_hd__inv_2)
                  0.07    0.09    8.54 v _1803_/Y (sky130_fd_sc_hd__inv_2)
     6    0.01                           _1495_ (net)
                  0.07    0.00    8.54 v _1804_/A (sky130_fd_sc_hd__buf_2)
                  0.06    0.17    8.71 v _1804_/X (sky130_fd_sc_hd__buf_2)
    10    0.02                           _1496_ (net)
                  0.06    0.00    8.71 v _2075_/A (sky130_fd_sc_hd__buf_1)
                  0.35    0.36    9.07 v _2075_/X (sky130_fd_sc_hd__buf_1)
    15    0.06                           _1708_ (net)
                  0.35    0.00    9.07 v _2087_/B1 (sky130_fd_sc_hd__a21oi_2)
                  0.11    0.20    9.27 ^ _2087_/Y (sky130_fd_sc_hd__a21oi_2)
     1    0.00                           _0065_ (net)
                  0.11    0.00    9.27 ^ _3504_/D (sky130_fd_sc_hd__dfxtp_2)
                                  9.27   data arrival time

                  0.15   14.00   14.00   clock clk (rise edge)
                          0.00   14.00   clock network delay (ideal)
                         -0.25   13.75   clock uncertainty
                          0.00   13.75   clock reconvergence pessimism
                                 13.75 ^ _3504_/CLK (sky130_fd_sc_hd__dfxtp_2)
                         -0.06   13.69   library setup time
                                 13.69   data required time
-----------------------------------------------------------------------------
                                 13.69   data required time
                                 -9.27   data arrival time
-----------------------------------------------------------------------------
                                  4.42   slack (MET)


Startpoint: _3440_ (rising edge-triggered flip-flop clocked by clk')
Endpoint: _3505_ (rising edge-triggered flip-flop clocked by clk)
Path Group: clk
Path Type: max

Fanout     Cap    Slew   Delay    Time   Description
-----------------------------------------------------------------------------
                  0.15    7.00    7.00   clock clk' (rise edge)
                          0.00    7.00   clock network delay (ideal)
                  0.15    0.00    7.00 ^ _3440_/CLK (sky130_fd_sc_hd__dfxtp_2)
                  0.96    1.05    8.05 ^ _3440_/Q (sky130_fd_sc_hd__dfxtp_2)
    54    0.19                           i_spi_reg.falling_edge_detector_sof.rstb (net)
                  0.96    0.00    8.05 ^ _1769_/A (sky130_fd_sc_hd__buf_2)
                  0.22    0.40    8.45 ^ _1769_/X (sky130_fd_sc_hd__buf_2)
    13    0.04                           _1462_ (net)
                  0.22    0.00    8.45 ^ _1803_/A (sky130_fd_sc_hd__inv_2)
                  0.07    0.09    8.54 v _1803_/Y (sky130_fd_sc_hd__inv_2)
     6    0.01                           _1495_ (net)
                  0.07    0.00    8.54 v _1804_/A (sky130_fd_sc_hd__buf_2)
                  0.06    0.17    8.71 v _1804_/X (sky130_fd_sc_hd__buf_2)
    10    0.02                           _1496_ (net)
                  0.06    0.00    8.71 v _2075_/A (sky130_fd_sc_hd__buf_1)
                  0.35    0.36    9.07 v _2075_/X (sky130_fd_sc_hd__buf_1)
    15    0.06                           _1708_ (net)
                  0.35    0.00    9.07 v _2090_/B1 (sky130_fd_sc_hd__a21oi_2)
                  0.11    0.20    9.27 ^ _2090_/Y (sky130_fd_sc_hd__a21oi_2)
     1    0.00                           _0066_ (net)
                  0.11    0.00    9.27 ^ _3505_/D (sky130_fd_sc_hd__dfxtp_2)
                                  9.27   data arrival time

                  0.15   14.00   14.00   clock clk (rise edge)
                          0.00   14.00   clock network delay (ideal)
                         -0.25   13.75   clock uncertainty
                          0.00   13.75   clock reconvergence pessimism
                                 13.75 ^ _3505_/CLK (sky130_fd_sc_hd__dfxtp_2)
                         -0.06   13.69   library setup time
                                 13.69   data required time
-----------------------------------------------------------------------------
                                 13.69   data required time
                                 -9.27   data arrival time
-----------------------------------------------------------------------------
                                  4.42   slack (MET)


Startpoint: _3440_ (rising edge-triggered flip-flop clocked by clk')
Endpoint: _3506_ (rising edge-triggered flip-flop clocked by clk)
Path Group: clk
Path Type: max

Fanout     Cap    Slew   Delay    Time   Description
-----------------------------------------------------------------------------
                  0.15    7.00    7.00   clock clk' (rise edge)
                          0.00    7.00   clock network delay (ideal)
                  0.15    0.00    7.00 ^ _3440_/CLK (sky130_fd_sc_hd__dfxtp_2)
                  0.96    1.05    8.05 ^ _3440_/Q (sky130_fd_sc_hd__dfxtp_2)
    54    0.19                           i_spi_reg.falling_edge_detector_sof.rstb (net)
                  0.96    0.00    8.05 ^ _1769_/A (sky130_fd_sc_hd__buf_2)
                  0.22    0.40    8.45 ^ _1769_/X (sky130_fd_sc_hd__buf_2)
    13    0.04                           _1462_ (net)
                  0.22    0.00    8.45 ^ _1803_/A (sky130_fd_sc_hd__inv_2)
                  0.07    0.09    8.54 v _1803_/Y (sky130_fd_sc_hd__inv_2)
     6    0.01                           _1495_ (net)
                  0.07    0.00    8.54 v _1804_/A (sky130_fd_sc_hd__buf_2)
                  0.06    0.17    8.71 v _1804_/X (sky130_fd_sc_hd__buf_2)
    10    0.02                           _1496_ (net)
                  0.06    0.00    8.71 v _2075_/A (sky130_fd_sc_hd__buf_1)
                  0.35    0.36    9.07 v _2075_/X (sky130_fd_sc_hd__buf_1)
    15    0.06                           _1708_ (net)
                  0.35    0.00    9.07 v _2093_/B1 (sky130_fd_sc_hd__a21oi_2)
                  0.11    0.20    9.27 ^ _2093_/Y (sky130_fd_sc_hd__a21oi_2)
     1    0.00                           _0067_ (net)
                  0.11    0.00    9.27 ^ _3506_/D (sky130_fd_sc_hd__dfxtp_2)
                                  9.27   data arrival time

                  0.15   14.00   14.00   clock clk (rise edge)
                          0.00   14.00   clock network delay (ideal)
                         -0.25   13.75   clock uncertainty
                          0.00   13.75   clock reconvergence pessimism
                                 13.75 ^ _3506_/CLK (sky130_fd_sc_hd__dfxtp_2)
                         -0.06   13.69   library setup time
                                 13.69   data required time
-----------------------------------------------------------------------------
                                 13.69   data required time
                                 -9.27   data arrival time
-----------------------------------------------------------------------------
                                  4.42   slack (MET)


Startpoint: _3440_ (rising edge-triggered flip-flop clocked by clk')
Endpoint: _3507_ (rising edge-triggered flip-flop clocked by clk)
Path Group: clk
Path Type: max

Fanout     Cap    Slew   Delay    Time   Description
-----------------------------------------------------------------------------
                  0.15    7.00    7.00   clock clk' (rise edge)
                          0.00    7.00   clock network delay (ideal)
                  0.15    0.00    7.00 ^ _3440_/CLK (sky130_fd_sc_hd__dfxtp_2)
                  0.96    1.05    8.05 ^ _3440_/Q (sky130_fd_sc_hd__dfxtp_2)
    54    0.19                           i_spi_reg.falling_edge_detector_sof.rstb (net)
                  0.96    0.00    8.05 ^ _1769_/A (sky130_fd_sc_hd__buf_2)
                  0.22    0.40    8.45 ^ _1769_/X (sky130_fd_sc_hd__buf_2)
    13    0.04                           _1462_ (net)
                  0.22    0.00    8.45 ^ _1803_/A (sky130_fd_sc_hd__inv_2)
                  0.07    0.09    8.54 v _1803_/Y (sky130_fd_sc_hd__inv_2)
     6    0.01                           _1495_ (net)
                  0.07    0.00    8.54 v _1804_/A (sky130_fd_sc_hd__buf_2)
                  0.06    0.17    8.71 v _1804_/X (sky130_fd_sc_hd__buf_2)
    10    0.02                           _1496_ (net)
                  0.06    0.00    8.71 v _2075_/A (sky130_fd_sc_hd__buf_1)
                  0.35    0.36    9.07 v _2075_/X (sky130_fd_sc_hd__buf_1)
    15    0.06                           _1708_ (net)
                  0.35    0.00    9.07 v _2096_/B1 (sky130_fd_sc_hd__a21oi_2)
                  0.11    0.20    9.27 ^ _2096_/Y (sky130_fd_sc_hd__a21oi_2)
     1    0.00                           _0068_ (net)
                  0.11    0.00    9.27 ^ _3507_/D (sky130_fd_sc_hd__dfxtp_2)
                                  9.27   data arrival time

                  0.15   14.00   14.00   clock clk (rise edge)
                          0.00   14.00   clock network delay (ideal)
                         -0.25   13.75   clock uncertainty
                          0.00   13.75   clock reconvergence pessimism
                                 13.75 ^ _3507_/CLK (sky130_fd_sc_hd__dfxtp_2)
                         -0.06   13.69   library setup time
                                 13.69   data required time
-----------------------------------------------------------------------------
                                 13.69   data required time
                                 -9.27   data arrival time
-----------------------------------------------------------------------------
                                  4.42   slack (MET)


Startpoint: _3440_ (rising edge-triggered flip-flop clocked by clk')
Endpoint: _3508_ (rising edge-triggered flip-flop clocked by clk)
Path Group: clk
Path Type: max

Fanout     Cap    Slew   Delay    Time   Description
-----------------------------------------------------------------------------
                  0.15    7.00    7.00   clock clk' (rise edge)
                          0.00    7.00   clock network delay (ideal)
                  0.15    0.00    7.00 ^ _3440_/CLK (sky130_fd_sc_hd__dfxtp_2)
                  0.96    1.05    8.05 ^ _3440_/Q (sky130_fd_sc_hd__dfxtp_2)
    54    0.19                           i_spi_reg.falling_edge_detector_sof.rstb (net)
                  0.96    0.00    8.05 ^ _1769_/A (sky130_fd_sc_hd__buf_2)
                  0.22    0.40    8.45 ^ _1769_/X (sky130_fd_sc_hd__buf_2)
    13    0.04                           _1462_ (net)
                  0.22    0.00    8.45 ^ _1803_/A (sky130_fd_sc_hd__inv_2)
                  0.07    0.09    8.54 v _1803_/Y (sky130_fd_sc_hd__inv_2)
     6    0.01                           _1495_ (net)
                  0.07    0.00    8.54 v _1804_/A (sky130_fd_sc_hd__buf_2)
                  0.06    0.17    8.71 v _1804_/X (sky130_fd_sc_hd__buf_2)
    10    0.02                           _1496_ (net)
                  0.06    0.00    8.71 v _2075_/A (sky130_fd_sc_hd__buf_1)
                  0.35    0.36    9.07 v _2075_/X (sky130_fd_sc_hd__buf_1)
    15    0.06                           _1708_ (net)
                  0.35    0.00    9.07 v _2099_/B1 (sky130_fd_sc_hd__a21oi_2)
                  0.11    0.20    9.27 ^ _2099_/Y (sky130_fd_sc_hd__a21oi_2)
     1    0.00                           _0069_ (net)
                  0.11    0.00    9.27 ^ _3508_/D (sky130_fd_sc_hd__dfxtp_2)
                                  9.27   data arrival time

                  0.15   14.00   14.00   clock clk (rise edge)
                          0.00   14.00   clock network delay (ideal)
                         -0.25   13.75   clock uncertainty
                          0.00   13.75   clock reconvergence pessimism
                                 13.75 ^ _3508_/CLK (sky130_fd_sc_hd__dfxtp_2)
                         -0.06   13.69   library setup time
                                 13.69   data required time
-----------------------------------------------------------------------------
                                 13.69   data required time
                                 -9.27   data arrival time
-----------------------------------------------------------------------------
                                  4.42   slack (MET)


Startpoint: _3440_ (rising edge-triggered flip-flop clocked by clk')
Endpoint: _3509_ (rising edge-triggered flip-flop clocked by clk)
Path Group: clk
Path Type: max

Fanout     Cap    Slew   Delay    Time   Description
-----------------------------------------------------------------------------
                  0.15    7.00    7.00   clock clk' (rise edge)
                          0.00    7.00   clock network delay (ideal)
                  0.15    0.00    7.00 ^ _3440_/CLK (sky130_fd_sc_hd__dfxtp_2)
                  0.96    1.05    8.05 ^ _3440_/Q (sky130_fd_sc_hd__dfxtp_2)
    54    0.19                           i_spi_reg.falling_edge_detector_sof.rstb (net)
                  0.96    0.00    8.05 ^ _1769_/A (sky130_fd_sc_hd__buf_2)
                  0.22    0.40    8.45 ^ _1769_/X (sky130_fd_sc_hd__buf_2)
    13    0.04                           _1462_ (net)
                  0.22    0.00    8.45 ^ _1803_/A (sky130_fd_sc_hd__inv_2)
                  0.07    0.09    8.54 v _1803_/Y (sky130_fd_sc_hd__inv_2)
     6    0.01                           _1495_ (net)
                  0.07    0.00    8.54 v _1804_/A (sky130_fd_sc_hd__buf_2)
                  0.06    0.17    8.71 v _1804_/X (sky130_fd_sc_hd__buf_2)
    10    0.02                           _1496_ (net)
                  0.06    0.00    8.71 v _2075_/A (sky130_fd_sc_hd__buf_1)
                  0.35    0.36    9.07 v _2075_/X (sky130_fd_sc_hd__buf_1)
    15    0.06                           _1708_ (net)
                  0.35    0.00    9.07 v _2102_/B1 (sky130_fd_sc_hd__a21oi_2)
                  0.11    0.20    9.27 ^ _2102_/Y (sky130_fd_sc_hd__a21oi_2)
     1    0.00                           _0070_ (net)
                  0.11    0.00    9.27 ^ _3509_/D (sky130_fd_sc_hd__dfxtp_2)
                                  9.27   data arrival time

                  0.15   14.00   14.00   clock clk (rise edge)
                          0.00   14.00   clock network delay (ideal)
                         -0.25   13.75   clock uncertainty
                          0.00   13.75   clock reconvergence pessimism
                                 13.75 ^ _3509_/CLK (sky130_fd_sc_hd__dfxtp_2)
                         -0.06   13.69   library setup time
                                 13.69   data required time
-----------------------------------------------------------------------------
                                 13.69   data required time
                                 -9.27   data arrival time
-----------------------------------------------------------------------------
                                  4.42   slack (MET)


Startpoint: _3440_ (rising edge-triggered flip-flop clocked by clk')
Endpoint: _3510_ (rising edge-triggered flip-flop clocked by clk)
Path Group: clk
Path Type: max

Fanout     Cap    Slew   Delay    Time   Description
-----------------------------------------------------------------------------
                  0.15    7.00    7.00   clock clk' (rise edge)
                          0.00    7.00   clock network delay (ideal)
                  0.15    0.00    7.00 ^ _3440_/CLK (sky130_fd_sc_hd__dfxtp_2)
                  0.96    1.05    8.05 ^ _3440_/Q (sky130_fd_sc_hd__dfxtp_2)
    54    0.19                           i_spi_reg.falling_edge_detector_sof.rstb (net)
                  0.96    0.00    8.05 ^ _1769_/A (sky130_fd_sc_hd__buf_2)
                  0.22    0.40    8.45 ^ _1769_/X (sky130_fd_sc_hd__buf_2)
    13    0.04                           _1462_ (net)
                  0.22    0.00    8.45 ^ _1803_/A (sky130_fd_sc_hd__inv_2)
                  0.07    0.09    8.54 v _1803_/Y (sky130_fd_sc_hd__inv_2)
     6    0.01                           _1495_ (net)
                  0.07    0.00    8.54 v _1804_/A (sky130_fd_sc_hd__buf_2)
                  0.06    0.17    8.71 v _1804_/X (sky130_fd_sc_hd__buf_2)
    10    0.02                           _1496_ (net)
                  0.06    0.00    8.71 v _2075_/A (sky130_fd_sc_hd__buf_1)
                  0.35    0.36    9.07 v _2075_/X (sky130_fd_sc_hd__buf_1)
    15    0.06                           _1708_ (net)
                  0.35    0.00    9.07 v _2105_/B1 (sky130_fd_sc_hd__a21oi_2)
                  0.11    0.20    9.27 ^ _2105_/Y (sky130_fd_sc_hd__a21oi_2)
     1    0.00                           _0071_ (net)
                  0.11    0.00    9.27 ^ _3510_/D (sky130_fd_sc_hd__dfxtp_2)
                                  9.27   data arrival time

                  0.15   14.00   14.00   clock clk (rise edge)
                          0.00   14.00   clock network delay (ideal)
                         -0.25   13.75   clock uncertainty
                          0.00   13.75   clock reconvergence pessimism
                                 13.75 ^ _3510_/CLK (sky130_fd_sc_hd__dfxtp_2)
                         -0.06   13.69   library setup time
                                 13.69   data required time
-----------------------------------------------------------------------------
                                 13.69   data required time
                                 -9.27   data arrival time
-----------------------------------------------------------------------------
                                  4.42   slack (MET)


Startpoint: _3440_ (rising edge-triggered flip-flop clocked by clk')
Endpoint: _3511_ (rising edge-triggered flip-flop clocked by clk)
Path Group: clk
Path Type: max

Fanout     Cap    Slew   Delay    Time   Description
-----------------------------------------------------------------------------
                  0.15    7.00    7.00   clock clk' (rise edge)
                          0.00    7.00   clock network delay (ideal)
                  0.15    0.00    7.00 ^ _3440_/CLK (sky130_fd_sc_hd__dfxtp_2)
                  0.96    1.05    8.05 ^ _3440_/Q (sky130_fd_sc_hd__dfxtp_2)
    54    0.19                           i_spi_reg.falling_edge_detector_sof.rstb (net)
                  0.96    0.00    8.05 ^ _1769_/A (sky130_fd_sc_hd__buf_2)
                  0.22    0.40    8.45 ^ _1769_/X (sky130_fd_sc_hd__buf_2)
    13    0.04                           _1462_ (net)
                  0.22    0.00    8.45 ^ _1803_/A (sky130_fd_sc_hd__inv_2)
                  0.07    0.09    8.54 v _1803_/Y (sky130_fd_sc_hd__inv_2)
     6    0.01                           _1495_ (net)
                  0.07    0.00    8.54 v _1804_/A (sky130_fd_sc_hd__buf_2)
                  0.06    0.17    8.71 v _1804_/X (sky130_fd_sc_hd__buf_2)
    10    0.02                           _1496_ (net)
                  0.06    0.00    8.71 v _2075_/A (sky130_fd_sc_hd__buf_1)
                  0.35    0.36    9.07 v _2075_/X (sky130_fd_sc_hd__buf_1)
    15    0.06                           _1708_ (net)
                  0.35    0.00    9.07 v _2108_/B1 (sky130_fd_sc_hd__a21oi_2)
                  0.11    0.20    9.27 ^ _2108_/Y (sky130_fd_sc_hd__a21oi_2)
     1    0.00                           _0072_ (net)
                  0.11    0.00    9.27 ^ _3511_/D (sky130_fd_sc_hd__dfxtp_2)
                                  9.27   data arrival time

                  0.15   14.00   14.00   clock clk (rise edge)
                          0.00   14.00   clock network delay (ideal)
                         -0.25   13.75   clock uncertainty
                          0.00   13.75   clock reconvergence pessimism
                                 13.75 ^ _3511_/CLK (sky130_fd_sc_hd__dfxtp_2)
                         -0.06   13.69   library setup time
                                 13.69   data required time
-----------------------------------------------------------------------------
                                 13.69   data required time
                                 -9.27   data arrival time
-----------------------------------------------------------------------------
                                  4.42   slack (MET)


Startpoint: _3440_ (rising edge-triggered flip-flop clocked by clk')
Endpoint: _3512_ (rising edge-triggered flip-flop clocked by clk)
Path Group: clk
Path Type: max

Fanout     Cap    Slew   Delay    Time   Description
-----------------------------------------------------------------------------
                  0.15    7.00    7.00   clock clk' (rise edge)
                          0.00    7.00   clock network delay (ideal)
                  0.15    0.00    7.00 ^ _3440_/CLK (sky130_fd_sc_hd__dfxtp_2)
                  0.96    1.05    8.05 ^ _3440_/Q (sky130_fd_sc_hd__dfxtp_2)
    54    0.19                           i_spi_reg.falling_edge_detector_sof.rstb (net)
                  0.96    0.00    8.05 ^ _1769_/A (sky130_fd_sc_hd__buf_2)
                  0.22    0.40    8.45 ^ _1769_/X (sky130_fd_sc_hd__buf_2)
    13    0.04                           _1462_ (net)
                  0.22    0.00    8.45 ^ _1803_/A (sky130_fd_sc_hd__inv_2)
                  0.07    0.09    8.54 v _1803_/Y (sky130_fd_sc_hd__inv_2)
     6    0.01                           _1495_ (net)
                  0.07    0.00    8.54 v _1804_/A (sky130_fd_sc_hd__buf_2)
                  0.06    0.17    8.71 v _1804_/X (sky130_fd_sc_hd__buf_2)
    10    0.02                           _1496_ (net)
                  0.06    0.00    8.71 v _2075_/A (sky130_fd_sc_hd__buf_1)
                  0.35    0.36    9.07 v _2075_/X (sky130_fd_sc_hd__buf_1)
    15    0.06                           _1708_ (net)
                  0.35    0.00    9.07 v _2111_/B1 (sky130_fd_sc_hd__a21oi_2)
                  0.11    0.20    9.27 ^ _2111_/Y (sky130_fd_sc_hd__a21oi_2)
     1    0.00                           _0073_ (net)
                  0.11    0.00    9.27 ^ _3512_/D (sky130_fd_sc_hd__dfxtp_2)
                                  9.27   data arrival time

                  0.15   14.00   14.00   clock clk (rise edge)
                          0.00   14.00   clock network delay (ideal)
                         -0.25   13.75   clock uncertainty
                          0.00   13.75   clock reconvergence pessimism
                                 13.75 ^ _3512_/CLK (sky130_fd_sc_hd__dfxtp_2)
                         -0.06   13.69   library setup time
                                 13.69   data required time
-----------------------------------------------------------------------------
                                 13.69   data required time
                                 -9.27   data arrival time
-----------------------------------------------------------------------------
                                  4.42   slack (MET)


Startpoint: _3440_ (rising edge-triggered flip-flop clocked by clk')
Endpoint: _3513_ (rising edge-triggered flip-flop clocked by clk)
Path Group: clk
Path Type: max

Fanout     Cap    Slew   Delay    Time   Description
-----------------------------------------------------------------------------
                  0.15    7.00    7.00   clock clk' (rise edge)
                          0.00    7.00   clock network delay (ideal)
                  0.15    0.00    7.00 ^ _3440_/CLK (sky130_fd_sc_hd__dfxtp_2)
                  0.96    1.05    8.05 ^ _3440_/Q (sky130_fd_sc_hd__dfxtp_2)
    54    0.19                           i_spi_reg.falling_edge_detector_sof.rstb (net)
                  0.96    0.00    8.05 ^ _1769_/A (sky130_fd_sc_hd__buf_2)
                  0.22    0.40    8.45 ^ _1769_/X (sky130_fd_sc_hd__buf_2)
    13    0.04                           _1462_ (net)
                  0.22    0.00    8.45 ^ _1803_/A (sky130_fd_sc_hd__inv_2)
                  0.07    0.09    8.54 v _1803_/Y (sky130_fd_sc_hd__inv_2)
     6    0.01                           _1495_ (net)
                  0.07    0.00    8.54 v _1804_/A (sky130_fd_sc_hd__buf_2)
                  0.06    0.17    8.71 v _1804_/X (sky130_fd_sc_hd__buf_2)
    10    0.02                           _1496_ (net)
                  0.06    0.00    8.71 v _2075_/A (sky130_fd_sc_hd__buf_1)
                  0.35    0.36    9.07 v _2075_/X (sky130_fd_sc_hd__buf_1)
    15    0.06                           _1708_ (net)
                  0.35    0.00    9.07 v _2114_/B1 (sky130_fd_sc_hd__a21oi_2)
                  0.11    0.20    9.27 ^ _2114_/Y (sky130_fd_sc_hd__a21oi_2)
     1    0.00                           _0074_ (net)
                  0.11    0.00    9.27 ^ _3513_/D (sky130_fd_sc_hd__dfxtp_2)
                                  9.27   data arrival time

                  0.15   14.00   14.00   clock clk (rise edge)
                          0.00   14.00   clock network delay (ideal)
                         -0.25   13.75   clock uncertainty
                          0.00   13.75   clock reconvergence pessimism
                                 13.75 ^ _3513_/CLK (sky130_fd_sc_hd__dfxtp_2)
                         -0.06   13.69   library setup time
                                 13.69   data required time
-----------------------------------------------------------------------------
                                 13.69   data required time
                                 -9.27   data arrival time
-----------------------------------------------------------------------------
                                  4.42   slack (MET)


Startpoint: _3440_ (rising edge-triggered flip-flop clocked by clk')
Endpoint: _3514_ (rising edge-triggered flip-flop clocked by clk)
Path Group: clk
Path Type: max

Fanout     Cap    Slew   Delay    Time   Description
-----------------------------------------------------------------------------
                  0.15    7.00    7.00   clock clk' (rise edge)
                          0.00    7.00   clock network delay (ideal)
                  0.15    0.00    7.00 ^ _3440_/CLK (sky130_fd_sc_hd__dfxtp_2)
                  0.96    1.05    8.05 ^ _3440_/Q (sky130_fd_sc_hd__dfxtp_2)
    54    0.19                           i_spi_reg.falling_edge_detector_sof.rstb (net)
                  0.96    0.00    8.05 ^ _1769_/A (sky130_fd_sc_hd__buf_2)
                  0.22    0.40    8.45 ^ _1769_/X (sky130_fd_sc_hd__buf_2)
    13    0.04                           _1462_ (net)
                  0.22    0.00    8.45 ^ _1803_/A (sky130_fd_sc_hd__inv_2)
                  0.07    0.09    8.54 v _1803_/Y (sky130_fd_sc_hd__inv_2)
     6    0.01                           _1495_ (net)
                  0.07    0.00    8.54 v _1804_/A (sky130_fd_sc_hd__buf_2)
                  0.06    0.17    8.71 v _1804_/X (sky130_fd_sc_hd__buf_2)
    10    0.02                           _1496_ (net)
                  0.06    0.00    8.71 v _2075_/A (sky130_fd_sc_hd__buf_1)
                  0.35    0.36    9.07 v _2075_/X (sky130_fd_sc_hd__buf_1)
    15    0.06                           _1708_ (net)
                  0.35    0.00    9.07 v _2117_/B1 (sky130_fd_sc_hd__a21oi_2)
                  0.11    0.20    9.27 ^ _2117_/Y (sky130_fd_sc_hd__a21oi_2)
     1    0.00                           _0075_ (net)
                  0.11    0.00    9.27 ^ _3514_/D (sky130_fd_sc_hd__dfxtp_2)
                                  9.27   data arrival time

                  0.15   14.00   14.00   clock clk (rise edge)
                          0.00   14.00   clock network delay (ideal)
                         -0.25   13.75   clock uncertainty
                          0.00   13.75   clock reconvergence pessimism
                                 13.75 ^ _3514_/CLK (sky130_fd_sc_hd__dfxtp_2)
                         -0.06   13.69   library setup time
                                 13.69   data required time
-----------------------------------------------------------------------------
                                 13.69   data required time
                                 -9.27   data arrival time
-----------------------------------------------------------------------------
                                  4.42   slack (MET)


Startpoint: _3440_ (rising edge-triggered flip-flop clocked by clk')
Endpoint: _3515_ (rising edge-triggered flip-flop clocked by clk)
Path Group: clk
Path Type: max

Fanout     Cap    Slew   Delay    Time   Description
-----------------------------------------------------------------------------
                  0.15    7.00    7.00   clock clk' (rise edge)
                          0.00    7.00   clock network delay (ideal)
                  0.15    0.00    7.00 ^ _3440_/CLK (sky130_fd_sc_hd__dfxtp_2)
                  0.96    1.05    8.05 ^ _3440_/Q (sky130_fd_sc_hd__dfxtp_2)
    54    0.19                           i_spi_reg.falling_edge_detector_sof.rstb (net)
                  0.96    0.00    8.05 ^ _1769_/A (sky130_fd_sc_hd__buf_2)
                  0.22    0.40    8.45 ^ _1769_/X (sky130_fd_sc_hd__buf_2)
    13    0.04                           _1462_ (net)
                  0.22    0.00    8.45 ^ _1803_/A (sky130_fd_sc_hd__inv_2)
                  0.07    0.09    8.54 v _1803_/Y (sky130_fd_sc_hd__inv_2)
     6    0.01                           _1495_ (net)
                  0.07    0.00    8.54 v _1804_/A (sky130_fd_sc_hd__buf_2)
                  0.06    0.17    8.71 v _1804_/X (sky130_fd_sc_hd__buf_2)
    10    0.02                           _1496_ (net)
                  0.06    0.00    8.71 v _2075_/A (sky130_fd_sc_hd__buf_1)
                  0.35    0.36    9.07 v _2075_/X (sky130_fd_sc_hd__buf_1)
    15    0.06                           _1708_ (net)
                  0.35    0.00    9.07 v _2120_/B1 (sky130_fd_sc_hd__a21oi_2)
                  0.11    0.20    9.27 ^ _2120_/Y (sky130_fd_sc_hd__a21oi_2)
     1    0.00                           _0076_ (net)
                  0.11    0.00    9.27 ^ _3515_/D (sky130_fd_sc_hd__dfxtp_2)
                                  9.27   data arrival time

                  0.15   14.00   14.00   clock clk (rise edge)
                          0.00   14.00   clock network delay (ideal)
                         -0.25   13.75   clock uncertainty
                          0.00   13.75   clock reconvergence pessimism
                                 13.75 ^ _3515_/CLK (sky130_fd_sc_hd__dfxtp_2)
                         -0.06   13.69   library setup time
                                 13.69   data required time
-----------------------------------------------------------------------------
                                 13.69   data required time
                                 -9.27   data arrival time
-----------------------------------------------------------------------------
                                  4.42   slack (MET)


Startpoint: _3440_ (rising edge-triggered flip-flop clocked by clk')
Endpoint: _3627_ (rising edge-triggered flip-flop clocked by clk)
Path Group: clk
Path Type: max

Fanout     Cap    Slew   Delay    Time   Description
-----------------------------------------------------------------------------
                  0.15    7.00    7.00   clock clk' (rise edge)
                          0.00    7.00   clock network delay (ideal)
                  0.15    0.00    7.00 ^ _3440_/CLK (sky130_fd_sc_hd__dfxtp_2)
                  0.96    1.05    8.05 ^ _3440_/Q (sky130_fd_sc_hd__dfxtp_2)
    54    0.19                           i_spi_reg.falling_edge_detector_sof.rstb (net)
                  0.96    0.00    8.05 ^ _1769_/A (sky130_fd_sc_hd__buf_2)
                  0.22    0.40    8.45 ^ _1769_/X (sky130_fd_sc_hd__buf_2)
    13    0.04                           _1462_ (net)
                  0.22    0.00    8.45 ^ _1803_/A (sky130_fd_sc_hd__inv_2)
                  0.07    0.09    8.54 v _1803_/Y (sky130_fd_sc_hd__inv_2)
     6    0.01                           _1495_ (net)
                  0.07    0.00    8.54 v _2380_/A (sky130_fd_sc_hd__nor2_2)
                  0.15    0.17    8.71 ^ _2380_/Y (sky130_fd_sc_hd__nor2_2)
     3    0.01                           _0555_ (net)
                  0.15    0.00    8.71 ^ _2729_/A (sky130_fd_sc_hd__buf_2)
                  0.37    0.39    9.10 ^ _2729_/X (sky130_fd_sc_hd__buf_2)
    15    0.08                           _0840_ (net)
                  0.37    0.00    9.10 ^ _2770_/B1 (sky130_fd_sc_hd__o211ai_4)
                  0.08    0.11    9.21 v _2770_/Y (sky130_fd_sc_hd__o211ai_4)
     1    0.00                           _0188_ (net)
                  0.08    0.00    9.21 v _3627_/D (sky130_fd_sc_hd__dfxtp_2)
                                  9.21   data arrival time

                  0.15   14.00   14.00   clock clk (rise edge)
                          0.00   14.00   clock network delay (ideal)
                         -0.25   13.75   clock uncertainty
                          0.00   13.75   clock reconvergence pessimism
                                 13.75 ^ _3627_/CLK (sky130_fd_sc_hd__dfxtp_2)
                         -0.10   13.65   library setup time
                                 13.65   data required time
-----------------------------------------------------------------------------
                                 13.65   data required time
                                 -9.21   data arrival time
-----------------------------------------------------------------------------
                                  4.44   slack (MET)


Startpoint: _3440_ (rising edge-triggered flip-flop clocked by clk')
Endpoint: _3531_ (rising edge-triggered flip-flop clocked by clk)
Path Group: clk
Path Type: max

Fanout     Cap    Slew   Delay    Time   Description
-----------------------------------------------------------------------------
                  0.15    7.00    7.00   clock clk' (rise edge)
                          0.00    7.00   clock network delay (ideal)
                  0.15    0.00    7.00 ^ _3440_/CLK (sky130_fd_sc_hd__dfxtp_2)
                  0.96    1.05    8.05 ^ _3440_/Q (sky130_fd_sc_hd__dfxtp_2)
    54    0.19                           i_spi_reg.falling_edge_detector_sof.rstb (net)
                  0.96    0.00    8.05 ^ _1769_/A (sky130_fd_sc_hd__buf_2)
                  0.22    0.40    8.45 ^ _1769_/X (sky130_fd_sc_hd__buf_2)
    13    0.04                           _1462_ (net)
                  0.22    0.00    8.45 ^ _1803_/A (sky130_fd_sc_hd__inv_2)
                  0.07    0.09    8.54 v _1803_/Y (sky130_fd_sc_hd__inv_2)
     6    0.01                           _1495_ (net)
                  0.07    0.00    8.54 v _1804_/A (sky130_fd_sc_hd__buf_2)
                  0.06    0.17    8.71 v _1804_/X (sky130_fd_sc_hd__buf_2)
    10    0.02                           _1496_ (net)
                  0.06    0.00    8.71 v _2226_/A (sky130_fd_sc_hd__buf_2)
                  0.27    0.34    9.05 v _2226_/X (sky130_fd_sc_hd__buf_2)
    15    0.12                           _0421_ (net)
                  0.27    0.00    9.05 v _2227_/B1 (sky130_fd_sc_hd__a21oi_4)
                  0.10    0.18    9.24 ^ _2227_/Y (sky130_fd_sc_hd__a21oi_4)
     1    0.00                           _0092_ (net)
                  0.10    0.00    9.24 ^ _3531_/D (sky130_fd_sc_hd__dfxtp_2)
                                  9.24   data arrival time

                  0.15   14.00   14.00   clock clk (rise edge)
                          0.00   14.00   clock network delay (ideal)
                         -0.25   13.75   clock uncertainty
                          0.00   13.75   clock reconvergence pessimism
                                 13.75 ^ _3531_/CLK (sky130_fd_sc_hd__dfxtp_2)
                         -0.06   13.69   library setup time
                                 13.69   data required time
-----------------------------------------------------------------------------
                                 13.69   data required time
                                 -9.24   data arrival time
-----------------------------------------------------------------------------
                                  4.46   slack (MET)


Startpoint: _3440_ (rising edge-triggered flip-flop clocked by clk')
Endpoint: _3532_ (rising edge-triggered flip-flop clocked by clk)
Path Group: clk
Path Type: max

Fanout     Cap    Slew   Delay    Time   Description
-----------------------------------------------------------------------------
                  0.15    7.00    7.00   clock clk' (rise edge)
                          0.00    7.00   clock network delay (ideal)
                  0.15    0.00    7.00 ^ _3440_/CLK (sky130_fd_sc_hd__dfxtp_2)
                  0.96    1.05    8.05 ^ _3440_/Q (sky130_fd_sc_hd__dfxtp_2)
    54    0.19                           i_spi_reg.falling_edge_detector_sof.rstb (net)
                  0.96    0.00    8.05 ^ _1769_/A (sky130_fd_sc_hd__buf_2)
                  0.22    0.40    8.45 ^ _1769_/X (sky130_fd_sc_hd__buf_2)
    13    0.04                           _1462_ (net)
                  0.22    0.00    8.45 ^ _1803_/A (sky130_fd_sc_hd__inv_2)
                  0.07    0.09    8.54 v _1803_/Y (sky130_fd_sc_hd__inv_2)
     6    0.01                           _1495_ (net)
                  0.07    0.00    8.54 v _1804_/A (sky130_fd_sc_hd__buf_2)
                  0.06    0.17    8.71 v _1804_/X (sky130_fd_sc_hd__buf_2)
    10    0.02                           _1496_ (net)
                  0.06    0.00    8.71 v _2226_/A (sky130_fd_sc_hd__buf_2)
                  0.27    0.34    9.05 v _2226_/X (sky130_fd_sc_hd__buf_2)
    15    0.12                           _0421_ (net)
                  0.27    0.00    9.05 v _2233_/B1 (sky130_fd_sc_hd__a21oi_4)
                  0.10    0.18    9.24 ^ _2233_/Y (sky130_fd_sc_hd__a21oi_4)
     1    0.00                           _0093_ (net)
                  0.10    0.00    9.24 ^ _3532_/D (sky130_fd_sc_hd__dfxtp_2)
                                  9.24   data arrival time

                  0.15   14.00   14.00   clock clk (rise edge)
                          0.00   14.00   clock network delay (ideal)
                         -0.25   13.75   clock uncertainty
                          0.00   13.75   clock reconvergence pessimism
                                 13.75 ^ _3532_/CLK (sky130_fd_sc_hd__dfxtp_2)
                         -0.06   13.69   library setup time
                                 13.69   data required time
-----------------------------------------------------------------------------
                                 13.69   data required time
                                 -9.24   data arrival time
-----------------------------------------------------------------------------
                                  4.46   slack (MET)


Startpoint: _3440_ (rising edge-triggered flip-flop clocked by clk')
Endpoint: _3533_ (rising edge-triggered flip-flop clocked by clk)
Path Group: clk
Path Type: max

Fanout     Cap    Slew   Delay    Time   Description
-----------------------------------------------------------------------------
                  0.15    7.00    7.00   clock clk' (rise edge)
                          0.00    7.00   clock network delay (ideal)
                  0.15    0.00    7.00 ^ _3440_/CLK (sky130_fd_sc_hd__dfxtp_2)
                  0.96    1.05    8.05 ^ _3440_/Q (sky130_fd_sc_hd__dfxtp_2)
    54    0.19                           i_spi_reg.falling_edge_detector_sof.rstb (net)
                  0.96    0.00    8.05 ^ _1769_/A (sky130_fd_sc_hd__buf_2)
                  0.22    0.40    8.45 ^ _1769_/X (sky130_fd_sc_hd__buf_2)
    13    0.04                           _1462_ (net)
                  0.22    0.00    8.45 ^ _1803_/A (sky130_fd_sc_hd__inv_2)
                  0.07    0.09    8.54 v _1803_/Y (sky130_fd_sc_hd__inv_2)
     6    0.01                           _1495_ (net)
                  0.07    0.00    8.54 v _1804_/A (sky130_fd_sc_hd__buf_2)
                  0.06    0.17    8.71 v _1804_/X (sky130_fd_sc_hd__buf_2)
    10    0.02                           _1496_ (net)
                  0.06    0.00    8.71 v _2226_/A (sky130_fd_sc_hd__buf_2)
                  0.27    0.34    9.05 v _2226_/X (sky130_fd_sc_hd__buf_2)
    15    0.12                           _0421_ (net)
                  0.27    0.00    9.05 v _2239_/B1 (sky130_fd_sc_hd__a21oi_4)
                  0.10    0.18    9.24 ^ _2239_/Y (sky130_fd_sc_hd__a21oi_4)
     1    0.00                           _0094_ (net)
                  0.10    0.00    9.24 ^ _3533_/D (sky130_fd_sc_hd__dfxtp_2)
                                  9.24   data arrival time

                  0.15   14.00   14.00   clock clk (rise edge)
                          0.00   14.00   clock network delay (ideal)
                         -0.25   13.75   clock uncertainty
                          0.00   13.75   clock reconvergence pessimism
                                 13.75 ^ _3533_/CLK (sky130_fd_sc_hd__dfxtp_2)
                         -0.06   13.69   library setup time
                                 13.69   data required time
-----------------------------------------------------------------------------
                                 13.69   data required time
                                 -9.24   data arrival time
-----------------------------------------------------------------------------
                                  4.46   slack (MET)


Startpoint: _3440_ (rising edge-triggered flip-flop clocked by clk')
Endpoint: _3534_ (rising edge-triggered flip-flop clocked by clk)
Path Group: clk
Path Type: max

Fanout     Cap    Slew   Delay    Time   Description
-----------------------------------------------------------------------------
                  0.15    7.00    7.00   clock clk' (rise edge)
                          0.00    7.00   clock network delay (ideal)
                  0.15    0.00    7.00 ^ _3440_/CLK (sky130_fd_sc_hd__dfxtp_2)
                  0.96    1.05    8.05 ^ _3440_/Q (sky130_fd_sc_hd__dfxtp_2)
    54    0.19                           i_spi_reg.falling_edge_detector_sof.rstb (net)
                  0.96    0.00    8.05 ^ _1769_/A (sky130_fd_sc_hd__buf_2)
                  0.22    0.40    8.45 ^ _1769_/X (sky130_fd_sc_hd__buf_2)
    13    0.04                           _1462_ (net)
                  0.22    0.00    8.45 ^ _1803_/A (sky130_fd_sc_hd__inv_2)
                  0.07    0.09    8.54 v _1803_/Y (sky130_fd_sc_hd__inv_2)
     6    0.01                           _1495_ (net)
                  0.07    0.00    8.54 v _1804_/A (sky130_fd_sc_hd__buf_2)
                  0.06    0.17    8.71 v _1804_/X (sky130_fd_sc_hd__buf_2)
    10    0.02                           _1496_ (net)
                  0.06    0.00    8.71 v _2226_/A (sky130_fd_sc_hd__buf_2)
                  0.27    0.34    9.05 v _2226_/X (sky130_fd_sc_hd__buf_2)
    15    0.12                           _0421_ (net)
                  0.27    0.00    9.05 v _2245_/B1 (sky130_fd_sc_hd__a21oi_4)
                  0.10    0.18    9.24 ^ _2245_/Y (sky130_fd_sc_hd__a21oi_4)
     1    0.00                           _0095_ (net)
                  0.10    0.00    9.24 ^ _3534_/D (sky130_fd_sc_hd__dfxtp_2)
                                  9.24   data arrival time

                  0.15   14.00   14.00   clock clk (rise edge)
                          0.00   14.00   clock network delay (ideal)
                         -0.25   13.75   clock uncertainty
                          0.00   13.75   clock reconvergence pessimism
                                 13.75 ^ _3534_/CLK (sky130_fd_sc_hd__dfxtp_2)
                         -0.06   13.69   library setup time
                                 13.69   data required time
-----------------------------------------------------------------------------
                                 13.69   data required time
                                 -9.24   data arrival time
-----------------------------------------------------------------------------
                                  4.46   slack (MET)


Startpoint: _3440_ (rising edge-triggered flip-flop clocked by clk')
Endpoint: _3535_ (rising edge-triggered flip-flop clocked by clk)
Path Group: clk
Path Type: max

Fanout     Cap    Slew   Delay    Time   Description
-----------------------------------------------------------------------------
                  0.15    7.00    7.00   clock clk' (rise edge)
                          0.00    7.00   clock network delay (ideal)
                  0.15    0.00    7.00 ^ _3440_/CLK (sky130_fd_sc_hd__dfxtp_2)
                  0.96    1.05    8.05 ^ _3440_/Q (sky130_fd_sc_hd__dfxtp_2)
    54    0.19                           i_spi_reg.falling_edge_detector_sof.rstb (net)
                  0.96    0.00    8.05 ^ _1769_/A (sky130_fd_sc_hd__buf_2)
                  0.22    0.40    8.45 ^ _1769_/X (sky130_fd_sc_hd__buf_2)
    13    0.04                           _1462_ (net)
                  0.22    0.00    8.45 ^ _1803_/A (sky130_fd_sc_hd__inv_2)
                  0.07    0.09    8.54 v _1803_/Y (sky130_fd_sc_hd__inv_2)
     6    0.01                           _1495_ (net)
                  0.07    0.00    8.54 v _1804_/A (sky130_fd_sc_hd__buf_2)
                  0.06    0.17    8.71 v _1804_/X (sky130_fd_sc_hd__buf_2)
    10    0.02                           _1496_ (net)
                  0.06    0.00    8.71 v _2226_/A (sky130_fd_sc_hd__buf_2)
                  0.27    0.34    9.05 v _2226_/X (sky130_fd_sc_hd__buf_2)
    15    0.12                           _0421_ (net)
                  0.27    0.00    9.05 v _2256_/B1 (sky130_fd_sc_hd__a21oi_4)
                  0.10    0.18    9.24 ^ _2256_/Y (sky130_fd_sc_hd__a21oi_4)
     1    0.00                           _0096_ (net)
                  0.10    0.00    9.24 ^ _3535_/D (sky130_fd_sc_hd__dfxtp_2)
                                  9.24   data arrival time

                  0.15   14.00   14.00   clock clk (rise edge)
                          0.00   14.00   clock network delay (ideal)
                         -0.25   13.75   clock uncertainty
                          0.00   13.75   clock reconvergence pessimism
                                 13.75 ^ _3535_/CLK (sky130_fd_sc_hd__dfxtp_2)
                         -0.06   13.69   library setup time
                                 13.69   data required time
-----------------------------------------------------------------------------
                                 13.69   data required time
                                 -9.24   data arrival time
-----------------------------------------------------------------------------
                                  4.46   slack (MET)


Startpoint: _3440_ (rising edge-triggered flip-flop clocked by clk')
Endpoint: _3536_ (rising edge-triggered flip-flop clocked by clk)
Path Group: clk
Path Type: max

Fanout     Cap    Slew   Delay    Time   Description
-----------------------------------------------------------------------------
                  0.15    7.00    7.00   clock clk' (rise edge)
                          0.00    7.00   clock network delay (ideal)
                  0.15    0.00    7.00 ^ _3440_/CLK (sky130_fd_sc_hd__dfxtp_2)
                  0.96    1.05    8.05 ^ _3440_/Q (sky130_fd_sc_hd__dfxtp_2)
    54    0.19                           i_spi_reg.falling_edge_detector_sof.rstb (net)
                  0.96    0.00    8.05 ^ _1769_/A (sky130_fd_sc_hd__buf_2)
                  0.22    0.40    8.45 ^ _1769_/X (sky130_fd_sc_hd__buf_2)
    13    0.04                           _1462_ (net)
                  0.22    0.00    8.45 ^ _1803_/A (sky130_fd_sc_hd__inv_2)
                  0.07    0.09    8.54 v _1803_/Y (sky130_fd_sc_hd__inv_2)
     6    0.01                           _1495_ (net)
                  0.07    0.00    8.54 v _1804_/A (sky130_fd_sc_hd__buf_2)
                  0.06    0.17    8.71 v _1804_/X (sky130_fd_sc_hd__buf_2)
    10    0.02                           _1496_ (net)
                  0.06    0.00    8.71 v _2226_/A (sky130_fd_sc_hd__buf_2)
                  0.27    0.34    9.05 v _2226_/X (sky130_fd_sc_hd__buf_2)
    15    0.12                           _0421_ (net)
                  0.27    0.00    9.05 v _2262_/B1 (sky130_fd_sc_hd__a21oi_4)
                  0.10    0.18    9.24 ^ _2262_/Y (sky130_fd_sc_hd__a21oi_4)
     1    0.00                           _0097_ (net)
                  0.10    0.00    9.24 ^ _3536_/D (sky130_fd_sc_hd__dfxtp_2)
                                  9.24   data arrival time

                  0.15   14.00   14.00   clock clk (rise edge)
                          0.00   14.00   clock network delay (ideal)
                         -0.25   13.75   clock uncertainty
                          0.00   13.75   clock reconvergence pessimism
                                 13.75 ^ _3536_/CLK (sky130_fd_sc_hd__dfxtp_2)
                         -0.06   13.69   library setup time
                                 13.69   data required time
-----------------------------------------------------------------------------
                                 13.69   data required time
                                 -9.24   data arrival time
-----------------------------------------------------------------------------
                                  4.46   slack (MET)


Startpoint: _3440_ (rising edge-triggered flip-flop clocked by clk')
Endpoint: _3537_ (rising edge-triggered flip-flop clocked by clk)
Path Group: clk
Path Type: max

Fanout     Cap    Slew   Delay    Time   Description
-----------------------------------------------------------------------------
                  0.15    7.00    7.00   clock clk' (rise edge)
                          0.00    7.00   clock network delay (ideal)
                  0.15    0.00    7.00 ^ _3440_/CLK (sky130_fd_sc_hd__dfxtp_2)
                  0.96    1.05    8.05 ^ _3440_/Q (sky130_fd_sc_hd__dfxtp_2)
    54    0.19                           i_spi_reg.falling_edge_detector_sof.rstb (net)
                  0.96    0.00    8.05 ^ _1769_/A (sky130_fd_sc_hd__buf_2)
                  0.22    0.40    8.45 ^ _1769_/X (sky130_fd_sc_hd__buf_2)
    13    0.04                           _1462_ (net)
                  0.22    0.00    8.45 ^ _1803_/A (sky130_fd_sc_hd__inv_2)
                  0.07    0.09    8.54 v _1803_/Y (sky130_fd_sc_hd__inv_2)
     6    0.01                           _1495_ (net)
                  0.07    0.00    8.54 v _1804_/A (sky130_fd_sc_hd__buf_2)
                  0.06    0.17    8.71 v _1804_/X (sky130_fd_sc_hd__buf_2)
    10    0.02                           _1496_ (net)
                  0.06    0.00    8.71 v _2226_/A (sky130_fd_sc_hd__buf_2)
                  0.27    0.34    9.05 v _2226_/X (sky130_fd_sc_hd__buf_2)
    15    0.12                           _0421_ (net)
                  0.27    0.00    9.05 v _2268_/B1 (sky130_fd_sc_hd__a21oi_4)
                  0.10    0.18    9.24 ^ _2268_/Y (sky130_fd_sc_hd__a21oi_4)
     1    0.00                           _0098_ (net)
                  0.10    0.00    9.24 ^ _3537_/D (sky130_fd_sc_hd__dfxtp_2)
                                  9.24   data arrival time

                  0.15   14.00   14.00   clock clk (rise edge)
                          0.00   14.00   clock network delay (ideal)
                         -0.25   13.75   clock uncertainty
                          0.00   13.75   clock reconvergence pessimism
                                 13.75 ^ _3537_/CLK (sky130_fd_sc_hd__dfxtp_2)
                         -0.06   13.69   library setup time
                                 13.69   data required time
-----------------------------------------------------------------------------
                                 13.69   data required time
                                 -9.24   data arrival time
-----------------------------------------------------------------------------
                                  4.46   slack (MET)


Startpoint: _3440_ (rising edge-triggered flip-flop clocked by clk')
Endpoint: _3538_ (rising edge-triggered flip-flop clocked by clk)
Path Group: clk
Path Type: max

Fanout     Cap    Slew   Delay    Time   Description
-----------------------------------------------------------------------------
                  0.15    7.00    7.00   clock clk' (rise edge)
                          0.00    7.00   clock network delay (ideal)
                  0.15    0.00    7.00 ^ _3440_/CLK (sky130_fd_sc_hd__dfxtp_2)
                  0.96    1.05    8.05 ^ _3440_/Q (sky130_fd_sc_hd__dfxtp_2)
    54    0.19                           i_spi_reg.falling_edge_detector_sof.rstb (net)
                  0.96    0.00    8.05 ^ _1769_/A (sky130_fd_sc_hd__buf_2)
                  0.22    0.40    8.45 ^ _1769_/X (sky130_fd_sc_hd__buf_2)
    13    0.04                           _1462_ (net)
                  0.22    0.00    8.45 ^ _1803_/A (sky130_fd_sc_hd__inv_2)
                  0.07    0.09    8.54 v _1803_/Y (sky130_fd_sc_hd__inv_2)
     6    0.01                           _1495_ (net)
                  0.07    0.00    8.54 v _1804_/A (sky130_fd_sc_hd__buf_2)
                  0.06    0.17    8.71 v _1804_/X (sky130_fd_sc_hd__buf_2)
    10    0.02                           _1496_ (net)
                  0.06    0.00    8.71 v _2226_/A (sky130_fd_sc_hd__buf_2)
                  0.27    0.34    9.05 v _2226_/X (sky130_fd_sc_hd__buf_2)
    15    0.12                           _0421_ (net)
                  0.27    0.00    9.05 v _2274_/B1 (sky130_fd_sc_hd__a21oi_4)
                  0.10    0.18    9.24 ^ _2274_/Y (sky130_fd_sc_hd__a21oi_4)
     1    0.00                           _0099_ (net)
                  0.10    0.00    9.24 ^ _3538_/D (sky130_fd_sc_hd__dfxtp_2)
                                  9.24   data arrival time

                  0.15   14.00   14.00   clock clk (rise edge)
                          0.00   14.00   clock network delay (ideal)
                         -0.25   13.75   clock uncertainty
                          0.00   13.75   clock reconvergence pessimism
                                 13.75 ^ _3538_/CLK (sky130_fd_sc_hd__dfxtp_2)
                         -0.06   13.69   library setup time
                                 13.69   data required time
-----------------------------------------------------------------------------
                                 13.69   data required time
                                 -9.24   data arrival time
-----------------------------------------------------------------------------
                                  4.46   slack (MET)


Startpoint: _3440_ (rising edge-triggered flip-flop clocked by clk')
Endpoint: _3539_ (rising edge-triggered flip-flop clocked by clk)
Path Group: clk
Path Type: max

Fanout     Cap    Slew   Delay    Time   Description
-----------------------------------------------------------------------------
                  0.15    7.00    7.00   clock clk' (rise edge)
                          0.00    7.00   clock network delay (ideal)
                  0.15    0.00    7.00 ^ _3440_/CLK (sky130_fd_sc_hd__dfxtp_2)
                  0.96    1.05    8.05 ^ _3440_/Q (sky130_fd_sc_hd__dfxtp_2)
    54    0.19                           i_spi_reg.falling_edge_detector_sof.rstb (net)
                  0.96    0.00    8.05 ^ _1769_/A (sky130_fd_sc_hd__buf_2)
                  0.22    0.40    8.45 ^ _1769_/X (sky130_fd_sc_hd__buf_2)
    13    0.04                           _1462_ (net)
                  0.22    0.00    8.45 ^ _1803_/A (sky130_fd_sc_hd__inv_2)
                  0.07    0.09    8.54 v _1803_/Y (sky130_fd_sc_hd__inv_2)
     6    0.01                           _1495_ (net)
                  0.07    0.00    8.54 v _1804_/A (sky130_fd_sc_hd__buf_2)
                  0.06    0.17    8.71 v _1804_/X (sky130_fd_sc_hd__buf_2)
    10    0.02                           _1496_ (net)
                  0.06    0.00    8.71 v _2226_/A (sky130_fd_sc_hd__buf_2)
                  0.27    0.34    9.05 v _2226_/X (sky130_fd_sc_hd__buf_2)
    15    0.12                           _0421_ (net)
                  0.27    0.00    9.05 v _2280_/B1 (sky130_fd_sc_hd__a21oi_4)
                  0.10    0.18    9.24 ^ _2280_/Y (sky130_fd_sc_hd__a21oi_4)
     1    0.00                           _0100_ (net)
                  0.10    0.00    9.24 ^ _3539_/D (sky130_fd_sc_hd__dfxtp_2)
                                  9.24   data arrival time

                  0.15   14.00   14.00   clock clk (rise edge)
                          0.00   14.00   clock network delay (ideal)
                         -0.25   13.75   clock uncertainty
                          0.00   13.75   clock reconvergence pessimism
                                 13.75 ^ _3539_/CLK (sky130_fd_sc_hd__dfxtp_2)
                         -0.06   13.69   library setup time
                                 13.69   data required time
-----------------------------------------------------------------------------
                                 13.69   data required time
                                 -9.24   data arrival time
-----------------------------------------------------------------------------
                                  4.46   slack (MET)


Startpoint: _3440_ (rising edge-triggered flip-flop clocked by clk')
Endpoint: _3540_ (rising edge-triggered flip-flop clocked by clk)
Path Group: clk
Path Type: max

Fanout     Cap    Slew   Delay    Time   Description
-----------------------------------------------------------------------------
                  0.15    7.00    7.00   clock clk' (rise edge)
                          0.00    7.00   clock network delay (ideal)
                  0.15    0.00    7.00 ^ _3440_/CLK (sky130_fd_sc_hd__dfxtp_2)
                  0.96    1.05    8.05 ^ _3440_/Q (sky130_fd_sc_hd__dfxtp_2)
    54    0.19                           i_spi_reg.falling_edge_detector_sof.rstb (net)
                  0.96    0.00    8.05 ^ _1769_/A (sky130_fd_sc_hd__buf_2)
                  0.22    0.40    8.45 ^ _1769_/X (sky130_fd_sc_hd__buf_2)
    13    0.04                           _1462_ (net)
                  0.22    0.00    8.45 ^ _1803_/A (sky130_fd_sc_hd__inv_2)
                  0.07    0.09    8.54 v _1803_/Y (sky130_fd_sc_hd__inv_2)
     6    0.01                           _1495_ (net)
                  0.07    0.00    8.54 v _1804_/A (sky130_fd_sc_hd__buf_2)
                  0.06    0.17    8.71 v _1804_/X (sky130_fd_sc_hd__buf_2)
    10    0.02                           _1496_ (net)
                  0.06    0.00    8.71 v _2226_/A (sky130_fd_sc_hd__buf_2)
                  0.27    0.34    9.05 v _2226_/X (sky130_fd_sc_hd__buf_2)
    15    0.12                           _0421_ (net)
                  0.27    0.00    9.05 v _2286_/B1 (sky130_fd_sc_hd__a21oi_4)
                  0.10    0.18    9.24 ^ _2286_/Y (sky130_fd_sc_hd__a21oi_4)
     1    0.00                           _0101_ (net)
                  0.10    0.00    9.24 ^ _3540_/D (sky130_fd_sc_hd__dfxtp_2)
                                  9.24   data arrival time

                  0.15   14.00   14.00   clock clk (rise edge)
                          0.00   14.00   clock network delay (ideal)
                         -0.25   13.75   clock uncertainty
                          0.00   13.75   clock reconvergence pessimism
                                 13.75 ^ _3540_/CLK (sky130_fd_sc_hd__dfxtp_2)
                         -0.06   13.69   library setup time
                                 13.69   data required time
-----------------------------------------------------------------------------
                                 13.69   data required time
                                 -9.24   data arrival time
-----------------------------------------------------------------------------
                                  4.46   slack (MET)


Startpoint: _3440_ (rising edge-triggered flip-flop clocked by clk')
Endpoint: _3541_ (rising edge-triggered flip-flop clocked by clk)
Path Group: clk
Path Type: max

Fanout     Cap    Slew   Delay    Time   Description
-----------------------------------------------------------------------------
                  0.15    7.00    7.00   clock clk' (rise edge)
                          0.00    7.00   clock network delay (ideal)
                  0.15    0.00    7.00 ^ _3440_/CLK (sky130_fd_sc_hd__dfxtp_2)
                  0.96    1.05    8.05 ^ _3440_/Q (sky130_fd_sc_hd__dfxtp_2)
    54    0.19                           i_spi_reg.falling_edge_detector_sof.rstb (net)
                  0.96    0.00    8.05 ^ _1769_/A (sky130_fd_sc_hd__buf_2)
                  0.22    0.40    8.45 ^ _1769_/X (sky130_fd_sc_hd__buf_2)
    13    0.04                           _1462_ (net)
                  0.22    0.00    8.45 ^ _1803_/A (sky130_fd_sc_hd__inv_2)
                  0.07    0.09    8.54 v _1803_/Y (sky130_fd_sc_hd__inv_2)
     6    0.01                           _1495_ (net)
                  0.07    0.00    8.54 v _1804_/A (sky130_fd_sc_hd__buf_2)
                  0.06    0.17    8.71 v _1804_/X (sky130_fd_sc_hd__buf_2)
    10    0.02                           _1496_ (net)
                  0.06    0.00    8.71 v _2226_/A (sky130_fd_sc_hd__buf_2)
                  0.27    0.34    9.05 v _2226_/X (sky130_fd_sc_hd__buf_2)
    15    0.12                           _0421_ (net)
                  0.27    0.00    9.05 v _2292_/B1 (sky130_fd_sc_hd__a21oi_4)
                  0.10    0.18    9.24 ^ _2292_/Y (sky130_fd_sc_hd__a21oi_4)
     1    0.00                           _0102_ (net)
                  0.10    0.00    9.24 ^ _3541_/D (sky130_fd_sc_hd__dfxtp_2)
                                  9.24   data arrival time

                  0.15   14.00   14.00   clock clk (rise edge)
                          0.00   14.00   clock network delay (ideal)
                         -0.25   13.75   clock uncertainty
                          0.00   13.75   clock reconvergence pessimism
                                 13.75 ^ _3541_/CLK (sky130_fd_sc_hd__dfxtp_2)
                         -0.06   13.69   library setup time
                                 13.69   data required time
-----------------------------------------------------------------------------
                                 13.69   data required time
                                 -9.24   data arrival time
-----------------------------------------------------------------------------
                                  4.46   slack (MET)


Startpoint: _3440_ (rising edge-triggered flip-flop clocked by clk')
Endpoint: _3542_ (rising edge-triggered flip-flop clocked by clk)
Path Group: clk
Path Type: max

Fanout     Cap    Slew   Delay    Time   Description
-----------------------------------------------------------------------------
                  0.15    7.00    7.00   clock clk' (rise edge)
                          0.00    7.00   clock network delay (ideal)
                  0.15    0.00    7.00 ^ _3440_/CLK (sky130_fd_sc_hd__dfxtp_2)
                  0.96    1.05    8.05 ^ _3440_/Q (sky130_fd_sc_hd__dfxtp_2)
    54    0.19                           i_spi_reg.falling_edge_detector_sof.rstb (net)
                  0.96    0.00    8.05 ^ _1769_/A (sky130_fd_sc_hd__buf_2)
                  0.22    0.40    8.45 ^ _1769_/X (sky130_fd_sc_hd__buf_2)
    13    0.04                           _1462_ (net)
                  0.22    0.00    8.45 ^ _1803_/A (sky130_fd_sc_hd__inv_2)
                  0.07    0.09    8.54 v _1803_/Y (sky130_fd_sc_hd__inv_2)
     6    0.01                           _1495_ (net)
                  0.07    0.00    8.54 v _1804_/A (sky130_fd_sc_hd__buf_2)
                  0.06    0.17    8.71 v _1804_/X (sky130_fd_sc_hd__buf_2)
    10    0.02                           _1496_ (net)
                  0.06    0.00    8.71 v _2226_/A (sky130_fd_sc_hd__buf_2)
                  0.27    0.34    9.05 v _2226_/X (sky130_fd_sc_hd__buf_2)
    15    0.12                           _0421_ (net)
                  0.27    0.00    9.05 v _2298_/B1 (sky130_fd_sc_hd__a21oi_4)
                  0.10    0.18    9.24 ^ _2298_/Y (sky130_fd_sc_hd__a21oi_4)
     1    0.00                           _0103_ (net)
                  0.10    0.00    9.24 ^ _3542_/D (sky130_fd_sc_hd__dfxtp_2)
                                  9.24   data arrival time

                  0.15   14.00   14.00   clock clk (rise edge)
                          0.00   14.00   clock network delay (ideal)
                         -0.25   13.75   clock uncertainty
                          0.00   13.75   clock reconvergence pessimism
                                 13.75 ^ _3542_/CLK (sky130_fd_sc_hd__dfxtp_2)
                         -0.06   13.69   library setup time
                                 13.69   data required time
-----------------------------------------------------------------------------
                                 13.69   data required time
                                 -9.24   data arrival time
-----------------------------------------------------------------------------
                                  4.46   slack (MET)


Startpoint: _3440_ (rising edge-triggered flip-flop clocked by clk')
Endpoint: _3543_ (rising edge-triggered flip-flop clocked by clk)
Path Group: clk
Path Type: max

Fanout     Cap    Slew   Delay    Time   Description
-----------------------------------------------------------------------------
                  0.15    7.00    7.00   clock clk' (rise edge)
                          0.00    7.00   clock network delay (ideal)
                  0.15    0.00    7.00 ^ _3440_/CLK (sky130_fd_sc_hd__dfxtp_2)
                  0.96    1.05    8.05 ^ _3440_/Q (sky130_fd_sc_hd__dfxtp_2)
    54    0.19                           i_spi_reg.falling_edge_detector_sof.rstb (net)
                  0.96    0.00    8.05 ^ _1769_/A (sky130_fd_sc_hd__buf_2)
                  0.22    0.40    8.45 ^ _1769_/X (sky130_fd_sc_hd__buf_2)
    13    0.04                           _1462_ (net)
                  0.22    0.00    8.45 ^ _1803_/A (sky130_fd_sc_hd__inv_2)
                  0.07    0.09    8.54 v _1803_/Y (sky130_fd_sc_hd__inv_2)
     6    0.01                           _1495_ (net)
                  0.07    0.00    8.54 v _1804_/A (sky130_fd_sc_hd__buf_2)
                  0.06    0.17    8.71 v _1804_/X (sky130_fd_sc_hd__buf_2)
    10    0.02                           _1496_ (net)
                  0.06    0.00    8.71 v _2226_/A (sky130_fd_sc_hd__buf_2)
                  0.27    0.34    9.05 v _2226_/X (sky130_fd_sc_hd__buf_2)
    15    0.12                           _0421_ (net)
                  0.27    0.00    9.05 v _2309_/B1 (sky130_fd_sc_hd__a21oi_4)
                  0.10    0.18    9.24 ^ _2309_/Y (sky130_fd_sc_hd__a21oi_4)
     1    0.00                           _0104_ (net)
                  0.10    0.00    9.24 ^ _3543_/D (sky130_fd_sc_hd__dfxtp_2)
                                  9.24   data arrival time

                  0.15   14.00   14.00   clock clk (rise edge)
                          0.00   14.00   clock network delay (ideal)
                         -0.25   13.75   clock uncertainty
                          0.00   13.75   clock reconvergence pessimism
                                 13.75 ^ _3543_/CLK (sky130_fd_sc_hd__dfxtp_2)
                         -0.06   13.69   library setup time
                                 13.69   data required time
-----------------------------------------------------------------------------
                                 13.69   data required time
                                 -9.24   data arrival time
-----------------------------------------------------------------------------
                                  4.46   slack (MET)


Startpoint: _3440_ (rising edge-triggered flip-flop clocked by clk')
Endpoint: _3544_ (rising edge-triggered flip-flop clocked by clk)
Path Group: clk
Path Type: max

Fanout     Cap    Slew   Delay    Time   Description
-----------------------------------------------------------------------------
                  0.15    7.00    7.00   clock clk' (rise edge)
                          0.00    7.00   clock network delay (ideal)
                  0.15    0.00    7.00 ^ _3440_/CLK (sky130_fd_sc_hd__dfxtp_2)
                  0.96    1.05    8.05 ^ _3440_/Q (sky130_fd_sc_hd__dfxtp_2)
    54    0.19                           i_spi_reg.falling_edge_detector_sof.rstb (net)
                  0.96    0.00    8.05 ^ _1769_/A (sky130_fd_sc_hd__buf_2)
                  0.22    0.40    8.45 ^ _1769_/X (sky130_fd_sc_hd__buf_2)
    13    0.04                           _1462_ (net)
                  0.22    0.00    8.45 ^ _1803_/A (sky130_fd_sc_hd__inv_2)
                  0.07    0.09    8.54 v _1803_/Y (sky130_fd_sc_hd__inv_2)
     6    0.01                           _1495_ (net)
                  0.07    0.00    8.54 v _1804_/A (sky130_fd_sc_hd__buf_2)
                  0.06    0.17    8.71 v _1804_/X (sky130_fd_sc_hd__buf_2)
    10    0.02                           _1496_ (net)
                  0.06    0.00    8.71 v _2226_/A (sky130_fd_sc_hd__buf_2)
                  0.27    0.34    9.05 v _2226_/X (sky130_fd_sc_hd__buf_2)
    15    0.12                           _0421_ (net)
                  0.27    0.00    9.05 v _2319_/B1 (sky130_fd_sc_hd__a21oi_4)
                  0.10    0.18    9.24 ^ _2319_/Y (sky130_fd_sc_hd__a21oi_4)
     1    0.00                           _0105_ (net)
                  0.10    0.00    9.24 ^ _3544_/D (sky130_fd_sc_hd__dfxtp_2)
                                  9.24   data arrival time

                  0.15   14.00   14.00   clock clk (rise edge)
                          0.00   14.00   clock network delay (ideal)
                         -0.25   13.75   clock uncertainty
                          0.00   13.75   clock reconvergence pessimism
                                 13.75 ^ _3544_/CLK (sky130_fd_sc_hd__dfxtp_2)
                         -0.06   13.69   library setup time
                                 13.69   data required time
-----------------------------------------------------------------------------
                                 13.69   data required time
                                 -9.24   data arrival time
-----------------------------------------------------------------------------
                                  4.46   slack (MET)


Startpoint: _3440_ (rising edge-triggered flip-flop clocked by clk')
Endpoint: _3545_ (rising edge-triggered flip-flop clocked by clk)
Path Group: clk
Path Type: max

Fanout     Cap    Slew   Delay    Time   Description
-----------------------------------------------------------------------------
                  0.15    7.00    7.00   clock clk' (rise edge)
                          0.00    7.00   clock network delay (ideal)
                  0.15    0.00    7.00 ^ _3440_/CLK (sky130_fd_sc_hd__dfxtp_2)
                  0.96    1.05    8.05 ^ _3440_/Q (sky130_fd_sc_hd__dfxtp_2)
    54    0.19                           i_spi_reg.falling_edge_detector_sof.rstb (net)
                  0.96    0.00    8.05 ^ _1769_/A (sky130_fd_sc_hd__buf_2)
                  0.22    0.40    8.45 ^ _1769_/X (sky130_fd_sc_hd__buf_2)
    13    0.04                           _1462_ (net)
                  0.22    0.00    8.45 ^ _1803_/A (sky130_fd_sc_hd__inv_2)
                  0.07    0.09    8.54 v _1803_/Y (sky130_fd_sc_hd__inv_2)
     6    0.01                           _1495_ (net)
                  0.07    0.00    8.54 v _1804_/A (sky130_fd_sc_hd__buf_2)
                  0.06    0.17    8.71 v _1804_/X (sky130_fd_sc_hd__buf_2)
    10    0.02                           _1496_ (net)
                  0.06    0.00    8.71 v _2226_/A (sky130_fd_sc_hd__buf_2)
                  0.27    0.34    9.05 v _2226_/X (sky130_fd_sc_hd__buf_2)
    15    0.12                           _0421_ (net)
                  0.27    0.00    9.05 v _2329_/B1 (sky130_fd_sc_hd__a21oi_4)
                  0.10    0.18    9.24 ^ _2329_/Y (sky130_fd_sc_hd__a21oi_4)
     1    0.00                           _0106_ (net)
                  0.10    0.00    9.24 ^ _3545_/D (sky130_fd_sc_hd__dfxtp_2)
                                  9.24   data arrival time

                  0.15   14.00   14.00   clock clk (rise edge)
                          0.00   14.00   clock network delay (ideal)
                         -0.25   13.75   clock uncertainty
                          0.00   13.75   clock reconvergence pessimism
                                 13.75 ^ _3545_/CLK (sky130_fd_sc_hd__dfxtp_2)
                         -0.06   13.69   library setup time
                                 13.69   data required time
-----------------------------------------------------------------------------
                                 13.69   data required time
                                 -9.24   data arrival time
-----------------------------------------------------------------------------
                                  4.46   slack (MET)


Startpoint: _3440_ (rising edge-triggered flip-flop clocked by clk')
Endpoint: _3615_ (rising edge-triggered flip-flop clocked by clk)
Path Group: clk
Path Type: max

Fanout     Cap    Slew   Delay    Time   Description
-----------------------------------------------------------------------------
                  0.15    7.00    7.00   clock clk' (rise edge)
                          0.00    7.00   clock network delay (ideal)
                  0.15    0.00    7.00 ^ _3440_/CLK (sky130_fd_sc_hd__dfxtp_2)
                  0.96    1.05    8.05 ^ _3440_/Q (sky130_fd_sc_hd__dfxtp_2)
    54    0.19                           i_spi_reg.falling_edge_detector_sof.rstb (net)
                  0.96    0.00    8.05 ^ _1769_/A (sky130_fd_sc_hd__buf_2)
                  0.22    0.40    8.45 ^ _1769_/X (sky130_fd_sc_hd__buf_2)
    13    0.04                           _1462_ (net)
                  0.22    0.00    8.45 ^ _1803_/A (sky130_fd_sc_hd__inv_2)
                  0.07    0.09    8.54 v _1803_/Y (sky130_fd_sc_hd__inv_2)
     6    0.01                           _1495_ (net)
                  0.07    0.00    8.54 v _2380_/A (sky130_fd_sc_hd__nor2_2)
                  0.15    0.17    8.71 ^ _2380_/Y (sky130_fd_sc_hd__nor2_2)
     3    0.01                           _0555_ (net)
                  0.15    0.00    8.71 ^ _2729_/A (sky130_fd_sc_hd__buf_2)
                  0.37    0.39    9.10 ^ _2729_/X (sky130_fd_sc_hd__buf_2)
    15    0.08                           _0840_ (net)
                  0.37    0.00    9.10 ^ _2730_/C (sky130_fd_sc_hd__nand3_2)
                  0.06    0.10    9.20 v _2730_/Y (sky130_fd_sc_hd__nand3_2)
     1    0.00                           _0176_ (net)
                  0.06    0.00    9.20 v _3615_/D (sky130_fd_sc_hd__dfxtp_2)
                                  9.20   data arrival time

                  0.15   14.00   14.00   clock clk (rise edge)
                          0.00   14.00   clock network delay (ideal)
                         -0.25   13.75   clock uncertainty
                          0.00   13.75   clock reconvergence pessimism
                                 13.75 ^ _3615_/CLK (sky130_fd_sc_hd__dfxtp_2)
                         -0.10   13.65   library setup time
                                 13.65   data required time
-----------------------------------------------------------------------------
                                 13.65   data required time
                                 -9.20   data arrival time
-----------------------------------------------------------------------------
                                  4.46   slack (MET)


Startpoint: _3440_ (rising edge-triggered flip-flop clocked by clk')
Endpoint: _3616_ (rising edge-triggered flip-flop clocked by clk)
Path Group: clk
Path Type: max

Fanout     Cap    Slew   Delay    Time   Description
-----------------------------------------------------------------------------
                  0.15    7.00    7.00   clock clk' (rise edge)
                          0.00    7.00   clock network delay (ideal)
                  0.15    0.00    7.00 ^ _3440_/CLK (sky130_fd_sc_hd__dfxtp_2)
                  0.96    1.05    8.05 ^ _3440_/Q (sky130_fd_sc_hd__dfxtp_2)
    54    0.19                           i_spi_reg.falling_edge_detector_sof.rstb (net)
                  0.96    0.00    8.05 ^ _1769_/A (sky130_fd_sc_hd__buf_2)
                  0.22    0.40    8.45 ^ _1769_/X (sky130_fd_sc_hd__buf_2)
    13    0.04                           _1462_ (net)
                  0.22    0.00    8.45 ^ _1803_/A (sky130_fd_sc_hd__inv_2)
                  0.07    0.09    8.54 v _1803_/Y (sky130_fd_sc_hd__inv_2)
     6    0.01                           _1495_ (net)
                  0.07    0.00    8.54 v _2380_/A (sky130_fd_sc_hd__nor2_2)
                  0.15    0.17    8.71 ^ _2380_/Y (sky130_fd_sc_hd__nor2_2)
     3    0.01                           _0555_ (net)
                  0.15    0.00    8.71 ^ _2729_/A (sky130_fd_sc_hd__buf_2)
                  0.37    0.39    9.10 ^ _2729_/X (sky130_fd_sc_hd__buf_2)
    15    0.08                           _0840_ (net)
                  0.37    0.00    9.10 ^ _2733_/C (sky130_fd_sc_hd__nand3_2)
                  0.06    0.10    9.20 v _2733_/Y (sky130_fd_sc_hd__nand3_2)
     1    0.00                           _0177_ (net)
                  0.06    0.00    9.20 v _3616_/D (sky130_fd_sc_hd__dfxtp_2)
                                  9.20   data arrival time

                  0.15   14.00   14.00   clock clk (rise edge)
                          0.00   14.00   clock network delay (ideal)
                         -0.25   13.75   clock uncertainty
                          0.00   13.75   clock reconvergence pessimism
                                 13.75 ^ _3616_/CLK (sky130_fd_sc_hd__dfxtp_2)
                         -0.10   13.65   library setup time
                                 13.65   data required time
-----------------------------------------------------------------------------
                                 13.65   data required time
                                 -9.20   data arrival time
-----------------------------------------------------------------------------
                                  4.46   slack (MET)


Startpoint: _3440_ (rising edge-triggered flip-flop clocked by clk')
Endpoint: _3617_ (rising edge-triggered flip-flop clocked by clk)
Path Group: clk
Path Type: max

Fanout     Cap    Slew   Delay    Time   Description
-----------------------------------------------------------------------------
                  0.15    7.00    7.00   clock clk' (rise edge)
                          0.00    7.00   clock network delay (ideal)
                  0.15    0.00    7.00 ^ _3440_/CLK (sky130_fd_sc_hd__dfxtp_2)
                  0.96    1.05    8.05 ^ _3440_/Q (sky130_fd_sc_hd__dfxtp_2)
    54    0.19                           i_spi_reg.falling_edge_detector_sof.rstb (net)
                  0.96    0.00    8.05 ^ _1769_/A (sky130_fd_sc_hd__buf_2)
                  0.22    0.40    8.45 ^ _1769_/X (sky130_fd_sc_hd__buf_2)
    13    0.04                           _1462_ (net)
                  0.22    0.00    8.45 ^ _1803_/A (sky130_fd_sc_hd__inv_2)
                  0.07    0.09    8.54 v _1803_/Y (sky130_fd_sc_hd__inv_2)
     6    0.01                           _1495_ (net)
                  0.07    0.00    8.54 v _2380_/A (sky130_fd_sc_hd__nor2_2)
                  0.15    0.17    8.71 ^ _2380_/Y (sky130_fd_sc_hd__nor2_2)
     3    0.01                           _0555_ (net)
                  0.15    0.00    8.71 ^ _2729_/A (sky130_fd_sc_hd__buf_2)
                  0.37    0.39    9.10 ^ _2729_/X (sky130_fd_sc_hd__buf_2)
    15    0.08                           _0840_ (net)
                  0.37    0.00    9.10 ^ _2736_/C (sky130_fd_sc_hd__nand3_2)
                  0.06    0.10    9.20 v _2736_/Y (sky130_fd_sc_hd__nand3_2)
     1    0.00                           _0178_ (net)
                  0.06    0.00    9.20 v _3617_/D (sky130_fd_sc_hd__dfxtp_2)
                                  9.20   data arrival time

                  0.15   14.00   14.00   clock clk (rise edge)
                          0.00   14.00   clock network delay (ideal)
                         -0.25   13.75   clock uncertainty
                          0.00   13.75   clock reconvergence pessimism
                                 13.75 ^ _3617_/CLK (sky130_fd_sc_hd__dfxtp_2)
                         -0.10   13.65   library setup time
                                 13.65   data required time
-----------------------------------------------------------------------------
                                 13.65   data required time
                                 -9.20   data arrival time
-----------------------------------------------------------------------------
                                  4.46   slack (MET)


Startpoint: _3440_ (rising edge-triggered flip-flop clocked by clk')
Endpoint: _3618_ (rising edge-triggered flip-flop clocked by clk)
Path Group: clk
Path Type: max

Fanout     Cap    Slew   Delay    Time   Description
-----------------------------------------------------------------------------
                  0.15    7.00    7.00   clock clk' (rise edge)
                          0.00    7.00   clock network delay (ideal)
                  0.15    0.00    7.00 ^ _3440_/CLK (sky130_fd_sc_hd__dfxtp_2)
                  0.96    1.05    8.05 ^ _3440_/Q (sky130_fd_sc_hd__dfxtp_2)
    54    0.19                           i_spi_reg.falling_edge_detector_sof.rstb (net)
                  0.96    0.00    8.05 ^ _1769_/A (sky130_fd_sc_hd__buf_2)
                  0.22    0.40    8.45 ^ _1769_/X (sky130_fd_sc_hd__buf_2)
    13    0.04                           _1462_ (net)
                  0.22    0.00    8.45 ^ _1803_/A (sky130_fd_sc_hd__inv_2)
                  0.07    0.09    8.54 v _1803_/Y (sky130_fd_sc_hd__inv_2)
     6    0.01                           _1495_ (net)
                  0.07    0.00    8.54 v _2380_/A (sky130_fd_sc_hd__nor2_2)
                  0.15    0.17    8.71 ^ _2380_/Y (sky130_fd_sc_hd__nor2_2)
     3    0.01                           _0555_ (net)
                  0.15    0.00    8.71 ^ _2729_/A (sky130_fd_sc_hd__buf_2)
                  0.37    0.39    9.10 ^ _2729_/X (sky130_fd_sc_hd__buf_2)
    15    0.08                           _0840_ (net)
                  0.37    0.00    9.10 ^ _2739_/C (sky130_fd_sc_hd__nand3_2)
                  0.06    0.10    9.20 v _2739_/Y (sky130_fd_sc_hd__nand3_2)
     1    0.00                           _0179_ (net)
                  0.06    0.00    9.20 v _3618_/D (sky130_fd_sc_hd__dfxtp_2)
                                  9.20   data arrival time

                  0.15   14.00   14.00   clock clk (rise edge)
                          0.00   14.00   clock network delay (ideal)
                         -0.25   13.75   clock uncertainty
                          0.00   13.75   clock reconvergence pessimism
                                 13.75 ^ _3618_/CLK (sky130_fd_sc_hd__dfxtp_2)
                         -0.10   13.65   library setup time
                                 13.65   data required time
-----------------------------------------------------------------------------
                                 13.65   data required time
                                 -9.20   data arrival time
-----------------------------------------------------------------------------
                                  4.46   slack (MET)


Startpoint: _3440_ (rising edge-triggered flip-flop clocked by clk')
Endpoint: _3621_ (rising edge-triggered flip-flop clocked by clk)
Path Group: clk
Path Type: max

Fanout     Cap    Slew   Delay    Time   Description
-----------------------------------------------------------------------------
                  0.15    7.00    7.00   clock clk' (rise edge)
                          0.00    7.00   clock network delay (ideal)
                  0.15    0.00    7.00 ^ _3440_/CLK (sky130_fd_sc_hd__dfxtp_2)
                  0.96    1.05    8.05 ^ _3440_/Q (sky130_fd_sc_hd__dfxtp_2)
    54    0.19                           i_spi_reg.falling_edge_detector_sof.rstb (net)
                  0.96    0.00    8.05 ^ _1769_/A (sky130_fd_sc_hd__buf_2)
                  0.22    0.40    8.45 ^ _1769_/X (sky130_fd_sc_hd__buf_2)
    13    0.04                           _1462_ (net)
                  0.22    0.00    8.45 ^ _1803_/A (sky130_fd_sc_hd__inv_2)
                  0.07    0.09    8.54 v _1803_/Y (sky130_fd_sc_hd__inv_2)
     6    0.01                           _1495_ (net)
                  0.07    0.00    8.54 v _2380_/A (sky130_fd_sc_hd__nor2_2)
                  0.15    0.17    8.71 ^ _2380_/Y (sky130_fd_sc_hd__nor2_2)
     3    0.01                           _0555_ (net)
                  0.15    0.00    8.71 ^ _2729_/A (sky130_fd_sc_hd__buf_2)
                  0.37    0.39    9.10 ^ _2729_/X (sky130_fd_sc_hd__buf_2)
    15    0.08                           _0840_ (net)
                  0.37    0.00    9.10 ^ _2750_/C (sky130_fd_sc_hd__nand3_2)
                  0.06    0.10    9.20 v _2750_/Y (sky130_fd_sc_hd__nand3_2)
     1    0.00                           _0182_ (net)
                  0.06    0.00    9.20 v _3621_/D (sky130_fd_sc_hd__dfxtp_2)
                                  9.20   data arrival time

                  0.15   14.00   14.00   clock clk (rise edge)
                          0.00   14.00   clock network delay (ideal)
                         -0.25   13.75   clock uncertainty
                          0.00   13.75   clock reconvergence pessimism
                                 13.75 ^ _3621_/CLK (sky130_fd_sc_hd__dfxtp_2)
                         -0.10   13.65   library setup time
                                 13.65   data required time
-----------------------------------------------------------------------------
                                 13.65   data required time
                                 -9.20   data arrival time
-----------------------------------------------------------------------------
                                  4.46   slack (MET)


Startpoint: _3440_ (rising edge-triggered flip-flop clocked by clk')
Endpoint: _3622_ (rising edge-triggered flip-flop clocked by clk)
Path Group: clk
Path Type: max

Fanout     Cap    Slew   Delay    Time   Description
-----------------------------------------------------------------------------
                  0.15    7.00    7.00   clock clk' (rise edge)
                          0.00    7.00   clock network delay (ideal)
                  0.15    0.00    7.00 ^ _3440_/CLK (sky130_fd_sc_hd__dfxtp_2)
                  0.96    1.05    8.05 ^ _3440_/Q (sky130_fd_sc_hd__dfxtp_2)
    54    0.19                           i_spi_reg.falling_edge_detector_sof.rstb (net)
                  0.96    0.00    8.05 ^ _1769_/A (sky130_fd_sc_hd__buf_2)
                  0.22    0.40    8.45 ^ _1769_/X (sky130_fd_sc_hd__buf_2)
    13    0.04                           _1462_ (net)
                  0.22    0.00    8.45 ^ _1803_/A (sky130_fd_sc_hd__inv_2)
                  0.07    0.09    8.54 v _1803_/Y (sky130_fd_sc_hd__inv_2)
     6    0.01                           _1495_ (net)
                  0.07    0.00    8.54 v _2380_/A (sky130_fd_sc_hd__nor2_2)
                  0.15    0.17    8.71 ^ _2380_/Y (sky130_fd_sc_hd__nor2_2)
     3    0.01                           _0555_ (net)
                  0.15    0.00    8.71 ^ _2729_/A (sky130_fd_sc_hd__buf_2)
                  0.37    0.39    9.10 ^ _2729_/X (sky130_fd_sc_hd__buf_2)
    15    0.08                           _0840_ (net)
                  0.37    0.00    9.10 ^ _2753_/C (sky130_fd_sc_hd__nand3_2)
                  0.06    0.10    9.20 v _2753_/Y (sky130_fd_sc_hd__nand3_2)
     1    0.00                           _0183_ (net)
                  0.06    0.00    9.20 v _3622_/D (sky130_fd_sc_hd__dfxtp_2)
                                  9.20   data arrival time

                  0.15   14.00   14.00   clock clk (rise edge)
                          0.00   14.00   clock network delay (ideal)
                         -0.25   13.75   clock uncertainty
                          0.00   13.75   clock reconvergence pessimism
                                 13.75 ^ _3622_/CLK (sky130_fd_sc_hd__dfxtp_2)
                         -0.10   13.65   library setup time
                                 13.65   data required time
-----------------------------------------------------------------------------
                                 13.65   data required time
                                 -9.20   data arrival time
-----------------------------------------------------------------------------
                                  4.46   slack (MET)


Startpoint: _3440_ (rising edge-triggered flip-flop clocked by clk')
Endpoint: _3623_ (rising edge-triggered flip-flop clocked by clk)
Path Group: clk
Path Type: max

Fanout     Cap    Slew   Delay    Time   Description
-----------------------------------------------------------------------------
                  0.15    7.00    7.00   clock clk' (rise edge)
                          0.00    7.00   clock network delay (ideal)
                  0.15    0.00    7.00 ^ _3440_/CLK (sky130_fd_sc_hd__dfxtp_2)
                  0.96    1.05    8.05 ^ _3440_/Q (sky130_fd_sc_hd__dfxtp_2)
    54    0.19                           i_spi_reg.falling_edge_detector_sof.rstb (net)
                  0.96    0.00    8.05 ^ _1769_/A (sky130_fd_sc_hd__buf_2)
                  0.22    0.40    8.45 ^ _1769_/X (sky130_fd_sc_hd__buf_2)
    13    0.04                           _1462_ (net)
                  0.22    0.00    8.45 ^ _1803_/A (sky130_fd_sc_hd__inv_2)
                  0.07    0.09    8.54 v _1803_/Y (sky130_fd_sc_hd__inv_2)
     6    0.01                           _1495_ (net)
                  0.07    0.00    8.54 v _2380_/A (sky130_fd_sc_hd__nor2_2)
                  0.15    0.17    8.71 ^ _2380_/Y (sky130_fd_sc_hd__nor2_2)
     3    0.01                           _0555_ (net)
                  0.15    0.00    8.71 ^ _2729_/A (sky130_fd_sc_hd__buf_2)
                  0.37    0.39    9.10 ^ _2729_/X (sky130_fd_sc_hd__buf_2)
    15    0.08                           _0840_ (net)
                  0.37    0.00    9.10 ^ _2756_/C (sky130_fd_sc_hd__nand3_2)
                  0.06    0.10    9.20 v _2756_/Y (sky130_fd_sc_hd__nand3_2)
     1    0.00                           _0184_ (net)
                  0.06    0.00    9.20 v _3623_/D (sky130_fd_sc_hd__dfxtp_2)
                                  9.20   data arrival time

                  0.15   14.00   14.00   clock clk (rise edge)
                          0.00   14.00   clock network delay (ideal)
                         -0.25   13.75   clock uncertainty
                          0.00   13.75   clock reconvergence pessimism
                                 13.75 ^ _3623_/CLK (sky130_fd_sc_hd__dfxtp_2)
                         -0.10   13.65   library setup time
                                 13.65   data required time
-----------------------------------------------------------------------------
                                 13.65   data required time
                                 -9.20   data arrival time
-----------------------------------------------------------------------------
                                  4.46   slack (MET)


Startpoint: _3440_ (rising edge-triggered flip-flop clocked by clk')
Endpoint: _3624_ (rising edge-triggered flip-flop clocked by clk)
Path Group: clk
Path Type: max

Fanout     Cap    Slew   Delay    Time   Description
-----------------------------------------------------------------------------
                  0.15    7.00    7.00   clock clk' (rise edge)
                          0.00    7.00   clock network delay (ideal)
                  0.15    0.00    7.00 ^ _3440_/CLK (sky130_fd_sc_hd__dfxtp_2)
                  0.96    1.05    8.05 ^ _3440_/Q (sky130_fd_sc_hd__dfxtp_2)
    54    0.19                           i_spi_reg.falling_edge_detector_sof.rstb (net)
                  0.96    0.00    8.05 ^ _1769_/A (sky130_fd_sc_hd__buf_2)
                  0.22    0.40    8.45 ^ _1769_/X (sky130_fd_sc_hd__buf_2)
    13    0.04                           _1462_ (net)
                  0.22    0.00    8.45 ^ _1803_/A (sky130_fd_sc_hd__inv_2)
                  0.07    0.09    8.54 v _1803_/Y (sky130_fd_sc_hd__inv_2)
     6    0.01                           _1495_ (net)
                  0.07    0.00    8.54 v _2380_/A (sky130_fd_sc_hd__nor2_2)
                  0.15    0.17    8.71 ^ _2380_/Y (sky130_fd_sc_hd__nor2_2)
     3    0.01                           _0555_ (net)
                  0.15    0.00    8.71 ^ _2729_/A (sky130_fd_sc_hd__buf_2)
                  0.37    0.39    9.10 ^ _2729_/X (sky130_fd_sc_hd__buf_2)
    15    0.08                           _0840_ (net)
                  0.37    0.00    9.10 ^ _2759_/C (sky130_fd_sc_hd__nand3_2)
                  0.06    0.10    9.20 v _2759_/Y (sky130_fd_sc_hd__nand3_2)
     1    0.00                           _0185_ (net)
                  0.06    0.00    9.20 v _3624_/D (sky130_fd_sc_hd__dfxtp_2)
                                  9.20   data arrival time

                  0.15   14.00   14.00   clock clk (rise edge)
                          0.00   14.00   clock network delay (ideal)
                         -0.25   13.75   clock uncertainty
                          0.00   13.75   clock reconvergence pessimism
                                 13.75 ^ _3624_/CLK (sky130_fd_sc_hd__dfxtp_2)
                         -0.10   13.65   library setup time
                                 13.65   data required time
-----------------------------------------------------------------------------
                                 13.65   data required time
                                 -9.20   data arrival time
-----------------------------------------------------------------------------
                                  4.46   slack (MET)


Startpoint: _3440_ (rising edge-triggered flip-flop clocked by clk')
Endpoint: _3625_ (rising edge-triggered flip-flop clocked by clk)
Path Group: clk
Path Type: max

Fanout     Cap    Slew   Delay    Time   Description
-----------------------------------------------------------------------------
                  0.15    7.00    7.00   clock clk' (rise edge)
                          0.00    7.00   clock network delay (ideal)
                  0.15    0.00    7.00 ^ _3440_/CLK (sky130_fd_sc_hd__dfxtp_2)
                  0.96    1.05    8.05 ^ _3440_/Q (sky130_fd_sc_hd__dfxtp_2)
    54    0.19                           i_spi_reg.falling_edge_detector_sof.rstb (net)
                  0.96    0.00    8.05 ^ _1769_/A (sky130_fd_sc_hd__buf_2)
                  0.22    0.40    8.45 ^ _1769_/X (sky130_fd_sc_hd__buf_2)
    13    0.04                           _1462_ (net)
                  0.22    0.00    8.45 ^ _1803_/A (sky130_fd_sc_hd__inv_2)
                  0.07    0.09    8.54 v _1803_/Y (sky130_fd_sc_hd__inv_2)
     6    0.01                           _1495_ (net)
                  0.07    0.00    8.54 v _2380_/A (sky130_fd_sc_hd__nor2_2)
                  0.15    0.17    8.71 ^ _2380_/Y (sky130_fd_sc_hd__nor2_2)
     3    0.01                           _0555_ (net)
                  0.15    0.00    8.71 ^ _2729_/A (sky130_fd_sc_hd__buf_2)
                  0.37    0.39    9.10 ^ _2729_/X (sky130_fd_sc_hd__buf_2)
    15    0.08                           _0840_ (net)
                  0.37    0.00    9.10 ^ _2762_/C (sky130_fd_sc_hd__nand3_2)
                  0.06    0.10    9.20 v _2762_/Y (sky130_fd_sc_hd__nand3_2)
     1    0.00                           _0186_ (net)
                  0.06    0.00    9.20 v _3625_/D (sky130_fd_sc_hd__dfxtp_2)
                                  9.20   data arrival time

                  0.15   14.00   14.00   clock clk (rise edge)
                          0.00   14.00   clock network delay (ideal)
                         -0.25   13.75   clock uncertainty
                          0.00   13.75   clock reconvergence pessimism
                                 13.75 ^ _3625_/CLK (sky130_fd_sc_hd__dfxtp_2)
                         -0.10   13.65   library setup time
                                 13.65   data required time
-----------------------------------------------------------------------------
                                 13.65   data required time
                                 -9.20   data arrival time
-----------------------------------------------------------------------------
                                  4.46   slack (MET)


Startpoint: _3440_ (rising edge-triggered flip-flop clocked by clk')
Endpoint: _3626_ (rising edge-triggered flip-flop clocked by clk)
Path Group: clk
Path Type: max

Fanout     Cap    Slew   Delay    Time   Description
-----------------------------------------------------------------------------
                  0.15    7.00    7.00   clock clk' (rise edge)
                          0.00    7.00   clock network delay (ideal)
                  0.15    0.00    7.00 ^ _3440_/CLK (sky130_fd_sc_hd__dfxtp_2)
                  0.96    1.05    8.05 ^ _3440_/Q (sky130_fd_sc_hd__dfxtp_2)
    54    0.19                           i_spi_reg.falling_edge_detector_sof.rstb (net)
                  0.96    0.00    8.05 ^ _1769_/A (sky130_fd_sc_hd__buf_2)
                  0.22    0.40    8.45 ^ _1769_/X (sky130_fd_sc_hd__buf_2)
    13    0.04                           _1462_ (net)
                  0.22    0.00    8.45 ^ _1803_/A (sky130_fd_sc_hd__inv_2)
                  0.07    0.09    8.54 v _1803_/Y (sky130_fd_sc_hd__inv_2)
     6    0.01                           _1495_ (net)
                  0.07    0.00    8.54 v _2380_/A (sky130_fd_sc_hd__nor2_2)
                  0.15    0.17    8.71 ^ _2380_/Y (sky130_fd_sc_hd__nor2_2)
     3    0.01                           _0555_ (net)
                  0.15    0.00    8.71 ^ _2729_/A (sky130_fd_sc_hd__buf_2)
                  0.37    0.39    9.10 ^ _2729_/X (sky130_fd_sc_hd__buf_2)
    15    0.08                           _0840_ (net)
                  0.37    0.00    9.10 ^ _2765_/C (sky130_fd_sc_hd__nand3_2)
                  0.06    0.10    9.20 v _2765_/Y (sky130_fd_sc_hd__nand3_2)
     1    0.00                           _0187_ (net)
                  0.06    0.00    9.20 v _3626_/D (sky130_fd_sc_hd__dfxtp_2)
                                  9.20   data arrival time

                  0.15   14.00   14.00   clock clk (rise edge)
                          0.00   14.00   clock network delay (ideal)
                         -0.25   13.75   clock uncertainty
                          0.00   13.75   clock reconvergence pessimism
                                 13.75 ^ _3626_/CLK (sky130_fd_sc_hd__dfxtp_2)
                         -0.10   13.65   library setup time
                                 13.65   data required time
-----------------------------------------------------------------------------
                                 13.65   data required time
                                 -9.20   data arrival time
-----------------------------------------------------------------------------
                                  4.46   slack (MET)


Startpoint: _3440_ (rising edge-triggered flip-flop clocked by clk')
Endpoint: _3628_ (rising edge-triggered flip-flop clocked by clk)
Path Group: clk
Path Type: max

Fanout     Cap    Slew   Delay    Time   Description
-----------------------------------------------------------------------------
                  0.15    7.00    7.00   clock clk' (rise edge)
                          0.00    7.00   clock network delay (ideal)
                  0.15    0.00    7.00 ^ _3440_/CLK (sky130_fd_sc_hd__dfxtp_2)
                  0.96    1.05    8.05 ^ _3440_/Q (sky130_fd_sc_hd__dfxtp_2)
    54    0.19                           i_spi_reg.falling_edge_detector_sof.rstb (net)
                  0.96    0.00    8.05 ^ _1769_/A (sky130_fd_sc_hd__buf_2)
                  0.22    0.40    8.45 ^ _1769_/X (sky130_fd_sc_hd__buf_2)
    13    0.04                           _1462_ (net)
                  0.22    0.00    8.45 ^ _1803_/A (sky130_fd_sc_hd__inv_2)
                  0.07    0.09    8.54 v _1803_/Y (sky130_fd_sc_hd__inv_2)
     6    0.01                           _1495_ (net)
                  0.07    0.00    8.54 v _2380_/A (sky130_fd_sc_hd__nor2_2)
                  0.15    0.17    8.71 ^ _2380_/Y (sky130_fd_sc_hd__nor2_2)
     3    0.01                           _0555_ (net)
                  0.15    0.00    8.71 ^ _2729_/A (sky130_fd_sc_hd__buf_2)
                  0.37    0.39    9.10 ^ _2729_/X (sky130_fd_sc_hd__buf_2)
    15    0.08                           _0840_ (net)
                  0.37    0.00    9.10 ^ _2773_/C (sky130_fd_sc_hd__nand3_2)
                  0.06    0.10    9.20 v _2773_/Y (sky130_fd_sc_hd__nand3_2)
     1    0.00                           _0189_ (net)
                  0.06    0.00    9.20 v _3628_/D (sky130_fd_sc_hd__dfxtp_2)
                                  9.20   data arrival time

                  0.15   14.00   14.00   clock clk (rise edge)
                          0.00   14.00   clock network delay (ideal)
                         -0.25   13.75   clock uncertainty
                          0.00   13.75   clock reconvergence pessimism
                                 13.75 ^ _3628_/CLK (sky130_fd_sc_hd__dfxtp_2)
                         -0.10   13.65   library setup time
                                 13.65   data required time
-----------------------------------------------------------------------------
                                 13.65   data required time
                                 -9.20   data arrival time
-----------------------------------------------------------------------------
                                  4.46   slack (MET)


Startpoint: _3440_ (rising edge-triggered flip-flop clocked by clk')
Endpoint: _3629_ (rising edge-triggered flip-flop clocked by clk)
Path Group: clk
Path Type: max

Fanout     Cap    Slew   Delay    Time   Description
-----------------------------------------------------------------------------
                  0.15    7.00    7.00   clock clk' (rise edge)
                          0.00    7.00   clock network delay (ideal)
                  0.15    0.00    7.00 ^ _3440_/CLK (sky130_fd_sc_hd__dfxtp_2)
                  0.96    1.05    8.05 ^ _3440_/Q (sky130_fd_sc_hd__dfxtp_2)
    54    0.19                           i_spi_reg.falling_edge_detector_sof.rstb (net)
                  0.96    0.00    8.05 ^ _1769_/A (sky130_fd_sc_hd__buf_2)
                  0.22    0.40    8.45 ^ _1769_/X (sky130_fd_sc_hd__buf_2)
    13    0.04                           _1462_ (net)
                  0.22    0.00    8.45 ^ _1803_/A (sky130_fd_sc_hd__inv_2)
                  0.07    0.09    8.54 v _1803_/Y (sky130_fd_sc_hd__inv_2)
     6    0.01                           _1495_ (net)
                  0.07    0.00    8.54 v _2380_/A (sky130_fd_sc_hd__nor2_2)
                  0.15    0.17    8.71 ^ _2380_/Y (sky130_fd_sc_hd__nor2_2)
     3    0.01                           _0555_ (net)
                  0.15    0.00    8.71 ^ _2729_/A (sky130_fd_sc_hd__buf_2)
                  0.37    0.39    9.10 ^ _2729_/X (sky130_fd_sc_hd__buf_2)
    15    0.08                           _0840_ (net)
                  0.37    0.00    9.10 ^ _2776_/C (sky130_fd_sc_hd__nand3_2)
                  0.06    0.10    9.20 v _2776_/Y (sky130_fd_sc_hd__nand3_2)
     1    0.00                           _0190_ (net)
                  0.06    0.00    9.20 v _3629_/D (sky130_fd_sc_hd__dfxtp_2)
                                  9.20   data arrival time

                  0.15   14.00   14.00   clock clk (rise edge)
                          0.00   14.00   clock network delay (ideal)
                         -0.25   13.75   clock uncertainty
                          0.00   13.75   clock reconvergence pessimism
                                 13.75 ^ _3629_/CLK (sky130_fd_sc_hd__dfxtp_2)
                         -0.10   13.65   library setup time
                                 13.65   data required time
-----------------------------------------------------------------------------
                                 13.65   data required time
                                 -9.20   data arrival time
-----------------------------------------------------------------------------
                                  4.46   slack (MET)


Startpoint: _3440_ (rising edge-triggered flip-flop clocked by clk')
Endpoint: _3630_ (rising edge-triggered flip-flop clocked by clk)
Path Group: clk
Path Type: max

Fanout     Cap    Slew   Delay    Time   Description
-----------------------------------------------------------------------------
                  0.15    7.00    7.00   clock clk' (rise edge)
                          0.00    7.00   clock network delay (ideal)
                  0.15    0.00    7.00 ^ _3440_/CLK (sky130_fd_sc_hd__dfxtp_2)
                  0.96    1.05    8.05 ^ _3440_/Q (sky130_fd_sc_hd__dfxtp_2)
    54    0.19                           i_spi_reg.falling_edge_detector_sof.rstb (net)
                  0.96    0.00    8.05 ^ _1769_/A (sky130_fd_sc_hd__buf_2)
                  0.22    0.40    8.45 ^ _1769_/X (sky130_fd_sc_hd__buf_2)
    13    0.04                           _1462_ (net)
                  0.22    0.00    8.45 ^ _1803_/A (sky130_fd_sc_hd__inv_2)
                  0.07    0.09    8.54 v _1803_/Y (sky130_fd_sc_hd__inv_2)
     6    0.01                           _1495_ (net)
                  0.07    0.00    8.54 v _2380_/A (sky130_fd_sc_hd__nor2_2)
                  0.15    0.17    8.71 ^ _2380_/Y (sky130_fd_sc_hd__nor2_2)
     3    0.01                           _0555_ (net)
                  0.15    0.00    8.71 ^ _2729_/A (sky130_fd_sc_hd__buf_2)
                  0.37    0.39    9.10 ^ _2729_/X (sky130_fd_sc_hd__buf_2)
    15    0.08                           _0840_ (net)
                  0.37    0.00    9.10 ^ _2779_/C (sky130_fd_sc_hd__nand3_2)
                  0.06    0.10    9.20 v _2779_/Y (sky130_fd_sc_hd__nand3_2)
     1    0.00                           _0191_ (net)
                  0.06    0.00    9.20 v _3630_/D (sky130_fd_sc_hd__dfxtp_2)
                                  9.20   data arrival time

                  0.15   14.00   14.00   clock clk (rise edge)
                          0.00   14.00   clock network delay (ideal)
                         -0.25   13.75   clock uncertainty
                          0.00   13.75   clock reconvergence pessimism
                                 13.75 ^ _3630_/CLK (sky130_fd_sc_hd__dfxtp_2)
                         -0.10   13.65   library setup time
                                 13.65   data required time
-----------------------------------------------------------------------------
                                 13.65   data required time
                                 -9.20   data arrival time
-----------------------------------------------------------------------------
                                  4.46   slack (MET)


Startpoint: _3440_ (rising edge-triggered flip-flop clocked by clk')
Endpoint: _3643_ (rising edge-triggered flip-flop clocked by clk)
Path Group: clk
Path Type: max

Fanout     Cap    Slew   Delay    Time   Description
-----------------------------------------------------------------------------
                  0.15    7.00    7.00   clock clk' (rise edge)
                          0.00    7.00   clock network delay (ideal)
                  0.15    0.00    7.00 ^ _3440_/CLK (sky130_fd_sc_hd__dfxtp_2)
                  0.96    1.05    8.05 ^ _3440_/Q (sky130_fd_sc_hd__dfxtp_2)
    54    0.19                           i_spi_reg.falling_edge_detector_sof.rstb (net)
                  0.96    0.00    8.05 ^ _1769_/A (sky130_fd_sc_hd__buf_2)
                  0.22    0.40    8.45 ^ _1769_/X (sky130_fd_sc_hd__buf_2)
    13    0.04                           _1462_ (net)
                  0.22    0.00    8.45 ^ _1803_/A (sky130_fd_sc_hd__inv_2)
                  0.07    0.09    8.54 v _1803_/Y (sky130_fd_sc_hd__inv_2)
     6    0.01                           _1495_ (net)
                  0.07    0.00    8.54 v _2814_/A (sky130_fd_sc_hd__buf_1)
                  0.46    0.45    8.99 v _2814_/X (sky130_fd_sc_hd__buf_1)
    15    0.08                           _0902_ (net)
                  0.46    0.00    8.99 v _2848_/B1 (sky130_fd_sc_hd__a21oi_4)
                  0.12    0.24    9.23 ^ _2848_/Y (sky130_fd_sc_hd__a21oi_4)
     1    0.00                           _0204_ (net)
                  0.12    0.00    9.23 ^ _3643_/D (sky130_fd_sc_hd__dfxtp_2)
                                  9.23   data arrival time

                  0.15   14.00   14.00   clock clk (rise edge)
                          0.00   14.00   clock network delay (ideal)
                         -0.25   13.75   clock uncertainty
                          0.00   13.75   clock reconvergence pessimism
                                 13.75 ^ _3643_/CLK (sky130_fd_sc_hd__dfxtp_2)
                         -0.06   13.69   library setup time
                                 13.69   data required time
-----------------------------------------------------------------------------
                                 13.69   data required time
                                 -9.23   data arrival time
-----------------------------------------------------------------------------
                                  4.46   slack (MET)


Startpoint: _3440_ (rising edge-triggered flip-flop clocked by clk')
Endpoint: _3644_ (rising edge-triggered flip-flop clocked by clk)
Path Group: clk
Path Type: max

Fanout     Cap    Slew   Delay    Time   Description
-----------------------------------------------------------------------------
                  0.15    7.00    7.00   clock clk' (rise edge)
                          0.00    7.00   clock network delay (ideal)
                  0.15    0.00    7.00 ^ _3440_/CLK (sky130_fd_sc_hd__dfxtp_2)
                  0.96    1.05    8.05 ^ _3440_/Q (sky130_fd_sc_hd__dfxtp_2)
    54    0.19                           i_spi_reg.falling_edge_detector_sof.rstb (net)
                  0.96    0.00    8.05 ^ _1769_/A (sky130_fd_sc_hd__buf_2)
                  0.22    0.40    8.45 ^ _1769_/X (sky130_fd_sc_hd__buf_2)
    13    0.04                           _1462_ (net)
                  0.22    0.00    8.45 ^ _1803_/A (sky130_fd_sc_hd__inv_2)
                  0.07    0.09    8.54 v _1803_/Y (sky130_fd_sc_hd__inv_2)
     6    0.01                           _1495_ (net)
                  0.07    0.00    8.54 v _2814_/A (sky130_fd_sc_hd__buf_1)
                  0.46    0.45    8.99 v _2814_/X (sky130_fd_sc_hd__buf_1)
    15    0.08                           _0902_ (net)
                  0.46    0.00    8.99 v _2855_/B1 (sky130_fd_sc_hd__a21oi_4)
                  0.12    0.24    9.23 ^ _2855_/Y (sky130_fd_sc_hd__a21oi_4)
     1    0.00                           _0205_ (net)
                  0.12    0.00    9.23 ^ _3644_/D (sky130_fd_sc_hd__dfxtp_2)
                                  9.23   data arrival time

                  0.15   14.00   14.00   clock clk (rise edge)
                          0.00   14.00   clock network delay (ideal)
                         -0.25   13.75   clock uncertainty
                          0.00   13.75   clock reconvergence pessimism
                                 13.75 ^ _3644_/CLK (sky130_fd_sc_hd__dfxtp_2)
                         -0.06   13.69   library setup time
                                 13.69   data required time
-----------------------------------------------------------------------------
                                 13.69   data required time
                                 -9.23   data arrival time
-----------------------------------------------------------------------------
                                  4.46   slack (MET)


Startpoint: _3440_ (rising edge-triggered flip-flop clocked by clk')
Endpoint: _3645_ (rising edge-triggered flip-flop clocked by clk)
Path Group: clk
Path Type: max

Fanout     Cap    Slew   Delay    Time   Description
-----------------------------------------------------------------------------
                  0.15    7.00    7.00   clock clk' (rise edge)
                          0.00    7.00   clock network delay (ideal)
                  0.15    0.00    7.00 ^ _3440_/CLK (sky130_fd_sc_hd__dfxtp_2)
                  0.96    1.05    8.05 ^ _3440_/Q (sky130_fd_sc_hd__dfxtp_2)
    54    0.19                           i_spi_reg.falling_edge_detector_sof.rstb (net)
                  0.96    0.00    8.05 ^ _1769_/A (sky130_fd_sc_hd__buf_2)
                  0.22    0.40    8.45 ^ _1769_/X (sky130_fd_sc_hd__buf_2)
    13    0.04                           _1462_ (net)
                  0.22    0.00    8.45 ^ _1803_/A (sky130_fd_sc_hd__inv_2)
                  0.07    0.09    8.54 v _1803_/Y (sky130_fd_sc_hd__inv_2)
     6    0.01                           _1495_ (net)
                  0.07    0.00    8.54 v _2814_/A (sky130_fd_sc_hd__buf_1)
                  0.46    0.45    8.99 v _2814_/X (sky130_fd_sc_hd__buf_1)
    15    0.08                           _0902_ (net)
                  0.46    0.00    8.99 v _2860_/B1 (sky130_fd_sc_hd__a21oi_4)
                  0.12    0.24    9.23 ^ _2860_/Y (sky130_fd_sc_hd__a21oi_4)
     1    0.00                           _0206_ (net)
                  0.12    0.00    9.23 ^ _3645_/D (sky130_fd_sc_hd__dfxtp_2)
                                  9.23   data arrival time

                  0.15   14.00   14.00   clock clk (rise edge)
                          0.00   14.00   clock network delay (ideal)
                         -0.25   13.75   clock uncertainty
                          0.00   13.75   clock reconvergence pessimism
                                 13.75 ^ _3645_/CLK (sky130_fd_sc_hd__dfxtp_2)
                         -0.06   13.69   library setup time
                                 13.69   data required time
-----------------------------------------------------------------------------
                                 13.69   data required time
                                 -9.23   data arrival time
-----------------------------------------------------------------------------
                                  4.46   slack (MET)


Startpoint: _3440_ (rising edge-triggered flip-flop clocked by clk')
Endpoint: _3646_ (rising edge-triggered flip-flop clocked by clk)
Path Group: clk
Path Type: max

Fanout     Cap    Slew   Delay    Time   Description
-----------------------------------------------------------------------------
                  0.15    7.00    7.00   clock clk' (rise edge)
                          0.00    7.00   clock network delay (ideal)
                  0.15    0.00    7.00 ^ _3440_/CLK (sky130_fd_sc_hd__dfxtp_2)
                  0.96    1.05    8.05 ^ _3440_/Q (sky130_fd_sc_hd__dfxtp_2)
    54    0.19                           i_spi_reg.falling_edge_detector_sof.rstb (net)
                  0.96    0.00    8.05 ^ _1769_/A (sky130_fd_sc_hd__buf_2)
                  0.22    0.40    8.45 ^ _1769_/X (sky130_fd_sc_hd__buf_2)
    13    0.04                           _1462_ (net)
                  0.22    0.00    8.45 ^ _1803_/A (sky130_fd_sc_hd__inv_2)
                  0.07    0.09    8.54 v _1803_/Y (sky130_fd_sc_hd__inv_2)
     6    0.01                           _1495_ (net)
                  0.07    0.00    8.54 v _2814_/A (sky130_fd_sc_hd__buf_1)
                  0.46    0.45    8.99 v _2814_/X (sky130_fd_sc_hd__buf_1)
    15    0.08                           _0902_ (net)
                  0.46    0.00    8.99 v _2867_/B1 (sky130_fd_sc_hd__a21oi_4)
                  0.12    0.24    9.23 ^ _2867_/Y (sky130_fd_sc_hd__a21oi_4)
     1    0.00                           _0207_ (net)
                  0.12    0.00    9.23 ^ _3646_/D (sky130_fd_sc_hd__dfxtp_2)
                                  9.23   data arrival time

                  0.15   14.00   14.00   clock clk (rise edge)
                          0.00   14.00   clock network delay (ideal)
                         -0.25   13.75   clock uncertainty
                          0.00   13.75   clock reconvergence pessimism
                                 13.75 ^ _3646_/CLK (sky130_fd_sc_hd__dfxtp_2)
                         -0.06   13.69   library setup time
                                 13.69   data required time
-----------------------------------------------------------------------------
                                 13.69   data required time
                                 -9.23   data arrival time
-----------------------------------------------------------------------------
                                  4.46   slack (MET)


Startpoint: _3440_ (rising edge-triggered flip-flop clocked by clk')
Endpoint: _3647_ (rising edge-triggered flip-flop clocked by clk)
Path Group: clk
Path Type: max

Fanout     Cap    Slew   Delay    Time   Description
-----------------------------------------------------------------------------
                  0.15    7.00    7.00   clock clk' (rise edge)
                          0.00    7.00   clock network delay (ideal)
                  0.15    0.00    7.00 ^ _3440_/CLK (sky130_fd_sc_hd__dfxtp_2)
                  0.96    1.05    8.05 ^ _3440_/Q (sky130_fd_sc_hd__dfxtp_2)
    54    0.19                           i_spi_reg.falling_edge_detector_sof.rstb (net)
                  0.96    0.00    8.05 ^ _1769_/A (sky130_fd_sc_hd__buf_2)
                  0.22    0.40    8.45 ^ _1769_/X (sky130_fd_sc_hd__buf_2)
    13    0.04                           _1462_ (net)
                  0.22    0.00    8.45 ^ _1803_/A (sky130_fd_sc_hd__inv_2)
                  0.07    0.09    8.54 v _1803_/Y (sky130_fd_sc_hd__inv_2)
     6    0.01                           _1495_ (net)
                  0.07    0.00    8.54 v _2814_/A (sky130_fd_sc_hd__buf_1)
                  0.46    0.45    8.99 v _2814_/X (sky130_fd_sc_hd__buf_1)
    15    0.08                           _0902_ (net)
                  0.46    0.00    8.99 v _2873_/B1 (sky130_fd_sc_hd__a21oi_4)
                  0.12    0.24    9.23 ^ _2873_/Y (sky130_fd_sc_hd__a21oi_4)
     1    0.00                           _0208_ (net)
                  0.12    0.00    9.23 ^ _3647_/D (sky130_fd_sc_hd__dfxtp_2)
                                  9.23   data arrival time

                  0.15   14.00   14.00   clock clk (rise edge)
                          0.00   14.00   clock network delay (ideal)
                         -0.25   13.75   clock uncertainty
                          0.00   13.75   clock reconvergence pessimism
                                 13.75 ^ _3647_/CLK (sky130_fd_sc_hd__dfxtp_2)
                         -0.06   13.69   library setup time
                                 13.69   data required time
-----------------------------------------------------------------------------
                                 13.69   data required time
                                 -9.23   data arrival time
-----------------------------------------------------------------------------
                                  4.46   slack (MET)


Startpoint: _3440_ (rising edge-triggered flip-flop clocked by clk')
Endpoint: _3638_ (rising edge-triggered flip-flop clocked by clk)
Path Group: clk
Path Type: max

Fanout     Cap    Slew   Delay    Time   Description
-----------------------------------------------------------------------------
                  0.15    7.00    7.00   clock clk' (rise edge)
                          0.00    7.00   clock network delay (ideal)
                  0.15    0.00    7.00 ^ _3440_/CLK (sky130_fd_sc_hd__dfxtp_2)
                  0.96    1.05    8.05 ^ _3440_/Q (sky130_fd_sc_hd__dfxtp_2)
    54    0.19                           i_spi_reg.falling_edge_detector_sof.rstb (net)
                  0.96    0.00    8.05 ^ _1769_/A (sky130_fd_sc_hd__buf_2)
                  0.22    0.40    8.45 ^ _1769_/X (sky130_fd_sc_hd__buf_2)
    13    0.04                           _1462_ (net)
                  0.22    0.00    8.45 ^ _1803_/A (sky130_fd_sc_hd__inv_2)
                  0.07    0.09    8.54 v _1803_/Y (sky130_fd_sc_hd__inv_2)
     6    0.01                           _1495_ (net)
                  0.07    0.00    8.54 v _2814_/A (sky130_fd_sc_hd__buf_1)
                  0.46    0.45    8.99 v _2814_/X (sky130_fd_sc_hd__buf_1)
    15    0.08                           _0902_ (net)
                  0.46    0.00    8.99 v _2815_/B1 (sky130_fd_sc_hd__a21oi_2)
                  0.12    0.23    9.22 ^ _2815_/Y (sky130_fd_sc_hd__a21oi_2)
     1    0.00                           _0199_ (net)
                  0.12    0.00    9.22 ^ _3638_/D (sky130_fd_sc_hd__dfxtp_2)
                                  9.22   data arrival time

                  0.15   14.00   14.00   clock clk (rise edge)
                          0.00   14.00   clock network delay (ideal)
                         -0.25   13.75   clock uncertainty
                          0.00   13.75   clock reconvergence pessimism
                                 13.75 ^ _3638_/CLK (sky130_fd_sc_hd__dfxtp_2)
                         -0.06   13.69   library setup time
                                 13.69   data required time
-----------------------------------------------------------------------------
                                 13.69   data required time
                                 -9.22   data arrival time
-----------------------------------------------------------------------------
                                  4.47   slack (MET)


Startpoint: _3440_ (rising edge-triggered flip-flop clocked by clk')
Endpoint: _3639_ (rising edge-triggered flip-flop clocked by clk)
Path Group: clk
Path Type: max

Fanout     Cap    Slew   Delay    Time   Description
-----------------------------------------------------------------------------
                  0.15    7.00    7.00   clock clk' (rise edge)
                          0.00    7.00   clock network delay (ideal)
                  0.15    0.00    7.00 ^ _3440_/CLK (sky130_fd_sc_hd__dfxtp_2)
                  0.96    1.05    8.05 ^ _3440_/Q (sky130_fd_sc_hd__dfxtp_2)
    54    0.19                           i_spi_reg.falling_edge_detector_sof.rstb (net)
                  0.96    0.00    8.05 ^ _1769_/A (sky130_fd_sc_hd__buf_2)
                  0.22    0.40    8.45 ^ _1769_/X (sky130_fd_sc_hd__buf_2)
    13    0.04                           _1462_ (net)
                  0.22    0.00    8.45 ^ _1803_/A (sky130_fd_sc_hd__inv_2)
                  0.07    0.09    8.54 v _1803_/Y (sky130_fd_sc_hd__inv_2)
     6    0.01                           _1495_ (net)
                  0.07    0.00    8.54 v _2814_/A (sky130_fd_sc_hd__buf_1)
                  0.46    0.45    8.99 v _2814_/X (sky130_fd_sc_hd__buf_1)
    15    0.08                           _0902_ (net)
                  0.46    0.00    8.99 v _2820_/B1 (sky130_fd_sc_hd__a21oi_2)
                  0.12    0.23    9.22 ^ _2820_/Y (sky130_fd_sc_hd__a21oi_2)
     1    0.00                           _0200_ (net)
                  0.12    0.00    9.22 ^ _3639_/D (sky130_fd_sc_hd__dfxtp_2)
                                  9.22   data arrival time

                  0.15   14.00   14.00   clock clk (rise edge)
                          0.00   14.00   clock network delay (ideal)
                         -0.25   13.75   clock uncertainty
                          0.00   13.75   clock reconvergence pessimism
                                 13.75 ^ _3639_/CLK (sky130_fd_sc_hd__dfxtp_2)
                         -0.06   13.69   library setup time
                                 13.69   data required time
-----------------------------------------------------------------------------
                                 13.69   data required time
                                 -9.22   data arrival time
-----------------------------------------------------------------------------
                                  4.47   slack (MET)


Startpoint: _3440_ (rising edge-triggered flip-flop clocked by clk')
Endpoint: _3640_ (rising edge-triggered flip-flop clocked by clk)
Path Group: clk
Path Type: max

Fanout     Cap    Slew   Delay    Time   Description
-----------------------------------------------------------------------------
                  0.15    7.00    7.00   clock clk' (rise edge)
                          0.00    7.00   clock network delay (ideal)
                  0.15    0.00    7.00 ^ _3440_/CLK (sky130_fd_sc_hd__dfxtp_2)
                  0.96    1.05    8.05 ^ _3440_/Q (sky130_fd_sc_hd__dfxtp_2)
    54    0.19                           i_spi_reg.falling_edge_detector_sof.rstb (net)
                  0.96    0.00    8.05 ^ _1769_/A (sky130_fd_sc_hd__buf_2)
                  0.22    0.40    8.45 ^ _1769_/X (sky130_fd_sc_hd__buf_2)
    13    0.04                           _1462_ (net)
                  0.22    0.00    8.45 ^ _1803_/A (sky130_fd_sc_hd__inv_2)
                  0.07    0.09    8.54 v _1803_/Y (sky130_fd_sc_hd__inv_2)
     6    0.01                           _1495_ (net)
                  0.07    0.00    8.54 v _2814_/A (sky130_fd_sc_hd__buf_1)
                  0.46    0.45    8.99 v _2814_/X (sky130_fd_sc_hd__buf_1)
    15    0.08                           _0902_ (net)
                  0.46    0.00    8.99 v _2826_/B1 (sky130_fd_sc_hd__a21oi_2)
                  0.12    0.23    9.22 ^ _2826_/Y (sky130_fd_sc_hd__a21oi_2)
     1    0.00                           _0201_ (net)
                  0.12    0.00    9.22 ^ _3640_/D (sky130_fd_sc_hd__dfxtp_2)
                                  9.22   data arrival time

                  0.15   14.00   14.00   clock clk (rise edge)
                          0.00   14.00   clock network delay (ideal)
                         -0.25   13.75   clock uncertainty
                          0.00   13.75   clock reconvergence pessimism
                                 13.75 ^ _3640_/CLK (sky130_fd_sc_hd__dfxtp_2)
                         -0.06   13.69   library setup time
                                 13.69   data required time
-----------------------------------------------------------------------------
                                 13.69   data required time
                                 -9.22   data arrival time
-----------------------------------------------------------------------------
                                  4.47   slack (MET)


Startpoint: _3440_ (rising edge-triggered flip-flop clocked by clk')
Endpoint: _3641_ (rising edge-triggered flip-flop clocked by clk)
Path Group: clk
Path Type: max

Fanout     Cap    Slew   Delay    Time   Description
-----------------------------------------------------------------------------
                  0.15    7.00    7.00   clock clk' (rise edge)
                          0.00    7.00   clock network delay (ideal)
                  0.15    0.00    7.00 ^ _3440_/CLK (sky130_fd_sc_hd__dfxtp_2)
                  0.96    1.05    8.05 ^ _3440_/Q (sky130_fd_sc_hd__dfxtp_2)
    54    0.19                           i_spi_reg.falling_edge_detector_sof.rstb (net)
                  0.96    0.00    8.05 ^ _1769_/A (sky130_fd_sc_hd__buf_2)
                  0.22    0.40    8.45 ^ _1769_/X (sky130_fd_sc_hd__buf_2)
    13    0.04                           _1462_ (net)
                  0.22    0.00    8.45 ^ _1803_/A (sky130_fd_sc_hd__inv_2)
                  0.07    0.09    8.54 v _1803_/Y (sky130_fd_sc_hd__inv_2)
     6    0.01                           _1495_ (net)
                  0.07    0.00    8.54 v _2814_/A (sky130_fd_sc_hd__buf_1)
                  0.46    0.45    8.99 v _2814_/X (sky130_fd_sc_hd__buf_1)
    15    0.08                           _0902_ (net)
                  0.46    0.00    8.99 v _2835_/B1 (sky130_fd_sc_hd__a21oi_2)
                  0.12    0.23    9.22 ^ _2835_/Y (sky130_fd_sc_hd__a21oi_2)
     1    0.00                           _0202_ (net)
                  0.12    0.00    9.22 ^ _3641_/D (sky130_fd_sc_hd__dfxtp_2)
                                  9.22   data arrival time

                  0.15   14.00   14.00   clock clk (rise edge)
                          0.00   14.00   clock network delay (ideal)
                         -0.25   13.75   clock uncertainty
                          0.00   13.75   clock reconvergence pessimism
                                 13.75 ^ _3641_/CLK (sky130_fd_sc_hd__dfxtp_2)
                         -0.06   13.69   library setup time
                                 13.69   data required time
-----------------------------------------------------------------------------
                                 13.69   data required time
                                 -9.22   data arrival time
-----------------------------------------------------------------------------
                                  4.47   slack (MET)


Startpoint: _3440_ (rising edge-triggered flip-flop clocked by clk')
Endpoint: _3642_ (rising edge-triggered flip-flop clocked by clk)
Path Group: clk
Path Type: max

Fanout     Cap    Slew   Delay    Time   Description
-----------------------------------------------------------------------------
                  0.15    7.00    7.00   clock clk' (rise edge)
                          0.00    7.00   clock network delay (ideal)
                  0.15    0.00    7.00 ^ _3440_/CLK (sky130_fd_sc_hd__dfxtp_2)
                  0.96    1.05    8.05 ^ _3440_/Q (sky130_fd_sc_hd__dfxtp_2)
    54    0.19                           i_spi_reg.falling_edge_detector_sof.rstb (net)
                  0.96    0.00    8.05 ^ _1769_/A (sky130_fd_sc_hd__buf_2)
                  0.22    0.40    8.45 ^ _1769_/X (sky130_fd_sc_hd__buf_2)
    13    0.04                           _1462_ (net)
                  0.22    0.00    8.45 ^ _1803_/A (sky130_fd_sc_hd__inv_2)
                  0.07    0.09    8.54 v _1803_/Y (sky130_fd_sc_hd__inv_2)
     6    0.01                           _1495_ (net)
                  0.07    0.00    8.54 v _2814_/A (sky130_fd_sc_hd__buf_1)
                  0.46    0.45    8.99 v _2814_/X (sky130_fd_sc_hd__buf_1)
    15    0.08                           _0902_ (net)
                  0.46    0.00    8.99 v _2840_/B1 (sky130_fd_sc_hd__a21oi_2)
                  0.12    0.23    9.22 ^ _2840_/Y (sky130_fd_sc_hd__a21oi_2)
     1    0.00                           _0203_ (net)
                  0.12    0.00    9.22 ^ _3642_/D (sky130_fd_sc_hd__dfxtp_2)
                                  9.22   data arrival time

                  0.15   14.00   14.00   clock clk (rise edge)
                          0.00   14.00   clock network delay (ideal)
                         -0.25   13.75   clock uncertainty
                          0.00   13.75   clock reconvergence pessimism
                                 13.75 ^ _3642_/CLK (sky130_fd_sc_hd__dfxtp_2)
                         -0.06   13.69   library setup time
                                 13.69   data required time
-----------------------------------------------------------------------------
                                 13.69   data required time
                                 -9.22   data arrival time
-----------------------------------------------------------------------------
                                  4.47   slack (MET)


Startpoint: _3440_ (rising edge-triggered flip-flop clocked by clk')
Endpoint: _3648_ (rising edge-triggered flip-flop clocked by clk)
Path Group: clk
Path Type: max

Fanout     Cap    Slew   Delay    Time   Description
-----------------------------------------------------------------------------
                  0.15    7.00    7.00   clock clk' (rise edge)
                          0.00    7.00   clock network delay (ideal)
                  0.15    0.00    7.00 ^ _3440_/CLK (sky130_fd_sc_hd__dfxtp_2)
                  0.96    1.05    8.05 ^ _3440_/Q (sky130_fd_sc_hd__dfxtp_2)
    54    0.19                           i_spi_reg.falling_edge_detector_sof.rstb (net)
                  0.96    0.00    8.05 ^ _1769_/A (sky130_fd_sc_hd__buf_2)
                  0.22    0.40    8.45 ^ _1769_/X (sky130_fd_sc_hd__buf_2)
    13    0.04                           _1462_ (net)
                  0.22    0.00    8.45 ^ _1803_/A (sky130_fd_sc_hd__inv_2)
                  0.07    0.09    8.54 v _1803_/Y (sky130_fd_sc_hd__inv_2)
     6    0.01                           _1495_ (net)
                  0.07    0.00    8.54 v _2814_/A (sky130_fd_sc_hd__buf_1)
                  0.46    0.45    8.99 v _2814_/X (sky130_fd_sc_hd__buf_1)
    15    0.08                           _0902_ (net)
                  0.46    0.00    8.99 v _2878_/B1 (sky130_fd_sc_hd__a21oi_2)
                  0.12    0.23    9.22 ^ _2878_/Y (sky130_fd_sc_hd__a21oi_2)
     1    0.00                           _0209_ (net)
                  0.12    0.00    9.22 ^ _3648_/D (sky130_fd_sc_hd__dfxtp_2)
                                  9.22   data arrival time

                  0.15   14.00   14.00   clock clk (rise edge)
                          0.00   14.00   clock network delay (ideal)
                         -0.25   13.75   clock uncertainty
                          0.00   13.75   clock reconvergence pessimism
                                 13.75 ^ _3648_/CLK (sky130_fd_sc_hd__dfxtp_2)
                         -0.06   13.69   library setup time
                                 13.69   data required time
-----------------------------------------------------------------------------
                                 13.69   data required time
                                 -9.22   data arrival time
-----------------------------------------------------------------------------
                                  4.47   slack (MET)


Startpoint: _3440_ (rising edge-triggered flip-flop clocked by clk')
Endpoint: _3649_ (rising edge-triggered flip-flop clocked by clk)
Path Group: clk
Path Type: max

Fanout     Cap    Slew   Delay    Time   Description
-----------------------------------------------------------------------------
                  0.15    7.00    7.00   clock clk' (rise edge)
                          0.00    7.00   clock network delay (ideal)
                  0.15    0.00    7.00 ^ _3440_/CLK (sky130_fd_sc_hd__dfxtp_2)
                  0.96    1.05    8.05 ^ _3440_/Q (sky130_fd_sc_hd__dfxtp_2)
    54    0.19                           i_spi_reg.falling_edge_detector_sof.rstb (net)
                  0.96    0.00    8.05 ^ _1769_/A (sky130_fd_sc_hd__buf_2)
                  0.22    0.40    8.45 ^ _1769_/X (sky130_fd_sc_hd__buf_2)
    13    0.04                           _1462_ (net)
                  0.22    0.00    8.45 ^ _1803_/A (sky130_fd_sc_hd__inv_2)
                  0.07    0.09    8.54 v _1803_/Y (sky130_fd_sc_hd__inv_2)
     6    0.01                           _1495_ (net)
                  0.07    0.00    8.54 v _2814_/A (sky130_fd_sc_hd__buf_1)
                  0.46    0.45    8.99 v _2814_/X (sky130_fd_sc_hd__buf_1)
    15    0.08                           _0902_ (net)
                  0.46    0.00    8.99 v _2883_/B1 (sky130_fd_sc_hd__a21oi_2)
                  0.12    0.23    9.22 ^ _2883_/Y (sky130_fd_sc_hd__a21oi_2)
     1    0.00                           _0210_ (net)
                  0.12    0.00    9.22 ^ _3649_/D (sky130_fd_sc_hd__dfxtp_2)
                                  9.22   data arrival time

                  0.15   14.00   14.00   clock clk (rise edge)
                          0.00   14.00   clock network delay (ideal)
                         -0.25   13.75   clock uncertainty
                          0.00   13.75   clock reconvergence pessimism
                                 13.75 ^ _3649_/CLK (sky130_fd_sc_hd__dfxtp_2)
                         -0.06   13.69   library setup time
                                 13.69   data required time
-----------------------------------------------------------------------------
                                 13.69   data required time
                                 -9.22   data arrival time
-----------------------------------------------------------------------------
                                  4.47   slack (MET)


Startpoint: _3440_ (rising edge-triggered flip-flop clocked by clk')
Endpoint: _3651_ (rising edge-triggered flip-flop clocked by clk)
Path Group: clk
Path Type: max

Fanout     Cap    Slew   Delay    Time   Description
-----------------------------------------------------------------------------
                  0.15    7.00    7.00   clock clk' (rise edge)
                          0.00    7.00   clock network delay (ideal)
                  0.15    0.00    7.00 ^ _3440_/CLK (sky130_fd_sc_hd__dfxtp_2)
                  0.96    1.05    8.05 ^ _3440_/Q (sky130_fd_sc_hd__dfxtp_2)
    54    0.19                           i_spi_reg.falling_edge_detector_sof.rstb (net)
                  0.96    0.00    8.05 ^ _1769_/A (sky130_fd_sc_hd__buf_2)
                  0.22    0.40    8.45 ^ _1769_/X (sky130_fd_sc_hd__buf_2)
    13    0.04                           _1462_ (net)
                  0.22    0.00    8.45 ^ _1803_/A (sky130_fd_sc_hd__inv_2)
                  0.07    0.09    8.54 v _1803_/Y (sky130_fd_sc_hd__inv_2)
     6    0.01                           _1495_ (net)
                  0.07    0.00    8.54 v _2814_/A (sky130_fd_sc_hd__buf_1)
                  0.46    0.45    8.99 v _2814_/X (sky130_fd_sc_hd__buf_1)
    15    0.08                           _0902_ (net)
                  0.46    0.00    8.99 v _2911_/B1 (sky130_fd_sc_hd__a21oi_2)
                  0.12    0.23    9.22 ^ _2911_/Y (sky130_fd_sc_hd__a21oi_2)
     1    0.00                           _0212_ (net)
                  0.12    0.00    9.22 ^ _3651_/D (sky130_fd_sc_hd__dfxtp_2)
                                  9.22   data arrival time

                  0.15   14.00   14.00   clock clk (rise edge)
                          0.00   14.00   clock network delay (ideal)
                         -0.25   13.75   clock uncertainty
                          0.00   13.75   clock reconvergence pessimism
                                 13.75 ^ _3651_/CLK (sky130_fd_sc_hd__dfxtp_2)
                         -0.06   13.69   library setup time
                                 13.69   data required time
-----------------------------------------------------------------------------
                                 13.69   data required time
                                 -9.22   data arrival time
-----------------------------------------------------------------------------
                                  4.47   slack (MET)


Startpoint: _3440_ (rising edge-triggered flip-flop clocked by clk')
Endpoint: _3652_ (rising edge-triggered flip-flop clocked by clk)
Path Group: clk
Path Type: max

Fanout     Cap    Slew   Delay    Time   Description
-----------------------------------------------------------------------------
                  0.15    7.00    7.00   clock clk' (rise edge)
                          0.00    7.00   clock network delay (ideal)
                  0.15    0.00    7.00 ^ _3440_/CLK (sky130_fd_sc_hd__dfxtp_2)
                  0.96    1.05    8.05 ^ _3440_/Q (sky130_fd_sc_hd__dfxtp_2)
    54    0.19                           i_spi_reg.falling_edge_detector_sof.rstb (net)
                  0.96    0.00    8.05 ^ _1769_/A (sky130_fd_sc_hd__buf_2)
                  0.22    0.40    8.45 ^ _1769_/X (sky130_fd_sc_hd__buf_2)
    13    0.04                           _1462_ (net)
                  0.22    0.00    8.45 ^ _1803_/A (sky130_fd_sc_hd__inv_2)
                  0.07    0.09    8.54 v _1803_/Y (sky130_fd_sc_hd__inv_2)
     6    0.01                           _1495_ (net)
                  0.07    0.00    8.54 v _2814_/A (sky130_fd_sc_hd__buf_1)
                  0.46    0.45    8.99 v _2814_/X (sky130_fd_sc_hd__buf_1)
    15    0.08                           _0902_ (net)
                  0.46    0.00    8.99 v _2918_/B1 (sky130_fd_sc_hd__a21oi_2)
                  0.12    0.23    9.22 ^ _2918_/Y (sky130_fd_sc_hd__a21oi_2)
     1    0.00                           _0213_ (net)
                  0.12    0.00    9.22 ^ _3652_/D (sky130_fd_sc_hd__dfxtp_2)
                                  9.22   data arrival time

                  0.15   14.00   14.00   clock clk (rise edge)
                          0.00   14.00   clock network delay (ideal)
                         -0.25   13.75   clock uncertainty
                          0.00   13.75   clock reconvergence pessimism
                                 13.75 ^ _3652_/CLK (sky130_fd_sc_hd__dfxtp_2)
                         -0.06   13.69   library setup time
                                 13.69   data required time
-----------------------------------------------------------------------------
                                 13.69   data required time
                                 -9.22   data arrival time
-----------------------------------------------------------------------------
                                  4.47   slack (MET)


Startpoint: _3440_ (rising edge-triggered flip-flop clocked by clk')
Endpoint: _3653_ (rising edge-triggered flip-flop clocked by clk)
Path Group: clk
Path Type: max

Fanout     Cap    Slew   Delay    Time   Description
-----------------------------------------------------------------------------
                  0.15    7.00    7.00   clock clk' (rise edge)
                          0.00    7.00   clock network delay (ideal)
                  0.15    0.00    7.00 ^ _3440_/CLK (sky130_fd_sc_hd__dfxtp_2)
                  0.96    1.05    8.05 ^ _3440_/Q (sky130_fd_sc_hd__dfxtp_2)
    54    0.19                           i_spi_reg.falling_edge_detector_sof.rstb (net)
                  0.96    0.00    8.05 ^ _1769_/A (sky130_fd_sc_hd__buf_2)
                  0.22    0.40    8.45 ^ _1769_/X (sky130_fd_sc_hd__buf_2)
    13    0.04                           _1462_ (net)
                  0.22    0.00    8.45 ^ _1803_/A (sky130_fd_sc_hd__inv_2)
                  0.07    0.09    8.54 v _1803_/Y (sky130_fd_sc_hd__inv_2)
     6    0.01                           _1495_ (net)
                  0.07    0.00    8.54 v _2814_/A (sky130_fd_sc_hd__buf_1)
                  0.46    0.45    8.99 v _2814_/X (sky130_fd_sc_hd__buf_1)
    15    0.08                           _0902_ (net)
                  0.46    0.00    8.99 v _2925_/B1 (sky130_fd_sc_hd__a21oi_2)
                  0.12    0.23    9.22 ^ _2925_/Y (sky130_fd_sc_hd__a21oi_2)
     1    0.00                           _0214_ (net)
                  0.12    0.00    9.22 ^ _3653_/D (sky130_fd_sc_hd__dfxtp_2)
                                  9.22   data arrival time

                  0.15   14.00   14.00   clock clk (rise edge)
                          0.00   14.00   clock network delay (ideal)
                         -0.25   13.75   clock uncertainty
                          0.00   13.75   clock reconvergence pessimism
                                 13.75 ^ _3653_/CLK (sky130_fd_sc_hd__dfxtp_2)
                         -0.06   13.69   library setup time
                                 13.69   data required time
-----------------------------------------------------------------------------
                                 13.69   data required time
                                 -9.22   data arrival time
-----------------------------------------------------------------------------
                                  4.47   slack (MET)


Startpoint: _3440_ (rising edge-triggered flip-flop clocked by clk')
Endpoint: _3446_ (rising edge-triggered flip-flop clocked by clk)
Path Group: clk
Path Type: max

Fanout     Cap    Slew   Delay    Time   Description
-----------------------------------------------------------------------------
                  0.15    7.00    7.00   clock clk' (rise edge)
                          0.00    7.00   clock network delay (ideal)
                  0.15    0.00    7.00 ^ _3440_/CLK (sky130_fd_sc_hd__dfxtp_2)
                  0.96    1.05    8.05 ^ _3440_/Q (sky130_fd_sc_hd__dfxtp_2)
    54    0.19                           i_spi_reg.falling_edge_detector_sof.rstb (net)
                  0.96    0.00    8.05 ^ _1769_/A (sky130_fd_sc_hd__buf_2)
                  0.22    0.40    8.45 ^ _1769_/X (sky130_fd_sc_hd__buf_2)
    13    0.04                           _1462_ (net)
                  0.22    0.00    8.45 ^ _1803_/A (sky130_fd_sc_hd__inv_2)
                  0.07    0.09    8.54 v _1803_/Y (sky130_fd_sc_hd__inv_2)
     6    0.01                           _1495_ (net)
                  0.07    0.00    8.54 v _1822_/A (sky130_fd_sc_hd__buf_1)
                  0.23    0.27    8.81 v _1822_/X (sky130_fd_sc_hd__buf_1)
    15    0.04                           _1510_ (net)
                  0.23    0.00    8.81 v _1825_/B1 (sky130_fd_sc_hd__a211o_2)
                  0.04    0.38    9.19 v _1825_/X (sky130_fd_sc_hd__a211o_2)
     1    0.00                           _0007_ (net)
                  0.04    0.00    9.19 v _3446_/D (sky130_fd_sc_hd__dfxtp_2)
                                  9.19   data arrival time

                  0.15   14.00   14.00   clock clk (rise edge)
                          0.00   14.00   clock network delay (ideal)
                         -0.25   13.75   clock uncertainty
                          0.00   13.75   clock reconvergence pessimism
                                 13.75 ^ _3446_/CLK (sky130_fd_sc_hd__dfxtp_2)
                         -0.09   13.66   library setup time
                                 13.66   data required time
-----------------------------------------------------------------------------
                                 13.66   data required time
                                 -9.19   data arrival time
-----------------------------------------------------------------------------
                                  4.47   slack (MET)


Startpoint: _3440_ (rising edge-triggered flip-flop clocked by clk')
Endpoint: _3447_ (rising edge-triggered flip-flop clocked by clk)
Path Group: clk
Path Type: max

Fanout     Cap    Slew   Delay    Time   Description
-----------------------------------------------------------------------------
                  0.15    7.00    7.00   clock clk' (rise edge)
                          0.00    7.00   clock network delay (ideal)
                  0.15    0.00    7.00 ^ _3440_/CLK (sky130_fd_sc_hd__dfxtp_2)
                  0.96    1.05    8.05 ^ _3440_/Q (sky130_fd_sc_hd__dfxtp_2)
    54    0.19                           i_spi_reg.falling_edge_detector_sof.rstb (net)
                  0.96    0.00    8.05 ^ _1769_/A (sky130_fd_sc_hd__buf_2)
                  0.22    0.40    8.45 ^ _1769_/X (sky130_fd_sc_hd__buf_2)
    13    0.04                           _1462_ (net)
                  0.22    0.00    8.45 ^ _1803_/A (sky130_fd_sc_hd__inv_2)
                  0.07    0.09    8.54 v _1803_/Y (sky130_fd_sc_hd__inv_2)
     6    0.01                           _1495_ (net)
                  0.07    0.00    8.54 v _1822_/A (sky130_fd_sc_hd__buf_1)
                  0.23    0.27    8.81 v _1822_/X (sky130_fd_sc_hd__buf_1)
    15    0.04                           _1510_ (net)
                  0.23    0.00    8.81 v _1828_/B1 (sky130_fd_sc_hd__a211o_2)
                  0.04    0.38    9.19 v _1828_/X (sky130_fd_sc_hd__a211o_2)
     1    0.00                           _0008_ (net)
                  0.04    0.00    9.19 v _3447_/D (sky130_fd_sc_hd__dfxtp_2)
                                  9.19   data arrival time

                  0.15   14.00   14.00   clock clk (rise edge)
                          0.00   14.00   clock network delay (ideal)
                         -0.25   13.75   clock uncertainty
                          0.00   13.75   clock reconvergence pessimism
                                 13.75 ^ _3447_/CLK (sky130_fd_sc_hd__dfxtp_2)
                         -0.09   13.66   library setup time
                                 13.66   data required time
-----------------------------------------------------------------------------
                                 13.66   data required time
                                 -9.19   data arrival time
-----------------------------------------------------------------------------
                                  4.47   slack (MET)


Startpoint: _3440_ (rising edge-triggered flip-flop clocked by clk')
Endpoint: _3448_ (rising edge-triggered flip-flop clocked by clk)
Path Group: clk
Path Type: max

Fanout     Cap    Slew   Delay    Time   Description
-----------------------------------------------------------------------------
                  0.15    7.00    7.00   clock clk' (rise edge)
                          0.00    7.00   clock network delay (ideal)
                  0.15    0.00    7.00 ^ _3440_/CLK (sky130_fd_sc_hd__dfxtp_2)
                  0.96    1.05    8.05 ^ _3440_/Q (sky130_fd_sc_hd__dfxtp_2)
    54    0.19                           i_spi_reg.falling_edge_detector_sof.rstb (net)
                  0.96    0.00    8.05 ^ _1769_/A (sky130_fd_sc_hd__buf_2)
                  0.22    0.40    8.45 ^ _1769_/X (sky130_fd_sc_hd__buf_2)
    13    0.04                           _1462_ (net)
                  0.22    0.00    8.45 ^ _1803_/A (sky130_fd_sc_hd__inv_2)
                  0.07    0.09    8.54 v _1803_/Y (sky130_fd_sc_hd__inv_2)
     6    0.01                           _1495_ (net)
                  0.07    0.00    8.54 v _1822_/A (sky130_fd_sc_hd__buf_1)
                  0.23    0.27    8.81 v _1822_/X (sky130_fd_sc_hd__buf_1)
    15    0.04                           _1510_ (net)
                  0.23    0.00    8.81 v _1831_/B1 (sky130_fd_sc_hd__a211o_2)
                  0.04    0.38    9.19 v _1831_/X (sky130_fd_sc_hd__a211o_2)
     1    0.00                           _0009_ (net)
                  0.04    0.00    9.19 v _3448_/D (sky130_fd_sc_hd__dfxtp_2)
                                  9.19   data arrival time

                  0.15   14.00   14.00   clock clk (rise edge)
                          0.00   14.00   clock network delay (ideal)
                         -0.25   13.75   clock uncertainty
                          0.00   13.75   clock reconvergence pessimism
                                 13.75 ^ _3448_/CLK (sky130_fd_sc_hd__dfxtp_2)
                         -0.09   13.66   library setup time
                                 13.66   data required time
-----------------------------------------------------------------------------
                                 13.66   data required time
                                 -9.19   data arrival time
-----------------------------------------------------------------------------
                                  4.47   slack (MET)


Startpoint: _3440_ (rising edge-triggered flip-flop clocked by clk')
Endpoint: _3471_ (rising edge-triggered flip-flop clocked by clk)
Path Group: clk
Path Type: max

Fanout     Cap    Slew   Delay    Time   Description
-----------------------------------------------------------------------------
                  0.15    7.00    7.00   clock clk' (rise edge)
                          0.00    7.00   clock network delay (ideal)
                  0.15    0.00    7.00 ^ _3440_/CLK (sky130_fd_sc_hd__dfxtp_2)
                  0.96    1.05    8.05 ^ _3440_/Q (sky130_fd_sc_hd__dfxtp_2)
    54    0.19                           i_spi_reg.falling_edge_detector_sof.rstb (net)
                  0.96    0.00    8.05 ^ _1769_/A (sky130_fd_sc_hd__buf_2)
                  0.22    0.40    8.45 ^ _1769_/X (sky130_fd_sc_hd__buf_2)
    13    0.04                           _1462_ (net)
                  0.22    0.00    8.45 ^ _1803_/A (sky130_fd_sc_hd__inv_2)
                  0.07    0.09    8.54 v _1803_/Y (sky130_fd_sc_hd__inv_2)
     6    0.01                           _1495_ (net)
                  0.07    0.00    8.54 v _1822_/A (sky130_fd_sc_hd__buf_1)
                  0.23    0.27    8.81 v _1822_/X (sky130_fd_sc_hd__buf_1)
    15    0.04                           _1510_ (net)
                  0.23    0.00    8.81 v _1977_/B1 (sky130_fd_sc_hd__a211o_2)
                  0.04    0.38    9.19 v _1977_/X (sky130_fd_sc_hd__a211o_2)
     1    0.00                           _0032_ (net)
                  0.04    0.00    9.19 v _3471_/D (sky130_fd_sc_hd__dfxtp_2)
                                  9.19   data arrival time

                  0.15   14.00   14.00   clock clk (rise edge)
                          0.00   14.00   clock network delay (ideal)
                         -0.25   13.75   clock uncertainty
                          0.00   13.75   clock reconvergence pessimism
                                 13.75 ^ _3471_/CLK (sky130_fd_sc_hd__dfxtp_2)
                         -0.09   13.66   library setup time
                                 13.66   data required time
-----------------------------------------------------------------------------
                                 13.66   data required time
                                 -9.19   data arrival time
-----------------------------------------------------------------------------
                                  4.47   slack (MET)


Startpoint: _3440_ (rising edge-triggered flip-flop clocked by clk')
Endpoint: _3472_ (rising edge-triggered flip-flop clocked by clk)
Path Group: clk
Path Type: max

Fanout     Cap    Slew   Delay    Time   Description
-----------------------------------------------------------------------------
                  0.15    7.00    7.00   clock clk' (rise edge)
                          0.00    7.00   clock network delay (ideal)
                  0.15    0.00    7.00 ^ _3440_/CLK (sky130_fd_sc_hd__dfxtp_2)
                  0.96    1.05    8.05 ^ _3440_/Q (sky130_fd_sc_hd__dfxtp_2)
    54    0.19                           i_spi_reg.falling_edge_detector_sof.rstb (net)
                  0.96    0.00    8.05 ^ _1769_/A (sky130_fd_sc_hd__buf_2)
                  0.22    0.40    8.45 ^ _1769_/X (sky130_fd_sc_hd__buf_2)
    13    0.04                           _1462_ (net)
                  0.22    0.00    8.45 ^ _1803_/A (sky130_fd_sc_hd__inv_2)
                  0.07    0.09    8.54 v _1803_/Y (sky130_fd_sc_hd__inv_2)
     6    0.01                           _1495_ (net)
                  0.07    0.00    8.54 v _1822_/A (sky130_fd_sc_hd__buf_1)
                  0.23    0.27    8.81 v _1822_/X (sky130_fd_sc_hd__buf_1)
    15    0.04                           _1510_ (net)
                  0.23    0.00    8.81 v _1980_/B1 (sky130_fd_sc_hd__a211o_2)
                  0.04    0.38    9.19 v _1980_/X (sky130_fd_sc_hd__a211o_2)
     1    0.00                           _0033_ (net)
                  0.04    0.00    9.19 v _3472_/D (sky130_fd_sc_hd__dfxtp_2)
                                  9.19   data arrival time

                  0.15   14.00   14.00   clock clk (rise edge)
                          0.00   14.00   clock network delay (ideal)
                         -0.25   13.75   clock uncertainty
                          0.00   13.75   clock reconvergence pessimism
                                 13.75 ^ _3472_/CLK (sky130_fd_sc_hd__dfxtp_2)
                         -0.09   13.66   library setup time
                                 13.66   data required time
-----------------------------------------------------------------------------
                                 13.66   data required time
                                 -9.19   data arrival time
-----------------------------------------------------------------------------
                                  4.47   slack (MET)


Startpoint: _3440_ (rising edge-triggered flip-flop clocked by clk')
Endpoint: _3473_ (rising edge-triggered flip-flop clocked by clk)
Path Group: clk
Path Type: max

Fanout     Cap    Slew   Delay    Time   Description
-----------------------------------------------------------------------------
                  0.15    7.00    7.00   clock clk' (rise edge)
                          0.00    7.00   clock network delay (ideal)
                  0.15    0.00    7.00 ^ _3440_/CLK (sky130_fd_sc_hd__dfxtp_2)
                  0.96    1.05    8.05 ^ _3440_/Q (sky130_fd_sc_hd__dfxtp_2)
    54    0.19                           i_spi_reg.falling_edge_detector_sof.rstb (net)
                  0.96    0.00    8.05 ^ _1769_/A (sky130_fd_sc_hd__buf_2)
                  0.22    0.40    8.45 ^ _1769_/X (sky130_fd_sc_hd__buf_2)
    13    0.04                           _1462_ (net)
                  0.22    0.00    8.45 ^ _1803_/A (sky130_fd_sc_hd__inv_2)
                  0.07    0.09    8.54 v _1803_/Y (sky130_fd_sc_hd__inv_2)
     6    0.01                           _1495_ (net)
                  0.07    0.00    8.54 v _1822_/A (sky130_fd_sc_hd__buf_1)
                  0.23    0.27    8.81 v _1822_/X (sky130_fd_sc_hd__buf_1)
    15    0.04                           _1510_ (net)
                  0.23    0.00    8.81 v _1983_/B1 (sky130_fd_sc_hd__a211o_2)
                  0.04    0.38    9.19 v _1983_/X (sky130_fd_sc_hd__a211o_2)
     1    0.00                           _0034_ (net)
                  0.04    0.00    9.19 v _3473_/D (sky130_fd_sc_hd__dfxtp_2)
                                  9.19   data arrival time

                  0.15   14.00   14.00   clock clk (rise edge)
                          0.00   14.00   clock network delay (ideal)
                         -0.25   13.75   clock uncertainty
                          0.00   13.75   clock reconvergence pessimism
                                 13.75 ^ _3473_/CLK (sky130_fd_sc_hd__dfxtp_2)
                         -0.09   13.66   library setup time
                                 13.66   data required time
-----------------------------------------------------------------------------
                                 13.66   data required time
                                 -9.19   data arrival time
-----------------------------------------------------------------------------
                                  4.47   slack (MET)


Startpoint: _3440_ (rising edge-triggered flip-flop clocked by clk')
Endpoint: _3474_ (rising edge-triggered flip-flop clocked by clk)
Path Group: clk
Path Type: max

Fanout     Cap    Slew   Delay    Time   Description
-----------------------------------------------------------------------------
                  0.15    7.00    7.00   clock clk' (rise edge)
                          0.00    7.00   clock network delay (ideal)
                  0.15    0.00    7.00 ^ _3440_/CLK (sky130_fd_sc_hd__dfxtp_2)
                  0.96    1.05    8.05 ^ _3440_/Q (sky130_fd_sc_hd__dfxtp_2)
    54    0.19                           i_spi_reg.falling_edge_detector_sof.rstb (net)
                  0.96    0.00    8.05 ^ _1769_/A (sky130_fd_sc_hd__buf_2)
                  0.22    0.40    8.45 ^ _1769_/X (sky130_fd_sc_hd__buf_2)
    13    0.04                           _1462_ (net)
                  0.22    0.00    8.45 ^ _1803_/A (sky130_fd_sc_hd__inv_2)
                  0.07    0.09    8.54 v _1803_/Y (sky130_fd_sc_hd__inv_2)
     6    0.01                           _1495_ (net)
                  0.07    0.00    8.54 v _1822_/A (sky130_fd_sc_hd__buf_1)
                  0.23    0.27    8.81 v _1822_/X (sky130_fd_sc_hd__buf_1)
    15    0.04                           _1510_ (net)
                  0.23    0.00    8.81 v _1986_/B1 (sky130_fd_sc_hd__a211o_2)
                  0.04    0.38    9.19 v _1986_/X (sky130_fd_sc_hd__a211o_2)
     1    0.00                           _0035_ (net)
                  0.04    0.00    9.19 v _3474_/D (sky130_fd_sc_hd__dfxtp_2)
                                  9.19   data arrival time

                  0.15   14.00   14.00   clock clk (rise edge)
                          0.00   14.00   clock network delay (ideal)
                         -0.25   13.75   clock uncertainty
                          0.00   13.75   clock reconvergence pessimism
                                 13.75 ^ _3474_/CLK (sky130_fd_sc_hd__dfxtp_2)
                         -0.09   13.66   library setup time
                                 13.66   data required time
-----------------------------------------------------------------------------
                                 13.66   data required time
                                 -9.19   data arrival time
-----------------------------------------------------------------------------
                                  4.47   slack (MET)


Startpoint: _3440_ (rising edge-triggered flip-flop clocked by clk')
Endpoint: _3475_ (rising edge-triggered flip-flop clocked by clk)
Path Group: clk
Path Type: max

Fanout     Cap    Slew   Delay    Time   Description
-----------------------------------------------------------------------------
                  0.15    7.00    7.00   clock clk' (rise edge)
                          0.00    7.00   clock network delay (ideal)
                  0.15    0.00    7.00 ^ _3440_/CLK (sky130_fd_sc_hd__dfxtp_2)
                  0.96    1.05    8.05 ^ _3440_/Q (sky130_fd_sc_hd__dfxtp_2)
    54    0.19                           i_spi_reg.falling_edge_detector_sof.rstb (net)
                  0.96    0.00    8.05 ^ _1769_/A (sky130_fd_sc_hd__buf_2)
                  0.22    0.40    8.45 ^ _1769_/X (sky130_fd_sc_hd__buf_2)
    13    0.04                           _1462_ (net)
                  0.22    0.00    8.45 ^ _1803_/A (sky130_fd_sc_hd__inv_2)
                  0.07    0.09    8.54 v _1803_/Y (sky130_fd_sc_hd__inv_2)
     6    0.01                           _1495_ (net)
                  0.07    0.00    8.54 v _1822_/A (sky130_fd_sc_hd__buf_1)
                  0.23    0.27    8.81 v _1822_/X (sky130_fd_sc_hd__buf_1)
    15    0.04                           _1510_ (net)
                  0.23    0.00    8.81 v _1989_/B1 (sky130_fd_sc_hd__a211o_2)
                  0.04    0.38    9.19 v _1989_/X (sky130_fd_sc_hd__a211o_2)
     1    0.00                           _0036_ (net)
                  0.04    0.00    9.19 v _3475_/D (sky130_fd_sc_hd__dfxtp_2)
                                  9.19   data arrival time

                  0.15   14.00   14.00   clock clk (rise edge)
                          0.00   14.00   clock network delay (ideal)
                         -0.25   13.75   clock uncertainty
                          0.00   13.75   clock reconvergence pessimism
                                 13.75 ^ _3475_/CLK (sky130_fd_sc_hd__dfxtp_2)
                         -0.09   13.66   library setup time
                                 13.66   data required time
-----------------------------------------------------------------------------
                                 13.66   data required time
                                 -9.19   data arrival time
-----------------------------------------------------------------------------
                                  4.47   slack (MET)


Startpoint: _3440_ (rising edge-triggered flip-flop clocked by clk')
Endpoint: _3476_ (rising edge-triggered flip-flop clocked by clk)
Path Group: clk
Path Type: max

Fanout     Cap    Slew   Delay    Time   Description
-----------------------------------------------------------------------------
                  0.15    7.00    7.00   clock clk' (rise edge)
                          0.00    7.00   clock network delay (ideal)
                  0.15    0.00    7.00 ^ _3440_/CLK (sky130_fd_sc_hd__dfxtp_2)
                  0.96    1.05    8.05 ^ _3440_/Q (sky130_fd_sc_hd__dfxtp_2)
    54    0.19                           i_spi_reg.falling_edge_detector_sof.rstb (net)
                  0.96    0.00    8.05 ^ _1769_/A (sky130_fd_sc_hd__buf_2)
                  0.22    0.40    8.45 ^ _1769_/X (sky130_fd_sc_hd__buf_2)
    13    0.04                           _1462_ (net)
                  0.22    0.00    8.45 ^ _1803_/A (sky130_fd_sc_hd__inv_2)
                  0.07    0.09    8.54 v _1803_/Y (sky130_fd_sc_hd__inv_2)
     6    0.01                           _1495_ (net)
                  0.07    0.00    8.54 v _1822_/A (sky130_fd_sc_hd__buf_1)
                  0.23    0.27    8.81 v _1822_/X (sky130_fd_sc_hd__buf_1)
    15    0.04                           _1510_ (net)
                  0.23    0.00    8.81 v _1992_/B1 (sky130_fd_sc_hd__a211o_2)
                  0.04    0.38    9.19 v _1992_/X (sky130_fd_sc_hd__a211o_2)
     1    0.00                           _0037_ (net)
                  0.04    0.00    9.19 v _3476_/D (sky130_fd_sc_hd__dfxtp_2)
                                  9.19   data arrival time

                  0.15   14.00   14.00   clock clk (rise edge)
                          0.00   14.00   clock network delay (ideal)
                         -0.25   13.75   clock uncertainty
                          0.00   13.75   clock reconvergence pessimism
                                 13.75 ^ _3476_/CLK (sky130_fd_sc_hd__dfxtp_2)
                         -0.09   13.66   library setup time
                                 13.66   data required time
-----------------------------------------------------------------------------
                                 13.66   data required time
                                 -9.19   data arrival time
-----------------------------------------------------------------------------
                                  4.47   slack (MET)


Startpoint: _3440_ (rising edge-triggered flip-flop clocked by clk')
Endpoint: _3477_ (rising edge-triggered flip-flop clocked by clk)
Path Group: clk
Path Type: max

Fanout     Cap    Slew   Delay    Time   Description
-----------------------------------------------------------------------------
                  0.15    7.00    7.00   clock clk' (rise edge)
                          0.00    7.00   clock network delay (ideal)
                  0.15    0.00    7.00 ^ _3440_/CLK (sky130_fd_sc_hd__dfxtp_2)
                  0.96    1.05    8.05 ^ _3440_/Q (sky130_fd_sc_hd__dfxtp_2)
    54    0.19                           i_spi_reg.falling_edge_detector_sof.rstb (net)
                  0.96    0.00    8.05 ^ _1769_/A (sky130_fd_sc_hd__buf_2)
                  0.22    0.40    8.45 ^ _1769_/X (sky130_fd_sc_hd__buf_2)
    13    0.04                           _1462_ (net)
                  0.22    0.00    8.45 ^ _1803_/A (sky130_fd_sc_hd__inv_2)
                  0.07    0.09    8.54 v _1803_/Y (sky130_fd_sc_hd__inv_2)
     6    0.01                           _1495_ (net)
                  0.07    0.00    8.54 v _1822_/A (sky130_fd_sc_hd__buf_1)
                  0.23    0.27    8.81 v _1822_/X (sky130_fd_sc_hd__buf_1)
    15    0.04                           _1510_ (net)
                  0.23    0.00    8.81 v _1995_/B1 (sky130_fd_sc_hd__a211o_2)
                  0.04    0.38    9.19 v _1995_/X (sky130_fd_sc_hd__a211o_2)
     1    0.00                           _0038_ (net)
                  0.04    0.00    9.19 v _3477_/D (sky130_fd_sc_hd__dfxtp_2)
                                  9.19   data arrival time

                  0.15   14.00   14.00   clock clk (rise edge)
                          0.00   14.00   clock network delay (ideal)
                         -0.25   13.75   clock uncertainty
                          0.00   13.75   clock reconvergence pessimism
                                 13.75 ^ _3477_/CLK (sky130_fd_sc_hd__dfxtp_2)
                         -0.09   13.66   library setup time
                                 13.66   data required time
-----------------------------------------------------------------------------
                                 13.66   data required time
                                 -9.19   data arrival time
-----------------------------------------------------------------------------
                                  4.47   slack (MET)


Startpoint: _3440_ (rising edge-triggered flip-flop clocked by clk')
Endpoint: _3478_ (rising edge-triggered flip-flop clocked by clk)
Path Group: clk
Path Type: max

Fanout     Cap    Slew   Delay    Time   Description
-----------------------------------------------------------------------------
                  0.15    7.00    7.00   clock clk' (rise edge)
                          0.00    7.00   clock network delay (ideal)
                  0.15    0.00    7.00 ^ _3440_/CLK (sky130_fd_sc_hd__dfxtp_2)
                  0.96    1.05    8.05 ^ _3440_/Q (sky130_fd_sc_hd__dfxtp_2)
    54    0.19                           i_spi_reg.falling_edge_detector_sof.rstb (net)
                  0.96    0.00    8.05 ^ _1769_/A (sky130_fd_sc_hd__buf_2)
                  0.22    0.40    8.45 ^ _1769_/X (sky130_fd_sc_hd__buf_2)
    13    0.04                           _1462_ (net)
                  0.22    0.00    8.45 ^ _1803_/A (sky130_fd_sc_hd__inv_2)
                  0.07    0.09    8.54 v _1803_/Y (sky130_fd_sc_hd__inv_2)
     6    0.01                           _1495_ (net)
                  0.07    0.00    8.54 v _1822_/A (sky130_fd_sc_hd__buf_1)
                  0.23    0.27    8.81 v _1822_/X (sky130_fd_sc_hd__buf_1)
    15    0.04                           _1510_ (net)
                  0.23    0.00    8.81 v _1998_/B1 (sky130_fd_sc_hd__a211o_2)
                  0.04    0.38    9.19 v _1998_/X (sky130_fd_sc_hd__a211o_2)
     1    0.00                           _0039_ (net)
                  0.04    0.00    9.19 v _3478_/D (sky130_fd_sc_hd__dfxtp_2)
                                  9.19   data arrival time

                  0.15   14.00   14.00   clock clk (rise edge)
                          0.00   14.00   clock network delay (ideal)
                         -0.25   13.75   clock uncertainty
                          0.00   13.75   clock reconvergence pessimism
                                 13.75 ^ _3478_/CLK (sky130_fd_sc_hd__dfxtp_2)
                         -0.09   13.66   library setup time
                                 13.66   data required time
-----------------------------------------------------------------------------
                                 13.66   data required time
                                 -9.19   data arrival time
-----------------------------------------------------------------------------
                                  4.47   slack (MET)


Startpoint: _3440_ (rising edge-triggered flip-flop clocked by clk')
Endpoint: _3519_ (rising edge-triggered flip-flop clocked by clk)
Path Group: clk
Path Type: max

Fanout     Cap    Slew   Delay    Time   Description
-----------------------------------------------------------------------------
                  0.15    7.00    7.00   clock clk' (rise edge)
                          0.00    7.00   clock network delay (ideal)
                  0.15    0.00    7.00 ^ _3440_/CLK (sky130_fd_sc_hd__dfxtp_2)
                  0.96    1.05    8.05 ^ _3440_/Q (sky130_fd_sc_hd__dfxtp_2)
    54    0.19                           i_spi_reg.falling_edge_detector_sof.rstb (net)
                  0.96    0.00    8.05 ^ _1769_/A (sky130_fd_sc_hd__buf_2)
                  0.22    0.40    8.45 ^ _1769_/X (sky130_fd_sc_hd__buf_2)
    13    0.04                           _1462_ (net)
                  0.22    0.00    8.45 ^ _1803_/A (sky130_fd_sc_hd__inv_2)
                  0.07    0.09    8.54 v _1803_/Y (sky130_fd_sc_hd__inv_2)
     6    0.01                           _1495_ (net)
                  0.07    0.00    8.54 v _1804_/A (sky130_fd_sc_hd__buf_2)
                  0.06    0.17    8.71 v _1804_/X (sky130_fd_sc_hd__buf_2)
    10    0.02                           _1496_ (net)
                  0.06    0.00    8.71 v _2123_/A (sky130_fd_sc_hd__buf_2)
                  0.24    0.32    9.03 v _2123_/X (sky130_fd_sc_hd__buf_2)
    15    0.11                           _0333_ (net)
                  0.24    0.00    9.03 v _2146_/B1 (sky130_fd_sc_hd__a21oi_4)
                  0.10    0.17    9.21 ^ _2146_/Y (sky130_fd_sc_hd__a21oi_4)
     1    0.00                           _0080_ (net)
                  0.10    0.00    9.21 ^ _3519_/D (sky130_fd_sc_hd__dfxtp_2)
                                  9.21   data arrival time

                  0.15   14.00   14.00   clock clk (rise edge)
                          0.00   14.00   clock network delay (ideal)
                         -0.25   13.75   clock uncertainty
                          0.00   13.75   clock reconvergence pessimism
                                 13.75 ^ _3519_/CLK (sky130_fd_sc_hd__dfxtp_2)
                         -0.05   13.70   library setup time
                                 13.70   data required time
-----------------------------------------------------------------------------
                                 13.70   data required time
                                 -9.21   data arrival time
-----------------------------------------------------------------------------
                                  4.49   slack (MET)


Startpoint: _3440_ (rising edge-triggered flip-flop clocked by clk')
Endpoint: _3520_ (rising edge-triggered flip-flop clocked by clk)
Path Group: clk
Path Type: max

Fanout     Cap    Slew   Delay    Time   Description
-----------------------------------------------------------------------------
                  0.15    7.00    7.00   clock clk' (rise edge)
                          0.00    7.00   clock network delay (ideal)
                  0.15    0.00    7.00 ^ _3440_/CLK (sky130_fd_sc_hd__dfxtp_2)
                  0.96    1.05    8.05 ^ _3440_/Q (sky130_fd_sc_hd__dfxtp_2)
    54    0.19                           i_spi_reg.falling_edge_detector_sof.rstb (net)
                  0.96    0.00    8.05 ^ _1769_/A (sky130_fd_sc_hd__buf_2)
                  0.22    0.40    8.45 ^ _1769_/X (sky130_fd_sc_hd__buf_2)
    13    0.04                           _1462_ (net)
                  0.22    0.00    8.45 ^ _1803_/A (sky130_fd_sc_hd__inv_2)
                  0.07    0.09    8.54 v _1803_/Y (sky130_fd_sc_hd__inv_2)
     6    0.01                           _1495_ (net)
                  0.07    0.00    8.54 v _1804_/A (sky130_fd_sc_hd__buf_2)
                  0.06    0.17    8.71 v _1804_/X (sky130_fd_sc_hd__buf_2)
    10    0.02                           _1496_ (net)
                  0.06    0.00    8.71 v _2123_/A (sky130_fd_sc_hd__buf_2)
                  0.24    0.32    9.03 v _2123_/X (sky130_fd_sc_hd__buf_2)
    15    0.11                           _0333_ (net)
                  0.24    0.00    9.03 v _2159_/B1 (sky130_fd_sc_hd__a21oi_4)
                  0.10    0.17    9.21 ^ _2159_/Y (sky130_fd_sc_hd__a21oi_4)
     1    0.00                           _0081_ (net)
                  0.10    0.00    9.21 ^ _3520_/D (sky130_fd_sc_hd__dfxtp_2)
                                  9.21   data arrival time

                  0.15   14.00   14.00   clock clk (rise edge)
                          0.00   14.00   clock network delay (ideal)
                         -0.25   13.75   clock uncertainty
                          0.00   13.75   clock reconvergence pessimism
                                 13.75 ^ _3520_/CLK (sky130_fd_sc_hd__dfxtp_2)
                         -0.05   13.70   library setup time
                                 13.70   data required time
-----------------------------------------------------------------------------
                                 13.70   data required time
                                 -9.21   data arrival time
-----------------------------------------------------------------------------
                                  4.49   slack (MET)


Startpoint: _3440_ (rising edge-triggered flip-flop clocked by clk')
Endpoint: _3521_ (rising edge-triggered flip-flop clocked by clk)
Path Group: clk
Path Type: max

Fanout     Cap    Slew   Delay    Time   Description
-----------------------------------------------------------------------------
                  0.15    7.00    7.00   clock clk' (rise edge)
                          0.00    7.00   clock network delay (ideal)
                  0.15    0.00    7.00 ^ _3440_/CLK (sky130_fd_sc_hd__dfxtp_2)
                  0.96    1.05    8.05 ^ _3440_/Q (sky130_fd_sc_hd__dfxtp_2)
    54    0.19                           i_spi_reg.falling_edge_detector_sof.rstb (net)
                  0.96    0.00    8.05 ^ _1769_/A (sky130_fd_sc_hd__buf_2)
                  0.22    0.40    8.45 ^ _1769_/X (sky130_fd_sc_hd__buf_2)
    13    0.04                           _1462_ (net)
                  0.22    0.00    8.45 ^ _1803_/A (sky130_fd_sc_hd__inv_2)
                  0.07    0.09    8.54 v _1803_/Y (sky130_fd_sc_hd__inv_2)
     6    0.01                           _1495_ (net)
                  0.07    0.00    8.54 v _1804_/A (sky130_fd_sc_hd__buf_2)
                  0.06    0.17    8.71 v _1804_/X (sky130_fd_sc_hd__buf_2)
    10    0.02                           _1496_ (net)
                  0.06    0.00    8.71 v _2123_/A (sky130_fd_sc_hd__buf_2)
                  0.24    0.32    9.03 v _2123_/X (sky130_fd_sc_hd__buf_2)
    15    0.11                           _0333_ (net)
                  0.24    0.00    9.03 v _2165_/B1 (sky130_fd_sc_hd__a21oi_4)
                  0.10    0.17    9.21 ^ _2165_/Y (sky130_fd_sc_hd__a21oi_4)
     1    0.00                           _0082_ (net)
                  0.10    0.00    9.21 ^ _3521_/D (sky130_fd_sc_hd__dfxtp_2)
                                  9.21   data arrival time

                  0.15   14.00   14.00   clock clk (rise edge)
                          0.00   14.00   clock network delay (ideal)
                         -0.25   13.75   clock uncertainty
                          0.00   13.75   clock reconvergence pessimism
                                 13.75 ^ _3521_/CLK (sky130_fd_sc_hd__dfxtp_2)
                         -0.05   13.70   library setup time
                                 13.70   data required time
-----------------------------------------------------------------------------
                                 13.70   data required time
                                 -9.21   data arrival time
-----------------------------------------------------------------------------
                                  4.49   slack (MET)


Startpoint: _3440_ (rising edge-triggered flip-flop clocked by clk')
Endpoint: _3522_ (rising edge-triggered flip-flop clocked by clk)
Path Group: clk
Path Type: max

Fanout     Cap    Slew   Delay    Time   Description
-----------------------------------------------------------------------------
                  0.15    7.00    7.00   clock clk' (rise edge)
                          0.00    7.00   clock network delay (ideal)
                  0.15    0.00    7.00 ^ _3440_/CLK (sky130_fd_sc_hd__dfxtp_2)
                  0.96    1.05    8.05 ^ _3440_/Q (sky130_fd_sc_hd__dfxtp_2)
    54    0.19                           i_spi_reg.falling_edge_detector_sof.rstb (net)
                  0.96    0.00    8.05 ^ _1769_/A (sky130_fd_sc_hd__buf_2)
                  0.22    0.40    8.45 ^ _1769_/X (sky130_fd_sc_hd__buf_2)
    13    0.04                           _1462_ (net)
                  0.22    0.00    8.45 ^ _1803_/A (sky130_fd_sc_hd__inv_2)
                  0.07    0.09    8.54 v _1803_/Y (sky130_fd_sc_hd__inv_2)
     6    0.01                           _1495_ (net)
                  0.07    0.00    8.54 v _1804_/A (sky130_fd_sc_hd__buf_2)
                  0.06    0.17    8.71 v _1804_/X (sky130_fd_sc_hd__buf_2)
    10    0.02                           _1496_ (net)
                  0.06    0.00    8.71 v _2123_/A (sky130_fd_sc_hd__buf_2)
                  0.24    0.32    9.03 v _2123_/X (sky130_fd_sc_hd__buf_2)
    15    0.11                           _0333_ (net)
                  0.24    0.00    9.03 v _2172_/B1 (sky130_fd_sc_hd__a21oi_4)
                  0.10    0.17    9.21 ^ _2172_/Y (sky130_fd_sc_hd__a21oi_4)
     1    0.00                           _0083_ (net)
                  0.10    0.00    9.21 ^ _3522_/D (sky130_fd_sc_hd__dfxtp_2)
                                  9.21   data arrival time

                  0.15   14.00   14.00   clock clk (rise edge)
                          0.00   14.00   clock network delay (ideal)
                         -0.25   13.75   clock uncertainty
                          0.00   13.75   clock reconvergence pessimism
                                 13.75 ^ _3522_/CLK (sky130_fd_sc_hd__dfxtp_2)
                         -0.05   13.70   library setup time
                                 13.70   data required time
-----------------------------------------------------------------------------
                                 13.70   data required time
                                 -9.21   data arrival time
-----------------------------------------------------------------------------
                                  4.49   slack (MET)


Startpoint: _3440_ (rising edge-triggered flip-flop clocked by clk')
Endpoint: _3523_ (rising edge-triggered flip-flop clocked by clk)
Path Group: clk
Path Type: max

Fanout     Cap    Slew   Delay    Time   Description
-----------------------------------------------------------------------------
                  0.15    7.00    7.00   clock clk' (rise edge)
                          0.00    7.00   clock network delay (ideal)
                  0.15    0.00    7.00 ^ _3440_/CLK (sky130_fd_sc_hd__dfxtp_2)
                  0.96    1.05    8.05 ^ _3440_/Q (sky130_fd_sc_hd__dfxtp_2)
    54    0.19                           i_spi_reg.falling_edge_detector_sof.rstb (net)
                  0.96    0.00    8.05 ^ _1769_/A (sky130_fd_sc_hd__buf_2)
                  0.22    0.40    8.45 ^ _1769_/X (sky130_fd_sc_hd__buf_2)
    13    0.04                           _1462_ (net)
                  0.22    0.00    8.45 ^ _1803_/A (sky130_fd_sc_hd__inv_2)
                  0.07    0.09    8.54 v _1803_/Y (sky130_fd_sc_hd__inv_2)
     6    0.01                           _1495_ (net)
                  0.07    0.00    8.54 v _1804_/A (sky130_fd_sc_hd__buf_2)
                  0.06    0.17    8.71 v _1804_/X (sky130_fd_sc_hd__buf_2)
    10    0.02                           _1496_ (net)
                  0.06    0.00    8.71 v _2123_/A (sky130_fd_sc_hd__buf_2)
                  0.24    0.32    9.03 v _2123_/X (sky130_fd_sc_hd__buf_2)
    15    0.11                           _0333_ (net)
                  0.24    0.00    9.03 v _2178_/B1 (sky130_fd_sc_hd__a21oi_4)
                  0.10    0.17    9.21 ^ _2178_/Y (sky130_fd_sc_hd__a21oi_4)
     1    0.00                           _0084_ (net)
                  0.10    0.00    9.21 ^ _3523_/D (sky130_fd_sc_hd__dfxtp_2)
                                  9.21   data arrival time

                  0.15   14.00   14.00   clock clk (rise edge)
                          0.00   14.00   clock network delay (ideal)
                         -0.25   13.75   clock uncertainty
                          0.00   13.75   clock reconvergence pessimism
                                 13.75 ^ _3523_/CLK (sky130_fd_sc_hd__dfxtp_2)
                         -0.05   13.70   library setup time
                                 13.70   data required time
-----------------------------------------------------------------------------
                                 13.70   data required time
                                 -9.21   data arrival time
-----------------------------------------------------------------------------
                                  4.49   slack (MET)


Startpoint: _3440_ (rising edge-triggered flip-flop clocked by clk')
Endpoint: _3524_ (rising edge-triggered flip-flop clocked by clk)
Path Group: clk
Path Type: max

Fanout     Cap    Slew   Delay    Time   Description
-----------------------------------------------------------------------------
                  0.15    7.00    7.00   clock clk' (rise edge)
                          0.00    7.00   clock network delay (ideal)
                  0.15    0.00    7.00 ^ _3440_/CLK (sky130_fd_sc_hd__dfxtp_2)
                  0.96    1.05    8.05 ^ _3440_/Q (sky130_fd_sc_hd__dfxtp_2)
    54    0.19                           i_spi_reg.falling_edge_detector_sof.rstb (net)
                  0.96    0.00    8.05 ^ _1769_/A (sky130_fd_sc_hd__buf_2)
                  0.22    0.40    8.45 ^ _1769_/X (sky130_fd_sc_hd__buf_2)
    13    0.04                           _1462_ (net)
                  0.22    0.00    8.45 ^ _1803_/A (sky130_fd_sc_hd__inv_2)
                  0.07    0.09    8.54 v _1803_/Y (sky130_fd_sc_hd__inv_2)
     6    0.01                           _1495_ (net)
                  0.07    0.00    8.54 v _1804_/A (sky130_fd_sc_hd__buf_2)
                  0.06    0.17    8.71 v _1804_/X (sky130_fd_sc_hd__buf_2)
    10    0.02                           _1496_ (net)
                  0.06    0.00    8.71 v _2123_/A (sky130_fd_sc_hd__buf_2)
                  0.24    0.32    9.03 v _2123_/X (sky130_fd_sc_hd__buf_2)
    15    0.11                           _0333_ (net)
                  0.24    0.00    9.03 v _2184_/B1 (sky130_fd_sc_hd__a21oi_4)
                  0.10    0.17    9.21 ^ _2184_/Y (sky130_fd_sc_hd__a21oi_4)
     1    0.00                           _0085_ (net)
                  0.10    0.00    9.21 ^ _3524_/D (sky130_fd_sc_hd__dfxtp_2)
                                  9.21   data arrival time

                  0.15   14.00   14.00   clock clk (rise edge)
                          0.00   14.00   clock network delay (ideal)
                         -0.25   13.75   clock uncertainty
                          0.00   13.75   clock reconvergence pessimism
                                 13.75 ^ _3524_/CLK (sky130_fd_sc_hd__dfxtp_2)
                         -0.05   13.70   library setup time
                                 13.70   data required time
-----------------------------------------------------------------------------
                                 13.70   data required time
                                 -9.21   data arrival time
-----------------------------------------------------------------------------
                                  4.49   slack (MET)


Startpoint: _3440_ (rising edge-triggered flip-flop clocked by clk')
Endpoint: _3525_ (rising edge-triggered flip-flop clocked by clk)
Path Group: clk
Path Type: max

Fanout     Cap    Slew   Delay    Time   Description
-----------------------------------------------------------------------------
                  0.15    7.00    7.00   clock clk' (rise edge)
                          0.00    7.00   clock network delay (ideal)
                  0.15    0.00    7.00 ^ _3440_/CLK (sky130_fd_sc_hd__dfxtp_2)
                  0.96    1.05    8.05 ^ _3440_/Q (sky130_fd_sc_hd__dfxtp_2)
    54    0.19                           i_spi_reg.falling_edge_detector_sof.rstb (net)
                  0.96    0.00    8.05 ^ _1769_/A (sky130_fd_sc_hd__buf_2)
                  0.22    0.40    8.45 ^ _1769_/X (sky130_fd_sc_hd__buf_2)
    13    0.04                           _1462_ (net)
                  0.22    0.00    8.45 ^ _1803_/A (sky130_fd_sc_hd__inv_2)
                  0.07    0.09    8.54 v _1803_/Y (sky130_fd_sc_hd__inv_2)
     6    0.01                           _1495_ (net)
                  0.07    0.00    8.54 v _1804_/A (sky130_fd_sc_hd__buf_2)
                  0.06    0.17    8.71 v _1804_/X (sky130_fd_sc_hd__buf_2)
    10    0.02                           _1496_ (net)
                  0.06    0.00    8.71 v _2123_/A (sky130_fd_sc_hd__buf_2)
                  0.24    0.32    9.03 v _2123_/X (sky130_fd_sc_hd__buf_2)
    15    0.11                           _0333_ (net)
                  0.24    0.00    9.03 v _2190_/B1 (sky130_fd_sc_hd__a21oi_4)
                  0.10    0.17    9.21 ^ _2190_/Y (sky130_fd_sc_hd__a21oi_4)
     1    0.00                           _0086_ (net)
                  0.10    0.00    9.21 ^ _3525_/D (sky130_fd_sc_hd__dfxtp_2)
                                  9.21   data arrival time

                  0.15   14.00   14.00   clock clk (rise edge)
                          0.00   14.00   clock network delay (ideal)
                         -0.25   13.75   clock uncertainty
                          0.00   13.75   clock reconvergence pessimism
                                 13.75 ^ _3525_/CLK (sky130_fd_sc_hd__dfxtp_2)
                         -0.05   13.70   library setup time
                                 13.70   data required time
-----------------------------------------------------------------------------
                                 13.70   data required time
                                 -9.21   data arrival time
-----------------------------------------------------------------------------
                                  4.49   slack (MET)


Startpoint: _3440_ (rising edge-triggered flip-flop clocked by clk')
Endpoint: _3526_ (rising edge-triggered flip-flop clocked by clk)
Path Group: clk
Path Type: max

Fanout     Cap    Slew   Delay    Time   Description
-----------------------------------------------------------------------------
                  0.15    7.00    7.00   clock clk' (rise edge)
                          0.00    7.00   clock network delay (ideal)
                  0.15    0.00    7.00 ^ _3440_/CLK (sky130_fd_sc_hd__dfxtp_2)
                  0.96    1.05    8.05 ^ _3440_/Q (sky130_fd_sc_hd__dfxtp_2)
    54    0.19                           i_spi_reg.falling_edge_detector_sof.rstb (net)
                  0.96    0.00    8.05 ^ _1769_/A (sky130_fd_sc_hd__buf_2)
                  0.22    0.40    8.45 ^ _1769_/X (sky130_fd_sc_hd__buf_2)
    13    0.04                           _1462_ (net)
                  0.22    0.00    8.45 ^ _1803_/A (sky130_fd_sc_hd__inv_2)
                  0.07    0.09    8.54 v _1803_/Y (sky130_fd_sc_hd__inv_2)
     6    0.01                           _1495_ (net)
                  0.07    0.00    8.54 v _1804_/A (sky130_fd_sc_hd__buf_2)
                  0.06    0.17    8.71 v _1804_/X (sky130_fd_sc_hd__buf_2)
    10    0.02                           _1496_ (net)
                  0.06    0.00    8.71 v _2123_/A (sky130_fd_sc_hd__buf_2)
                  0.24    0.32    9.03 v _2123_/X (sky130_fd_sc_hd__buf_2)
    15    0.11                           _0333_ (net)
                  0.24    0.00    9.03 v _2196_/B1 (sky130_fd_sc_hd__a21oi_4)
                  0.10    0.17    9.21 ^ _2196_/Y (sky130_fd_sc_hd__a21oi_4)
     1    0.00                           _0087_ (net)
                  0.10    0.00    9.21 ^ _3526_/D (sky130_fd_sc_hd__dfxtp_2)
                                  9.21   data arrival time

                  0.15   14.00   14.00   clock clk (rise edge)
                          0.00   14.00   clock network delay (ideal)
                         -0.25   13.75   clock uncertainty
                          0.00   13.75   clock reconvergence pessimism
                                 13.75 ^ _3526_/CLK (sky130_fd_sc_hd__dfxtp_2)
                         -0.05   13.70   library setup time
                                 13.70   data required time
-----------------------------------------------------------------------------
                                 13.70   data required time
                                 -9.21   data arrival time
-----------------------------------------------------------------------------
                                  4.49   slack (MET)


Startpoint: _3440_ (rising edge-triggered flip-flop clocked by clk')
Endpoint: _3527_ (rising edge-triggered flip-flop clocked by clk)
Path Group: clk
Path Type: max

Fanout     Cap    Slew   Delay    Time   Description
-----------------------------------------------------------------------------
                  0.15    7.00    7.00   clock clk' (rise edge)
                          0.00    7.00   clock network delay (ideal)
                  0.15    0.00    7.00 ^ _3440_/CLK (sky130_fd_sc_hd__dfxtp_2)
                  0.96    1.05    8.05 ^ _3440_/Q (sky130_fd_sc_hd__dfxtp_2)
    54    0.19                           i_spi_reg.falling_edge_detector_sof.rstb (net)
                  0.96    0.00    8.05 ^ _1769_/A (sky130_fd_sc_hd__buf_2)
                  0.22    0.40    8.45 ^ _1769_/X (sky130_fd_sc_hd__buf_2)
    13    0.04                           _1462_ (net)
                  0.22    0.00    8.45 ^ _1803_/A (sky130_fd_sc_hd__inv_2)
                  0.07    0.09    8.54 v _1803_/Y (sky130_fd_sc_hd__inv_2)
     6    0.01                           _1495_ (net)
                  0.07    0.00    8.54 v _1804_/A (sky130_fd_sc_hd__buf_2)
                  0.06    0.17    8.71 v _1804_/X (sky130_fd_sc_hd__buf_2)
    10    0.02                           _1496_ (net)
                  0.06    0.00    8.71 v _2123_/A (sky130_fd_sc_hd__buf_2)
                  0.24    0.32    9.03 v _2123_/X (sky130_fd_sc_hd__buf_2)
    15    0.11                           _0333_ (net)
                  0.24    0.00    9.03 v _2202_/B1 (sky130_fd_sc_hd__a21oi_4)
                  0.10    0.17    9.21 ^ _2202_/Y (sky130_fd_sc_hd__a21oi_4)
     1    0.00                           _0088_ (net)
                  0.10    0.00    9.21 ^ _3527_/D (sky130_fd_sc_hd__dfxtp_2)
                                  9.21   data arrival time

                  0.15   14.00   14.00   clock clk (rise edge)
                          0.00   14.00   clock network delay (ideal)
                         -0.25   13.75   clock uncertainty
                          0.00   13.75   clock reconvergence pessimism
                                 13.75 ^ _3527_/CLK (sky130_fd_sc_hd__dfxtp_2)
                         -0.05   13.70   library setup time
                                 13.70   data required time
-----------------------------------------------------------------------------
                                 13.70   data required time
                                 -9.21   data arrival time
-----------------------------------------------------------------------------
                                  4.49   slack (MET)


Startpoint: _3440_ (rising edge-triggered flip-flop clocked by clk')
Endpoint: _3528_ (rising edge-triggered flip-flop clocked by clk)
Path Group: clk
Path Type: max

Fanout     Cap    Slew   Delay    Time   Description
-----------------------------------------------------------------------------
                  0.15    7.00    7.00   clock clk' (rise edge)
                          0.00    7.00   clock network delay (ideal)
                  0.15    0.00    7.00 ^ _3440_/CLK (sky130_fd_sc_hd__dfxtp_2)
                  0.96    1.05    8.05 ^ _3440_/Q (sky130_fd_sc_hd__dfxtp_2)
    54    0.19                           i_spi_reg.falling_edge_detector_sof.rstb (net)
                  0.96    0.00    8.05 ^ _1769_/A (sky130_fd_sc_hd__buf_2)
                  0.22    0.40    8.45 ^ _1769_/X (sky130_fd_sc_hd__buf_2)
    13    0.04                           _1462_ (net)
                  0.22    0.00    8.45 ^ _1803_/A (sky130_fd_sc_hd__inv_2)
                  0.07    0.09    8.54 v _1803_/Y (sky130_fd_sc_hd__inv_2)
     6    0.01                           _1495_ (net)
                  0.07    0.00    8.54 v _1804_/A (sky130_fd_sc_hd__buf_2)
                  0.06    0.17    8.71 v _1804_/X (sky130_fd_sc_hd__buf_2)
    10    0.02                           _1496_ (net)
                  0.06    0.00    8.71 v _2123_/A (sky130_fd_sc_hd__buf_2)
                  0.24    0.32    9.03 v _2123_/X (sky130_fd_sc_hd__buf_2)
    15    0.11                           _0333_ (net)
                  0.24    0.00    9.03 v _2208_/B1 (sky130_fd_sc_hd__a21oi_4)
                  0.10    0.17    9.21 ^ _2208_/Y (sky130_fd_sc_hd__a21oi_4)
     1    0.00                           _0089_ (net)
                  0.10    0.00    9.21 ^ _3528_/D (sky130_fd_sc_hd__dfxtp_2)
                                  9.21   data arrival time

                  0.15   14.00   14.00   clock clk (rise edge)
                          0.00   14.00   clock network delay (ideal)
                         -0.25   13.75   clock uncertainty
                          0.00   13.75   clock reconvergence pessimism
                                 13.75 ^ _3528_/CLK (sky130_fd_sc_hd__dfxtp_2)
                         -0.05   13.70   library setup time
                                 13.70   data required time
-----------------------------------------------------------------------------
                                 13.70   data required time
                                 -9.21   data arrival time
-----------------------------------------------------------------------------
                                  4.49   slack (MET)


Startpoint: _3440_ (rising edge-triggered flip-flop clocked by clk')
Endpoint: _3529_ (rising edge-triggered flip-flop clocked by clk)
Path Group: clk
Path Type: max

Fanout     Cap    Slew   Delay    Time   Description
-----------------------------------------------------------------------------
                  0.15    7.00    7.00   clock clk' (rise edge)
                          0.00    7.00   clock network delay (ideal)
                  0.15    0.00    7.00 ^ _3440_/CLK (sky130_fd_sc_hd__dfxtp_2)
                  0.96    1.05    8.05 ^ _3440_/Q (sky130_fd_sc_hd__dfxtp_2)
    54    0.19                           i_spi_reg.falling_edge_detector_sof.rstb (net)
                  0.96    0.00    8.05 ^ _1769_/A (sky130_fd_sc_hd__buf_2)
                  0.22    0.40    8.45 ^ _1769_/X (sky130_fd_sc_hd__buf_2)
    13    0.04                           _1462_ (net)
                  0.22    0.00    8.45 ^ _1803_/A (sky130_fd_sc_hd__inv_2)
                  0.07    0.09    8.54 v _1803_/Y (sky130_fd_sc_hd__inv_2)
     6    0.01                           _1495_ (net)
                  0.07    0.00    8.54 v _1804_/A (sky130_fd_sc_hd__buf_2)
                  0.06    0.17    8.71 v _1804_/X (sky130_fd_sc_hd__buf_2)
    10    0.02                           _1496_ (net)
                  0.06    0.00    8.71 v _2123_/A (sky130_fd_sc_hd__buf_2)
                  0.24    0.32    9.03 v _2123_/X (sky130_fd_sc_hd__buf_2)
    15    0.11                           _0333_ (net)
                  0.24    0.00    9.03 v _2214_/B1 (sky130_fd_sc_hd__a21oi_4)
                  0.10    0.17    9.21 ^ _2214_/Y (sky130_fd_sc_hd__a21oi_4)
     1    0.00                           _0090_ (net)
                  0.10    0.00    9.21 ^ _3529_/D (sky130_fd_sc_hd__dfxtp_2)
                                  9.21   data arrival time

                  0.15   14.00   14.00   clock clk (rise edge)
                          0.00   14.00   clock network delay (ideal)
                         -0.25   13.75   clock uncertainty
                          0.00   13.75   clock reconvergence pessimism
                                 13.75 ^ _3529_/CLK (sky130_fd_sc_hd__dfxtp_2)
                         -0.05   13.70   library setup time
                                 13.70   data required time
-----------------------------------------------------------------------------
                                 13.70   data required time
                                 -9.21   data arrival time
-----------------------------------------------------------------------------
                                  4.49   slack (MET)


Startpoint: _3440_ (rising edge-triggered flip-flop clocked by clk')
Endpoint: _3530_ (rising edge-triggered flip-flop clocked by clk)
Path Group: clk
Path Type: max

Fanout     Cap    Slew   Delay    Time   Description
-----------------------------------------------------------------------------
                  0.15    7.00    7.00   clock clk' (rise edge)
                          0.00    7.00   clock network delay (ideal)
                  0.15    0.00    7.00 ^ _3440_/CLK (sky130_fd_sc_hd__dfxtp_2)
                  0.96    1.05    8.05 ^ _3440_/Q (sky130_fd_sc_hd__dfxtp_2)
    54    0.19                           i_spi_reg.falling_edge_detector_sof.rstb (net)
                  0.96    0.00    8.05 ^ _1769_/A (sky130_fd_sc_hd__buf_2)
                  0.22    0.40    8.45 ^ _1769_/X (sky130_fd_sc_hd__buf_2)
    13    0.04                           _1462_ (net)
                  0.22    0.00    8.45 ^ _1803_/A (sky130_fd_sc_hd__inv_2)
                  0.07    0.09    8.54 v _1803_/Y (sky130_fd_sc_hd__inv_2)
     6    0.01                           _1495_ (net)
                  0.07    0.00    8.54 v _1804_/A (sky130_fd_sc_hd__buf_2)
                  0.06    0.17    8.71 v _1804_/X (sky130_fd_sc_hd__buf_2)
    10    0.02                           _1496_ (net)
                  0.06    0.00    8.71 v _2123_/A (sky130_fd_sc_hd__buf_2)
                  0.24    0.32    9.03 v _2123_/X (sky130_fd_sc_hd__buf_2)
    15    0.11                           _0333_ (net)
                  0.24    0.00    9.03 v _2220_/B1 (sky130_fd_sc_hd__a21oi_4)
                  0.10    0.17    9.21 ^ _2220_/Y (sky130_fd_sc_hd__a21oi_4)
     1    0.00                           _0091_ (net)
                  0.10    0.00    9.21 ^ _3530_/D (sky130_fd_sc_hd__dfxtp_2)
                                  9.21   data arrival time

                  0.15   14.00   14.00   clock clk (rise edge)
                          0.00   14.00   clock network delay (ideal)
                         -0.25   13.75   clock uncertainty
                          0.00   13.75   clock reconvergence pessimism
                                 13.75 ^ _3530_/CLK (sky130_fd_sc_hd__dfxtp_2)
                         -0.05   13.70   library setup time
                                 13.70   data required time
-----------------------------------------------------------------------------
                                 13.70   data required time
                                 -9.21   data arrival time
-----------------------------------------------------------------------------
                                  4.49   slack (MET)


Startpoint: _3440_ (rising edge-triggered flip-flop clocked by clk')
Endpoint: _3599_ (rising edge-triggered flip-flop clocked by clk)
Path Group: clk
Path Type: max

Fanout     Cap    Slew   Delay    Time   Description
-----------------------------------------------------------------------------
                  0.15    7.00    7.00   clock clk' (rise edge)
                          0.00    7.00   clock network delay (ideal)
                  0.15    0.00    7.00 ^ _3440_/CLK (sky130_fd_sc_hd__dfxtp_2)
                  0.96    1.05    8.05 ^ _3440_/Q (sky130_fd_sc_hd__dfxtp_2)
    54    0.19                           i_spi_reg.falling_edge_detector_sof.rstb (net)
                  0.96    0.00    8.05 ^ _1769_/A (sky130_fd_sc_hd__buf_2)
                  0.22    0.40    8.45 ^ _1769_/X (sky130_fd_sc_hd__buf_2)
    13    0.04                           _1462_ (net)
                  0.22    0.00    8.45 ^ _2653_/A (sky130_fd_sc_hd__buf_1)
                  0.62    0.54    8.98 ^ _2653_/X (sky130_fd_sc_hd__buf_1)
    15    0.05                           _0780_ (net)
                  0.62    0.00    8.98 ^ _2654_/B1 (sky130_fd_sc_hd__o21a_2)
                  0.04    0.23    9.22 ^ _2654_/X (sky130_fd_sc_hd__o21a_2)
     1    0.00                           _0160_ (net)
                  0.04    0.00    9.22 ^ _3599_/D (sky130_fd_sc_hd__dfxtp_2)
                                  9.22   data arrival time

                  0.15   14.00   14.00   clock clk (rise edge)
                          0.00   14.00   clock network delay (ideal)
                         -0.25   13.75   clock uncertainty
                          0.00   13.75   clock reconvergence pessimism
                                 13.75 ^ _3599_/CLK (sky130_fd_sc_hd__dfxtp_2)
                         -0.04   13.71   library setup time
                                 13.71   data required time
-----------------------------------------------------------------------------
                                 13.71   data required time
                                 -9.22   data arrival time
-----------------------------------------------------------------------------
                                  4.49   slack (MET)


Startpoint: _3440_ (rising edge-triggered flip-flop clocked by clk')
Endpoint: _3600_ (rising edge-triggered flip-flop clocked by clk)
Path Group: clk
Path Type: max

Fanout     Cap    Slew   Delay    Time   Description
-----------------------------------------------------------------------------
                  0.15    7.00    7.00   clock clk' (rise edge)
                          0.00    7.00   clock network delay (ideal)
                  0.15    0.00    7.00 ^ _3440_/CLK (sky130_fd_sc_hd__dfxtp_2)
                  0.96    1.05    8.05 ^ _3440_/Q (sky130_fd_sc_hd__dfxtp_2)
    54    0.19                           i_spi_reg.falling_edge_detector_sof.rstb (net)
                  0.96    0.00    8.05 ^ _1769_/A (sky130_fd_sc_hd__buf_2)
                  0.22    0.40    8.45 ^ _1769_/X (sky130_fd_sc_hd__buf_2)
    13    0.04                           _1462_ (net)
                  0.22    0.00    8.45 ^ _2653_/A (sky130_fd_sc_hd__buf_1)
                  0.62    0.54    8.98 ^ _2653_/X (sky130_fd_sc_hd__buf_1)
    15    0.05                           _0780_ (net)
                  0.62    0.00    8.98 ^ _2658_/B1 (sky130_fd_sc_hd__o21a_2)
                  0.04    0.23    9.22 ^ _2658_/X (sky130_fd_sc_hd__o21a_2)
     1    0.00                           _0161_ (net)
                  0.04    0.00    9.22 ^ _3600_/D (sky130_fd_sc_hd__dfxtp_2)
                                  9.22   data arrival time

                  0.15   14.00   14.00   clock clk (rise edge)
                          0.00   14.00   clock network delay (ideal)
                         -0.25   13.75   clock uncertainty
                          0.00   13.75   clock reconvergence pessimism
                                 13.75 ^ _3600_/CLK (sky130_fd_sc_hd__dfxtp_2)
                         -0.04   13.71   library setup time
                                 13.71   data required time
-----------------------------------------------------------------------------
                                 13.71   data required time
                                 -9.22   data arrival time
-----------------------------------------------------------------------------
                                  4.49   slack (MET)


Startpoint: _3440_ (rising edge-triggered flip-flop clocked by clk')
Endpoint: _3601_ (rising edge-triggered flip-flop clocked by clk)
Path Group: clk
Path Type: max

Fanout     Cap    Slew   Delay    Time   Description
-----------------------------------------------------------------------------
                  0.15    7.00    7.00   clock clk' (rise edge)
                          0.00    7.00   clock network delay (ideal)
                  0.15    0.00    7.00 ^ _3440_/CLK (sky130_fd_sc_hd__dfxtp_2)
                  0.96    1.05    8.05 ^ _3440_/Q (sky130_fd_sc_hd__dfxtp_2)
    54    0.19                           i_spi_reg.falling_edge_detector_sof.rstb (net)
                  0.96    0.00    8.05 ^ _1769_/A (sky130_fd_sc_hd__buf_2)
                  0.22    0.40    8.45 ^ _1769_/X (sky130_fd_sc_hd__buf_2)
    13    0.04                           _1462_ (net)
                  0.22    0.00    8.45 ^ _2653_/A (sky130_fd_sc_hd__buf_1)
                  0.62    0.54    8.98 ^ _2653_/X (sky130_fd_sc_hd__buf_1)
    15    0.05                           _0780_ (net)
                  0.62    0.00    8.98 ^ _2662_/B1 (sky130_fd_sc_hd__o21a_2)
                  0.04    0.23    9.22 ^ _2662_/X (sky130_fd_sc_hd__o21a_2)
     1    0.00                           _0162_ (net)
                  0.04    0.00    9.22 ^ _3601_/D (sky130_fd_sc_hd__dfxtp_2)
                                  9.22   data arrival time

                  0.15   14.00   14.00   clock clk (rise edge)
                          0.00   14.00   clock network delay (ideal)
                         -0.25   13.75   clock uncertainty
                          0.00   13.75   clock reconvergence pessimism
                                 13.75 ^ _3601_/CLK (sky130_fd_sc_hd__dfxtp_2)
                         -0.04   13.71   library setup time
                                 13.71   data required time
-----------------------------------------------------------------------------
                                 13.71   data required time
                                 -9.22   data arrival time
-----------------------------------------------------------------------------
                                  4.49   slack (MET)


Startpoint: _3440_ (rising edge-triggered flip-flop clocked by clk')
Endpoint: _3602_ (rising edge-triggered flip-flop clocked by clk)
Path Group: clk
Path Type: max

Fanout     Cap    Slew   Delay    Time   Description
-----------------------------------------------------------------------------
                  0.15    7.00    7.00   clock clk' (rise edge)
                          0.00    7.00   clock network delay (ideal)
                  0.15    0.00    7.00 ^ _3440_/CLK (sky130_fd_sc_hd__dfxtp_2)
                  0.96    1.05    8.05 ^ _3440_/Q (sky130_fd_sc_hd__dfxtp_2)
    54    0.19                           i_spi_reg.falling_edge_detector_sof.rstb (net)
                  0.96    0.00    8.05 ^ _1769_/A (sky130_fd_sc_hd__buf_2)
                  0.22    0.40    8.45 ^ _1769_/X (sky130_fd_sc_hd__buf_2)
    13    0.04                           _1462_ (net)
                  0.22    0.00    8.45 ^ _2653_/A (sky130_fd_sc_hd__buf_1)
                  0.62    0.54    8.98 ^ _2653_/X (sky130_fd_sc_hd__buf_1)
    15    0.05                           _0780_ (net)
                  0.62    0.00    8.98 ^ _2666_/B1 (sky130_fd_sc_hd__o21a_2)
                  0.04    0.23    9.22 ^ _2666_/X (sky130_fd_sc_hd__o21a_2)
     1    0.00                           _0163_ (net)
                  0.04    0.00    9.22 ^ _3602_/D (sky130_fd_sc_hd__dfxtp_2)
                                  9.22   data arrival time

                  0.15   14.00   14.00   clock clk (rise edge)
                          0.00   14.00   clock network delay (ideal)
                         -0.25   13.75   clock uncertainty
                          0.00   13.75   clock reconvergence pessimism
                                 13.75 ^ _3602_/CLK (sky130_fd_sc_hd__dfxtp_2)
                         -0.04   13.71   library setup time
                                 13.71   data required time
-----------------------------------------------------------------------------
                                 13.71   data required time
                                 -9.22   data arrival time
-----------------------------------------------------------------------------
                                  4.49   slack (MET)


Startpoint: _3440_ (rising edge-triggered flip-flop clocked by clk')
Endpoint: _3603_ (rising edge-triggered flip-flop clocked by clk)
Path Group: clk
Path Type: max

Fanout     Cap    Slew   Delay    Time   Description
-----------------------------------------------------------------------------
                  0.15    7.00    7.00   clock clk' (rise edge)
                          0.00    7.00   clock network delay (ideal)
                  0.15    0.00    7.00 ^ _3440_/CLK (sky130_fd_sc_hd__dfxtp_2)
                  0.96    1.05    8.05 ^ _3440_/Q (sky130_fd_sc_hd__dfxtp_2)
    54    0.19                           i_spi_reg.falling_edge_detector_sof.rstb (net)
                  0.96    0.00    8.05 ^ _1769_/A (sky130_fd_sc_hd__buf_2)
                  0.22    0.40    8.45 ^ _1769_/X (sky130_fd_sc_hd__buf_2)
    13    0.04                           _1462_ (net)
                  0.22    0.00    8.45 ^ _2653_/A (sky130_fd_sc_hd__buf_1)
                  0.62    0.54    8.98 ^ _2653_/X (sky130_fd_sc_hd__buf_1)
    15    0.05                           _0780_ (net)
                  0.62    0.00    8.98 ^ _2670_/B1 (sky130_fd_sc_hd__o21a_2)
                  0.04    0.23    9.22 ^ _2670_/X (sky130_fd_sc_hd__o21a_2)
     1    0.00                           _0164_ (net)
                  0.04    0.00    9.22 ^ _3603_/D (sky130_fd_sc_hd__dfxtp_2)
                                  9.22   data arrival time

                  0.15   14.00   14.00   clock clk (rise edge)
                          0.00   14.00   clock network delay (ideal)
                         -0.25   13.75   clock uncertainty
                          0.00   13.75   clock reconvergence pessimism
                                 13.75 ^ _3603_/CLK (sky130_fd_sc_hd__dfxtp_2)
                         -0.04   13.71   library setup time
                                 13.71   data required time
-----------------------------------------------------------------------------
                                 13.71   data required time
                                 -9.22   data arrival time
-----------------------------------------------------------------------------
                                  4.49   slack (MET)


Startpoint: _3440_ (rising edge-triggered flip-flop clocked by clk')
Endpoint: _3604_ (rising edge-triggered flip-flop clocked by clk)
Path Group: clk
Path Type: max

Fanout     Cap    Slew   Delay    Time   Description
-----------------------------------------------------------------------------
                  0.15    7.00    7.00   clock clk' (rise edge)
                          0.00    7.00   clock network delay (ideal)
                  0.15    0.00    7.00 ^ _3440_/CLK (sky130_fd_sc_hd__dfxtp_2)
                  0.96    1.05    8.05 ^ _3440_/Q (sky130_fd_sc_hd__dfxtp_2)
    54    0.19                           i_spi_reg.falling_edge_detector_sof.rstb (net)
                  0.96    0.00    8.05 ^ _1769_/A (sky130_fd_sc_hd__buf_2)
                  0.22    0.40    8.45 ^ _1769_/X (sky130_fd_sc_hd__buf_2)
    13    0.04                           _1462_ (net)
                  0.22    0.00    8.45 ^ _2653_/A (sky130_fd_sc_hd__buf_1)
                  0.62    0.54    8.98 ^ _2653_/X (sky130_fd_sc_hd__buf_1)
    15    0.05                           _0780_ (net)
                  0.62    0.00    8.98 ^ _2674_/B1 (sky130_fd_sc_hd__o21a_2)
                  0.04    0.23    9.22 ^ _2674_/X (sky130_fd_sc_hd__o21a_2)
     1    0.00                           _0165_ (net)
                  0.04    0.00    9.22 ^ _3604_/D (sky130_fd_sc_hd__dfxtp_2)
                                  9.22   data arrival time

                  0.15   14.00   14.00   clock clk (rise edge)
                          0.00   14.00   clock network delay (ideal)
                         -0.25   13.75   clock uncertainty
                          0.00   13.75   clock reconvergence pessimism
                                 13.75 ^ _3604_/CLK (sky130_fd_sc_hd__dfxtp_2)
                         -0.04   13.71   library setup time
                                 13.71   data required time
-----------------------------------------------------------------------------
                                 13.71   data required time
                                 -9.22   data arrival time
-----------------------------------------------------------------------------
                                  4.49   slack (MET)


Startpoint: _3440_ (rising edge-triggered flip-flop clocked by clk')
Endpoint: _3605_ (rising edge-triggered flip-flop clocked by clk)
Path Group: clk
Path Type: max

Fanout     Cap    Slew   Delay    Time   Description
-----------------------------------------------------------------------------
                  0.15    7.00    7.00   clock clk' (rise edge)
                          0.00    7.00   clock network delay (ideal)
                  0.15    0.00    7.00 ^ _3440_/CLK (sky130_fd_sc_hd__dfxtp_2)
                  0.96    1.05    8.05 ^ _3440_/Q (sky130_fd_sc_hd__dfxtp_2)
    54    0.19                           i_spi_reg.falling_edge_detector_sof.rstb (net)
                  0.96    0.00    8.05 ^ _1769_/A (sky130_fd_sc_hd__buf_2)
                  0.22    0.40    8.45 ^ _1769_/X (sky130_fd_sc_hd__buf_2)
    13    0.04                           _1462_ (net)
                  0.22    0.00    8.45 ^ _2653_/A (sky130_fd_sc_hd__buf_1)
                  0.62    0.54    8.98 ^ _2653_/X (sky130_fd_sc_hd__buf_1)
    15    0.05                           _0780_ (net)
                  0.62    0.00    8.98 ^ _2678_/B1 (sky130_fd_sc_hd__o21a_2)
                  0.04    0.23    9.22 ^ _2678_/X (sky130_fd_sc_hd__o21a_2)
     1    0.00                           _0166_ (net)
                  0.04    0.00    9.22 ^ _3605_/D (sky130_fd_sc_hd__dfxtp_2)
                                  9.22   data arrival time

                  0.15   14.00   14.00   clock clk (rise edge)
                          0.00   14.00   clock network delay (ideal)
                         -0.25   13.75   clock uncertainty
                          0.00   13.75   clock reconvergence pessimism
                                 13.75 ^ _3605_/CLK (sky130_fd_sc_hd__dfxtp_2)
                         -0.04   13.71   library setup time
                                 13.71   data required time
-----------------------------------------------------------------------------
                                 13.71   data required time
                                 -9.22   data arrival time
-----------------------------------------------------------------------------
                                  4.49   slack (MET)


Startpoint: _3440_ (rising edge-triggered flip-flop clocked by clk')
Endpoint: _3606_ (rising edge-triggered flip-flop clocked by clk)
Path Group: clk
Path Type: max

Fanout     Cap    Slew   Delay    Time   Description
-----------------------------------------------------------------------------
                  0.15    7.00    7.00   clock clk' (rise edge)
                          0.00    7.00   clock network delay (ideal)
                  0.15    0.00    7.00 ^ _3440_/CLK (sky130_fd_sc_hd__dfxtp_2)
                  0.96    1.05    8.05 ^ _3440_/Q (sky130_fd_sc_hd__dfxtp_2)
    54    0.19                           i_spi_reg.falling_edge_detector_sof.rstb (net)
                  0.96    0.00    8.05 ^ _1769_/A (sky130_fd_sc_hd__buf_2)
                  0.22    0.40    8.45 ^ _1769_/X (sky130_fd_sc_hd__buf_2)
    13    0.04                           _1462_ (net)
                  0.22    0.00    8.45 ^ _2653_/A (sky130_fd_sc_hd__buf_1)
                  0.62    0.54    8.98 ^ _2653_/X (sky130_fd_sc_hd__buf_1)
    15    0.05                           _0780_ (net)
                  0.62    0.00    8.98 ^ _2682_/B1 (sky130_fd_sc_hd__o21a_2)
                  0.04    0.23    9.22 ^ _2682_/X (sky130_fd_sc_hd__o21a_2)
     1    0.00                           _0167_ (net)
                  0.04    0.00    9.22 ^ _3606_/D (sky130_fd_sc_hd__dfxtp_2)
                                  9.22   data arrival time

                  0.15   14.00   14.00   clock clk (rise edge)
                          0.00   14.00   clock network delay (ideal)
                         -0.25   13.75   clock uncertainty
                          0.00   13.75   clock reconvergence pessimism
                                 13.75 ^ _3606_/CLK (sky130_fd_sc_hd__dfxtp_2)
                         -0.04   13.71   library setup time
                                 13.71   data required time
-----------------------------------------------------------------------------
                                 13.71   data required time
                                 -9.22   data arrival time
-----------------------------------------------------------------------------
                                  4.49   slack (MET)


Startpoint: _3440_ (rising edge-triggered flip-flop clocked by clk')
Endpoint: _3516_ (rising edge-triggered flip-flop clocked by clk)
Path Group: clk
Path Type: max

Fanout     Cap    Slew   Delay    Time   Description
-----------------------------------------------------------------------------
                  0.15    7.00    7.00   clock clk' (rise edge)
                          0.00    7.00   clock network delay (ideal)
                  0.15    0.00    7.00 ^ _3440_/CLK (sky130_fd_sc_hd__dfxtp_2)
                  0.96    1.05    8.05 ^ _3440_/Q (sky130_fd_sc_hd__dfxtp_2)
    54    0.19                           i_spi_reg.falling_edge_detector_sof.rstb (net)
                  0.96    0.00    8.05 ^ _1769_/A (sky130_fd_sc_hd__buf_2)
                  0.22    0.40    8.45 ^ _1769_/X (sky130_fd_sc_hd__buf_2)
    13    0.04                           _1462_ (net)
                  0.22    0.00    8.45 ^ _1803_/A (sky130_fd_sc_hd__inv_2)
                  0.07    0.09    8.54 v _1803_/Y (sky130_fd_sc_hd__inv_2)
     6    0.01                           _1495_ (net)
                  0.07    0.00    8.54 v _1804_/A (sky130_fd_sc_hd__buf_2)
                  0.06    0.17    8.71 v _1804_/X (sky130_fd_sc_hd__buf_2)
    10    0.02                           _1496_ (net)
                  0.06    0.00    8.71 v _2123_/A (sky130_fd_sc_hd__buf_2)
                  0.24    0.32    9.03 v _2123_/X (sky130_fd_sc_hd__buf_2)
    15    0.11                           _0333_ (net)
                  0.24    0.00    9.03 v _2124_/B1 (sky130_fd_sc_hd__a21oi_2)
                  0.09    0.17    9.20 ^ _2124_/Y (sky130_fd_sc_hd__a21oi_2)
     1    0.00                           _0077_ (net)
                  0.09    0.00    9.20 ^ _3516_/D (sky130_fd_sc_hd__dfxtp_2)
                                  9.20   data arrival time

                  0.15   14.00   14.00   clock clk (rise edge)
                          0.00   14.00   clock network delay (ideal)
                         -0.25   13.75   clock uncertainty
                          0.00   13.75   clock reconvergence pessimism
                                 13.75 ^ _3516_/CLK (sky130_fd_sc_hd__dfxtp_2)
                         -0.05   13.70   library setup time
                                 13.70   data required time
-----------------------------------------------------------------------------
                                 13.70   data required time
                                 -9.20   data arrival time
-----------------------------------------------------------------------------
                                  4.49   slack (MET)


Startpoint: _3440_ (rising edge-triggered flip-flop clocked by clk')
Endpoint: _3517_ (rising edge-triggered flip-flop clocked by clk)
Path Group: clk
Path Type: max

Fanout     Cap    Slew   Delay    Time   Description
-----------------------------------------------------------------------------
                  0.15    7.00    7.00   clock clk' (rise edge)
                          0.00    7.00   clock network delay (ideal)
                  0.15    0.00    7.00 ^ _3440_/CLK (sky130_fd_sc_hd__dfxtp_2)
                  0.96    1.05    8.05 ^ _3440_/Q (sky130_fd_sc_hd__dfxtp_2)
    54    0.19                           i_spi_reg.falling_edge_detector_sof.rstb (net)
                  0.96    0.00    8.05 ^ _1769_/A (sky130_fd_sc_hd__buf_2)
                  0.22    0.40    8.45 ^ _1769_/X (sky130_fd_sc_hd__buf_2)
    13    0.04                           _1462_ (net)
                  0.22    0.00    8.45 ^ _1803_/A (sky130_fd_sc_hd__inv_2)
                  0.07    0.09    8.54 v _1803_/Y (sky130_fd_sc_hd__inv_2)
     6    0.01                           _1495_ (net)
                  0.07    0.00    8.54 v _1804_/A (sky130_fd_sc_hd__buf_2)
                  0.06    0.17    8.71 v _1804_/X (sky130_fd_sc_hd__buf_2)
    10    0.02                           _1496_ (net)
                  0.06    0.00    8.71 v _2123_/A (sky130_fd_sc_hd__buf_2)
                  0.24    0.32    9.03 v _2123_/X (sky130_fd_sc_hd__buf_2)
    15    0.11                           _0333_ (net)
                  0.24    0.00    9.03 v _2127_/B1 (sky130_fd_sc_hd__a21oi_2)
                  0.09    0.17    9.20 ^ _2127_/Y (sky130_fd_sc_hd__a21oi_2)
     1    0.00                           _0078_ (net)
                  0.09    0.00    9.20 ^ _3517_/D (sky130_fd_sc_hd__dfxtp_2)
                                  9.20   data arrival time

                  0.15   14.00   14.00   clock clk (rise edge)
                          0.00   14.00   clock network delay (ideal)
                         -0.25   13.75   clock uncertainty
                          0.00   13.75   clock reconvergence pessimism
                                 13.75 ^ _3517_/CLK (sky130_fd_sc_hd__dfxtp_2)
                         -0.05   13.70   library setup time
                                 13.70   data required time
-----------------------------------------------------------------------------
                                 13.70   data required time
                                 -9.20   data arrival time
-----------------------------------------------------------------------------
                                  4.49   slack (MET)


Startpoint: _3440_ (rising edge-triggered flip-flop clocked by clk')
Endpoint: _3518_ (rising edge-triggered flip-flop clocked by clk)
Path Group: clk
Path Type: max

Fanout     Cap    Slew   Delay    Time   Description
-----------------------------------------------------------------------------
                  0.15    7.00    7.00   clock clk' (rise edge)
                          0.00    7.00   clock network delay (ideal)
                  0.15    0.00    7.00 ^ _3440_/CLK (sky130_fd_sc_hd__dfxtp_2)
                  0.96    1.05    8.05 ^ _3440_/Q (sky130_fd_sc_hd__dfxtp_2)
    54    0.19                           i_spi_reg.falling_edge_detector_sof.rstb (net)
                  0.96    0.00    8.05 ^ _1769_/A (sky130_fd_sc_hd__buf_2)
                  0.22    0.40    8.45 ^ _1769_/X (sky130_fd_sc_hd__buf_2)
    13    0.04                           _1462_ (net)
                  0.22    0.00    8.45 ^ _1803_/A (sky130_fd_sc_hd__inv_2)
                  0.07    0.09    8.54 v _1803_/Y (sky130_fd_sc_hd__inv_2)
     6    0.01                           _1495_ (net)
                  0.07    0.00    8.54 v _1804_/A (sky130_fd_sc_hd__buf_2)
                  0.06    0.17    8.71 v _1804_/X (sky130_fd_sc_hd__buf_2)
    10    0.02                           _1496_ (net)
                  0.06    0.00    8.71 v _2123_/A (sky130_fd_sc_hd__buf_2)
                  0.24    0.32    9.03 v _2123_/X (sky130_fd_sc_hd__buf_2)
    15    0.11                           _0333_ (net)
                  0.24    0.00    9.03 v _2130_/B1 (sky130_fd_sc_hd__a21oi_2)
                  0.09    0.17    9.20 ^ _2130_/Y (sky130_fd_sc_hd__a21oi_2)
     1    0.00                           _0079_ (net)
                  0.09    0.00    9.20 ^ _3518_/D (sky130_fd_sc_hd__dfxtp_2)
                                  9.20   data arrival time

                  0.15   14.00   14.00   clock clk (rise edge)
                          0.00   14.00   clock network delay (ideal)
                         -0.25   13.75   clock uncertainty
                          0.00   13.75   clock reconvergence pessimism
                                 13.75 ^ _3518_/CLK (sky130_fd_sc_hd__dfxtp_2)
                         -0.05   13.70   library setup time
                                 13.70   data required time
-----------------------------------------------------------------------------
                                 13.70   data required time
                                 -9.20   data arrival time
-----------------------------------------------------------------------------
                                  4.49   slack (MET)


Startpoint: _3440_ (rising edge-triggered flip-flop clocked by clk')
Endpoint: _3667_ (rising edge-triggered flip-flop clocked by clk)
Path Group: clk
Path Type: max

Fanout     Cap    Slew   Delay    Time   Description
-----------------------------------------------------------------------------
                  0.15    7.00    7.00   clock clk' (rise edge)
                          0.00    7.00   clock network delay (ideal)
                  0.15    0.00    7.00 ^ _3440_/CLK (sky130_fd_sc_hd__dfxtp_2)
                  0.96    1.05    8.05 ^ _3440_/Q (sky130_fd_sc_hd__dfxtp_2)
    54    0.19                           i_spi_reg.falling_edge_detector_sof.rstb (net)
                  0.96    0.00    8.05 ^ _1769_/A (sky130_fd_sc_hd__buf_2)
                  0.22    0.40    8.45 ^ _1769_/X (sky130_fd_sc_hd__buf_2)
    13    0.04                           _1462_ (net)
                  0.22    0.00    8.45 ^ _2653_/A (sky130_fd_sc_hd__buf_1)
                  0.62    0.54    8.98 ^ _2653_/X (sky130_fd_sc_hd__buf_1)
    15    0.05                           _0780_ (net)
                  0.62    0.00    8.98 ^ _3059_/C (sky130_fd_sc_hd__nand3_2)
                  0.10    0.14    9.12 v _3059_/Y (sky130_fd_sc_hd__nand3_2)
     1    0.00                           _1118_ (net)
                  0.10    0.00    9.12 v _3060_/A (sky130_fd_sc_hd__inv_2)
                  0.03    0.06    9.18 ^ _3060_/Y (sky130_fd_sc_hd__inv_2)
     1    0.00                           _0228_ (net)
                  0.03    0.00    9.18 ^ _3667_/D (sky130_fd_sc_hd__dfxtp_2)
                                  9.18   data arrival time

                  0.15   14.00   14.00   clock clk (rise edge)
                          0.00   14.00   clock network delay (ideal)
                         -0.25   13.75   clock uncertainty
                          0.00   13.75   clock reconvergence pessimism
                                 13.75 ^ _3667_/CLK (sky130_fd_sc_hd__dfxtp_2)
                         -0.04   13.71   library setup time
                                 13.71   data required time
-----------------------------------------------------------------------------
                                 13.71   data required time
                                 -9.18   data arrival time
-----------------------------------------------------------------------------
                                  4.53   slack (MET)


Startpoint: _3440_ (rising edge-triggered flip-flop clocked by clk')
Endpoint: _3673_ (rising edge-triggered flip-flop clocked by clk)
Path Group: clk
Path Type: max

Fanout     Cap    Slew   Delay    Time   Description
-----------------------------------------------------------------------------
                  0.15    7.00    7.00   clock clk' (rise edge)
                          0.00    7.00   clock network delay (ideal)
                  0.15    0.00    7.00 ^ _3440_/CLK (sky130_fd_sc_hd__dfxtp_2)
                  0.96    1.05    8.05 ^ _3440_/Q (sky130_fd_sc_hd__dfxtp_2)
    54    0.19                           i_spi_reg.falling_edge_detector_sof.rstb (net)
                  0.96    0.00    8.05 ^ _1769_/A (sky130_fd_sc_hd__buf_2)
                  0.22    0.40    8.45 ^ _1769_/X (sky130_fd_sc_hd__buf_2)
    13    0.04                           _1462_ (net)
                  0.22    0.00    8.45 ^ _2653_/A (sky130_fd_sc_hd__buf_1)
                  0.62    0.54    8.98 ^ _2653_/X (sky130_fd_sc_hd__buf_1)
    15    0.05                           _0780_ (net)
                  0.62    0.00    8.98 ^ _3083_/C (sky130_fd_sc_hd__nand3_2)
                  0.10    0.14    9.12 v _3083_/Y (sky130_fd_sc_hd__nand3_2)
     1    0.00                           _1136_ (net)
                  0.10    0.00    9.12 v _3084_/A (sky130_fd_sc_hd__inv_2)
                  0.03    0.06    9.18 ^ _3084_/Y (sky130_fd_sc_hd__inv_2)
     1    0.00                           _0234_ (net)
                  0.03    0.00    9.18 ^ _3673_/D (sky130_fd_sc_hd__dfxtp_2)
                                  9.18   data arrival time

                  0.15   14.00   14.00   clock clk (rise edge)
                          0.00   14.00   clock network delay (ideal)
                         -0.25   13.75   clock uncertainty
                          0.00   13.75   clock reconvergence pessimism
                                 13.75 ^ _3673_/CLK (sky130_fd_sc_hd__dfxtp_2)
                         -0.04   13.71   library setup time
                                 13.71   data required time
-----------------------------------------------------------------------------
                                 13.71   data required time
                                 -9.18   data arrival time
-----------------------------------------------------------------------------
                                  4.53   slack (MET)


Startpoint: _3440_ (rising edge-triggered flip-flop clocked by clk')
Endpoint: _3675_ (rising edge-triggered flip-flop clocked by clk)
Path Group: clk
Path Type: max

Fanout     Cap    Slew   Delay    Time   Description
-----------------------------------------------------------------------------
                  0.15    7.00    7.00   clock clk' (rise edge)
                          0.00    7.00   clock network delay (ideal)
                  0.15    0.00    7.00 ^ _3440_/CLK (sky130_fd_sc_hd__dfxtp_2)
                  0.96    1.05    8.05 ^ _3440_/Q (sky130_fd_sc_hd__dfxtp_2)
    54    0.19                           i_spi_reg.falling_edge_detector_sof.rstb (net)
                  0.96    0.00    8.05 ^ _1769_/A (sky130_fd_sc_hd__buf_2)
                  0.22    0.40    8.45 ^ _1769_/X (sky130_fd_sc_hd__buf_2)
    13    0.04                           _1462_ (net)
                  0.22    0.00    8.45 ^ _2653_/A (sky130_fd_sc_hd__buf_1)
                  0.62    0.54    8.98 ^ _2653_/X (sky130_fd_sc_hd__buf_1)
    15    0.05                           _0780_ (net)
                  0.62    0.00    8.98 ^ _3089_/C (sky130_fd_sc_hd__nand3_2)
                  0.10    0.14    9.12 v _3089_/Y (sky130_fd_sc_hd__nand3_2)
     1    0.00                           _1140_ (net)
                  0.10    0.00    9.12 v _3090_/A (sky130_fd_sc_hd__inv_2)
                  0.03    0.06    9.18 ^ _3090_/Y (sky130_fd_sc_hd__inv_2)
     1    0.00                           _0236_ (net)
                  0.03    0.00    9.18 ^ _3675_/D (sky130_fd_sc_hd__dfxtp_2)
                                  9.18   data arrival time

                  0.15   14.00   14.00   clock clk (rise edge)
                          0.00   14.00   clock network delay (ideal)
                         -0.25   13.75   clock uncertainty
                          0.00   13.75   clock reconvergence pessimism
                                 13.75 ^ _3675_/CLK (sky130_fd_sc_hd__dfxtp_2)
                         -0.04   13.71   library setup time
                                 13.71   data required time
-----------------------------------------------------------------------------
                                 13.71   data required time
                                 -9.18   data arrival time
-----------------------------------------------------------------------------
                                  4.53   slack (MET)


Startpoint: _3440_ (rising edge-triggered flip-flop clocked by clk')
Endpoint: _3677_ (rising edge-triggered flip-flop clocked by clk)
Path Group: clk
Path Type: max

Fanout     Cap    Slew   Delay    Time   Description
-----------------------------------------------------------------------------
                  0.15    7.00    7.00   clock clk' (rise edge)
                          0.00    7.00   clock network delay (ideal)
                  0.15    0.00    7.00 ^ _3440_/CLK (sky130_fd_sc_hd__dfxtp_2)
                  0.96    1.05    8.05 ^ _3440_/Q (sky130_fd_sc_hd__dfxtp_2)
    54    0.19                           i_spi_reg.falling_edge_detector_sof.rstb (net)
                  0.96    0.00    8.05 ^ _1769_/A (sky130_fd_sc_hd__buf_2)
                  0.22    0.40    8.45 ^ _1769_/X (sky130_fd_sc_hd__buf_2)
    13    0.04                           _1462_ (net)
                  0.22    0.00    8.45 ^ _2653_/A (sky130_fd_sc_hd__buf_1)
                  0.62    0.54    8.98 ^ _2653_/X (sky130_fd_sc_hd__buf_1)
    15    0.05                           _0780_ (net)
                  0.62    0.00    8.98 ^ _3093_/C (sky130_fd_sc_hd__nand3_2)
                  0.10    0.14    9.12 v _3093_/Y (sky130_fd_sc_hd__nand3_2)
     1    0.00                           _1142_ (net)
                  0.10    0.00    9.12 v _3094_/A (sky130_fd_sc_hd__inv_2)
                  0.03    0.06    9.18 ^ _3094_/Y (sky130_fd_sc_hd__inv_2)
     1    0.00                           _0238_ (net)
                  0.03    0.00    9.18 ^ _3677_/D (sky130_fd_sc_hd__dfxtp_2)
                                  9.18   data arrival time

                  0.15   14.00   14.00   clock clk (rise edge)
                          0.00   14.00   clock network delay (ideal)
                         -0.25   13.75   clock uncertainty
                          0.00   13.75   clock reconvergence pessimism
                                 13.75 ^ _3677_/CLK (sky130_fd_sc_hd__dfxtp_2)
                         -0.04   13.71   library setup time
                                 13.71   data required time
-----------------------------------------------------------------------------
                                 13.71   data required time
                                 -9.18   data arrival time
-----------------------------------------------------------------------------
                                  4.53   slack (MET)


Startpoint: _3440_ (rising edge-triggered flip-flop clocked by clk')
Endpoint: _3663_ (rising edge-triggered flip-flop clocked by clk)
Path Group: clk
Path Type: max

Fanout     Cap    Slew   Delay    Time   Description
-----------------------------------------------------------------------------
                  0.15    7.00    7.00   clock clk' (rise edge)
                          0.00    7.00   clock network delay (ideal)
                  0.15    0.00    7.00 ^ _3440_/CLK (sky130_fd_sc_hd__dfxtp_2)
                  0.96    1.05    8.05 ^ _3440_/Q (sky130_fd_sc_hd__dfxtp_2)
    54    0.19                           i_spi_reg.falling_edge_detector_sof.rstb (net)
                  0.96    0.00    8.05 ^ _1769_/A (sky130_fd_sc_hd__buf_2)
                  0.22    0.40    8.45 ^ _1769_/X (sky130_fd_sc_hd__buf_2)
    13    0.04                           _1462_ (net)
                  0.22    0.00    8.45 ^ _1803_/A (sky130_fd_sc_hd__inv_2)
                  0.07    0.09    8.54 v _1803_/Y (sky130_fd_sc_hd__inv_2)
     6    0.01                           _1495_ (net)
                  0.07    0.00    8.54 v _2933_/A (sky130_fd_sc_hd__buf_1)
                  0.37    0.38    8.92 v _2933_/X (sky130_fd_sc_hd__buf_1)
    15    0.07                           _1005_ (net)
                  0.37    0.00    8.92 v _3007_/B1 (sky130_fd_sc_hd__a21oi_4)
                  0.11    0.21    9.14 ^ _3007_/Y (sky130_fd_sc_hd__a21oi_4)
     1    0.00                           _0224_ (net)
                  0.11    0.00    9.14 ^ _3663_/D (sky130_fd_sc_hd__dfxtp_2)
                                  9.14   data arrival time

                  0.15   14.00   14.00   clock clk (rise edge)
                          0.00   14.00   clock network delay (ideal)
                         -0.25   13.75   clock uncertainty
                          0.00   13.75   clock reconvergence pessimism
                                 13.75 ^ _3663_/CLK (sky130_fd_sc_hd__dfxtp_2)
                         -0.06   13.69   library setup time
                                 13.69   data required time
-----------------------------------------------------------------------------
                                 13.69   data required time
                                 -9.14   data arrival time
-----------------------------------------------------------------------------
                                  4.56   slack (MET)


Startpoint: _3440_ (rising edge-triggered flip-flop clocked by clk')
Endpoint: _3654_ (rising edge-triggered flip-flop clocked by clk)
Path Group: clk
Path Type: max

Fanout     Cap    Slew   Delay    Time   Description
-----------------------------------------------------------------------------
                  0.15    7.00    7.00   clock clk' (rise edge)
                          0.00    7.00   clock network delay (ideal)
                  0.15    0.00    7.00 ^ _3440_/CLK (sky130_fd_sc_hd__dfxtp_2)
                  0.96    1.05    8.05 ^ _3440_/Q (sky130_fd_sc_hd__dfxtp_2)
    54    0.19                           i_spi_reg.falling_edge_detector_sof.rstb (net)
                  0.96    0.00    8.05 ^ _1769_/A (sky130_fd_sc_hd__buf_2)
                  0.22    0.40    8.45 ^ _1769_/X (sky130_fd_sc_hd__buf_2)
    13    0.04                           _1462_ (net)
                  0.22    0.00    8.45 ^ _1803_/A (sky130_fd_sc_hd__inv_2)
                  0.07    0.09    8.54 v _1803_/Y (sky130_fd_sc_hd__inv_2)
     6    0.01                           _1495_ (net)
                  0.07    0.00    8.54 v _2933_/A (sky130_fd_sc_hd__buf_1)
                  0.37    0.38    8.92 v _2933_/X (sky130_fd_sc_hd__buf_1)
    15    0.07                           _1005_ (net)
                  0.37    0.00    8.92 v _2934_/B1 (sky130_fd_sc_hd__a21oi_2)
                  0.11    0.21    9.13 ^ _2934_/Y (sky130_fd_sc_hd__a21oi_2)
     1    0.00                           _0215_ (net)
                  0.11    0.00    9.13 ^ _3654_/D (sky130_fd_sc_hd__dfxtp_2)
                                  9.13   data arrival time

                  0.15   14.00   14.00   clock clk (rise edge)
                          0.00   14.00   clock network delay (ideal)
                         -0.25   13.75   clock uncertainty
                          0.00   13.75   clock reconvergence pessimism
                                 13.75 ^ _3654_/CLK (sky130_fd_sc_hd__dfxtp_2)
                         -0.06   13.69   library setup time
                                 13.69   data required time
-----------------------------------------------------------------------------
                                 13.69   data required time
                                 -9.13   data arrival time
-----------------------------------------------------------------------------
                                  4.56   slack (MET)


Startpoint: _3440_ (rising edge-triggered flip-flop clocked by clk')
Endpoint: _3655_ (rising edge-triggered flip-flop clocked by clk)
Path Group: clk
Path Type: max

Fanout     Cap    Slew   Delay    Time   Description
-----------------------------------------------------------------------------
                  0.15    7.00    7.00   clock clk' (rise edge)
                          0.00    7.00   clock network delay (ideal)
                  0.15    0.00    7.00 ^ _3440_/CLK (sky130_fd_sc_hd__dfxtp_2)
                  0.96    1.05    8.05 ^ _3440_/Q (sky130_fd_sc_hd__dfxtp_2)
    54    0.19                           i_spi_reg.falling_edge_detector_sof.rstb (net)
                  0.96    0.00    8.05 ^ _1769_/A (sky130_fd_sc_hd__buf_2)
                  0.22    0.40    8.45 ^ _1769_/X (sky130_fd_sc_hd__buf_2)
    13    0.04                           _1462_ (net)
                  0.22    0.00    8.45 ^ _1803_/A (sky130_fd_sc_hd__inv_2)
                  0.07    0.09    8.54 v _1803_/Y (sky130_fd_sc_hd__inv_2)
     6    0.01                           _1495_ (net)
                  0.07    0.00    8.54 v _2933_/A (sky130_fd_sc_hd__buf_1)
                  0.37    0.38    8.92 v _2933_/X (sky130_fd_sc_hd__buf_1)
    15    0.07                           _1005_ (net)
                  0.37    0.00    8.92 v _2942_/B1 (sky130_fd_sc_hd__a21oi_2)
                  0.11    0.21    9.13 ^ _2942_/Y (sky130_fd_sc_hd__a21oi_2)
     1    0.00                           _0216_ (net)
                  0.11    0.00    9.13 ^ _3655_/D (sky130_fd_sc_hd__dfxtp_2)
                                  9.13   data arrival time

                  0.15   14.00   14.00   clock clk (rise edge)
                          0.00   14.00   clock network delay (ideal)
                         -0.25   13.75   clock uncertainty
                          0.00   13.75   clock reconvergence pessimism
                                 13.75 ^ _3655_/CLK (sky130_fd_sc_hd__dfxtp_2)
                         -0.06   13.69   library setup time
                                 13.69   data required time
-----------------------------------------------------------------------------
                                 13.69   data required time
                                 -9.13   data arrival time
-----------------------------------------------------------------------------
                                  4.56   slack (MET)


Startpoint: _3440_ (rising edge-triggered flip-flop clocked by clk')
Endpoint: _3656_ (rising edge-triggered flip-flop clocked by clk)
Path Group: clk
Path Type: max

Fanout     Cap    Slew   Delay    Time   Description
-----------------------------------------------------------------------------
                  0.15    7.00    7.00   clock clk' (rise edge)
                          0.00    7.00   clock network delay (ideal)
                  0.15    0.00    7.00 ^ _3440_/CLK (sky130_fd_sc_hd__dfxtp_2)
                  0.96    1.05    8.05 ^ _3440_/Q (sky130_fd_sc_hd__dfxtp_2)
    54    0.19                           i_spi_reg.falling_edge_detector_sof.rstb (net)
                  0.96    0.00    8.05 ^ _1769_/A (sky130_fd_sc_hd__buf_2)
                  0.22    0.40    8.45 ^ _1769_/X (sky130_fd_sc_hd__buf_2)
    13    0.04                           _1462_ (net)
                  0.22    0.00    8.45 ^ _1803_/A (sky130_fd_sc_hd__inv_2)
                  0.07    0.09    8.54 v _1803_/Y (sky130_fd_sc_hd__inv_2)
     6    0.01                           _1495_ (net)
                  0.07    0.00    8.54 v _2933_/A (sky130_fd_sc_hd__buf_1)
                  0.37    0.38    8.92 v _2933_/X (sky130_fd_sc_hd__buf_1)
    15    0.07                           _1005_ (net)
                  0.37    0.00    8.92 v _2949_/B1 (sky130_fd_sc_hd__a21oi_2)
                  0.11    0.21    9.13 ^ _2949_/Y (sky130_fd_sc_hd__a21oi_2)
     1    0.00                           _0217_ (net)
                  0.11    0.00    9.13 ^ _3656_/D (sky130_fd_sc_hd__dfxtp_2)
                                  9.13   data arrival time

                  0.15   14.00   14.00   clock clk (rise edge)
                          0.00   14.00   clock network delay (ideal)
                         -0.25   13.75   clock uncertainty
                          0.00   13.75   clock reconvergence pessimism
                                 13.75 ^ _3656_/CLK (sky130_fd_sc_hd__dfxtp_2)
                         -0.06   13.69   library setup time
                                 13.69   data required time
-----------------------------------------------------------------------------
                                 13.69   data required time
                                 -9.13   data arrival time
-----------------------------------------------------------------------------
                                  4.56   slack (MET)


Startpoint: _3440_ (rising edge-triggered flip-flop clocked by clk')
Endpoint: _3657_ (rising edge-triggered flip-flop clocked by clk)
Path Group: clk
Path Type: max

Fanout     Cap    Slew   Delay    Time   Description
-----------------------------------------------------------------------------
                  0.15    7.00    7.00   clock clk' (rise edge)
                          0.00    7.00   clock network delay (ideal)
                  0.15    0.00    7.00 ^ _3440_/CLK (sky130_fd_sc_hd__dfxtp_2)
                  0.96    1.05    8.05 ^ _3440_/Q (sky130_fd_sc_hd__dfxtp_2)
    54    0.19                           i_spi_reg.falling_edge_detector_sof.rstb (net)
                  0.96    0.00    8.05 ^ _1769_/A (sky130_fd_sc_hd__buf_2)
                  0.22    0.40    8.45 ^ _1769_/X (sky130_fd_sc_hd__buf_2)
    13    0.04                           _1462_ (net)
                  0.22    0.00    8.45 ^ _1803_/A (sky130_fd_sc_hd__inv_2)
                  0.07    0.09    8.54 v _1803_/Y (sky130_fd_sc_hd__inv_2)
     6    0.01                           _1495_ (net)
                  0.07    0.00    8.54 v _2933_/A (sky130_fd_sc_hd__buf_1)
                  0.37    0.38    8.92 v _2933_/X (sky130_fd_sc_hd__buf_1)
    15    0.07                           _1005_ (net)
                  0.37    0.00    8.92 v _2955_/B1 (sky130_fd_sc_hd__a21oi_2)
                  0.11    0.21    9.13 ^ _2955_/Y (sky130_fd_sc_hd__a21oi_2)
     1    0.00                           _0218_ (net)
                  0.11    0.00    9.13 ^ _3657_/D (sky130_fd_sc_hd__dfxtp_2)
                                  9.13   data arrival time

                  0.15   14.00   14.00   clock clk (rise edge)
                          0.00   14.00   clock network delay (ideal)
                         -0.25   13.75   clock uncertainty
                          0.00   13.75   clock reconvergence pessimism
                                 13.75 ^ _3657_/CLK (sky130_fd_sc_hd__dfxtp_2)
                         -0.06   13.69   library setup time
                                 13.69   data required time
-----------------------------------------------------------------------------
                                 13.69   data required time
                                 -9.13   data arrival time
-----------------------------------------------------------------------------
                                  4.56   slack (MET)


Startpoint: _3440_ (rising edge-triggered flip-flop clocked by clk')
Endpoint: _3658_ (rising edge-triggered flip-flop clocked by clk)
Path Group: clk
Path Type: max

Fanout     Cap    Slew   Delay    Time   Description
-----------------------------------------------------------------------------
                  0.15    7.00    7.00   clock clk' (rise edge)
                          0.00    7.00   clock network delay (ideal)
                  0.15    0.00    7.00 ^ _3440_/CLK (sky130_fd_sc_hd__dfxtp_2)
                  0.96    1.05    8.05 ^ _3440_/Q (sky130_fd_sc_hd__dfxtp_2)
    54    0.19                           i_spi_reg.falling_edge_detector_sof.rstb (net)
                  0.96    0.00    8.05 ^ _1769_/A (sky130_fd_sc_hd__buf_2)
                  0.22    0.40    8.45 ^ _1769_/X (sky130_fd_sc_hd__buf_2)
    13    0.04                           _1462_ (net)
                  0.22    0.00    8.45 ^ _1803_/A (sky130_fd_sc_hd__inv_2)
                  0.07    0.09    8.54 v _1803_/Y (sky130_fd_sc_hd__inv_2)
     6    0.01                           _1495_ (net)
                  0.07    0.00    8.54 v _2933_/A (sky130_fd_sc_hd__buf_1)
                  0.37    0.38    8.92 v _2933_/X (sky130_fd_sc_hd__buf_1)
    15    0.07                           _1005_ (net)
                  0.37    0.00    8.92 v _2964_/B1 (sky130_fd_sc_hd__a21oi_2)
                  0.11    0.21    9.13 ^ _2964_/Y (sky130_fd_sc_hd__a21oi_2)
     1    0.00                           _0219_ (net)
                  0.11    0.00    9.13 ^ _3658_/D (sky130_fd_sc_hd__dfxtp_2)
                                  9.13   data arrival time

                  0.15   14.00   14.00   clock clk (rise edge)
                          0.00   14.00   clock network delay (ideal)
                         -0.25   13.75   clock uncertainty
                          0.00   13.75   clock reconvergence pessimism
                                 13.75 ^ _3658_/CLK (sky130_fd_sc_hd__dfxtp_2)
                         -0.06   13.69   library setup time
                                 13.69   data required time
-----------------------------------------------------------------------------
                                 13.69   data required time
                                 -9.13   data arrival time
-----------------------------------------------------------------------------
                                  4.56   slack (MET)


Startpoint: _3440_ (rising edge-triggered flip-flop clocked by clk')
Endpoint: _3659_ (rising edge-triggered flip-flop clocked by clk)
Path Group: clk
Path Type: max

Fanout     Cap    Slew   Delay    Time   Description
-----------------------------------------------------------------------------
                  0.15    7.00    7.00   clock clk' (rise edge)
                          0.00    7.00   clock network delay (ideal)
                  0.15    0.00    7.00 ^ _3440_/CLK (sky130_fd_sc_hd__dfxtp_2)
                  0.96    1.05    8.05 ^ _3440_/Q (sky130_fd_sc_hd__dfxtp_2)
    54    0.19                           i_spi_reg.falling_edge_detector_sof.rstb (net)
                  0.96    0.00    8.05 ^ _1769_/A (sky130_fd_sc_hd__buf_2)
                  0.22    0.40    8.45 ^ _1769_/X (sky130_fd_sc_hd__buf_2)
    13    0.04                           _1462_ (net)
                  0.22    0.00    8.45 ^ _1803_/A (sky130_fd_sc_hd__inv_2)
                  0.07    0.09    8.54 v _1803_/Y (sky130_fd_sc_hd__inv_2)
     6    0.01                           _1495_ (net)
                  0.07    0.00    8.54 v _2933_/A (sky130_fd_sc_hd__buf_1)
                  0.37    0.38    8.92 v _2933_/X (sky130_fd_sc_hd__buf_1)
    15    0.07                           _1005_ (net)
                  0.37    0.00    8.92 v _2972_/B1 (sky130_fd_sc_hd__a21oi_2)
                  0.11    0.21    9.13 ^ _2972_/Y (sky130_fd_sc_hd__a21oi_2)
     1    0.00                           _0220_ (net)
                  0.11    0.00    9.13 ^ _3659_/D (sky130_fd_sc_hd__dfxtp_2)
                                  9.13   data arrival time

                  0.15   14.00   14.00   clock clk (rise edge)
                          0.00   14.00   clock network delay (ideal)
                         -0.25   13.75   clock uncertainty
                          0.00   13.75   clock reconvergence pessimism
                                 13.75 ^ _3659_/CLK (sky130_fd_sc_hd__dfxtp_2)
                         -0.06   13.69   library setup time
                                 13.69   data required time
-----------------------------------------------------------------------------
                                 13.69   data required time
                                 -9.13   data arrival time
-----------------------------------------------------------------------------
                                  4.56   slack (MET)


Startpoint: _3440_ (rising edge-triggered flip-flop clocked by clk')
Endpoint: _3660_ (rising edge-triggered flip-flop clocked by clk)
Path Group: clk
Path Type: max

Fanout     Cap    Slew   Delay    Time   Description
-----------------------------------------------------------------------------
                  0.15    7.00    7.00   clock clk' (rise edge)
                          0.00    7.00   clock network delay (ideal)
                  0.15    0.00    7.00 ^ _3440_/CLK (sky130_fd_sc_hd__dfxtp_2)
                  0.96    1.05    8.05 ^ _3440_/Q (sky130_fd_sc_hd__dfxtp_2)
    54    0.19                           i_spi_reg.falling_edge_detector_sof.rstb (net)
                  0.96    0.00    8.05 ^ _1769_/A (sky130_fd_sc_hd__buf_2)
                  0.22    0.40    8.45 ^ _1769_/X (sky130_fd_sc_hd__buf_2)
    13    0.04                           _1462_ (net)
                  0.22    0.00    8.45 ^ _1803_/A (sky130_fd_sc_hd__inv_2)
                  0.07    0.09    8.54 v _1803_/Y (sky130_fd_sc_hd__inv_2)
     6    0.01                           _1495_ (net)
                  0.07    0.00    8.54 v _2933_/A (sky130_fd_sc_hd__buf_1)
                  0.37    0.38    8.92 v _2933_/X (sky130_fd_sc_hd__buf_1)
    15    0.07                           _1005_ (net)
                  0.37    0.00    8.92 v _2979_/B1 (sky130_fd_sc_hd__a21oi_2)
                  0.11    0.21    9.13 ^ _2979_/Y (sky130_fd_sc_hd__a21oi_2)
     1    0.00                           _0221_ (net)
                  0.11    0.00    9.13 ^ _3660_/D (sky130_fd_sc_hd__dfxtp_2)
                                  9.13   data arrival time

                  0.15   14.00   14.00   clock clk (rise edge)
                          0.00   14.00   clock network delay (ideal)
                         -0.25   13.75   clock uncertainty
                          0.00   13.75   clock reconvergence pessimism
                                 13.75 ^ _3660_/CLK (sky130_fd_sc_hd__dfxtp_2)
                         -0.06   13.69   library setup time
                                 13.69   data required time
-----------------------------------------------------------------------------
                                 13.69   data required time
                                 -9.13   data arrival time
-----------------------------------------------------------------------------
                                  4.56   slack (MET)


Startpoint: _3440_ (rising edge-triggered flip-flop clocked by clk')
Endpoint: _3662_ (rising edge-triggered flip-flop clocked by clk)
Path Group: clk
Path Type: max

Fanout     Cap    Slew   Delay    Time   Description
-----------------------------------------------------------------------------
                  0.15    7.00    7.00   clock clk' (rise edge)
                          0.00    7.00   clock network delay (ideal)
                  0.15    0.00    7.00 ^ _3440_/CLK (sky130_fd_sc_hd__dfxtp_2)
                  0.96    1.05    8.05 ^ _3440_/Q (sky130_fd_sc_hd__dfxtp_2)
    54    0.19                           i_spi_reg.falling_edge_detector_sof.rstb (net)
                  0.96    0.00    8.05 ^ _1769_/A (sky130_fd_sc_hd__buf_2)
                  0.22    0.40    8.45 ^ _1769_/X (sky130_fd_sc_hd__buf_2)
    13    0.04                           _1462_ (net)
                  0.22    0.00    8.45 ^ _1803_/A (sky130_fd_sc_hd__inv_2)
                  0.07    0.09    8.54 v _1803_/Y (sky130_fd_sc_hd__inv_2)
     6    0.01                           _1495_ (net)
                  0.07    0.00    8.54 v _2933_/A (sky130_fd_sc_hd__buf_1)
                  0.37    0.38    8.92 v _2933_/X (sky130_fd_sc_hd__buf_1)
    15    0.07                           _1005_ (net)
                  0.37    0.00    8.92 v _2997_/B1 (sky130_fd_sc_hd__a21oi_2)
                  0.11    0.21    9.13 ^ _2997_/Y (sky130_fd_sc_hd__a21oi_2)
     1    0.00                           _0223_ (net)
                  0.11    0.00    9.13 ^ _3662_/D (sky130_fd_sc_hd__dfxtp_2)
                                  9.13   data arrival time

                  0.15   14.00   14.00   clock clk (rise edge)
                          0.00   14.00   clock network delay (ideal)
                         -0.25   13.75   clock uncertainty
                          0.00   13.75   clock reconvergence pessimism
                                 13.75 ^ _3662_/CLK (sky130_fd_sc_hd__dfxtp_2)
                         -0.06   13.69   library setup time
                                 13.69   data required time
-----------------------------------------------------------------------------
                                 13.69   data required time
                                 -9.13   data arrival time
-----------------------------------------------------------------------------
                                  4.56   slack (MET)


Startpoint: _3440_ (rising edge-triggered flip-flop clocked by clk')
Endpoint: _3665_ (rising edge-triggered flip-flop clocked by clk)
Path Group: clk
Path Type: max

Fanout     Cap    Slew   Delay    Time   Description
-----------------------------------------------------------------------------
                  0.15    7.00    7.00   clock clk' (rise edge)
                          0.00    7.00   clock network delay (ideal)
                  0.15    0.00    7.00 ^ _3440_/CLK (sky130_fd_sc_hd__dfxtp_2)
                  0.96    1.05    8.05 ^ _3440_/Q (sky130_fd_sc_hd__dfxtp_2)
    54    0.19                           i_spi_reg.falling_edge_detector_sof.rstb (net)
                  0.96    0.00    8.05 ^ _1769_/A (sky130_fd_sc_hd__buf_2)
                  0.22    0.40    8.45 ^ _1769_/X (sky130_fd_sc_hd__buf_2)
    13    0.04                           _1462_ (net)
                  0.22    0.00    8.45 ^ _1803_/A (sky130_fd_sc_hd__inv_2)
                  0.07    0.09    8.54 v _1803_/Y (sky130_fd_sc_hd__inv_2)
     6    0.01                           _1495_ (net)
                  0.07    0.00    8.54 v _2933_/A (sky130_fd_sc_hd__buf_1)
                  0.37    0.38    8.92 v _2933_/X (sky130_fd_sc_hd__buf_1)
    15    0.07                           _1005_ (net)
                  0.37    0.00    8.92 v _3023_/B1 (sky130_fd_sc_hd__a21oi_2)
                  0.11    0.21    9.13 ^ _3023_/Y (sky130_fd_sc_hd__a21oi_2)
     1    0.00                           _0226_ (net)
                  0.11    0.00    9.13 ^ _3665_/D (sky130_fd_sc_hd__dfxtp_2)
                                  9.13   data arrival time

                  0.15   14.00   14.00   clock clk (rise edge)
                          0.00   14.00   clock network delay (ideal)
                         -0.25   13.75   clock uncertainty
                          0.00   13.75   clock reconvergence pessimism
                                 13.75 ^ _3665_/CLK (sky130_fd_sc_hd__dfxtp_2)
                         -0.06   13.69   library setup time
                                 13.69   data required time
-----------------------------------------------------------------------------
                                 13.69   data required time
                                 -9.13   data arrival time
-----------------------------------------------------------------------------
                                  4.56   slack (MET)


Startpoint: _3440_ (rising edge-triggered flip-flop clocked by clk')
Endpoint: _3668_ (rising edge-triggered flip-flop clocked by clk)
Path Group: clk
Path Type: max

Fanout     Cap    Slew   Delay    Time   Description
-----------------------------------------------------------------------------
                  0.15    7.00    7.00   clock clk' (rise edge)
                          0.00    7.00   clock network delay (ideal)
                  0.15    0.00    7.00 ^ _3440_/CLK (sky130_fd_sc_hd__dfxtp_2)
                  0.96    1.05    8.05 ^ _3440_/Q (sky130_fd_sc_hd__dfxtp_2)
    54    0.19                           i_spi_reg.falling_edge_detector_sof.rstb (net)
                  0.96    0.00    8.05 ^ _1769_/A (sky130_fd_sc_hd__buf_2)
                  0.22    0.40    8.45 ^ _1769_/X (sky130_fd_sc_hd__buf_2)
    13    0.04                           _1462_ (net)
                  0.22    0.00    8.45 ^ _1803_/A (sky130_fd_sc_hd__inv_2)
                  0.07    0.09    8.54 v _1803_/Y (sky130_fd_sc_hd__inv_2)
     6    0.01                           _1495_ (net)
                  0.07    0.00    8.54 v _2933_/A (sky130_fd_sc_hd__buf_1)
                  0.37    0.38    8.92 v _2933_/X (sky130_fd_sc_hd__buf_1)
    15    0.07                           _1005_ (net)
                  0.37    0.00    8.92 v _3074_/B1 (sky130_fd_sc_hd__a21oi_2)
                  0.11    0.21    9.13 ^ _3074_/Y (sky130_fd_sc_hd__a21oi_2)
     1    0.00                           _0229_ (net)
                  0.11    0.00    9.13 ^ _3668_/D (sky130_fd_sc_hd__dfxtp_2)
                                  9.13   data arrival time

                  0.15   14.00   14.00   clock clk (rise edge)
                          0.00   14.00   clock network delay (ideal)
                         -0.25   13.75   clock uncertainty
                          0.00   13.75   clock reconvergence pessimism
                                 13.75 ^ _3668_/CLK (sky130_fd_sc_hd__dfxtp_2)
                         -0.06   13.69   library setup time
                                 13.69   data required time
-----------------------------------------------------------------------------
                                 13.69   data required time
                                 -9.13   data arrival time
-----------------------------------------------------------------------------
                                  4.56   slack (MET)


Startpoint: _3440_ (rising edge-triggered flip-flop clocked by clk')
Endpoint: _3669_ (rising edge-triggered flip-flop clocked by clk)
Path Group: clk
Path Type: max

Fanout     Cap    Slew   Delay    Time   Description
-----------------------------------------------------------------------------
                  0.15    7.00    7.00   clock clk' (rise edge)
                          0.00    7.00   clock network delay (ideal)
                  0.15    0.00    7.00 ^ _3440_/CLK (sky130_fd_sc_hd__dfxtp_2)
                  0.96    1.05    8.05 ^ _3440_/Q (sky130_fd_sc_hd__dfxtp_2)
    54    0.19                           i_spi_reg.falling_edge_detector_sof.rstb (net)
                  0.96    0.00    8.05 ^ _1769_/A (sky130_fd_sc_hd__buf_2)
                  0.22    0.40    8.45 ^ _1769_/X (sky130_fd_sc_hd__buf_2)
    13    0.04                           _1462_ (net)
                  0.22    0.00    8.45 ^ _1803_/A (sky130_fd_sc_hd__inv_2)
                  0.07    0.09    8.54 v _1803_/Y (sky130_fd_sc_hd__inv_2)
     6    0.01                           _1495_ (net)
                  0.07    0.00    8.54 v _2933_/A (sky130_fd_sc_hd__buf_1)
                  0.37    0.38    8.92 v _2933_/X (sky130_fd_sc_hd__buf_1)
    15    0.07                           _1005_ (net)
                  0.37    0.00    8.92 v _3076_/B1 (sky130_fd_sc_hd__a21oi_2)
                  0.11    0.21    9.13 ^ _3076_/Y (sky130_fd_sc_hd__a21oi_2)
     1    0.00                           _0230_ (net)
                  0.11    0.00    9.13 ^ _3669_/D (sky130_fd_sc_hd__dfxtp_2)
                                  9.13   data arrival time

                  0.15   14.00   14.00   clock clk (rise edge)
                          0.00   14.00   clock network delay (ideal)
                         -0.25   13.75   clock uncertainty
                          0.00   13.75   clock reconvergence pessimism
                                 13.75 ^ _3669_/CLK (sky130_fd_sc_hd__dfxtp_2)
                         -0.06   13.69   library setup time
                                 13.69   data required time
-----------------------------------------------------------------------------
                                 13.69   data required time
                                 -9.13   data arrival time
-----------------------------------------------------------------------------
                                  4.56   slack (MET)


Startpoint: _3440_ (rising edge-triggered flip-flop clocked by clk')
Endpoint: _3670_ (rising edge-triggered flip-flop clocked by clk)
Path Group: clk
Path Type: max

Fanout     Cap    Slew   Delay    Time   Description
-----------------------------------------------------------------------------
                  0.15    7.00    7.00   clock clk' (rise edge)
                          0.00    7.00   clock network delay (ideal)
                  0.15    0.00    7.00 ^ _3440_/CLK (sky130_fd_sc_hd__dfxtp_2)
                  0.96    1.05    8.05 ^ _3440_/Q (sky130_fd_sc_hd__dfxtp_2)
    54    0.19                           i_spi_reg.falling_edge_detector_sof.rstb (net)
                  0.96    0.00    8.05 ^ _1769_/A (sky130_fd_sc_hd__buf_2)
                  0.22    0.40    8.45 ^ _1769_/X (sky130_fd_sc_hd__buf_2)
    13    0.04                           _1462_ (net)
                  0.22    0.00    8.45 ^ _1803_/A (sky130_fd_sc_hd__inv_2)
                  0.07    0.09    8.54 v _1803_/Y (sky130_fd_sc_hd__inv_2)
     6    0.01                           _1495_ (net)
                  0.07    0.00    8.54 v _2933_/A (sky130_fd_sc_hd__buf_1)
                  0.37    0.38    8.92 v _2933_/X (sky130_fd_sc_hd__buf_1)
    15    0.07                           _1005_ (net)
                  0.37    0.00    8.92 v _3078_/B1 (sky130_fd_sc_hd__a21oi_2)
                  0.11    0.21    9.13 ^ _3078_/Y (sky130_fd_sc_hd__a21oi_2)
     1    0.00                           _0231_ (net)
                  0.11    0.00    9.13 ^ _3670_/D (sky130_fd_sc_hd__dfxtp_2)
                                  9.13   data arrival time

                  0.15   14.00   14.00   clock clk (rise edge)
                          0.00   14.00   clock network delay (ideal)
                         -0.25   13.75   clock uncertainty
                          0.00   13.75   clock reconvergence pessimism
                                 13.75 ^ _3670_/CLK (sky130_fd_sc_hd__dfxtp_2)
                         -0.06   13.69   library setup time
                                 13.69   data required time
-----------------------------------------------------------------------------
                                 13.69   data required time
                                 -9.13   data arrival time
-----------------------------------------------------------------------------
                                  4.56   slack (MET)


Startpoint: _3440_ (rising edge-triggered flip-flop clocked by clk')
Endpoint: _3671_ (rising edge-triggered flip-flop clocked by clk)
Path Group: clk
Path Type: max

Fanout     Cap    Slew   Delay    Time   Description
-----------------------------------------------------------------------------
                  0.15    7.00    7.00   clock clk' (rise edge)
                          0.00    7.00   clock network delay (ideal)
                  0.15    0.00    7.00 ^ _3440_/CLK (sky130_fd_sc_hd__dfxtp_2)
                  0.96    1.05    8.05 ^ _3440_/Q (sky130_fd_sc_hd__dfxtp_2)
    54    0.19                           i_spi_reg.falling_edge_detector_sof.rstb (net)
                  0.96    0.00    8.05 ^ _1769_/A (sky130_fd_sc_hd__buf_2)
                  0.22    0.40    8.45 ^ _1769_/X (sky130_fd_sc_hd__buf_2)
    13    0.04                           _1462_ (net)
                  0.22    0.00    8.45 ^ _1803_/A (sky130_fd_sc_hd__inv_2)
                  0.07    0.09    8.54 v _1803_/Y (sky130_fd_sc_hd__inv_2)
     6    0.01                           _1495_ (net)
                  0.07    0.00    8.54 v _2933_/A (sky130_fd_sc_hd__buf_1)
                  0.37    0.38    8.92 v _2933_/X (sky130_fd_sc_hd__buf_1)
    15    0.07                           _1005_ (net)
                  0.37    0.00    8.92 v _3080_/B1 (sky130_fd_sc_hd__a21oi_2)
                  0.11    0.21    9.13 ^ _3080_/Y (sky130_fd_sc_hd__a21oi_2)
     1    0.00                           _0232_ (net)
                  0.11    0.00    9.13 ^ _3671_/D (sky130_fd_sc_hd__dfxtp_2)
                                  9.13   data arrival time

                  0.15   14.00   14.00   clock clk (rise edge)
                          0.00   14.00   clock network delay (ideal)
                         -0.25   13.75   clock uncertainty
                          0.00   13.75   clock reconvergence pessimism
                                 13.75 ^ _3671_/CLK (sky130_fd_sc_hd__dfxtp_2)
                         -0.06   13.69   library setup time
                                 13.69   data required time
-----------------------------------------------------------------------------
                                 13.69   data required time
                                 -9.13   data arrival time
-----------------------------------------------------------------------------
                                  4.56   slack (MET)


Startpoint: _3440_ (rising edge-triggered flip-flop clocked by clk')
Endpoint: _3672_ (rising edge-triggered flip-flop clocked by clk)
Path Group: clk
Path Type: max

Fanout     Cap    Slew   Delay    Time   Description
-----------------------------------------------------------------------------
                  0.15    7.00    7.00   clock clk' (rise edge)
                          0.00    7.00   clock network delay (ideal)
                  0.15    0.00    7.00 ^ _3440_/CLK (sky130_fd_sc_hd__dfxtp_2)
                  0.96    1.05    8.05 ^ _3440_/Q (sky130_fd_sc_hd__dfxtp_2)
    54    0.19                           i_spi_reg.falling_edge_detector_sof.rstb (net)
                  0.96    0.00    8.05 ^ _1769_/A (sky130_fd_sc_hd__buf_2)
                  0.22    0.40    8.45 ^ _1769_/X (sky130_fd_sc_hd__buf_2)
    13    0.04                           _1462_ (net)
                  0.22    0.00    8.45 ^ _1803_/A (sky130_fd_sc_hd__inv_2)
                  0.07    0.09    8.54 v _1803_/Y (sky130_fd_sc_hd__inv_2)
     6    0.01                           _1495_ (net)
                  0.07    0.00    8.54 v _2933_/A (sky130_fd_sc_hd__buf_1)
                  0.37    0.38    8.92 v _2933_/X (sky130_fd_sc_hd__buf_1)
    15    0.07                           _1005_ (net)
                  0.37    0.00    8.92 v _3082_/B1 (sky130_fd_sc_hd__a21oi_2)
                  0.11    0.21    9.13 ^ _3082_/Y (sky130_fd_sc_hd__a21oi_2)
     1    0.00                           _0233_ (net)
                  0.11    0.00    9.13 ^ _3672_/D (sky130_fd_sc_hd__dfxtp_2)
                                  9.13   data arrival time

                  0.15   14.00   14.00   clock clk (rise edge)
                          0.00   14.00   clock network delay (ideal)
                         -0.25   13.75   clock uncertainty
                          0.00   13.75   clock reconvergence pessimism
                                 13.75 ^ _3672_/CLK (sky130_fd_sc_hd__dfxtp_2)
                         -0.06   13.69   library setup time
                                 13.69   data required time
-----------------------------------------------------------------------------
                                 13.69   data required time
                                 -9.13   data arrival time
-----------------------------------------------------------------------------
                                  4.56   slack (MET)


Startpoint: _3440_ (rising edge-triggered flip-flop clocked by clk')
Endpoint: _3650_ (rising edge-triggered flip-flop clocked by clk)
Path Group: clk
Path Type: max

Fanout     Cap    Slew   Delay    Time   Description
-----------------------------------------------------------------------------
                  0.15    7.00    7.00   clock clk' (rise edge)
                          0.00    7.00   clock network delay (ideal)
                  0.15    0.00    7.00 ^ _3440_/CLK (sky130_fd_sc_hd__dfxtp_2)
                  0.96    1.05    8.05 ^ _3440_/Q (sky130_fd_sc_hd__dfxtp_2)
    54    0.19                           i_spi_reg.falling_edge_detector_sof.rstb (net)
                  0.96    0.00    8.05 ^ _1769_/A (sky130_fd_sc_hd__buf_2)
                  0.22    0.40    8.45 ^ _1769_/X (sky130_fd_sc_hd__buf_2)
    13    0.04                           _1462_ (net)
                  0.22    0.00    8.45 ^ _2653_/A (sky130_fd_sc_hd__buf_1)
                  0.62    0.54    8.98 ^ _2653_/X (sky130_fd_sc_hd__buf_1)
    15    0.05                           _0780_ (net)
                  0.62    0.00    8.98 ^ _2899_/B (sky130_fd_sc_hd__nand2_2)
                  0.10    0.10    9.09 v _2899_/Y (sky130_fd_sc_hd__nand2_2)
     1    0.00                           _0975_ (net)
                  0.10    0.00    9.09 v _2900_/A (sky130_fd_sc_hd__inv_2)
                  0.03    0.05    9.14 ^ _2900_/Y (sky130_fd_sc_hd__inv_2)
     1    0.00                           _0211_ (net)
                  0.03    0.00    9.14 ^ _3650_/D (sky130_fd_sc_hd__dfxtp_2)
                                  9.14   data arrival time

                  0.15   14.00   14.00   clock clk (rise edge)
                          0.00   14.00   clock network delay (ideal)
                         -0.25   13.75   clock uncertainty
                          0.00   13.75   clock reconvergence pessimism
                                 13.75 ^ _3650_/CLK (sky130_fd_sc_hd__dfxtp_2)
                         -0.04   13.71   library setup time
                                 13.71   data required time
-----------------------------------------------------------------------------
                                 13.71   data required time
                                 -9.14   data arrival time
-----------------------------------------------------------------------------
                                  4.57   slack (MET)


Startpoint: _3440_ (rising edge-triggered flip-flop clocked by clk')
Endpoint: _3661_ (rising edge-triggered flip-flop clocked by clk)
Path Group: clk
Path Type: max

Fanout     Cap    Slew   Delay    Time   Description
-----------------------------------------------------------------------------
                  0.15    7.00    7.00   clock clk' (rise edge)
                          0.00    7.00   clock network delay (ideal)
                  0.15    0.00    7.00 ^ _3440_/CLK (sky130_fd_sc_hd__dfxtp_2)
                  0.96    1.05    8.05 ^ _3440_/Q (sky130_fd_sc_hd__dfxtp_2)
    54    0.19                           i_spi_reg.falling_edge_detector_sof.rstb (net)
                  0.96    0.00    8.05 ^ _1769_/A (sky130_fd_sc_hd__buf_2)
                  0.22    0.40    8.45 ^ _1769_/X (sky130_fd_sc_hd__buf_2)
    13    0.04                           _1462_ (net)
                  0.22    0.00    8.45 ^ _2653_/A (sky130_fd_sc_hd__buf_1)
                  0.62    0.54    8.98 ^ _2653_/X (sky130_fd_sc_hd__buf_1)
    15    0.05                           _0780_ (net)
                  0.62    0.00    8.98 ^ _2989_/B (sky130_fd_sc_hd__nand2_2)
                  0.10    0.10    9.09 v _2989_/Y (sky130_fd_sc_hd__nand2_2)
     1    0.00                           _1054_ (net)
                  0.10    0.00    9.09 v _2990_/A (sky130_fd_sc_hd__inv_2)
                  0.03    0.05    9.14 ^ _2990_/Y (sky130_fd_sc_hd__inv_2)
     1    0.00                           _0222_ (net)
                  0.03    0.00    9.14 ^ _3661_/D (sky130_fd_sc_hd__dfxtp_2)
                                  9.14   data arrival time

                  0.15   14.00   14.00   clock clk (rise edge)
                          0.00   14.00   clock network delay (ideal)
                         -0.25   13.75   clock uncertainty
                          0.00   13.75   clock reconvergence pessimism
                                 13.75 ^ _3661_/CLK (sky130_fd_sc_hd__dfxtp_2)
                         -0.04   13.71   library setup time
                                 13.71   data required time
-----------------------------------------------------------------------------
                                 13.71   data required time
                                 -9.14   data arrival time
-----------------------------------------------------------------------------
                                  4.57   slack (MET)


Startpoint: _3440_ (rising edge-triggered flip-flop clocked by clk')
Endpoint: _3664_ (rising edge-triggered flip-flop clocked by clk)
Path Group: clk
Path Type: max

Fanout     Cap    Slew   Delay    Time   Description
-----------------------------------------------------------------------------
                  0.15    7.00    7.00   clock clk' (rise edge)
                          0.00    7.00   clock network delay (ideal)
                  0.15    0.00    7.00 ^ _3440_/CLK (sky130_fd_sc_hd__dfxtp_2)
                  0.96    1.05    8.05 ^ _3440_/Q (sky130_fd_sc_hd__dfxtp_2)
    54    0.19                           i_spi_reg.falling_edge_detector_sof.rstb (net)
                  0.96    0.00    8.05 ^ _1769_/A (sky130_fd_sc_hd__buf_2)
                  0.22    0.40    8.45 ^ _1769_/X (sky130_fd_sc_hd__buf_2)
    13    0.04                           _1462_ (net)
                  0.22    0.00    8.45 ^ _2653_/A (sky130_fd_sc_hd__buf_1)
                  0.62    0.54    8.98 ^ _2653_/X (sky130_fd_sc_hd__buf_1)
    15    0.05                           _0780_ (net)
                  0.62    0.00    8.98 ^ _3017_/B (sky130_fd_sc_hd__nand2_2)
                  0.10    0.10    9.09 v _3017_/Y (sky130_fd_sc_hd__nand2_2)
     1    0.00                           _1079_ (net)
                  0.10    0.00    9.09 v _3018_/A (sky130_fd_sc_hd__inv_2)
                  0.03    0.05    9.14 ^ _3018_/Y (sky130_fd_sc_hd__inv_2)
     1    0.00                           _0225_ (net)
                  0.03    0.00    9.14 ^ _3664_/D (sky130_fd_sc_hd__dfxtp_2)
                                  9.14   data arrival time

                  0.15   14.00   14.00   clock clk (rise edge)
                          0.00   14.00   clock network delay (ideal)
                         -0.25   13.75   clock uncertainty
                          0.00   13.75   clock reconvergence pessimism
                                 13.75 ^ _3664_/CLK (sky130_fd_sc_hd__dfxtp_2)
                         -0.04   13.71   library setup time
                                 13.71   data required time
-----------------------------------------------------------------------------
                                 13.71   data required time
                                 -9.14   data arrival time
-----------------------------------------------------------------------------
                                  4.57   slack (MET)


Startpoint: _3440_ (rising edge-triggered flip-flop clocked by clk')
Endpoint: _3442_ (rising edge-triggered flip-flop clocked by clk)
Path Group: clk
Path Type: max

Fanout     Cap    Slew   Delay    Time   Description
-----------------------------------------------------------------------------
                  0.15    7.00    7.00   clock clk' (rise edge)
                          0.00    7.00   clock network delay (ideal)
                  0.15    0.00    7.00 ^ _3440_/CLK (sky130_fd_sc_hd__dfxtp_2)
                  0.96    1.05    8.05 ^ _3440_/Q (sky130_fd_sc_hd__dfxtp_2)
    54    0.19                           i_spi_reg.falling_edge_detector_sof.rstb (net)
                  0.96    0.00    8.05 ^ _1769_/A (sky130_fd_sc_hd__buf_2)
                  0.22    0.40    8.45 ^ _1769_/X (sky130_fd_sc_hd__buf_2)
    13    0.04                           _1462_ (net)
                  0.22    0.00    8.45 ^ _1803_/A (sky130_fd_sc_hd__inv_2)
                  0.07    0.09    8.54 v _1803_/Y (sky130_fd_sc_hd__inv_2)
     6    0.01                           _1495_ (net)
                  0.07    0.00    8.54 v _1804_/A (sky130_fd_sc_hd__buf_2)
                  0.06    0.17    8.71 v _1804_/X (sky130_fd_sc_hd__buf_2)
    10    0.02                           _1496_ (net)
                  0.06    0.00    8.71 v _1805_/A (sky130_fd_sc_hd__buf_2)
                  0.17    0.26    8.98 v _1805_/X (sky130_fd_sc_hd__buf_2)
    15    0.07                           _1497_ (net)
                  0.17    0.00    8.98 v _1806_/B1 (sky130_fd_sc_hd__a21oi_4)
                  0.08    0.14    9.12 ^ _1806_/Y (sky130_fd_sc_hd__a21oi_4)
     1    0.00                           _0003_ (net)
                  0.08    0.00    9.12 ^ _3442_/D (sky130_fd_sc_hd__dfxtp_2)
                                  9.12   data arrival time

                  0.15   14.00   14.00   clock clk (rise edge)
                          0.00   14.00   clock network delay (ideal)
                         -0.25   13.75   clock uncertainty
                          0.00   13.75   clock reconvergence pessimism
                                 13.75 ^ _3442_/CLK (sky130_fd_sc_hd__dfxtp_2)
                         -0.05   13.70   library setup time
                                 13.70   data required time
-----------------------------------------------------------------------------
                                 13.70   data required time
                                 -9.12   data arrival time
-----------------------------------------------------------------------------
                                  4.58   slack (MET)


Startpoint: _3440_ (rising edge-triggered flip-flop clocked by clk')
Endpoint: _3443_ (rising edge-triggered flip-flop clocked by clk)
Path Group: clk
Path Type: max

Fanout     Cap    Slew   Delay    Time   Description
-----------------------------------------------------------------------------
                  0.15    7.00    7.00   clock clk' (rise edge)
                          0.00    7.00   clock network delay (ideal)
                  0.15    0.00    7.00 ^ _3440_/CLK (sky130_fd_sc_hd__dfxtp_2)
                  0.96    1.05    8.05 ^ _3440_/Q (sky130_fd_sc_hd__dfxtp_2)
    54    0.19                           i_spi_reg.falling_edge_detector_sof.rstb (net)
                  0.96    0.00    8.05 ^ _1769_/A (sky130_fd_sc_hd__buf_2)
                  0.22    0.40    8.45 ^ _1769_/X (sky130_fd_sc_hd__buf_2)
    13    0.04                           _1462_ (net)
                  0.22    0.00    8.45 ^ _1803_/A (sky130_fd_sc_hd__inv_2)
                  0.07    0.09    8.54 v _1803_/Y (sky130_fd_sc_hd__inv_2)
     6    0.01                           _1495_ (net)
                  0.07    0.00    8.54 v _1804_/A (sky130_fd_sc_hd__buf_2)
                  0.06    0.17    8.71 v _1804_/X (sky130_fd_sc_hd__buf_2)
    10    0.02                           _1496_ (net)
                  0.06    0.00    8.71 v _1805_/A (sky130_fd_sc_hd__buf_2)
                  0.17    0.26    8.98 v _1805_/X (sky130_fd_sc_hd__buf_2)
    15    0.07                           _1497_ (net)
                  0.17    0.00    8.98 v _1811_/B1 (sky130_fd_sc_hd__a21oi_4)
                  0.08    0.14    9.12 ^ _1811_/Y (sky130_fd_sc_hd__a21oi_4)
     1    0.00                           _0004_ (net)
                  0.08    0.00    9.12 ^ _3443_/D (sky130_fd_sc_hd__dfxtp_2)
                                  9.12   data arrival time

                  0.15   14.00   14.00   clock clk (rise edge)
                          0.00   14.00   clock network delay (ideal)
                         -0.25   13.75   clock uncertainty
                          0.00   13.75   clock reconvergence pessimism
                                 13.75 ^ _3443_/CLK (sky130_fd_sc_hd__dfxtp_2)
                         -0.05   13.70   library setup time
                                 13.70   data required time
-----------------------------------------------------------------------------
                                 13.70   data required time
                                 -9.12   data arrival time
-----------------------------------------------------------------------------
                                  4.58   slack (MET)


Startpoint: _3440_ (rising edge-triggered flip-flop clocked by clk')
Endpoint: _3444_ (rising edge-triggered flip-flop clocked by clk)
Path Group: clk
Path Type: max

Fanout     Cap    Slew   Delay    Time   Description
-----------------------------------------------------------------------------
                  0.15    7.00    7.00   clock clk' (rise edge)
                          0.00    7.00   clock network delay (ideal)
                  0.15    0.00    7.00 ^ _3440_/CLK (sky130_fd_sc_hd__dfxtp_2)
                  0.96    1.05    8.05 ^ _3440_/Q (sky130_fd_sc_hd__dfxtp_2)
    54    0.19                           i_spi_reg.falling_edge_detector_sof.rstb (net)
                  0.96    0.00    8.05 ^ _1769_/A (sky130_fd_sc_hd__buf_2)
                  0.22    0.40    8.45 ^ _1769_/X (sky130_fd_sc_hd__buf_2)
    13    0.04                           _1462_ (net)
                  0.22    0.00    8.45 ^ _1803_/A (sky130_fd_sc_hd__inv_2)
                  0.07    0.09    8.54 v _1803_/Y (sky130_fd_sc_hd__inv_2)
     6    0.01                           _1495_ (net)
                  0.07    0.00    8.54 v _1804_/A (sky130_fd_sc_hd__buf_2)
                  0.06    0.17    8.71 v _1804_/X (sky130_fd_sc_hd__buf_2)
    10    0.02                           _1496_ (net)
                  0.06    0.00    8.71 v _1805_/A (sky130_fd_sc_hd__buf_2)
                  0.17    0.26    8.98 v _1805_/X (sky130_fd_sc_hd__buf_2)
    15    0.07                           _1497_ (net)
                  0.17    0.00    8.98 v _1817_/B1 (sky130_fd_sc_hd__a21oi_4)
                  0.08    0.14    9.12 ^ _1817_/Y (sky130_fd_sc_hd__a21oi_4)
     1    0.00                           _0005_ (net)
                  0.08    0.00    9.12 ^ _3444_/D (sky130_fd_sc_hd__dfxtp_2)
                                  9.12   data arrival time

                  0.15   14.00   14.00   clock clk (rise edge)
                          0.00   14.00   clock network delay (ideal)
                         -0.25   13.75   clock uncertainty
                          0.00   13.75   clock reconvergence pessimism
                                 13.75 ^ _3444_/CLK (sky130_fd_sc_hd__dfxtp_2)
                         -0.05   13.70   library setup time
                                 13.70   data required time
-----------------------------------------------------------------------------
                                 13.70   data required time
                                 -9.12   data arrival time
-----------------------------------------------------------------------------
                                  4.58   slack (MET)


Startpoint: _3440_ (rising edge-triggered flip-flop clocked by clk')
Endpoint: _3445_ (rising edge-triggered flip-flop clocked by clk)
Path Group: clk
Path Type: max

Fanout     Cap    Slew   Delay    Time   Description
-----------------------------------------------------------------------------
                  0.15    7.00    7.00   clock clk' (rise edge)
                          0.00    7.00   clock network delay (ideal)
                  0.15    0.00    7.00 ^ _3440_/CLK (sky130_fd_sc_hd__dfxtp_2)
                  0.96    1.05    8.05 ^ _3440_/Q (sky130_fd_sc_hd__dfxtp_2)
    54    0.19                           i_spi_reg.falling_edge_detector_sof.rstb (net)
                  0.96    0.00    8.05 ^ _1769_/A (sky130_fd_sc_hd__buf_2)
                  0.22    0.40    8.45 ^ _1769_/X (sky130_fd_sc_hd__buf_2)
    13    0.04                           _1462_ (net)
                  0.22    0.00    8.45 ^ _1803_/A (sky130_fd_sc_hd__inv_2)
                  0.07    0.09    8.54 v _1803_/Y (sky130_fd_sc_hd__inv_2)
     6    0.01                           _1495_ (net)
                  0.07    0.00    8.54 v _1804_/A (sky130_fd_sc_hd__buf_2)
                  0.06    0.17    8.71 v _1804_/X (sky130_fd_sc_hd__buf_2)
    10    0.02                           _1496_ (net)
                  0.06    0.00    8.71 v _1805_/A (sky130_fd_sc_hd__buf_2)
                  0.17    0.26    8.98 v _1805_/X (sky130_fd_sc_hd__buf_2)
    15    0.07                           _1497_ (net)
                  0.17    0.00    8.98 v _1821_/B1 (sky130_fd_sc_hd__a21oi_2)
                  0.08    0.14    9.11 ^ _1821_/Y (sky130_fd_sc_hd__a21oi_2)
     1    0.00                           _0006_ (net)
                  0.08    0.00    9.11 ^ _3445_/D (sky130_fd_sc_hd__dfxtp_2)
                                  9.11   data arrival time

                  0.15   14.00   14.00   clock clk (rise edge)
                          0.00   14.00   clock network delay (ideal)
                         -0.25   13.75   clock uncertainty
                          0.00   13.75   clock reconvergence pessimism
                                 13.75 ^ _3445_/CLK (sky130_fd_sc_hd__dfxtp_2)
                         -0.05   13.70   library setup time
                                 13.70   data required time
-----------------------------------------------------------------------------
                                 13.70   data required time
                                 -9.11   data arrival time
-----------------------------------------------------------------------------
                                  4.59   slack (MET)


Startpoint: _3440_ (rising edge-triggered flip-flop clocked by clk')
Endpoint: _3449_ (rising edge-triggered flip-flop clocked by clk)
Path Group: clk
Path Type: max

Fanout     Cap    Slew   Delay    Time   Description
-----------------------------------------------------------------------------
                  0.15    7.00    7.00   clock clk' (rise edge)
                          0.00    7.00   clock network delay (ideal)
                  0.15    0.00    7.00 ^ _3440_/CLK (sky130_fd_sc_hd__dfxtp_2)
                  0.96    1.05    8.05 ^ _3440_/Q (sky130_fd_sc_hd__dfxtp_2)
    54    0.19                           i_spi_reg.falling_edge_detector_sof.rstb (net)
                  0.96    0.00    8.05 ^ _1769_/A (sky130_fd_sc_hd__buf_2)
                  0.22    0.40    8.45 ^ _1769_/X (sky130_fd_sc_hd__buf_2)
    13    0.04                           _1462_ (net)
                  0.22    0.00    8.45 ^ _1803_/A (sky130_fd_sc_hd__inv_2)
                  0.07    0.09    8.54 v _1803_/Y (sky130_fd_sc_hd__inv_2)
     6    0.01                           _1495_ (net)
                  0.07    0.00    8.54 v _1804_/A (sky130_fd_sc_hd__buf_2)
                  0.06    0.17    8.71 v _1804_/X (sky130_fd_sc_hd__buf_2)
    10    0.02                           _1496_ (net)
                  0.06    0.00    8.71 v _1805_/A (sky130_fd_sc_hd__buf_2)
                  0.17    0.26    8.98 v _1805_/X (sky130_fd_sc_hd__buf_2)
    15    0.07                           _1497_ (net)
                  0.17    0.00    8.98 v _1835_/B1 (sky130_fd_sc_hd__a21oi_2)
                  0.08    0.14    9.11 ^ _1835_/Y (sky130_fd_sc_hd__a21oi_2)
     1    0.00                           _0010_ (net)
                  0.08    0.00    9.11 ^ _3449_/D (sky130_fd_sc_hd__dfxtp_2)
                                  9.11   data arrival time

                  0.15   14.00   14.00   clock clk (rise edge)
                          0.00   14.00   clock network delay (ideal)
                         -0.25   13.75   clock uncertainty
                          0.00   13.75   clock reconvergence pessimism
                                 13.75 ^ _3449_/CLK (sky130_fd_sc_hd__dfxtp_2)
                         -0.05   13.70   library setup time
                                 13.70   data required time
-----------------------------------------------------------------------------
                                 13.70   data required time
                                 -9.11   data arrival time
-----------------------------------------------------------------------------
                                  4.59   slack (MET)


Startpoint: _3440_ (rising edge-triggered flip-flop clocked by clk')
Endpoint: _3450_ (rising edge-triggered flip-flop clocked by clk)
Path Group: clk
Path Type: max

Fanout     Cap    Slew   Delay    Time   Description
-----------------------------------------------------------------------------
                  0.15    7.00    7.00   clock clk' (rise edge)
                          0.00    7.00   clock network delay (ideal)
                  0.15    0.00    7.00 ^ _3440_/CLK (sky130_fd_sc_hd__dfxtp_2)
                  0.96    1.05    8.05 ^ _3440_/Q (sky130_fd_sc_hd__dfxtp_2)
    54    0.19                           i_spi_reg.falling_edge_detector_sof.rstb (net)
                  0.96    0.00    8.05 ^ _1769_/A (sky130_fd_sc_hd__buf_2)
                  0.22    0.40    8.45 ^ _1769_/X (sky130_fd_sc_hd__buf_2)
    13    0.04                           _1462_ (net)
                  0.22    0.00    8.45 ^ _1803_/A (sky130_fd_sc_hd__inv_2)
                  0.07    0.09    8.54 v _1803_/Y (sky130_fd_sc_hd__inv_2)
     6    0.01                           _1495_ (net)
                  0.07    0.00    8.54 v _1804_/A (sky130_fd_sc_hd__buf_2)
                  0.06    0.17    8.71 v _1804_/X (sky130_fd_sc_hd__buf_2)
    10    0.02                           _1496_ (net)
                  0.06    0.00    8.71 v _1805_/A (sky130_fd_sc_hd__buf_2)
                  0.17    0.26    8.98 v _1805_/X (sky130_fd_sc_hd__buf_2)
    15    0.07                           _1497_ (net)
                  0.17    0.00    8.98 v _1839_/B1 (sky130_fd_sc_hd__a21oi_2)
                  0.08    0.14    9.11 ^ _1839_/Y (sky130_fd_sc_hd__a21oi_2)
     1    0.00                           _0011_ (net)
                  0.08    0.00    9.11 ^ _3450_/D (sky130_fd_sc_hd__dfxtp_2)
                                  9.11   data arrival time

                  0.15   14.00   14.00   clock clk (rise edge)
                          0.00   14.00   clock network delay (ideal)
                         -0.25   13.75   clock uncertainty
                          0.00   13.75   clock reconvergence pessimism
                                 13.75 ^ _3450_/CLK (sky130_fd_sc_hd__dfxtp_2)
                         -0.05   13.70   library setup time
                                 13.70   data required time
-----------------------------------------------------------------------------
                                 13.70   data required time
                                 -9.11   data arrival time
-----------------------------------------------------------------------------
                                  4.59   slack (MET)


Startpoint: _3440_ (rising edge-triggered flip-flop clocked by clk')
Endpoint: _3451_ (rising edge-triggered flip-flop clocked by clk)
Path Group: clk
Path Type: max

Fanout     Cap    Slew   Delay    Time   Description
-----------------------------------------------------------------------------
                  0.15    7.00    7.00   clock clk' (rise edge)
                          0.00    7.00   clock network delay (ideal)
                  0.15    0.00    7.00 ^ _3440_/CLK (sky130_fd_sc_hd__dfxtp_2)
                  0.96    1.05    8.05 ^ _3440_/Q (sky130_fd_sc_hd__dfxtp_2)
    54    0.19                           i_spi_reg.falling_edge_detector_sof.rstb (net)
                  0.96    0.00    8.05 ^ _1769_/A (sky130_fd_sc_hd__buf_2)
                  0.22    0.40    8.45 ^ _1769_/X (sky130_fd_sc_hd__buf_2)
    13    0.04                           _1462_ (net)
                  0.22    0.00    8.45 ^ _1803_/A (sky130_fd_sc_hd__inv_2)
                  0.07    0.09    8.54 v _1803_/Y (sky130_fd_sc_hd__inv_2)
     6    0.01                           _1495_ (net)
                  0.07    0.00    8.54 v _1804_/A (sky130_fd_sc_hd__buf_2)
                  0.06    0.17    8.71 v _1804_/X (sky130_fd_sc_hd__buf_2)
    10    0.02                           _1496_ (net)
                  0.06    0.00    8.71 v _1805_/A (sky130_fd_sc_hd__buf_2)
                  0.17    0.26    8.98 v _1805_/X (sky130_fd_sc_hd__buf_2)
    15    0.07                           _1497_ (net)
                  0.17    0.00    8.98 v _1887_/B1 (sky130_fd_sc_hd__a21oi_2)
                  0.08    0.14    9.11 ^ _1887_/Y (sky130_fd_sc_hd__a21oi_2)
     1    0.00                           _0012_ (net)
                  0.08    0.00    9.11 ^ _3451_/D (sky130_fd_sc_hd__dfxtp_2)
                                  9.11   data arrival time

                  0.15   14.00   14.00   clock clk (rise edge)
                          0.00   14.00   clock network delay (ideal)
                         -0.25   13.75   clock uncertainty
                          0.00   13.75   clock reconvergence pessimism
                                 13.75 ^ _3451_/CLK (sky130_fd_sc_hd__dfxtp_2)
                         -0.05   13.70   library setup time
                                 13.70   data required time
-----------------------------------------------------------------------------
                                 13.70   data required time
                                 -9.11   data arrival time
-----------------------------------------------------------------------------
                                  4.59   slack (MET)


Startpoint: _3440_ (rising edge-triggered flip-flop clocked by clk')
Endpoint: _3452_ (rising edge-triggered flip-flop clocked by clk)
Path Group: clk
Path Type: max

Fanout     Cap    Slew   Delay    Time   Description
-----------------------------------------------------------------------------
                  0.15    7.00    7.00   clock clk' (rise edge)
                          0.00    7.00   clock network delay (ideal)
                  0.15    0.00    7.00 ^ _3440_/CLK (sky130_fd_sc_hd__dfxtp_2)
                  0.96    1.05    8.05 ^ _3440_/Q (sky130_fd_sc_hd__dfxtp_2)
    54    0.19                           i_spi_reg.falling_edge_detector_sof.rstb (net)
                  0.96    0.00    8.05 ^ _1769_/A (sky130_fd_sc_hd__buf_2)
                  0.22    0.40    8.45 ^ _1769_/X (sky130_fd_sc_hd__buf_2)
    13    0.04                           _1462_ (net)
                  0.22    0.00    8.45 ^ _1803_/A (sky130_fd_sc_hd__inv_2)
                  0.07    0.09    8.54 v _1803_/Y (sky130_fd_sc_hd__inv_2)
     6    0.01                           _1495_ (net)
                  0.07    0.00    8.54 v _1804_/A (sky130_fd_sc_hd__buf_2)
                  0.06    0.17    8.71 v _1804_/X (sky130_fd_sc_hd__buf_2)
    10    0.02                           _1496_ (net)
                  0.06    0.00    8.71 v _1805_/A (sky130_fd_sc_hd__buf_2)
                  0.17    0.26    8.98 v _1805_/X (sky130_fd_sc_hd__buf_2)
    15    0.07                           _1497_ (net)
                  0.17    0.00    8.98 v _1899_/B1 (sky130_fd_sc_hd__a21oi_2)
                  0.08    0.14    9.11 ^ _1899_/Y (sky130_fd_sc_hd__a21oi_2)
     1    0.00                           _0013_ (net)
                  0.08    0.00    9.11 ^ _3452_/D (sky130_fd_sc_hd__dfxtp_2)
                                  9.11   data arrival time

                  0.15   14.00   14.00   clock clk (rise edge)
                          0.00   14.00   clock network delay (ideal)
                         -0.25   13.75   clock uncertainty
                          0.00   13.75   clock reconvergence pessimism
                                 13.75 ^ _3452_/CLK (sky130_fd_sc_hd__dfxtp_2)
                         -0.05   13.70   library setup time
                                 13.70   data required time
-----------------------------------------------------------------------------
                                 13.70   data required time
                                 -9.11   data arrival time
-----------------------------------------------------------------------------
                                  4.59   slack (MET)


Startpoint: _3440_ (rising edge-triggered flip-flop clocked by clk')
Endpoint: _3453_ (rising edge-triggered flip-flop clocked by clk)
Path Group: clk
Path Type: max

Fanout     Cap    Slew   Delay    Time   Description
-----------------------------------------------------------------------------
                  0.15    7.00    7.00   clock clk' (rise edge)
                          0.00    7.00   clock network delay (ideal)
                  0.15    0.00    7.00 ^ _3440_/CLK (sky130_fd_sc_hd__dfxtp_2)
                  0.96    1.05    8.05 ^ _3440_/Q (sky130_fd_sc_hd__dfxtp_2)
    54    0.19                           i_spi_reg.falling_edge_detector_sof.rstb (net)
                  0.96    0.00    8.05 ^ _1769_/A (sky130_fd_sc_hd__buf_2)
                  0.22    0.40    8.45 ^ _1769_/X (sky130_fd_sc_hd__buf_2)
    13    0.04                           _1462_ (net)
                  0.22    0.00    8.45 ^ _1803_/A (sky130_fd_sc_hd__inv_2)
                  0.07    0.09    8.54 v _1803_/Y (sky130_fd_sc_hd__inv_2)
     6    0.01                           _1495_ (net)
                  0.07    0.00    8.54 v _1804_/A (sky130_fd_sc_hd__buf_2)
                  0.06    0.17    8.71 v _1804_/X (sky130_fd_sc_hd__buf_2)
    10    0.02                           _1496_ (net)
                  0.06    0.00    8.71 v _1805_/A (sky130_fd_sc_hd__buf_2)
                  0.17    0.26    8.98 v _1805_/X (sky130_fd_sc_hd__buf_2)
    15    0.07                           _1497_ (net)
                  0.17    0.00    8.98 v _1902_/B1 (sky130_fd_sc_hd__a21oi_2)
                  0.08    0.14    9.11 ^ _1902_/Y (sky130_fd_sc_hd__a21oi_2)
     1    0.00                           _0014_ (net)
                  0.08    0.00    9.11 ^ _3453_/D (sky130_fd_sc_hd__dfxtp_2)
                                  9.11   data arrival time

                  0.15   14.00   14.00   clock clk (rise edge)
                          0.00   14.00   clock network delay (ideal)
                         -0.25   13.75   clock uncertainty
                          0.00   13.75   clock reconvergence pessimism
                                 13.75 ^ _3453_/CLK (sky130_fd_sc_hd__dfxtp_2)
                         -0.05   13.70   library setup time
                                 13.70   data required time
-----------------------------------------------------------------------------
                                 13.70   data required time
                                 -9.11   data arrival time
-----------------------------------------------------------------------------
                                  4.59   slack (MET)


Startpoint: _3440_ (rising edge-triggered flip-flop clocked by clk')
Endpoint: _3454_ (rising edge-triggered flip-flop clocked by clk)
Path Group: clk
Path Type: max

Fanout     Cap    Slew   Delay    Time   Description
-----------------------------------------------------------------------------
                  0.15    7.00    7.00   clock clk' (rise edge)
                          0.00    7.00   clock network delay (ideal)
                  0.15    0.00    7.00 ^ _3440_/CLK (sky130_fd_sc_hd__dfxtp_2)
                  0.96    1.05    8.05 ^ _3440_/Q (sky130_fd_sc_hd__dfxtp_2)
    54    0.19                           i_spi_reg.falling_edge_detector_sof.rstb (net)
                  0.96    0.00    8.05 ^ _1769_/A (sky130_fd_sc_hd__buf_2)
                  0.22    0.40    8.45 ^ _1769_/X (sky130_fd_sc_hd__buf_2)
    13    0.04                           _1462_ (net)
                  0.22    0.00    8.45 ^ _1803_/A (sky130_fd_sc_hd__inv_2)
                  0.07    0.09    8.54 v _1803_/Y (sky130_fd_sc_hd__inv_2)
     6    0.01                           _1495_ (net)
                  0.07    0.00    8.54 v _1804_/A (sky130_fd_sc_hd__buf_2)
                  0.06    0.17    8.71 v _1804_/X (sky130_fd_sc_hd__buf_2)
    10    0.02                           _1496_ (net)
                  0.06    0.00    8.71 v _1805_/A (sky130_fd_sc_hd__buf_2)
                  0.17    0.26    8.98 v _1805_/X (sky130_fd_sc_hd__buf_2)
    15    0.07                           _1497_ (net)
                  0.17    0.00    8.98 v _1905_/B1 (sky130_fd_sc_hd__a21oi_2)
                  0.08    0.14    9.11 ^ _1905_/Y (sky130_fd_sc_hd__a21oi_2)
     1    0.00                           _0015_ (net)
                  0.08    0.00    9.11 ^ _3454_/D (sky130_fd_sc_hd__dfxtp_2)
                                  9.11   data arrival time

                  0.15   14.00   14.00   clock clk (rise edge)
                          0.00   14.00   clock network delay (ideal)
                         -0.25   13.75   clock uncertainty
                          0.00   13.75   clock reconvergence pessimism
                                 13.75 ^ _3454_/CLK (sky130_fd_sc_hd__dfxtp_2)
                         -0.05   13.70   library setup time
                                 13.70   data required time
-----------------------------------------------------------------------------
                                 13.70   data required time
                                 -9.11   data arrival time
-----------------------------------------------------------------------------
                                  4.59   slack (MET)


Startpoint: _3440_ (rising edge-triggered flip-flop clocked by clk')
Endpoint: _3455_ (rising edge-triggered flip-flop clocked by clk)
Path Group: clk
Path Type: max

Fanout     Cap    Slew   Delay    Time   Description
-----------------------------------------------------------------------------
                  0.15    7.00    7.00   clock clk' (rise edge)
                          0.00    7.00   clock network delay (ideal)
                  0.15    0.00    7.00 ^ _3440_/CLK (sky130_fd_sc_hd__dfxtp_2)
                  0.96    1.05    8.05 ^ _3440_/Q (sky130_fd_sc_hd__dfxtp_2)
    54    0.19                           i_spi_reg.falling_edge_detector_sof.rstb (net)
                  0.96    0.00    8.05 ^ _1769_/A (sky130_fd_sc_hd__buf_2)
                  0.22    0.40    8.45 ^ _1769_/X (sky130_fd_sc_hd__buf_2)
    13    0.04                           _1462_ (net)
                  0.22    0.00    8.45 ^ _1803_/A (sky130_fd_sc_hd__inv_2)
                  0.07    0.09    8.54 v _1803_/Y (sky130_fd_sc_hd__inv_2)
     6    0.01                           _1495_ (net)
                  0.07    0.00    8.54 v _1804_/A (sky130_fd_sc_hd__buf_2)
                  0.06    0.17    8.71 v _1804_/X (sky130_fd_sc_hd__buf_2)
    10    0.02                           _1496_ (net)
                  0.06    0.00    8.71 v _1805_/A (sky130_fd_sc_hd__buf_2)
                  0.17    0.26    8.98 v _1805_/X (sky130_fd_sc_hd__buf_2)
    15    0.07                           _1497_ (net)
                  0.17    0.00    8.98 v _1908_/B1 (sky130_fd_sc_hd__a21oi_2)
                  0.08    0.14    9.11 ^ _1908_/Y (sky130_fd_sc_hd__a21oi_2)
     1    0.00                           _0016_ (net)
                  0.08    0.00    9.11 ^ _3455_/D (sky130_fd_sc_hd__dfxtp_2)
                                  9.11   data arrival time

                  0.15   14.00   14.00   clock clk (rise edge)
                          0.00   14.00   clock network delay (ideal)
                         -0.25   13.75   clock uncertainty
                          0.00   13.75   clock reconvergence pessimism
                                 13.75 ^ _3455_/CLK (sky130_fd_sc_hd__dfxtp_2)
                         -0.05   13.70   library setup time
                                 13.70   data required time
-----------------------------------------------------------------------------
                                 13.70   data required time
                                 -9.11   data arrival time
-----------------------------------------------------------------------------
                                  4.59   slack (MET)


Startpoint: _3440_ (rising edge-triggered flip-flop clocked by clk')
Endpoint: _3456_ (rising edge-triggered flip-flop clocked by clk)
Path Group: clk
Path Type: max

Fanout     Cap    Slew   Delay    Time   Description
-----------------------------------------------------------------------------
                  0.15    7.00    7.00   clock clk' (rise edge)
                          0.00    7.00   clock network delay (ideal)
                  0.15    0.00    7.00 ^ _3440_/CLK (sky130_fd_sc_hd__dfxtp_2)
                  0.96    1.05    8.05 ^ _3440_/Q (sky130_fd_sc_hd__dfxtp_2)
    54    0.19                           i_spi_reg.falling_edge_detector_sof.rstb (net)
                  0.96    0.00    8.05 ^ _1769_/A (sky130_fd_sc_hd__buf_2)
                  0.22    0.40    8.45 ^ _1769_/X (sky130_fd_sc_hd__buf_2)
    13    0.04                           _1462_ (net)
                  0.22    0.00    8.45 ^ _1803_/A (sky130_fd_sc_hd__inv_2)
                  0.07    0.09    8.54 v _1803_/Y (sky130_fd_sc_hd__inv_2)
     6    0.01                           _1495_ (net)
                  0.07    0.00    8.54 v _1804_/A (sky130_fd_sc_hd__buf_2)
                  0.06    0.17    8.71 v _1804_/X (sky130_fd_sc_hd__buf_2)
    10    0.02                           _1496_ (net)
                  0.06    0.00    8.71 v _1805_/A (sky130_fd_sc_hd__buf_2)
                  0.17    0.26    8.98 v _1805_/X (sky130_fd_sc_hd__buf_2)
    15    0.07                           _1497_ (net)
                  0.17    0.00    8.98 v _1911_/B1 (sky130_fd_sc_hd__a21oi_2)
                  0.08    0.14    9.11 ^ _1911_/Y (sky130_fd_sc_hd__a21oi_2)
     1    0.00                           _0017_ (net)
                  0.08    0.00    9.11 ^ _3456_/D (sky130_fd_sc_hd__dfxtp_2)
                                  9.11   data arrival time

                  0.15   14.00   14.00   clock clk (rise edge)
                          0.00   14.00   clock network delay (ideal)
                         -0.25   13.75   clock uncertainty
                          0.00   13.75   clock reconvergence pessimism
                                 13.75 ^ _3456_/CLK (sky130_fd_sc_hd__dfxtp_2)
                         -0.05   13.70   library setup time
                                 13.70   data required time
-----------------------------------------------------------------------------
                                 13.70   data required time
                                 -9.11   data arrival time
-----------------------------------------------------------------------------
                                  4.59   slack (MET)


Startpoint: _3440_ (rising edge-triggered flip-flop clocked by clk')
Endpoint: _3457_ (rising edge-triggered flip-flop clocked by clk)
Path Group: clk
Path Type: max

Fanout     Cap    Slew   Delay    Time   Description
-----------------------------------------------------------------------------
                  0.15    7.00    7.00   clock clk' (rise edge)
                          0.00    7.00   clock network delay (ideal)
                  0.15    0.00    7.00 ^ _3440_/CLK (sky130_fd_sc_hd__dfxtp_2)
                  0.96    1.05    8.05 ^ _3440_/Q (sky130_fd_sc_hd__dfxtp_2)
    54    0.19                           i_spi_reg.falling_edge_detector_sof.rstb (net)
                  0.96    0.00    8.05 ^ _1769_/A (sky130_fd_sc_hd__buf_2)
                  0.22    0.40    8.45 ^ _1769_/X (sky130_fd_sc_hd__buf_2)
    13    0.04                           _1462_ (net)
                  0.22    0.00    8.45 ^ _1803_/A (sky130_fd_sc_hd__inv_2)
                  0.07    0.09    8.54 v _1803_/Y (sky130_fd_sc_hd__inv_2)
     6    0.01                           _1495_ (net)
                  0.07    0.00    8.54 v _1804_/A (sky130_fd_sc_hd__buf_2)
                  0.06    0.17    8.71 v _1804_/X (sky130_fd_sc_hd__buf_2)
    10    0.02                           _1496_ (net)
                  0.06    0.00    8.71 v _1805_/A (sky130_fd_sc_hd__buf_2)
                  0.17    0.26    8.98 v _1805_/X (sky130_fd_sc_hd__buf_2)
    15    0.07                           _1497_ (net)
                  0.17    0.00    8.98 v _1914_/B1 (sky130_fd_sc_hd__a21oi_2)
                  0.08    0.14    9.11 ^ _1914_/Y (sky130_fd_sc_hd__a21oi_2)
     1    0.00                           _0018_ (net)
                  0.08    0.00    9.11 ^ _3457_/D (sky130_fd_sc_hd__dfxtp_2)
                                  9.11   data arrival time

                  0.15   14.00   14.00   clock clk (rise edge)
                          0.00   14.00   clock network delay (ideal)
                         -0.25   13.75   clock uncertainty
                          0.00   13.75   clock reconvergence pessimism
                                 13.75 ^ _3457_/CLK (sky130_fd_sc_hd__dfxtp_2)
                         -0.05   13.70   library setup time
                                 13.70   data required time
-----------------------------------------------------------------------------
                                 13.70   data required time
                                 -9.11   data arrival time
-----------------------------------------------------------------------------
                                  4.59   slack (MET)


Startpoint: _3440_ (rising edge-triggered flip-flop clocked by clk')
Endpoint: _3458_ (rising edge-triggered flip-flop clocked by clk)
Path Group: clk
Path Type: max

Fanout     Cap    Slew   Delay    Time   Description
-----------------------------------------------------------------------------
                  0.15    7.00    7.00   clock clk' (rise edge)
                          0.00    7.00   clock network delay (ideal)
                  0.15    0.00    7.00 ^ _3440_/CLK (sky130_fd_sc_hd__dfxtp_2)
                  0.96    1.05    8.05 ^ _3440_/Q (sky130_fd_sc_hd__dfxtp_2)
    54    0.19                           i_spi_reg.falling_edge_detector_sof.rstb (net)
                  0.96    0.00    8.05 ^ _1769_/A (sky130_fd_sc_hd__buf_2)
                  0.22    0.40    8.45 ^ _1769_/X (sky130_fd_sc_hd__buf_2)
    13    0.04                           _1462_ (net)
                  0.22    0.00    8.45 ^ _1803_/A (sky130_fd_sc_hd__inv_2)
                  0.07    0.09    8.54 v _1803_/Y (sky130_fd_sc_hd__inv_2)
     6    0.01                           _1495_ (net)
                  0.07    0.00    8.54 v _1804_/A (sky130_fd_sc_hd__buf_2)
                  0.06    0.17    8.71 v _1804_/X (sky130_fd_sc_hd__buf_2)
    10    0.02                           _1496_ (net)
                  0.06    0.00    8.71 v _1805_/A (sky130_fd_sc_hd__buf_2)
                  0.17    0.26    8.98 v _1805_/X (sky130_fd_sc_hd__buf_2)
    15    0.07                           _1497_ (net)
                  0.17    0.00    8.98 v _1917_/B1 (sky130_fd_sc_hd__a21oi_2)
                  0.08    0.14    9.11 ^ _1917_/Y (sky130_fd_sc_hd__a21oi_2)
     1    0.00                           _0019_ (net)
                  0.08    0.00    9.11 ^ _3458_/D (sky130_fd_sc_hd__dfxtp_2)
                                  9.11   data arrival time

                  0.15   14.00   14.00   clock clk (rise edge)
                          0.00   14.00   clock network delay (ideal)
                         -0.25   13.75   clock uncertainty
                          0.00   13.75   clock reconvergence pessimism
                                 13.75 ^ _3458_/CLK (sky130_fd_sc_hd__dfxtp_2)
                         -0.05   13.70   library setup time
                                 13.70   data required time
-----------------------------------------------------------------------------
                                 13.70   data required time
                                 -9.11   data arrival time
-----------------------------------------------------------------------------
                                  4.59   slack (MET)


Startpoint: _3440_ (rising edge-triggered flip-flop clocked by clk')
Endpoint: _3459_ (rising edge-triggered flip-flop clocked by clk)
Path Group: clk
Path Type: max

Fanout     Cap    Slew   Delay    Time   Description
-----------------------------------------------------------------------------
                  0.15    7.00    7.00   clock clk' (rise edge)
                          0.00    7.00   clock network delay (ideal)
                  0.15    0.00    7.00 ^ _3440_/CLK (sky130_fd_sc_hd__dfxtp_2)
                  0.96    1.05    8.05 ^ _3440_/Q (sky130_fd_sc_hd__dfxtp_2)
    54    0.19                           i_spi_reg.falling_edge_detector_sof.rstb (net)
                  0.96    0.00    8.05 ^ _1769_/A (sky130_fd_sc_hd__buf_2)
                  0.22    0.40    8.45 ^ _1769_/X (sky130_fd_sc_hd__buf_2)
    13    0.04                           _1462_ (net)
                  0.22    0.00    8.45 ^ _1803_/A (sky130_fd_sc_hd__inv_2)
                  0.07    0.09    8.54 v _1803_/Y (sky130_fd_sc_hd__inv_2)
     6    0.01                           _1495_ (net)
                  0.07    0.00    8.54 v _1804_/A (sky130_fd_sc_hd__buf_2)
                  0.06    0.17    8.71 v _1804_/X (sky130_fd_sc_hd__buf_2)
    10    0.02                           _1496_ (net)
                  0.06    0.00    8.71 v _1805_/A (sky130_fd_sc_hd__buf_2)
                  0.17    0.26    8.98 v _1805_/X (sky130_fd_sc_hd__buf_2)
    15    0.07                           _1497_ (net)
                  0.17    0.00    8.98 v _1920_/B1 (sky130_fd_sc_hd__a21oi_2)
                  0.08    0.14    9.11 ^ _1920_/Y (sky130_fd_sc_hd__a21oi_2)
     1    0.00                           _0020_ (net)
                  0.08    0.00    9.11 ^ _3459_/D (sky130_fd_sc_hd__dfxtp_2)
                                  9.11   data arrival time

                  0.15   14.00   14.00   clock clk (rise edge)
                          0.00   14.00   clock network delay (ideal)
                         -0.25   13.75   clock uncertainty
                          0.00   13.75   clock reconvergence pessimism
                                 13.75 ^ _3459_/CLK (sky130_fd_sc_hd__dfxtp_2)
                         -0.05   13.70   library setup time
                                 13.70   data required time
-----------------------------------------------------------------------------
                                 13.70   data required time
                                 -9.11   data arrival time
-----------------------------------------------------------------------------
                                  4.59   slack (MET)


Startpoint: _3440_ (rising edge-triggered flip-flop clocked by clk')
Endpoint: _3674_ (rising edge-triggered flip-flop clocked by clk)
Path Group: clk
Path Type: max

Fanout     Cap    Slew   Delay    Time   Description
-----------------------------------------------------------------------------
                  0.15    7.00    7.00   clock clk' (rise edge)
                          0.00    7.00   clock network delay (ideal)
                  0.15    0.00    7.00 ^ _3440_/CLK (sky130_fd_sc_hd__dfxtp_2)
                  0.96    1.05    8.05 ^ _3440_/Q (sky130_fd_sc_hd__dfxtp_2)
    54    0.19                           i_spi_reg.falling_edge_detector_sof.rstb (net)
                  0.96    0.00    8.05 ^ _1769_/A (sky130_fd_sc_hd__buf_2)
                  0.22    0.40    8.45 ^ _1769_/X (sky130_fd_sc_hd__buf_2)
    13    0.04                           _1462_ (net)
                  0.22    0.00    8.45 ^ _1803_/A (sky130_fd_sc_hd__inv_2)
                  0.07    0.09    8.54 v _1803_/Y (sky130_fd_sc_hd__inv_2)
     6    0.01                           _1495_ (net)
                  0.07    0.00    8.54 v _3087_/A (sky130_fd_sc_hd__buf_1)
                  0.35    0.36    8.90 v _3087_/X (sky130_fd_sc_hd__buf_1)
    15    0.06                           _1139_ (net)
                  0.35    0.00    8.90 v _3088_/B1 (sky130_fd_sc_hd__a21oi_2)
                  0.11    0.20    9.11 ^ _3088_/Y (sky130_fd_sc_hd__a21oi_2)
     1    0.00                           _0235_ (net)
                  0.11    0.00    9.11 ^ _3674_/D (sky130_fd_sc_hd__dfxtp_2)
                                  9.11   data arrival time

                  0.15   14.00   14.00   clock clk (rise edge)
                          0.00   14.00   clock network delay (ideal)
                         -0.25   13.75   clock uncertainty
                          0.00   13.75   clock reconvergence pessimism
                                 13.75 ^ _3674_/CLK (sky130_fd_sc_hd__dfxtp_2)
                         -0.06   13.69   library setup time
                                 13.69   data required time
-----------------------------------------------------------------------------
                                 13.69   data required time
                                 -9.11   data arrival time
-----------------------------------------------------------------------------
                                  4.59   slack (MET)


Startpoint: _3440_ (rising edge-triggered flip-flop clocked by clk')
Endpoint: _3676_ (rising edge-triggered flip-flop clocked by clk)
Path Group: clk
Path Type: max

Fanout     Cap    Slew   Delay    Time   Description
-----------------------------------------------------------------------------
                  0.15    7.00    7.00   clock clk' (rise edge)
                          0.00    7.00   clock network delay (ideal)
                  0.15    0.00    7.00 ^ _3440_/CLK (sky130_fd_sc_hd__dfxtp_2)
                  0.96    1.05    8.05 ^ _3440_/Q (sky130_fd_sc_hd__dfxtp_2)
    54    0.19                           i_spi_reg.falling_edge_detector_sof.rstb (net)
                  0.96    0.00    8.05 ^ _1769_/A (sky130_fd_sc_hd__buf_2)
                  0.22    0.40    8.45 ^ _1769_/X (sky130_fd_sc_hd__buf_2)
    13    0.04                           _1462_ (net)
                  0.22    0.00    8.45 ^ _1803_/A (sky130_fd_sc_hd__inv_2)
                  0.07    0.09    8.54 v _1803_/Y (sky130_fd_sc_hd__inv_2)
     6    0.01                           _1495_ (net)
                  0.07    0.00    8.54 v _3087_/A (sky130_fd_sc_hd__buf_1)
                  0.35    0.36    8.90 v _3087_/X (sky130_fd_sc_hd__buf_1)
    15    0.06                           _1139_ (net)
                  0.35    0.00    8.90 v _3092_/B1 (sky130_fd_sc_hd__a21oi_2)
                  0.11    0.20    9.11 ^ _3092_/Y (sky130_fd_sc_hd__a21oi_2)
     1    0.00                           _0237_ (net)
                  0.11    0.00    9.11 ^ _3676_/D (sky130_fd_sc_hd__dfxtp_2)
                                  9.11   data arrival time

                  0.15   14.00   14.00   clock clk (rise edge)
                          0.00   14.00   clock network delay (ideal)
                         -0.25   13.75   clock uncertainty
                          0.00   13.75   clock reconvergence pessimism
                                 13.75 ^ _3676_/CLK (sky130_fd_sc_hd__dfxtp_2)
                         -0.06   13.69   library setup time
                                 13.69   data required time
-----------------------------------------------------------------------------
                                 13.69   data required time
                                 -9.11   data arrival time
-----------------------------------------------------------------------------
                                  4.59   slack (MET)


Startpoint: _3440_ (rising edge-triggered flip-flop clocked by clk')
Endpoint: _3678_ (rising edge-triggered flip-flop clocked by clk)
Path Group: clk
Path Type: max

Fanout     Cap    Slew   Delay    Time   Description
-----------------------------------------------------------------------------
                  0.15    7.00    7.00   clock clk' (rise edge)
                          0.00    7.00   clock network delay (ideal)
                  0.15    0.00    7.00 ^ _3440_/CLK (sky130_fd_sc_hd__dfxtp_2)
                  0.96    1.05    8.05 ^ _3440_/Q (sky130_fd_sc_hd__dfxtp_2)
    54    0.19                           i_spi_reg.falling_edge_detector_sof.rstb (net)
                  0.96    0.00    8.05 ^ _1769_/A (sky130_fd_sc_hd__buf_2)
                  0.22    0.40    8.45 ^ _1769_/X (sky130_fd_sc_hd__buf_2)
    13    0.04                           _1462_ (net)
                  0.22    0.00    8.45 ^ _1803_/A (sky130_fd_sc_hd__inv_2)
                  0.07    0.09    8.54 v _1803_/Y (sky130_fd_sc_hd__inv_2)
     6    0.01                           _1495_ (net)
                  0.07    0.00    8.54 v _3087_/A (sky130_fd_sc_hd__buf_1)
                  0.35    0.36    8.90 v _3087_/X (sky130_fd_sc_hd__buf_1)
    15    0.06                           _1139_ (net)
                  0.35    0.00    8.90 v _3096_/B1 (sky130_fd_sc_hd__a21oi_2)
                  0.11    0.20    9.11 ^ _3096_/Y (sky130_fd_sc_hd__a21oi_2)
     1    0.00                           _0239_ (net)
                  0.11    0.00    9.11 ^ _3678_/D (sky130_fd_sc_hd__dfxtp_2)
                                  9.11   data arrival time

                  0.15   14.00   14.00   clock clk (rise edge)
                          0.00   14.00   clock network delay (ideal)
                         -0.25   13.75   clock uncertainty
                          0.00   13.75   clock reconvergence pessimism
                                 13.75 ^ _3678_/CLK (sky130_fd_sc_hd__dfxtp_2)
                         -0.06   13.69   library setup time
                                 13.69   data required time
-----------------------------------------------------------------------------
                                 13.69   data required time
                                 -9.11   data arrival time
-----------------------------------------------------------------------------
                                  4.59   slack (MET)


Startpoint: _3440_ (rising edge-triggered flip-flop clocked by clk')
Endpoint: _3679_ (rising edge-triggered flip-flop clocked by clk)
Path Group: clk
Path Type: max

Fanout     Cap    Slew   Delay    Time   Description
-----------------------------------------------------------------------------
                  0.15    7.00    7.00   clock clk' (rise edge)
                          0.00    7.00   clock network delay (ideal)
                  0.15    0.00    7.00 ^ _3440_/CLK (sky130_fd_sc_hd__dfxtp_2)
                  0.96    1.05    8.05 ^ _3440_/Q (sky130_fd_sc_hd__dfxtp_2)
    54    0.19                           i_spi_reg.falling_edge_detector_sof.rstb (net)
                  0.96    0.00    8.05 ^ _1769_/A (sky130_fd_sc_hd__buf_2)
                  0.22    0.40    8.45 ^ _1769_/X (sky130_fd_sc_hd__buf_2)
    13    0.04                           _1462_ (net)
                  0.22    0.00    8.45 ^ _1803_/A (sky130_fd_sc_hd__inv_2)
                  0.07    0.09    8.54 v _1803_/Y (sky130_fd_sc_hd__inv_2)
     6    0.01                           _1495_ (net)
                  0.07    0.00    8.54 v _3087_/A (sky130_fd_sc_hd__buf_1)
                  0.35    0.36    8.90 v _3087_/X (sky130_fd_sc_hd__buf_1)
    15    0.06                           _1139_ (net)
                  0.35    0.00    8.90 v _3098_/B1 (sky130_fd_sc_hd__a21oi_2)
                  0.11    0.20    9.11 ^ _3098_/Y (sky130_fd_sc_hd__a21oi_2)
     1    0.00                           _0240_ (net)
                  0.11    0.00    9.11 ^ _3679_/D (sky130_fd_sc_hd__dfxtp_2)
                                  9.11   data arrival time

                  0.15   14.00   14.00   clock clk (rise edge)
                          0.00   14.00   clock network delay (ideal)
                         -0.25   13.75   clock uncertainty
                          0.00   13.75   clock reconvergence pessimism
                                 13.75 ^ _3679_/CLK (sky130_fd_sc_hd__dfxtp_2)
                         -0.06   13.69   library setup time
                                 13.69   data required time
-----------------------------------------------------------------------------
                                 13.69   data required time
                                 -9.11   data arrival time
-----------------------------------------------------------------------------
                                  4.59   slack (MET)


Startpoint: _3440_ (rising edge-triggered flip-flop clocked by clk')
Endpoint: _3680_ (rising edge-triggered flip-flop clocked by clk)
Path Group: clk
Path Type: max

Fanout     Cap    Slew   Delay    Time   Description
-----------------------------------------------------------------------------
                  0.15    7.00    7.00   clock clk' (rise edge)
                          0.00    7.00   clock network delay (ideal)
                  0.15    0.00    7.00 ^ _3440_/CLK (sky130_fd_sc_hd__dfxtp_2)
                  0.96    1.05    8.05 ^ _3440_/Q (sky130_fd_sc_hd__dfxtp_2)
    54    0.19                           i_spi_reg.falling_edge_detector_sof.rstb (net)
                  0.96    0.00    8.05 ^ _1769_/A (sky130_fd_sc_hd__buf_2)
                  0.22    0.40    8.45 ^ _1769_/X (sky130_fd_sc_hd__buf_2)
    13    0.04                           _1462_ (net)
                  0.22    0.00    8.45 ^ _1803_/A (sky130_fd_sc_hd__inv_2)
                  0.07    0.09    8.54 v _1803_/Y (sky130_fd_sc_hd__inv_2)
     6    0.01                           _1495_ (net)
                  0.07    0.00    8.54 v _3087_/A (sky130_fd_sc_hd__buf_1)
                  0.35    0.36    8.90 v _3087_/X (sky130_fd_sc_hd__buf_1)
    15    0.06                           _1139_ (net)
                  0.35    0.00    8.90 v _3100_/B1 (sky130_fd_sc_hd__a21oi_2)
                  0.11    0.20    9.11 ^ _3100_/Y (sky130_fd_sc_hd__a21oi_2)
     1    0.00                           _0241_ (net)
                  0.11    0.00    9.11 ^ _3680_/D (sky130_fd_sc_hd__dfxtp_2)
                                  9.11   data arrival time

                  0.15   14.00   14.00   clock clk (rise edge)
                          0.00   14.00   clock network delay (ideal)
                         -0.25   13.75   clock uncertainty
                          0.00   13.75   clock reconvergence pessimism
                                 13.75 ^ _3680_/CLK (sky130_fd_sc_hd__dfxtp_2)
                         -0.06   13.69   library setup time
                                 13.69   data required time
-----------------------------------------------------------------------------
                                 13.69   data required time
                                 -9.11   data arrival time
-----------------------------------------------------------------------------
                                  4.59   slack (MET)


Startpoint: _3440_ (rising edge-triggered flip-flop clocked by clk')
Endpoint: _3682_ (rising edge-triggered flip-flop clocked by clk)
Path Group: clk
Path Type: max

Fanout     Cap    Slew   Delay    Time   Description
-----------------------------------------------------------------------------
                  0.15    7.00    7.00   clock clk' (rise edge)
                          0.00    7.00   clock network delay (ideal)
                  0.15    0.00    7.00 ^ _3440_/CLK (sky130_fd_sc_hd__dfxtp_2)
                  0.96    1.05    8.05 ^ _3440_/Q (sky130_fd_sc_hd__dfxtp_2)
    54    0.19                           i_spi_reg.falling_edge_detector_sof.rstb (net)
                  0.96    0.00    8.05 ^ _1769_/A (sky130_fd_sc_hd__buf_2)
                  0.22    0.40    8.45 ^ _1769_/X (sky130_fd_sc_hd__buf_2)
    13    0.04                           _1462_ (net)
                  0.22    0.00    8.45 ^ _1803_/A (sky130_fd_sc_hd__inv_2)
                  0.07    0.09    8.54 v _1803_/Y (sky130_fd_sc_hd__inv_2)
     6    0.01                           _1495_ (net)
                  0.07    0.00    8.54 v _3087_/A (sky130_fd_sc_hd__buf_1)
                  0.35    0.36    8.90 v _3087_/X (sky130_fd_sc_hd__buf_1)
    15    0.06                           _1139_ (net)
                  0.35    0.00    8.90 v _3104_/B1 (sky130_fd_sc_hd__a21oi_2)
                  0.11    0.20    9.11 ^ _3104_/Y (sky130_fd_sc_hd__a21oi_2)
     1    0.00                           _0243_ (net)
                  0.11    0.00    9.11 ^ _3682_/D (sky130_fd_sc_hd__dfxtp_2)
                                  9.11   data arrival time

                  0.15   14.00   14.00   clock clk (rise edge)
                          0.00   14.00   clock network delay (ideal)
                         -0.25   13.75   clock uncertainty
                          0.00   13.75   clock reconvergence pessimism
                                 13.75 ^ _3682_/CLK (sky130_fd_sc_hd__dfxtp_2)
                         -0.06   13.69   library setup time
                                 13.69   data required time
-----------------------------------------------------------------------------
                                 13.69   data required time
                                 -9.11   data arrival time
-----------------------------------------------------------------------------
                                  4.59   slack (MET)


Startpoint: _3440_ (rising edge-triggered flip-flop clocked by clk')
Endpoint: _3684_ (rising edge-triggered flip-flop clocked by clk)
Path Group: clk
Path Type: max

Fanout     Cap    Slew   Delay    Time   Description
-----------------------------------------------------------------------------
                  0.15    7.00    7.00   clock clk' (rise edge)
                          0.00    7.00   clock network delay (ideal)
                  0.15    0.00    7.00 ^ _3440_/CLK (sky130_fd_sc_hd__dfxtp_2)
                  0.96    1.05    8.05 ^ _3440_/Q (sky130_fd_sc_hd__dfxtp_2)
    54    0.19                           i_spi_reg.falling_edge_detector_sof.rstb (net)
                  0.96    0.00    8.05 ^ _1769_/A (sky130_fd_sc_hd__buf_2)
                  0.22    0.40    8.45 ^ _1769_/X (sky130_fd_sc_hd__buf_2)
    13    0.04                           _1462_ (net)
                  0.22    0.00    8.45 ^ _1803_/A (sky130_fd_sc_hd__inv_2)
                  0.07    0.09    8.54 v _1803_/Y (sky130_fd_sc_hd__inv_2)
     6    0.01                           _1495_ (net)
                  0.07    0.00    8.54 v _3087_/A (sky130_fd_sc_hd__buf_1)
                  0.35    0.36    8.90 v _3087_/X (sky130_fd_sc_hd__buf_1)
    15    0.06                           _1139_ (net)
                  0.35    0.00    8.90 v _3108_/B1 (sky130_fd_sc_hd__a21oi_2)
                  0.11    0.20    9.11 ^ _3108_/Y (sky130_fd_sc_hd__a21oi_2)
     1    0.00                           _0245_ (net)
                  0.11    0.00    9.11 ^ _3684_/D (sky130_fd_sc_hd__dfxtp_2)
                                  9.11   data arrival time

                  0.15   14.00   14.00   clock clk (rise edge)
                          0.00   14.00   clock network delay (ideal)
                         -0.25   13.75   clock uncertainty
                          0.00   13.75   clock reconvergence pessimism
                                 13.75 ^ _3684_/CLK (sky130_fd_sc_hd__dfxtp_2)
                         -0.06   13.69   library setup time
                                 13.69   data required time
-----------------------------------------------------------------------------
                                 13.69   data required time
                                 -9.11   data arrival time
-----------------------------------------------------------------------------
                                  4.59   slack (MET)


Startpoint: _3440_ (rising edge-triggered flip-flop clocked by clk')
Endpoint: _3685_ (rising edge-triggered flip-flop clocked by clk)
Path Group: clk
Path Type: max

Fanout     Cap    Slew   Delay    Time   Description
-----------------------------------------------------------------------------
                  0.15    7.00    7.00   clock clk' (rise edge)
                          0.00    7.00   clock network delay (ideal)
                  0.15    0.00    7.00 ^ _3440_/CLK (sky130_fd_sc_hd__dfxtp_2)
                  0.96    1.05    8.05 ^ _3440_/Q (sky130_fd_sc_hd__dfxtp_2)
    54    0.19                           i_spi_reg.falling_edge_detector_sof.rstb (net)
                  0.96    0.00    8.05 ^ _1769_/A (sky130_fd_sc_hd__buf_2)
                  0.22    0.40    8.45 ^ _1769_/X (sky130_fd_sc_hd__buf_2)
    13    0.04                           _1462_ (net)
                  0.22    0.00    8.45 ^ _1803_/A (sky130_fd_sc_hd__inv_2)
                  0.07    0.09    8.54 v _1803_/Y (sky130_fd_sc_hd__inv_2)
     6    0.01                           _1495_ (net)
                  0.07    0.00    8.54 v _3087_/A (sky130_fd_sc_hd__buf_1)
                  0.35    0.36    8.90 v _3087_/X (sky130_fd_sc_hd__buf_1)
    15    0.06                           _1139_ (net)
                  0.35    0.00    8.90 v _3110_/B1 (sky130_fd_sc_hd__a21oi_2)
                  0.11    0.20    9.11 ^ _3110_/Y (sky130_fd_sc_hd__a21oi_2)
     1    0.00                           _0246_ (net)
                  0.11    0.00    9.11 ^ _3685_/D (sky130_fd_sc_hd__dfxtp_2)
                                  9.11   data arrival time

                  0.15   14.00   14.00   clock clk (rise edge)
                          0.00   14.00   clock network delay (ideal)
                         -0.25   13.75   clock uncertainty
                          0.00   13.75   clock reconvergence pessimism
                                 13.75 ^ _3685_/CLK (sky130_fd_sc_hd__dfxtp_2)
                         -0.06   13.69   library setup time
                                 13.69   data required time
-----------------------------------------------------------------------------
                                 13.69   data required time
                                 -9.11   data arrival time
-----------------------------------------------------------------------------
                                  4.59   slack (MET)


Startpoint: _3440_ (rising edge-triggered flip-flop clocked by clk')
Endpoint: _3686_ (rising edge-triggered flip-flop clocked by clk)
Path Group: clk
Path Type: max

Fanout     Cap    Slew   Delay    Time   Description
-----------------------------------------------------------------------------
                  0.15    7.00    7.00   clock clk' (rise edge)
                          0.00    7.00   clock network delay (ideal)
                  0.15    0.00    7.00 ^ _3440_/CLK (sky130_fd_sc_hd__dfxtp_2)
                  0.96    1.05    8.05 ^ _3440_/Q (sky130_fd_sc_hd__dfxtp_2)
    54    0.19                           i_spi_reg.falling_edge_detector_sof.rstb (net)
                  0.96    0.00    8.05 ^ _1769_/A (sky130_fd_sc_hd__buf_2)
                  0.22    0.40    8.45 ^ _1769_/X (sky130_fd_sc_hd__buf_2)
    13    0.04                           _1462_ (net)
                  0.22    0.00    8.45 ^ _1803_/A (sky130_fd_sc_hd__inv_2)
                  0.07    0.09    8.54 v _1803_/Y (sky130_fd_sc_hd__inv_2)
     6    0.01                           _1495_ (net)
                  0.07    0.00    8.54 v _3087_/A (sky130_fd_sc_hd__buf_1)
                  0.35    0.36    8.90 v _3087_/X (sky130_fd_sc_hd__buf_1)
    15    0.06                           _1139_ (net)
                  0.35    0.00    8.90 v _3112_/B1 (sky130_fd_sc_hd__a21oi_2)
                  0.11    0.20    9.11 ^ _3112_/Y (sky130_fd_sc_hd__a21oi_2)
     1    0.00                           _0247_ (net)
                  0.11    0.00    9.11 ^ _3686_/D (sky130_fd_sc_hd__dfxtp_2)
                                  9.11   data arrival time

                  0.15   14.00   14.00   clock clk (rise edge)
                          0.00   14.00   clock network delay (ideal)
                         -0.25   13.75   clock uncertainty
                          0.00   13.75   clock reconvergence pessimism
                                 13.75 ^ _3686_/CLK (sky130_fd_sc_hd__dfxtp_2)
                         -0.06   13.69   library setup time
                                 13.69   data required time
-----------------------------------------------------------------------------
                                 13.69   data required time
                                 -9.11   data arrival time
-----------------------------------------------------------------------------
                                  4.59   slack (MET)


Startpoint: _3440_ (rising edge-triggered flip-flop clocked by clk')
Endpoint: _3687_ (rising edge-triggered flip-flop clocked by clk)
Path Group: clk
Path Type: max

Fanout     Cap    Slew   Delay    Time   Description
-----------------------------------------------------------------------------
                  0.15    7.00    7.00   clock clk' (rise edge)
                          0.00    7.00   clock network delay (ideal)
                  0.15    0.00    7.00 ^ _3440_/CLK (sky130_fd_sc_hd__dfxtp_2)
                  0.96    1.05    8.05 ^ _3440_/Q (sky130_fd_sc_hd__dfxtp_2)
    54    0.19                           i_spi_reg.falling_edge_detector_sof.rstb (net)
                  0.96    0.00    8.05 ^ _1769_/A (sky130_fd_sc_hd__buf_2)
                  0.22    0.40    8.45 ^ _1769_/X (sky130_fd_sc_hd__buf_2)
    13    0.04                           _1462_ (net)
                  0.22    0.00    8.45 ^ _1803_/A (sky130_fd_sc_hd__inv_2)
                  0.07    0.09    8.54 v _1803_/Y (sky130_fd_sc_hd__inv_2)
     6    0.01                           _1495_ (net)
                  0.07    0.00    8.54 v _3087_/A (sky130_fd_sc_hd__buf_1)
                  0.35    0.36    8.90 v _3087_/X (sky130_fd_sc_hd__buf_1)
    15    0.06                           _1139_ (net)
                  0.35    0.00    8.90 v _3114_/B1 (sky130_fd_sc_hd__a21oi_2)
                  0.11    0.20    9.11 ^ _3114_/Y (sky130_fd_sc_hd__a21oi_2)
     1    0.00                           _0248_ (net)
                  0.11    0.00    9.11 ^ _3687_/D (sky130_fd_sc_hd__dfxtp_2)
                                  9.11   data arrival time

                  0.15   14.00   14.00   clock clk (rise edge)
                          0.00   14.00   clock network delay (ideal)
                         -0.25   13.75   clock uncertainty
                          0.00   13.75   clock reconvergence pessimism
                                 13.75 ^ _3687_/CLK (sky130_fd_sc_hd__dfxtp_2)
                         -0.06   13.69   library setup time
                                 13.69   data required time
-----------------------------------------------------------------------------
                                 13.69   data required time
                                 -9.11   data arrival time
-----------------------------------------------------------------------------
                                  4.59   slack (MET)


Startpoint: _3440_ (rising edge-triggered flip-flop clocked by clk')
Endpoint: _3688_ (rising edge-triggered flip-flop clocked by clk)
Path Group: clk
Path Type: max

Fanout     Cap    Slew   Delay    Time   Description
-----------------------------------------------------------------------------
                  0.15    7.00    7.00   clock clk' (rise edge)
                          0.00    7.00   clock network delay (ideal)
                  0.15    0.00    7.00 ^ _3440_/CLK (sky130_fd_sc_hd__dfxtp_2)
                  0.96    1.05    8.05 ^ _3440_/Q (sky130_fd_sc_hd__dfxtp_2)
    54    0.19                           i_spi_reg.falling_edge_detector_sof.rstb (net)
                  0.96    0.00    8.05 ^ _1769_/A (sky130_fd_sc_hd__buf_2)
                  0.22    0.40    8.45 ^ _1769_/X (sky130_fd_sc_hd__buf_2)
    13    0.04                           _1462_ (net)
                  0.22    0.00    8.45 ^ _1803_/A (sky130_fd_sc_hd__inv_2)
                  0.07    0.09    8.54 v _1803_/Y (sky130_fd_sc_hd__inv_2)
     6    0.01                           _1495_ (net)
                  0.07    0.00    8.54 v _3087_/A (sky130_fd_sc_hd__buf_1)
                  0.35    0.36    8.90 v _3087_/X (sky130_fd_sc_hd__buf_1)
    15    0.06                           _1139_ (net)
                  0.35    0.00    8.90 v _3116_/B1 (sky130_fd_sc_hd__a21oi_2)
                  0.11    0.20    9.11 ^ _3116_/Y (sky130_fd_sc_hd__a21oi_2)
     1    0.00                           _0249_ (net)
                  0.11    0.00    9.11 ^ _3688_/D (sky130_fd_sc_hd__dfxtp_2)
                                  9.11   data arrival time

                  0.15   14.00   14.00   clock clk (rise edge)
                          0.00   14.00   clock network delay (ideal)
                         -0.25   13.75   clock uncertainty
                          0.00   13.75   clock reconvergence pessimism
                                 13.75 ^ _3688_/CLK (sky130_fd_sc_hd__dfxtp_2)
                         -0.06   13.69   library setup time
                                 13.69   data required time
-----------------------------------------------------------------------------
                                 13.69   data required time
                                 -9.11   data arrival time
-----------------------------------------------------------------------------
                                  4.59   slack (MET)


Startpoint: _3440_ (rising edge-triggered flip-flop clocked by clk')
Endpoint: _3689_ (rising edge-triggered flip-flop clocked by clk)
Path Group: clk
Path Type: max

Fanout     Cap    Slew   Delay    Time   Description
-----------------------------------------------------------------------------
                  0.15    7.00    7.00   clock clk' (rise edge)
                          0.00    7.00   clock network delay (ideal)
                  0.15    0.00    7.00 ^ _3440_/CLK (sky130_fd_sc_hd__dfxtp_2)
                  0.96    1.05    8.05 ^ _3440_/Q (sky130_fd_sc_hd__dfxtp_2)
    54    0.19                           i_spi_reg.falling_edge_detector_sof.rstb (net)
                  0.96    0.00    8.05 ^ _1769_/A (sky130_fd_sc_hd__buf_2)
                  0.22    0.40    8.45 ^ _1769_/X (sky130_fd_sc_hd__buf_2)
    13    0.04                           _1462_ (net)
                  0.22    0.00    8.45 ^ _1803_/A (sky130_fd_sc_hd__inv_2)
                  0.07    0.09    8.54 v _1803_/Y (sky130_fd_sc_hd__inv_2)
     6    0.01                           _1495_ (net)
                  0.07    0.00    8.54 v _3087_/A (sky130_fd_sc_hd__buf_1)
                  0.35    0.36    8.90 v _3087_/X (sky130_fd_sc_hd__buf_1)
    15    0.06                           _1139_ (net)
                  0.35    0.00    8.90 v _3118_/B1 (sky130_fd_sc_hd__a21oi_2)
                  0.11    0.20    9.11 ^ _3118_/Y (sky130_fd_sc_hd__a21oi_2)
     1    0.00                           _0250_ (net)
                  0.11    0.00    9.11 ^ _3689_/D (sky130_fd_sc_hd__dfxtp_2)
                                  9.11   data arrival time

                  0.15   14.00   14.00   clock clk (rise edge)
                          0.00   14.00   clock network delay (ideal)
                         -0.25   13.75   clock uncertainty
                          0.00   13.75   clock reconvergence pessimism
                                 13.75 ^ _3689_/CLK (sky130_fd_sc_hd__dfxtp_2)
                         -0.06   13.69   library setup time
                                 13.69   data required time
-----------------------------------------------------------------------------
                                 13.69   data required time
                                 -9.11   data arrival time
-----------------------------------------------------------------------------
                                  4.59   slack (MET)


Startpoint: _3440_ (rising edge-triggered flip-flop clocked by clk')
Endpoint: _3690_ (rising edge-triggered flip-flop clocked by clk)
Path Group: clk
Path Type: max

Fanout     Cap    Slew   Delay    Time   Description
-----------------------------------------------------------------------------
                  0.15    7.00    7.00   clock clk' (rise edge)
                          0.00    7.00   clock network delay (ideal)
                  0.15    0.00    7.00 ^ _3440_/CLK (sky130_fd_sc_hd__dfxtp_2)
                  0.96    1.05    8.05 ^ _3440_/Q (sky130_fd_sc_hd__dfxtp_2)
    54    0.19                           i_spi_reg.falling_edge_detector_sof.rstb (net)
                  0.96    0.00    8.05 ^ _1769_/A (sky130_fd_sc_hd__buf_2)
                  0.22    0.40    8.45 ^ _1769_/X (sky130_fd_sc_hd__buf_2)
    13    0.04                           _1462_ (net)
                  0.22    0.00    8.45 ^ _1803_/A (sky130_fd_sc_hd__inv_2)
                  0.07    0.09    8.54 v _1803_/Y (sky130_fd_sc_hd__inv_2)
     6    0.01                           _1495_ (net)
                  0.07    0.00    8.54 v _3087_/A (sky130_fd_sc_hd__buf_1)
                  0.35    0.36    8.90 v _3087_/X (sky130_fd_sc_hd__buf_1)
    15    0.06                           _1139_ (net)
                  0.35    0.00    8.90 v _3120_/B1 (sky130_fd_sc_hd__a21oi_2)
                  0.11    0.20    9.11 ^ _3120_/Y (sky130_fd_sc_hd__a21oi_2)
     1    0.00                           _0251_ (net)
                  0.11    0.00    9.11 ^ _3690_/D (sky130_fd_sc_hd__dfxtp_2)
                                  9.11   data arrival time

                  0.15   14.00   14.00   clock clk (rise edge)
                          0.00   14.00   clock network delay (ideal)
                         -0.25   13.75   clock uncertainty
                          0.00   13.75   clock reconvergence pessimism
                                 13.75 ^ _3690_/CLK (sky130_fd_sc_hd__dfxtp_2)
                         -0.06   13.69   library setup time
                                 13.69   data required time
-----------------------------------------------------------------------------
                                 13.69   data required time
                                 -9.11   data arrival time
-----------------------------------------------------------------------------
                                  4.59   slack (MET)


Startpoint: _3440_ (rising edge-triggered flip-flop clocked by clk')
Endpoint: _3692_ (rising edge-triggered flip-flop clocked by clk)
Path Group: clk
Path Type: max

Fanout     Cap    Slew   Delay    Time   Description
-----------------------------------------------------------------------------
                  0.15    7.00    7.00   clock clk' (rise edge)
                          0.00    7.00   clock network delay (ideal)
                  0.15    0.00    7.00 ^ _3440_/CLK (sky130_fd_sc_hd__dfxtp_2)
                  0.96    1.05    8.05 ^ _3440_/Q (sky130_fd_sc_hd__dfxtp_2)
    54    0.19                           i_spi_reg.falling_edge_detector_sof.rstb (net)
                  0.96    0.00    8.05 ^ _1769_/A (sky130_fd_sc_hd__buf_2)
                  0.22    0.40    8.45 ^ _1769_/X (sky130_fd_sc_hd__buf_2)
    13    0.04                           _1462_ (net)
                  0.22    0.00    8.45 ^ _1803_/A (sky130_fd_sc_hd__inv_2)
                  0.07    0.09    8.54 v _1803_/Y (sky130_fd_sc_hd__inv_2)
     6    0.01                           _1495_ (net)
                  0.07    0.00    8.54 v _3087_/A (sky130_fd_sc_hd__buf_1)
                  0.35    0.36    8.90 v _3087_/X (sky130_fd_sc_hd__buf_1)
    15    0.06                           _1139_ (net)
                  0.35    0.00    8.90 v _3124_/B1 (sky130_fd_sc_hd__a21oi_2)
                  0.11    0.20    9.11 ^ _3124_/Y (sky130_fd_sc_hd__a21oi_2)
     1    0.00                           _0253_ (net)
                  0.11    0.00    9.11 ^ _3692_/D (sky130_fd_sc_hd__dfxtp_2)
                                  9.11   data arrival time

                  0.15   14.00   14.00   clock clk (rise edge)
                          0.00   14.00   clock network delay (ideal)
                         -0.25   13.75   clock uncertainty
                          0.00   13.75   clock reconvergence pessimism
                                 13.75 ^ _3692_/CLK (sky130_fd_sc_hd__dfxtp_2)
                         -0.06   13.69   library setup time
                                 13.69   data required time
-----------------------------------------------------------------------------
                                 13.69   data required time
                                 -9.11   data arrival time
-----------------------------------------------------------------------------
                                  4.59   slack (MET)


Startpoint: _3440_ (rising edge-triggered flip-flop clocked by clk')
Endpoint: _3694_ (rising edge-triggered flip-flop clocked by clk)
Path Group: clk
Path Type: max

Fanout     Cap    Slew   Delay    Time   Description
-----------------------------------------------------------------------------
                  0.15    7.00    7.00   clock clk' (rise edge)
                          0.00    7.00   clock network delay (ideal)
                  0.15    0.00    7.00 ^ _3440_/CLK (sky130_fd_sc_hd__dfxtp_2)
                  0.96    1.05    8.05 ^ _3440_/Q (sky130_fd_sc_hd__dfxtp_2)
    54    0.19                           i_spi_reg.falling_edge_detector_sof.rstb (net)
                  0.96    0.00    8.05 ^ _1769_/A (sky130_fd_sc_hd__buf_2)
                  0.22    0.40    8.45 ^ _1769_/X (sky130_fd_sc_hd__buf_2)
    13    0.04                           _1462_ (net)
                  0.22    0.00    8.45 ^ _1803_/A (sky130_fd_sc_hd__inv_2)
                  0.07    0.09    8.54 v _1803_/Y (sky130_fd_sc_hd__inv_2)
     6    0.01                           _1495_ (net)
                  0.07    0.00    8.54 v _3087_/A (sky130_fd_sc_hd__buf_1)
                  0.35    0.36    8.90 v _3087_/X (sky130_fd_sc_hd__buf_1)
    15    0.06                           _1139_ (net)
                  0.35    0.00    8.90 v _3128_/B1 (sky130_fd_sc_hd__a21oi_2)
                  0.11    0.20    9.11 ^ _3128_/Y (sky130_fd_sc_hd__a21oi_2)
     1    0.00                           _0255_ (net)
                  0.11    0.00    9.11 ^ _3694_/D (sky130_fd_sc_hd__dfxtp_2)
                                  9.11   data arrival time

                  0.15   14.00   14.00   clock clk (rise edge)
                          0.00   14.00   clock network delay (ideal)
                         -0.25   13.75   clock uncertainty
                          0.00   13.75   clock reconvergence pessimism
                                 13.75 ^ _3694_/CLK (sky130_fd_sc_hd__dfxtp_2)
                         -0.06   13.69   library setup time
                                 13.69   data required time
-----------------------------------------------------------------------------
                                 13.69   data required time
                                 -9.11   data arrival time
-----------------------------------------------------------------------------
                                  4.59   slack (MET)


Startpoint: _3440_ (rising edge-triggered flip-flop clocked by clk')
Endpoint: _3631_ (rising edge-triggered flip-flop clocked by clk)
Path Group: clk
Path Type: max

Fanout     Cap    Slew   Delay    Time   Description
-----------------------------------------------------------------------------
                  0.15    7.00    7.00   clock clk' (rise edge)
                          0.00    7.00   clock network delay (ideal)
                  0.15    0.00    7.00 ^ _3440_/CLK (sky130_fd_sc_hd__dfxtp_2)
                  0.96    1.05    8.05 ^ _3440_/Q (sky130_fd_sc_hd__dfxtp_2)
    54    0.19                           i_spi_reg.falling_edge_detector_sof.rstb (net)
                  0.96    0.00    8.05 ^ _1769_/A (sky130_fd_sc_hd__buf_2)
                  0.22    0.40    8.45 ^ _1769_/X (sky130_fd_sc_hd__buf_2)
    13    0.04                           _1462_ (net)
                  0.22    0.00    8.45 ^ _1803_/A (sky130_fd_sc_hd__inv_2)
                  0.07    0.09    8.54 v _1803_/Y (sky130_fd_sc_hd__inv_2)
     6    0.01                           _1495_ (net)
                  0.07    0.00    8.54 v _1804_/A (sky130_fd_sc_hd__buf_2)
                  0.06    0.17    8.71 v _1804_/X (sky130_fd_sc_hd__buf_2)
    10    0.02                           _1496_ (net)
                  0.06    0.00    8.71 v _2785_/B1 (sky130_fd_sc_hd__a211o_2)
                  0.04    0.31    9.02 v _2785_/X (sky130_fd_sc_hd__a211o_2)
     1    0.00                           _0192_ (net)
                  0.04    0.00    9.02 v _3631_/D (sky130_fd_sc_hd__dfxtp_2)
                                  9.02   data arrival time

                  0.15   14.00   14.00   clock clk (rise edge)
                          0.00   14.00   clock network delay (ideal)
                         -0.25   13.75   clock uncertainty
                          0.00   13.75   clock reconvergence pessimism
                                 13.75 ^ _3631_/CLK (sky130_fd_sc_hd__dfxtp_2)
                         -0.09   13.66   library setup time
                                 13.66   data required time
-----------------------------------------------------------------------------
                                 13.66   data required time
                                 -9.02   data arrival time
-----------------------------------------------------------------------------
                                  4.64   slack (MET)


Startpoint: _3440_ (rising edge-triggered flip-flop clocked by clk')
Endpoint: _3632_ (rising edge-triggered flip-flop clocked by clk)
Path Group: clk
Path Type: max

Fanout     Cap    Slew   Delay    Time   Description
-----------------------------------------------------------------------------
                  0.15    7.00    7.00   clock clk' (rise edge)
                          0.00    7.00   clock network delay (ideal)
                  0.15    0.00    7.00 ^ _3440_/CLK (sky130_fd_sc_hd__dfxtp_2)
                  0.96    1.05    8.05 ^ _3440_/Q (sky130_fd_sc_hd__dfxtp_2)
    54    0.19                           i_spi_reg.falling_edge_detector_sof.rstb (net)
                  0.96    0.00    8.05 ^ _1769_/A (sky130_fd_sc_hd__buf_2)
                  0.22    0.40    8.45 ^ _1769_/X (sky130_fd_sc_hd__buf_2)
    13    0.04                           _1462_ (net)
                  0.22    0.00    8.45 ^ _1803_/A (sky130_fd_sc_hd__inv_2)
                  0.07    0.09    8.54 v _1803_/Y (sky130_fd_sc_hd__inv_2)
     6    0.01                           _1495_ (net)
                  0.07    0.00    8.54 v _1804_/A (sky130_fd_sc_hd__buf_2)
                  0.06    0.17    8.71 v _1804_/X (sky130_fd_sc_hd__buf_2)
    10    0.02                           _1496_ (net)
                  0.06    0.00    8.71 v _2787_/B1 (sky130_fd_sc_hd__a211o_2)
                  0.04    0.31    9.02 v _2787_/X (sky130_fd_sc_hd__a211o_2)
     1    0.00                           _0193_ (net)
                  0.04    0.00    9.02 v _3632_/D (sky130_fd_sc_hd__dfxtp_2)
                                  9.02   data arrival time

                  0.15   14.00   14.00   clock clk (rise edge)
                          0.00   14.00   clock network delay (ideal)
                         -0.25   13.75   clock uncertainty
                          0.00   13.75   clock reconvergence pessimism
                                 13.75 ^ _3632_/CLK (sky130_fd_sc_hd__dfxtp_2)
                         -0.09   13.66   library setup time
                                 13.66   data required time
-----------------------------------------------------------------------------
                                 13.66   data required time
                                 -9.02   data arrival time
-----------------------------------------------------------------------------
                                  4.64   slack (MET)


Startpoint: _3440_ (rising edge-triggered flip-flop clocked by clk')
Endpoint: _3620_ (rising edge-triggered flip-flop clocked by clk)
Path Group: clk
Path Type: max

Fanout     Cap    Slew   Delay    Time   Description
-----------------------------------------------------------------------------
                  0.15    7.00    7.00   clock clk' (rise edge)
                          0.00    7.00   clock network delay (ideal)
                  0.15    0.00    7.00 ^ _3440_/CLK (sky130_fd_sc_hd__dfxtp_2)
                  0.96    1.05    8.05 ^ _3440_/Q (sky130_fd_sc_hd__dfxtp_2)
    54    0.19                           i_spi_reg.falling_edge_detector_sof.rstb (net)
                  0.96    0.00    8.05 ^ _1769_/A (sky130_fd_sc_hd__buf_2)
                  0.22    0.40    8.45 ^ _1769_/X (sky130_fd_sc_hd__buf_2)
    13    0.04                           _1462_ (net)
                  0.22    0.00    8.45 ^ _1803_/A (sky130_fd_sc_hd__inv_2)
                  0.07    0.09    8.54 v _1803_/Y (sky130_fd_sc_hd__inv_2)
     6    0.01                           _1495_ (net)
                  0.07    0.00    8.54 v _2380_/A (sky130_fd_sc_hd__nor2_2)
                  0.15    0.17    8.71 ^ _2380_/Y (sky130_fd_sc_hd__nor2_2)
     3    0.01                           _0555_ (net)
                  0.15    0.00    8.71 ^ _2746_/B1 (sky130_fd_sc_hd__o21ai_2)
                  0.04    0.07    8.78 v _2746_/Y (sky130_fd_sc_hd__o21ai_2)
     1    0.00                           _0852_ (net)
                  0.04    0.00    8.78 v _2747_/B1 (sky130_fd_sc_hd__a21o_2)
                  0.03    0.18    8.96 v _2747_/X (sky130_fd_sc_hd__a21o_2)
     1    0.00                           _0181_ (net)
                  0.03    0.00    8.96 v _3620_/D (sky130_fd_sc_hd__dfxtp_2)
                                  8.96   data arrival time

                  0.15   14.00   14.00   clock clk (rise edge)
                          0.00   14.00   clock network delay (ideal)
                         -0.25   13.75   clock uncertainty
                          0.00   13.75   clock reconvergence pessimism
                                 13.75 ^ _3620_/CLK (sky130_fd_sc_hd__dfxtp_2)
                         -0.08   13.67   library setup time
                                 13.67   data required time
-----------------------------------------------------------------------------
                                 13.67   data required time
                                 -8.96   data arrival time
-----------------------------------------------------------------------------
                                  4.71   slack (MET)


Startpoint: _3440_ (rising edge-triggered flip-flop clocked by clk')
Endpoint: _3697_ (rising edge-triggered flip-flop clocked by clk)
Path Group: clk
Path Type: max

Fanout     Cap    Slew   Delay    Time   Description
-----------------------------------------------------------------------------
                  0.15    7.00    7.00   clock clk' (rise edge)
                          0.00    7.00   clock network delay (ideal)
                  0.15    0.00    7.00 ^ _3440_/CLK (sky130_fd_sc_hd__dfxtp_2)
                  0.96    1.05    8.05 ^ _3440_/Q (sky130_fd_sc_hd__dfxtp_2)
    54    0.19                           i_spi_reg.falling_edge_detector_sof.rstb (net)
                  0.96    0.00    8.05 ^ _1769_/A (sky130_fd_sc_hd__buf_2)
                  0.22    0.40    8.45 ^ _1769_/X (sky130_fd_sc_hd__buf_2)
    13    0.04                           _1462_ (net)
                  0.22    0.00    8.45 ^ _1803_/A (sky130_fd_sc_hd__inv_2)
                  0.07    0.09    8.54 v _1803_/Y (sky130_fd_sc_hd__inv_2)
     6    0.01                           _1495_ (net)
                  0.07    0.00    8.54 v _1822_/A (sky130_fd_sc_hd__buf_1)
                  0.23    0.27    8.81 v _1822_/X (sky130_fd_sc_hd__buf_1)
    15    0.04                           _1510_ (net)
                  0.23    0.00    8.81 v _3134_/B1 (sky130_fd_sc_hd__a21oi_2)
                  0.09    0.16    8.97 ^ _3134_/Y (sky130_fd_sc_hd__a21oi_2)
     1    0.00                           _0258_ (net)
                  0.09    0.00    8.97 ^ _3697_/D (sky130_fd_sc_hd__dfxtp_2)
                                  8.97   data arrival time

                  0.15   14.00   14.00   clock clk (rise edge)
                          0.00   14.00   clock network delay (ideal)
                         -0.25   13.75   clock uncertainty
                          0.00   13.75   clock reconvergence pessimism
                                 13.75 ^ _3697_/CLK (sky130_fd_sc_hd__dfxtp_2)
                         -0.05   13.70   library setup time
                                 13.70   data required time
-----------------------------------------------------------------------------
                                 13.70   data required time
                                 -8.97   data arrival time
-----------------------------------------------------------------------------
                                  4.72   slack (MET)


Startpoint: _3440_ (rising edge-triggered flip-flop clocked by clk')
Endpoint: _3698_ (rising edge-triggered flip-flop clocked by clk)
Path Group: clk
Path Type: max

Fanout     Cap    Slew   Delay    Time   Description
-----------------------------------------------------------------------------
                  0.15    7.00    7.00   clock clk' (rise edge)
                          0.00    7.00   clock network delay (ideal)
                  0.15    0.00    7.00 ^ _3440_/CLK (sky130_fd_sc_hd__dfxtp_2)
                  0.96    1.05    8.05 ^ _3440_/Q (sky130_fd_sc_hd__dfxtp_2)
    54    0.19                           i_spi_reg.falling_edge_detector_sof.rstb (net)
                  0.96    0.00    8.05 ^ _1769_/A (sky130_fd_sc_hd__buf_2)
                  0.22    0.40    8.45 ^ _1769_/X (sky130_fd_sc_hd__buf_2)
    13    0.04                           _1462_ (net)
                  0.22    0.00    8.45 ^ _1803_/A (sky130_fd_sc_hd__inv_2)
                  0.07    0.09    8.54 v _1803_/Y (sky130_fd_sc_hd__inv_2)
     6    0.01                           _1495_ (net)
                  0.07    0.00    8.54 v _1822_/A (sky130_fd_sc_hd__buf_1)
                  0.23    0.27    8.81 v _1822_/X (sky130_fd_sc_hd__buf_1)
    15    0.04                           _1510_ (net)
                  0.23    0.00    8.81 v _3136_/B1 (sky130_fd_sc_hd__a21oi_2)
                  0.09    0.16    8.97 ^ _3136_/Y (sky130_fd_sc_hd__a21oi_2)
     1    0.00                           _0259_ (net)
                  0.09    0.00    8.97 ^ _3698_/D (sky130_fd_sc_hd__dfxtp_2)
                                  8.97   data arrival time

                  0.15   14.00   14.00   clock clk (rise edge)
                          0.00   14.00   clock network delay (ideal)
                         -0.25   13.75   clock uncertainty
                          0.00   13.75   clock reconvergence pessimism
                                 13.75 ^ _3698_/CLK (sky130_fd_sc_hd__dfxtp_2)
                         -0.05   13.70   library setup time
                                 13.70   data required time
-----------------------------------------------------------------------------
                                 13.70   data required time
                                 -8.97   data arrival time
-----------------------------------------------------------------------------
                                  4.72   slack (MET)


Startpoint: _3440_ (rising edge-triggered flip-flop clocked by clk')
Endpoint: _3699_ (rising edge-triggered flip-flop clocked by clk)
Path Group: clk
Path Type: max

Fanout     Cap    Slew   Delay    Time   Description
-----------------------------------------------------------------------------
                  0.15    7.00    7.00   clock clk' (rise edge)
                          0.00    7.00   clock network delay (ideal)
                  0.15    0.00    7.00 ^ _3440_/CLK (sky130_fd_sc_hd__dfxtp_2)
                  0.96    1.05    8.05 ^ _3440_/Q (sky130_fd_sc_hd__dfxtp_2)
    54    0.19                           i_spi_reg.falling_edge_detector_sof.rstb (net)
                  0.96    0.00    8.05 ^ _1769_/A (sky130_fd_sc_hd__buf_2)
                  0.22    0.40    8.45 ^ _1769_/X (sky130_fd_sc_hd__buf_2)
    13    0.04                           _1462_ (net)
                  0.22    0.00    8.45 ^ _1803_/A (sky130_fd_sc_hd__inv_2)
                  0.07    0.09    8.54 v _1803_/Y (sky130_fd_sc_hd__inv_2)
     6    0.01                           _1495_ (net)
                  0.07    0.00    8.54 v _1822_/A (sky130_fd_sc_hd__buf_1)
                  0.23    0.27    8.81 v _1822_/X (sky130_fd_sc_hd__buf_1)
    15    0.04                           _1510_ (net)
                  0.23    0.00    8.81 v _3138_/B1 (sky130_fd_sc_hd__a21oi_2)
                  0.09    0.16    8.97 ^ _3138_/Y (sky130_fd_sc_hd__a21oi_2)
     1    0.00                           _0260_ (net)
                  0.09    0.00    8.97 ^ _3699_/D (sky130_fd_sc_hd__dfxtp_2)
                                  8.97   data arrival time

                  0.15   14.00   14.00   clock clk (rise edge)
                          0.00   14.00   clock network delay (ideal)
                         -0.25   13.75   clock uncertainty
                          0.00   13.75   clock reconvergence pessimism
                                 13.75 ^ _3699_/CLK (sky130_fd_sc_hd__dfxtp_2)
                         -0.05   13.70   library setup time
                                 13.70   data required time
-----------------------------------------------------------------------------
                                 13.70   data required time
                                 -8.97   data arrival time
-----------------------------------------------------------------------------
                                  4.72   slack (MET)


Startpoint: _3440_ (rising edge-triggered flip-flop clocked by clk')
Endpoint: _3706_ (rising edge-triggered flip-flop clocked by clk)
Path Group: clk
Path Type: max

Fanout     Cap    Slew   Delay    Time   Description
-----------------------------------------------------------------------------
                  0.15    7.00    7.00   clock clk' (rise edge)
                          0.00    7.00   clock network delay (ideal)
                  0.15    0.00    7.00 ^ _3440_/CLK (sky130_fd_sc_hd__dfxtp_2)
                  0.96    1.05    8.05 ^ _3440_/Q (sky130_fd_sc_hd__dfxtp_2)
    54    0.19                           i_spi_reg.falling_edge_detector_sof.rstb (net)
                  0.96    0.00    8.05 ^ _1769_/A (sky130_fd_sc_hd__buf_2)
                  0.22    0.40    8.45 ^ _1769_/X (sky130_fd_sc_hd__buf_2)
    13    0.04                           _1462_ (net)
                  0.22    0.00    8.45 ^ _1803_/A (sky130_fd_sc_hd__inv_2)
                  0.07    0.09    8.54 v _1803_/Y (sky130_fd_sc_hd__inv_2)
     6    0.01                           _1495_ (net)
                  0.07    0.00    8.54 v _1822_/A (sky130_fd_sc_hd__buf_1)
                  0.23    0.27    8.81 v _1822_/X (sky130_fd_sc_hd__buf_1)
    15    0.04                           _1510_ (net)
                  0.23    0.00    8.81 v _3207_/B1 (sky130_fd_sc_hd__a21oi_2)
                  0.09    0.16    8.97 ^ _3207_/Y (sky130_fd_sc_hd__a21oi_2)
     1    0.00                           _0261_ (net)
                  0.09    0.00    8.97 ^ _3706_/D (sky130_fd_sc_hd__dfxtp_2)
                                  8.97   data arrival time

                  0.15   14.00   14.00   clock clk (rise edge)
                          0.00   14.00   clock network delay (ideal)
                         -0.25   13.75   clock uncertainty
                          0.00   13.75   clock reconvergence pessimism
                                 13.75 ^ _3706_/CLK (sky130_fd_sc_hd__dfxtp_2)
                         -0.05   13.70   library setup time
                                 13.70   data required time
-----------------------------------------------------------------------------
                                 13.70   data required time
                                 -8.97   data arrival time
-----------------------------------------------------------------------------
                                  4.72   slack (MET)


Startpoint: _3440_ (rising edge-triggered flip-flop clocked by clk')
Endpoint: _3666_ (rising edge-triggered flip-flop clocked by clk)
Path Group: clk
Path Type: max

Fanout     Cap    Slew   Delay    Time   Description
-----------------------------------------------------------------------------
                  0.15    7.00    7.00   clock clk' (rise edge)
                          0.00    7.00   clock network delay (ideal)
                  0.15    0.00    7.00 ^ _3440_/CLK (sky130_fd_sc_hd__dfxtp_2)
                  0.96    1.05    8.05 ^ _3440_/Q (sky130_fd_sc_hd__dfxtp_2)
    54    0.19                           i_spi_reg.falling_edge_detector_sof.rstb (net)
                  0.96    0.00    8.05 ^ _1769_/A (sky130_fd_sc_hd__buf_2)
                  0.22    0.40    8.45 ^ _1769_/X (sky130_fd_sc_hd__buf_2)
    13    0.04                           _1462_ (net)
                  0.22    0.00    8.45 ^ _1803_/A (sky130_fd_sc_hd__inv_2)
                  0.07    0.09    8.54 v _1803_/Y (sky130_fd_sc_hd__inv_2)
     6    0.01                           _1495_ (net)
                  0.07    0.00    8.54 v _2380_/A (sky130_fd_sc_hd__nor2_2)
                  0.15    0.17    8.71 ^ _2380_/Y (sky130_fd_sc_hd__nor2_2)
     3    0.01                           _0555_ (net)
                  0.15    0.00    8.71 ^ _2381_/A (sky130_fd_sc_hd__inv_2)
                  0.06    0.08    8.79 v _2381_/Y (sky130_fd_sc_hd__inv_2)
     5    0.02                           _0556_ (net)
                  0.06    0.00    8.79 v _3029_/B1 (sky130_fd_sc_hd__a21oi_2)
                  0.07    0.09    8.88 ^ _3029_/Y (sky130_fd_sc_hd__a21oi_2)
     1    0.00                           _0227_ (net)
                  0.07    0.00    8.88 ^ _3666_/D (sky130_fd_sc_hd__dfxtp_2)
                                  8.88   data arrival time

                  0.15   14.00   14.00   clock clk (rise edge)
                          0.00   14.00   clock network delay (ideal)
                         -0.25   13.75   clock uncertainty
                          0.00   13.75   clock reconvergence pessimism
                                 13.75 ^ _3666_/CLK (sky130_fd_sc_hd__dfxtp_2)
                         -0.05   13.70   library setup time
                                 13.70   data required time
-----------------------------------------------------------------------------
                                 13.70   data required time
                                 -8.88   data arrival time
-----------------------------------------------------------------------------
                                  4.82   slack (MET)


Startpoint: _3440_ (rising edge-triggered flip-flop clocked by clk')
Endpoint: _3581_ (rising edge-triggered flip-flop clocked by clk)
Path Group: clk
Path Type: max

Fanout     Cap    Slew   Delay    Time   Description
-----------------------------------------------------------------------------
                  0.15    7.00    7.00   clock clk' (rise edge)
                          0.00    7.00   clock network delay (ideal)
                  0.15    0.00    7.00 ^ _3440_/CLK (sky130_fd_sc_hd__dfxtp_2)
                  0.96    1.05    8.05 ^ _3440_/Q (sky130_fd_sc_hd__dfxtp_2)
    54    0.19                           i_spi_reg.falling_edge_detector_sof.rstb (net)
                  0.96    0.00    8.05 ^ _1769_/A (sky130_fd_sc_hd__buf_2)
                  0.22    0.40    8.45 ^ _1769_/X (sky130_fd_sc_hd__buf_2)
    13    0.04                           _1462_ (net)
                  0.22    0.00    8.45 ^ _1803_/A (sky130_fd_sc_hd__inv_2)
                  0.07    0.09    8.54 v _1803_/Y (sky130_fd_sc_hd__inv_2)
     6    0.01                           _1495_ (net)
                  0.07    0.00    8.54 v _2380_/A (sky130_fd_sc_hd__nor2_2)
                  0.15    0.17    8.71 ^ _2380_/Y (sky130_fd_sc_hd__nor2_2)
     3    0.01                           _0555_ (net)
                  0.15    0.00    8.71 ^ _2381_/A (sky130_fd_sc_hd__inv_2)
                  0.06    0.08    8.79 v _2381_/Y (sky130_fd_sc_hd__inv_2)
     5    0.02                           _0556_ (net)
                  0.06    0.00    8.79 v _2477_/B1 (sky130_fd_sc_hd__a21oi_2)
                  0.07    0.09    8.88 ^ _2477_/Y (sky130_fd_sc_hd__a21oi_2)
     1    0.00                           _0142_ (net)
                  0.07    0.00    8.88 ^ _3581_/D (sky130_fd_sc_hd__dfxtp_2)
                                  8.88   data arrival time

                  0.15   14.00   14.00   clock clk (rise edge)
                          0.00   14.00   clock network delay (ideal)
                         -0.25   13.75   clock uncertainty
                          0.00   13.75   clock reconvergence pessimism
                                 13.75 ^ _3581_/CLK (sky130_fd_sc_hd__dfxtp_2)
                         -0.05   13.70   library setup time
                                 13.70   data required time
-----------------------------------------------------------------------------
                                 13.70   data required time
                                 -8.88   data arrival time
-----------------------------------------------------------------------------
                                  4.82   slack (MET)


Startpoint: _3440_ (rising edge-triggered flip-flop clocked by clk')
Endpoint: _3582_ (rising edge-triggered flip-flop clocked by clk)
Path Group: clk
Path Type: max

Fanout     Cap    Slew   Delay    Time   Description
-----------------------------------------------------------------------------
                  0.15    7.00    7.00   clock clk' (rise edge)
                          0.00    7.00   clock network delay (ideal)
                  0.15    0.00    7.00 ^ _3440_/CLK (sky130_fd_sc_hd__dfxtp_2)
                  0.96    1.05    8.05 ^ _3440_/Q (sky130_fd_sc_hd__dfxtp_2)
    54    0.19                           i_spi_reg.falling_edge_detector_sof.rstb (net)
                  0.96    0.00    8.05 ^ _1769_/A (sky130_fd_sc_hd__buf_2)
                  0.22    0.40    8.45 ^ _1769_/X (sky130_fd_sc_hd__buf_2)
    13    0.04                           _1462_ (net)
                  0.22    0.00    8.45 ^ _1803_/A (sky130_fd_sc_hd__inv_2)
                  0.07    0.09    8.54 v _1803_/Y (sky130_fd_sc_hd__inv_2)
     6    0.01                           _1495_ (net)
                  0.07    0.00    8.54 v _2380_/A (sky130_fd_sc_hd__nor2_2)
                  0.15    0.17    8.71 ^ _2380_/Y (sky130_fd_sc_hd__nor2_2)
     3    0.01                           _0555_ (net)
                  0.15    0.00    8.71 ^ _2381_/A (sky130_fd_sc_hd__inv_2)
                  0.06    0.08    8.79 v _2381_/Y (sky130_fd_sc_hd__inv_2)
     5    0.02                           _0556_ (net)
                  0.06    0.00    8.79 v _2480_/B1 (sky130_fd_sc_hd__a21oi_2)
                  0.07    0.09    8.88 ^ _2480_/Y (sky130_fd_sc_hd__a21oi_2)
     1    0.00                           _0143_ (net)
                  0.07    0.00    8.88 ^ _3582_/D (sky130_fd_sc_hd__dfxtp_2)
                                  8.88   data arrival time

                  0.15   14.00   14.00   clock clk (rise edge)
                          0.00   14.00   clock network delay (ideal)
                         -0.25   13.75   clock uncertainty
                          0.00   13.75   clock reconvergence pessimism
                                 13.75 ^ _3582_/CLK (sky130_fd_sc_hd__dfxtp_2)
                         -0.05   13.70   library setup time
                                 13.70   data required time
-----------------------------------------------------------------------------
                                 13.70   data required time
                                 -8.88   data arrival time
-----------------------------------------------------------------------------
                                  4.82   slack (MET)


Startpoint: _3440_ (rising edge-triggered flip-flop clocked by clk')
Endpoint: _3441_ (rising edge-triggered flip-flop clocked by clk)
Path Group: clk
Path Type: max

Fanout     Cap    Slew   Delay    Time   Description
-----------------------------------------------------------------------------
                  0.15    7.00    7.00   clock clk' (rise edge)
                          0.00    7.00   clock network delay (ideal)
                  0.15    0.00    7.00 ^ _3440_/CLK (sky130_fd_sc_hd__dfxtp_2)
                  0.96    1.05    8.05 ^ _3440_/Q (sky130_fd_sc_hd__dfxtp_2)
    54    0.19                           i_spi_reg.falling_edge_detector_sof.rstb (net)
                  0.96    0.00    8.05 ^ _1769_/A (sky130_fd_sc_hd__buf_2)
                  0.22    0.40    8.45 ^ _1769_/X (sky130_fd_sc_hd__buf_2)
    13    0.04                           _1462_ (net)
                  0.22    0.00    8.45 ^ _1795_/B (sky130_fd_sc_hd__and3_2)
                  0.04    0.21    8.66 ^ _1795_/X (sky130_fd_sc_hd__and3_2)
     1    0.00                           _1488_ (net)
                  0.04    0.00    8.66 ^ _1796_/A (sky130_fd_sc_hd__buf_1)
                  0.03    0.07    8.74 ^ _1796_/X (sky130_fd_sc_hd__buf_1)
     1    0.00                           _0002_ (net)
                  0.03    0.00    8.74 ^ _3441_/D (sky130_fd_sc_hd__dfxtp_2)
                                  8.74   data arrival time

                  0.15   14.00   14.00   clock clk (rise edge)
                          0.00   14.00   clock network delay (ideal)
                         -0.25   13.75   clock uncertainty
                          0.00   13.75   clock reconvergence pessimism
                                 13.75 ^ _3441_/CLK (sky130_fd_sc_hd__dfxtp_2)
                         -0.04   13.71   library setup time
                                 13.71   data required time
-----------------------------------------------------------------------------
                                 13.71   data required time
                                 -8.74   data arrival time
-----------------------------------------------------------------------------
                                  4.97   slack (MET)


Startpoint: _3440_ (rising edge-triggered flip-flop clocked by clk')
Endpoint: _3633_ (rising edge-triggered flip-flop clocked by clk)
Path Group: clk
Path Type: max

Fanout     Cap    Slew   Delay    Time   Description
-----------------------------------------------------------------------------
                  0.15    7.00    7.00   clock clk' (rise edge)
                          0.00    7.00   clock network delay (ideal)
                  0.15    0.00    7.00 ^ _3440_/CLK (sky130_fd_sc_hd__dfxtp_2)
                  0.96    1.05    8.05 ^ _3440_/Q (sky130_fd_sc_hd__dfxtp_2)
    54    0.19                           i_spi_reg.falling_edge_detector_sof.rstb (net)
                  0.96    0.00    8.05 ^ _1769_/A (sky130_fd_sc_hd__buf_2)
                  0.22    0.40    8.45 ^ _1769_/X (sky130_fd_sc_hd__buf_2)
    13    0.04                           _1462_ (net)
                  0.22    0.00    8.45 ^ _2789_/B (sky130_fd_sc_hd__and2_2)
                  0.03    0.18    8.62 ^ _2789_/X (sky130_fd_sc_hd__and2_2)
     1    0.00                           _0882_ (net)
                  0.03    0.00    8.62 ^ _2790_/A (sky130_fd_sc_hd__buf_2)
                  0.02    0.09    8.71 ^ _2790_/X (sky130_fd_sc_hd__buf_2)
     1    0.00                           _0194_ (net)
                  0.02    0.00    8.71 ^ _3633_/D (sky130_fd_sc_hd__dfxtp_2)
                                  8.71   data arrival time

                  0.15   14.00   14.00   clock clk (rise edge)
                          0.00   14.00   clock network delay (ideal)
                         -0.25   13.75   clock uncertainty
                          0.00   13.75   clock reconvergence pessimism
                                 13.75 ^ _3633_/CLK (sky130_fd_sc_hd__dfxtp_2)
                         -0.04   13.71   library setup time
                                 13.71   data required time
-----------------------------------------------------------------------------
                                 13.71   data required time
                                 -8.71   data arrival time
-----------------------------------------------------------------------------
                                  5.00   slack (MET)


Startpoint: _3440_ (rising edge-triggered flip-flop clocked by clk')
Endpoint: _3634_ (rising edge-triggered flip-flop clocked by clk)
Path Group: clk
Path Type: max

Fanout     Cap    Slew   Delay    Time   Description
-----------------------------------------------------------------------------
                  0.15    7.00    7.00   clock clk' (rise edge)
                          0.00    7.00   clock network delay (ideal)
                  0.15    0.00    7.00 ^ _3440_/CLK (sky130_fd_sc_hd__dfxtp_2)
                  0.96    1.05    8.05 ^ _3440_/Q (sky130_fd_sc_hd__dfxtp_2)
    54    0.19                           i_spi_reg.falling_edge_detector_sof.rstb (net)
                  0.96    0.00    8.05 ^ _1769_/A (sky130_fd_sc_hd__buf_2)
                  0.22    0.40    8.45 ^ _1769_/X (sky130_fd_sc_hd__buf_2)
    13    0.04                           _1462_ (net)
                  0.22    0.00    8.45 ^ _2792_/B (sky130_fd_sc_hd__and2_2)
                  0.03    0.18    8.62 ^ _2792_/X (sky130_fd_sc_hd__and2_2)
     1    0.00                           _0884_ (net)
                  0.03    0.00    8.62 ^ _2793_/A (sky130_fd_sc_hd__buf_2)
                  0.02    0.09    8.71 ^ _2793_/X (sky130_fd_sc_hd__buf_2)
     1    0.00                           _0195_ (net)
                  0.02    0.00    8.71 ^ _3634_/D (sky130_fd_sc_hd__dfxtp_2)
                                  8.71   data arrival time

                  0.15   14.00   14.00   clock clk (rise edge)
                          0.00   14.00   clock network delay (ideal)
                         -0.25   13.75   clock uncertainty
                          0.00   13.75   clock reconvergence pessimism
                                 13.75 ^ _3634_/CLK (sky130_fd_sc_hd__dfxtp_2)
                         -0.04   13.71   library setup time
                                 13.71   data required time
-----------------------------------------------------------------------------
                                 13.71   data required time
                                 -8.71   data arrival time
-----------------------------------------------------------------------------
                                  5.00   slack (MET)


Startpoint: _3440_ (rising edge-triggered flip-flop clocked by clk')
Endpoint: _3635_ (rising edge-triggered flip-flop clocked by clk)
Path Group: clk
Path Type: max

Fanout     Cap    Slew   Delay    Time   Description
-----------------------------------------------------------------------------
                  0.15    7.00    7.00   clock clk' (rise edge)
                          0.00    7.00   clock network delay (ideal)
                  0.15    0.00    7.00 ^ _3440_/CLK (sky130_fd_sc_hd__dfxtp_2)
                  0.96    1.05    8.05 ^ _3440_/Q (sky130_fd_sc_hd__dfxtp_2)
    54    0.19                           i_spi_reg.falling_edge_detector_sof.rstb (net)
                  0.96    0.00    8.05 ^ _1769_/A (sky130_fd_sc_hd__buf_2)
                  0.22    0.40    8.45 ^ _1769_/X (sky130_fd_sc_hd__buf_2)
    13    0.04                           _1462_ (net)
                  0.22    0.00    8.45 ^ _2795_/B (sky130_fd_sc_hd__and2_2)
                  0.03    0.18    8.62 ^ _2795_/X (sky130_fd_sc_hd__and2_2)
     1    0.00                           _0886_ (net)
                  0.03    0.00    8.62 ^ _2796_/A (sky130_fd_sc_hd__buf_2)
                  0.02    0.09    8.71 ^ _2796_/X (sky130_fd_sc_hd__buf_2)
     1    0.00                           _0196_ (net)
                  0.02    0.00    8.71 ^ _3635_/D (sky130_fd_sc_hd__dfxtp_2)
                                  8.71   data arrival time

                  0.15   14.00   14.00   clock clk (rise edge)
                          0.00   14.00   clock network delay (ideal)
                         -0.25   13.75   clock uncertainty
                          0.00   13.75   clock reconvergence pessimism
                                 13.75 ^ _3635_/CLK (sky130_fd_sc_hd__dfxtp_2)
                         -0.04   13.71   library setup time
                                 13.71   data required time
-----------------------------------------------------------------------------
                                 13.71   data required time
                                 -8.71   data arrival time
-----------------------------------------------------------------------------
                                  5.00   slack (MET)


Startpoint: _3440_ (rising edge-triggered flip-flop clocked by clk')
Endpoint: _3636_ (rising edge-triggered flip-flop clocked by clk)
Path Group: clk
Path Type: max

Fanout     Cap    Slew   Delay    Time   Description
-----------------------------------------------------------------------------
                  0.15    7.00    7.00   clock clk' (rise edge)
                          0.00    7.00   clock network delay (ideal)
                  0.15    0.00    7.00 ^ _3440_/CLK (sky130_fd_sc_hd__dfxtp_2)
                  0.96    1.05    8.05 ^ _3440_/Q (sky130_fd_sc_hd__dfxtp_2)
    54    0.19                           i_spi_reg.falling_edge_detector_sof.rstb (net)
                  0.96    0.00    8.05 ^ _1769_/A (sky130_fd_sc_hd__buf_2)
                  0.22    0.40    8.45 ^ _1769_/X (sky130_fd_sc_hd__buf_2)
    13    0.04                           _1462_ (net)
                  0.22    0.00    8.45 ^ _2798_/B (sky130_fd_sc_hd__and2_2)
                  0.03    0.18    8.62 ^ _2798_/X (sky130_fd_sc_hd__and2_2)
     1    0.00                           _0888_ (net)
                  0.03    0.00    8.62 ^ _2799_/A (sky130_fd_sc_hd__buf_2)
                  0.02    0.09    8.71 ^ _2799_/X (sky130_fd_sc_hd__buf_2)
     1    0.00                           _0197_ (net)
                  0.02    0.00    8.71 ^ _3636_/D (sky130_fd_sc_hd__dfxtp_2)
                                  8.71   data arrival time

                  0.15   14.00   14.00   clock clk (rise edge)
                          0.00   14.00   clock network delay (ideal)
                         -0.25   13.75   clock uncertainty
                          0.00   13.75   clock reconvergence pessimism
                                 13.75 ^ _3636_/CLK (sky130_fd_sc_hd__dfxtp_2)
                         -0.04   13.71   library setup time
                                 13.71   data required time
-----------------------------------------------------------------------------
                                 13.71   data required time
                                 -8.71   data arrival time
-----------------------------------------------------------------------------
                                  5.00   slack (MET)


Startpoint: _3440_ (rising edge-triggered flip-flop clocked by clk')
Endpoint: _3681_ (rising edge-triggered flip-flop clocked by clk)
Path Group: clk
Path Type: max

Fanout     Cap    Slew   Delay    Time   Description
-----------------------------------------------------------------------------
                  0.15    7.00    7.00   clock clk' (rise edge)
                          0.00    7.00   clock network delay (ideal)
                  0.15    0.00    7.00 ^ _3440_/CLK (sky130_fd_sc_hd__dfxtp_2)
                  0.96    1.05    8.05 ^ _3440_/Q (sky130_fd_sc_hd__dfxtp_2)
    54    0.19                           i_spi_reg.falling_edge_detector_sof.rstb (net)
                  0.96    0.00    8.05 ^ _1769_/A (sky130_fd_sc_hd__buf_2)
                  0.22    0.40    8.45 ^ _1769_/X (sky130_fd_sc_hd__buf_2)
    13    0.04                           _1462_ (net)
                  0.22    0.00    8.45 ^ _3101_/C (sky130_fd_sc_hd__nand3_2)
                  0.07    0.10    8.55 v _3101_/Y (sky130_fd_sc_hd__nand3_2)
     1    0.00                           _1146_ (net)
                  0.07    0.00    8.55 v _3102_/A (sky130_fd_sc_hd__inv_2)
                  0.02    0.05    8.60 ^ _3102_/Y (sky130_fd_sc_hd__inv_2)
     1    0.00                           _0242_ (net)
                  0.02    0.00    8.60 ^ _3681_/D (sky130_fd_sc_hd__dfxtp_2)
                                  8.60   data arrival time

                  0.15   14.00   14.00   clock clk (rise edge)
                          0.00   14.00   clock network delay (ideal)
                         -0.25   13.75   clock uncertainty
                          0.00   13.75   clock reconvergence pessimism
                                 13.75 ^ _3681_/CLK (sky130_fd_sc_hd__dfxtp_2)
                         -0.04   13.71   library setup time
                                 13.71   data required time
-----------------------------------------------------------------------------
                                 13.71   data required time
                                 -8.60   data arrival time
-----------------------------------------------------------------------------
                                  5.11   slack (MET)


Startpoint: _3440_ (rising edge-triggered flip-flop clocked by clk')
Endpoint: _3683_ (rising edge-triggered flip-flop clocked by clk)
Path Group: clk
Path Type: max

Fanout     Cap    Slew   Delay    Time   Description
-----------------------------------------------------------------------------
                  0.15    7.00    7.00   clock clk' (rise edge)
                          0.00    7.00   clock network delay (ideal)
                  0.15    0.00    7.00 ^ _3440_/CLK (sky130_fd_sc_hd__dfxtp_2)
                  0.96    1.05    8.05 ^ _3440_/Q (sky130_fd_sc_hd__dfxtp_2)
    54    0.19                           i_spi_reg.falling_edge_detector_sof.rstb (net)
                  0.96    0.00    8.05 ^ _1769_/A (sky130_fd_sc_hd__buf_2)
                  0.22    0.40    8.45 ^ _1769_/X (sky130_fd_sc_hd__buf_2)
    13    0.04                           _1462_ (net)
                  0.22    0.00    8.45 ^ _3105_/C (sky130_fd_sc_hd__nand3_2)
                  0.07    0.10    8.55 v _3105_/Y (sky130_fd_sc_hd__nand3_2)
     1    0.00                           _1148_ (net)
                  0.07    0.00    8.55 v _3106_/A (sky130_fd_sc_hd__inv_2)
                  0.02    0.05    8.60 ^ _3106_/Y (sky130_fd_sc_hd__inv_2)
     1    0.00                           _0244_ (net)
                  0.02    0.00    8.60 ^ _3683_/D (sky130_fd_sc_hd__dfxtp_2)
                                  8.60   data arrival time

                  0.15   14.00   14.00   clock clk (rise edge)
                          0.00   14.00   clock network delay (ideal)
                         -0.25   13.75   clock uncertainty
                          0.00   13.75   clock reconvergence pessimism
                                 13.75 ^ _3683_/CLK (sky130_fd_sc_hd__dfxtp_2)
                         -0.04   13.71   library setup time
                                 13.71   data required time
-----------------------------------------------------------------------------
                                 13.71   data required time
                                 -8.60   data arrival time
-----------------------------------------------------------------------------
                                  5.11   slack (MET)


Startpoint: _3440_ (rising edge-triggered flip-flop clocked by clk')
Endpoint: _3691_ (rising edge-triggered flip-flop clocked by clk)
Path Group: clk
Path Type: max

Fanout     Cap    Slew   Delay    Time   Description
-----------------------------------------------------------------------------
                  0.15    7.00    7.00   clock clk' (rise edge)
                          0.00    7.00   clock network delay (ideal)
                  0.15    0.00    7.00 ^ _3440_/CLK (sky130_fd_sc_hd__dfxtp_2)
                  0.96    1.05    8.05 ^ _3440_/Q (sky130_fd_sc_hd__dfxtp_2)
    54    0.19                           i_spi_reg.falling_edge_detector_sof.rstb (net)
                  0.96    0.00    8.05 ^ _1769_/A (sky130_fd_sc_hd__buf_2)
                  0.22    0.40    8.45 ^ _1769_/X (sky130_fd_sc_hd__buf_2)
    13    0.04                           _1462_ (net)
                  0.22    0.00    8.45 ^ _3121_/C (sky130_fd_sc_hd__nand3_2)
                  0.07    0.10    8.55 v _3121_/Y (sky130_fd_sc_hd__nand3_2)
     1    0.00                           _1156_ (net)
                  0.07    0.00    8.55 v _3122_/A (sky130_fd_sc_hd__inv_2)
                  0.02    0.05    8.60 ^ _3122_/Y (sky130_fd_sc_hd__inv_2)
     1    0.00                           _0252_ (net)
                  0.02    0.00    8.60 ^ _3691_/D (sky130_fd_sc_hd__dfxtp_2)
                                  8.60   data arrival time

                  0.15   14.00   14.00   clock clk (rise edge)
                          0.00   14.00   clock network delay (ideal)
                         -0.25   13.75   clock uncertainty
                          0.00   13.75   clock reconvergence pessimism
                                 13.75 ^ _3691_/CLK (sky130_fd_sc_hd__dfxtp_2)
                         -0.04   13.71   library setup time
                                 13.71   data required time
-----------------------------------------------------------------------------
                                 13.71   data required time
                                 -8.60   data arrival time
-----------------------------------------------------------------------------
                                  5.11   slack (MET)


Startpoint: _3440_ (rising edge-triggered flip-flop clocked by clk')
Endpoint: _3693_ (rising edge-triggered flip-flop clocked by clk)
Path Group: clk
Path Type: max

Fanout     Cap    Slew   Delay    Time   Description
-----------------------------------------------------------------------------
                  0.15    7.00    7.00   clock clk' (rise edge)
                          0.00    7.00   clock network delay (ideal)
                  0.15    0.00    7.00 ^ _3440_/CLK (sky130_fd_sc_hd__dfxtp_2)
                  0.96    1.05    8.05 ^ _3440_/Q (sky130_fd_sc_hd__dfxtp_2)
    54    0.19                           i_spi_reg.falling_edge_detector_sof.rstb (net)
                  0.96    0.00    8.05 ^ _1769_/A (sky130_fd_sc_hd__buf_2)
                  0.22    0.40    8.45 ^ _1769_/X (sky130_fd_sc_hd__buf_2)
    13    0.04                           _1462_ (net)
                  0.22    0.00    8.45 ^ _3125_/C (sky130_fd_sc_hd__nand3_2)
                  0.07    0.10    8.55 v _3125_/Y (sky130_fd_sc_hd__nand3_2)
     1    0.00                           _1158_ (net)
                  0.07    0.00    8.55 v _3126_/A (sky130_fd_sc_hd__inv_2)
                  0.02    0.05    8.60 ^ _3126_/Y (sky130_fd_sc_hd__inv_2)
     1    0.00                           _0254_ (net)
                  0.02    0.00    8.60 ^ _3693_/D (sky130_fd_sc_hd__dfxtp_2)
                                  8.60   data arrival time

                  0.15   14.00   14.00   clock clk (rise edge)
                          0.00   14.00   clock network delay (ideal)
                         -0.25   13.75   clock uncertainty
                          0.00   13.75   clock reconvergence pessimism
                                 13.75 ^ _3693_/CLK (sky130_fd_sc_hd__dfxtp_2)
                         -0.04   13.71   library setup time
                                 13.71   data required time
-----------------------------------------------------------------------------
                                 13.71   data required time
                                 -8.60   data arrival time
-----------------------------------------------------------------------------
                                  5.11   slack (MET)


Startpoint: _3440_ (rising edge-triggered flip-flop clocked by clk')
Endpoint: _3695_ (rising edge-triggered flip-flop clocked by clk)
Path Group: clk
Path Type: max

Fanout     Cap    Slew   Delay    Time   Description
-----------------------------------------------------------------------------
                  0.15    7.00    7.00   clock clk' (rise edge)
                          0.00    7.00   clock network delay (ideal)
                  0.15    0.00    7.00 ^ _3440_/CLK (sky130_fd_sc_hd__dfxtp_2)
                  0.96    1.05    8.05 ^ _3440_/Q (sky130_fd_sc_hd__dfxtp_2)
    54    0.19                           i_spi_reg.falling_edge_detector_sof.rstb (net)
                  0.96    0.00    8.05 ^ _1769_/A (sky130_fd_sc_hd__buf_2)
                  0.22    0.40    8.45 ^ _1769_/X (sky130_fd_sc_hd__buf_2)
    13    0.04                           _1462_ (net)
                  0.22    0.00    8.45 ^ _3129_/C (sky130_fd_sc_hd__nand3_2)
                  0.07    0.10    8.55 v _3129_/Y (sky130_fd_sc_hd__nand3_2)
     1    0.00                           _1160_ (net)
                  0.07    0.00    8.55 v _3130_/A (sky130_fd_sc_hd__inv_2)
                  0.02    0.05    8.60 ^ _3130_/Y (sky130_fd_sc_hd__inv_2)
     1    0.00                           _0256_ (net)
                  0.02    0.00    8.60 ^ _3695_/D (sky130_fd_sc_hd__dfxtp_2)
                                  8.60   data arrival time

                  0.15   14.00   14.00   clock clk (rise edge)
                          0.00   14.00   clock network delay (ideal)
                         -0.25   13.75   clock uncertainty
                          0.00   13.75   clock reconvergence pessimism
                                 13.75 ^ _3695_/CLK (sky130_fd_sc_hd__dfxtp_2)
                         -0.04   13.71   library setup time
                                 13.71   data required time
-----------------------------------------------------------------------------
                                 13.71   data required time
                                 -8.60   data arrival time
-----------------------------------------------------------------------------
                                  5.11   slack (MET)


Startpoint: _3440_ (rising edge-triggered flip-flop clocked by clk')
Endpoint: _3696_ (rising edge-triggered flip-flop clocked by clk)
Path Group: clk
Path Type: max

Fanout     Cap    Slew   Delay    Time   Description
-----------------------------------------------------------------------------
                  0.15    7.00    7.00   clock clk' (rise edge)
                          0.00    7.00   clock network delay (ideal)
                  0.15    0.00    7.00 ^ _3440_/CLK (sky130_fd_sc_hd__dfxtp_2)
                  0.96    1.05    8.05 ^ _3440_/Q (sky130_fd_sc_hd__dfxtp_2)
    54    0.19                           i_spi_reg.falling_edge_detector_sof.rstb (net)
                  0.96    0.00    8.05 ^ _1769_/A (sky130_fd_sc_hd__buf_2)
                  0.22    0.40    8.45 ^ _1769_/X (sky130_fd_sc_hd__buf_2)
    13    0.04                           _1462_ (net)
                  0.22    0.00    8.45 ^ _3131_/C (sky130_fd_sc_hd__nand3_2)
                  0.07    0.10    8.55 v _3131_/Y (sky130_fd_sc_hd__nand3_2)
     1    0.00                           _1161_ (net)
                  0.07    0.00    8.55 v _3132_/A (sky130_fd_sc_hd__inv_2)
                  0.02    0.05    8.60 ^ _3132_/Y (sky130_fd_sc_hd__inv_2)
     1    0.00                           _0257_ (net)
                  0.02    0.00    8.60 ^ _3696_/D (sky130_fd_sc_hd__dfxtp_2)
                                  8.60   data arrival time

                  0.15   14.00   14.00   clock clk (rise edge)
                          0.00   14.00   clock network delay (ideal)
                         -0.25   13.75   clock uncertainty
                          0.00   13.75   clock reconvergence pessimism
                                 13.75 ^ _3696_/CLK (sky130_fd_sc_hd__dfxtp_2)
                         -0.04   13.71   library setup time
                                 13.71   data required time
-----------------------------------------------------------------------------
                                 13.71   data required time
                                 -8.60   data arrival time
-----------------------------------------------------------------------------
                                  5.11   slack (MET)


Startpoint: _3440_ (rising edge-triggered flip-flop clocked by clk')
Endpoint: _3468_ (recovery check against rising-edge clock clk)
Path Group: asynchronous
Path Type: max

Fanout     Cap    Slew   Delay    Time   Description
-----------------------------------------------------------------------------
                  0.15    7.00    7.00   clock clk' (rise edge)
                          0.00    7.00   clock network delay (ideal)
                  0.15    0.00    7.00 ^ _3440_/CLK (sky130_fd_sc_hd__dfxtp_2)
                  0.96    1.05    8.05 ^ _3440_/Q (sky130_fd_sc_hd__dfxtp_2)
    54    0.19                           i_spi_reg.falling_edge_detector_sof.rstb (net)
                  0.96    0.00    8.05 ^ _3468_/RESET_B (sky130_fd_sc_hd__dfrtp_2)
                                  8.05   data arrival time

                  0.15   14.00   14.00   clock clk (rise edge)
                          0.00   14.00   clock network delay (ideal)
                         -0.25   13.75   clock uncertainty
                          0.00   13.75   clock reconvergence pessimism
                                 13.75 ^ _3468_/CLK (sky130_fd_sc_hd__dfrtp_2)
                         -0.04   13.71   library recovery time
                                 13.71   data required time
-----------------------------------------------------------------------------
                                 13.71   data required time
                                 -8.05   data arrival time
-----------------------------------------------------------------------------
                                  5.67   slack (MET)


Startpoint: _3440_ (rising edge-triggered flip-flop clocked by clk')
Endpoint: _3469_ (recovery check against rising-edge clock clk)
Path Group: asynchronous
Path Type: max

Fanout     Cap    Slew   Delay    Time   Description
-----------------------------------------------------------------------------
                  0.15    7.00    7.00   clock clk' (rise edge)
                          0.00    7.00   clock network delay (ideal)
                  0.15    0.00    7.00 ^ _3440_/CLK (sky130_fd_sc_hd__dfxtp_2)
                  0.96    1.05    8.05 ^ _3440_/Q (sky130_fd_sc_hd__dfxtp_2)
    54    0.19                           i_spi_reg.falling_edge_detector_sof.rstb (net)
                  0.96    0.00    8.05 ^ _3469_/RESET_B (sky130_fd_sc_hd__dfrtp_2)
                                  8.05   data arrival time

                  0.15   14.00   14.00   clock clk (rise edge)
                          0.00   14.00   clock network delay (ideal)
                         -0.25   13.75   clock uncertainty
                          0.00   13.75   clock reconvergence pessimism
                                 13.75 ^ _3469_/CLK (sky130_fd_sc_hd__dfrtp_2)
                         -0.04   13.71   library recovery time
                                 13.71   data required time
-----------------------------------------------------------------------------
                                 13.71   data required time
                                 -8.05   data arrival time
-----------------------------------------------------------------------------
                                  5.67   slack (MET)


Startpoint: _3440_ (rising edge-triggered flip-flop clocked by clk')
Endpoint: _3470_ (recovery check against rising-edge clock clk)
Path Group: asynchronous
Path Type: max

Fanout     Cap    Slew   Delay    Time   Description
-----------------------------------------------------------------------------
                  0.15    7.00    7.00   clock clk' (rise edge)
                          0.00    7.00   clock network delay (ideal)
                  0.15    0.00    7.00 ^ _3440_/CLK (sky130_fd_sc_hd__dfxtp_2)
                  0.96    1.05    8.05 ^ _3440_/Q (sky130_fd_sc_hd__dfxtp_2)
    54    0.19                           i_spi_reg.falling_edge_detector_sof.rstb (net)
                  0.96    0.00    8.05 ^ _3470_/RESET_B (sky130_fd_sc_hd__dfrtp_2)
                                  8.05   data arrival time

                  0.15   14.00   14.00   clock clk (rise edge)
                          0.00   14.00   clock network delay (ideal)
                         -0.25   13.75   clock uncertainty
                          0.00   13.75   clock reconvergence pessimism
                                 13.75 ^ _3470_/CLK (sky130_fd_sc_hd__dfrtp_2)
                         -0.04   13.71   library recovery time
                                 13.71   data required time
-----------------------------------------------------------------------------
                                 13.71   data required time
                                 -8.05   data arrival time
-----------------------------------------------------------------------------
                                  5.67   slack (MET)


Startpoint: _3440_ (rising edge-triggered flip-flop clocked by clk')
Endpoint: _3707_ (recovery check against rising-edge clock clk)
Path Group: asynchronous
Path Type: max

Fanout     Cap    Slew   Delay    Time   Description
-----------------------------------------------------------------------------
                  0.15    7.00    7.00   clock clk' (rise edge)
                          0.00    7.00   clock network delay (ideal)
                  0.15    0.00    7.00 ^ _3440_/CLK (sky130_fd_sc_hd__dfxtp_2)
                  0.96    1.05    8.05 ^ _3440_/Q (sky130_fd_sc_hd__dfxtp_2)
    54    0.19                           i_spi_reg.falling_edge_detector_sof.rstb (net)
                  0.96    0.00    8.05 ^ _3707_/RESET_B (sky130_fd_sc_hd__dfrtp_2)
                                  8.05   data arrival time

                  0.15   14.00   14.00   clock clk (rise edge)
                          0.00   14.00   clock network delay (ideal)
                         -0.25   13.75   clock uncertainty
                          0.00   13.75   clock reconvergence pessimism
                                 13.75 ^ _3707_/CLK (sky130_fd_sc_hd__dfrtp_2)
                         -0.04   13.71   library recovery time
                                 13.71   data required time
-----------------------------------------------------------------------------
                                 13.71   data required time
                                 -8.05   data arrival time
-----------------------------------------------------------------------------
                                  5.67   slack (MET)


Startpoint: _3440_ (rising edge-triggered flip-flop clocked by clk')
Endpoint: _3708_ (recovery check against rising-edge clock clk)
Path Group: asynchronous
Path Type: max

Fanout     Cap    Slew   Delay    Time   Description
-----------------------------------------------------------------------------
                  0.15    7.00    7.00   clock clk' (rise edge)
                          0.00    7.00   clock network delay (ideal)
                  0.15    0.00    7.00 ^ _3440_/CLK (sky130_fd_sc_hd__dfxtp_2)
                  0.96    1.05    8.05 ^ _3440_/Q (sky130_fd_sc_hd__dfxtp_2)
    54    0.19                           i_spi_reg.falling_edge_detector_sof.rstb (net)
                  0.96    0.00    8.05 ^ _3708_/RESET_B (sky130_fd_sc_hd__dfrtp_2)
                                  8.05   data arrival time

                  0.15   14.00   14.00   clock clk (rise edge)
                          0.00   14.00   clock network delay (ideal)
                         -0.25   13.75   clock uncertainty
                          0.00   13.75   clock reconvergence pessimism
                                 13.75 ^ _3708_/CLK (sky130_fd_sc_hd__dfrtp_2)
                         -0.04   13.71   library recovery time
                                 13.71   data required time
-----------------------------------------------------------------------------
                                 13.71   data required time
                                 -8.05   data arrival time
-----------------------------------------------------------------------------
                                  5.67   slack (MET)


Startpoint: _3440_ (rising edge-triggered flip-flop clocked by clk')
Endpoint: _3709_ (recovery check against rising-edge clock clk)
Path Group: asynchronous
Path Type: max

Fanout     Cap    Slew   Delay    Time   Description
-----------------------------------------------------------------------------
                  0.15    7.00    7.00   clock clk' (rise edge)
                          0.00    7.00   clock network delay (ideal)
                  0.15    0.00    7.00 ^ _3440_/CLK (sky130_fd_sc_hd__dfxtp_2)
                  0.96    1.05    8.05 ^ _3440_/Q (sky130_fd_sc_hd__dfxtp_2)
    54    0.19                           i_spi_reg.falling_edge_detector_sof.rstb (net)
                  0.96    0.00    8.05 ^ _3709_/RESET_B (sky130_fd_sc_hd__dfrtp_2)
                                  8.05   data arrival time

                  0.15   14.00   14.00   clock clk (rise edge)
                          0.00   14.00   clock network delay (ideal)
                         -0.25   13.75   clock uncertainty
                          0.00   13.75   clock reconvergence pessimism
                                 13.75 ^ _3709_/CLK (sky130_fd_sc_hd__dfrtp_2)
                         -0.04   13.71   library recovery time
                                 13.71   data required time
-----------------------------------------------------------------------------
                                 13.71   data required time
                                 -8.05   data arrival time
-----------------------------------------------------------------------------
                                  5.67   slack (MET)


Startpoint: _3440_ (rising edge-triggered flip-flop clocked by clk')
Endpoint: _3710_ (recovery check against rising-edge clock clk)
Path Group: asynchronous
Path Type: max

Fanout     Cap    Slew   Delay    Time   Description
-----------------------------------------------------------------------------
                  0.15    7.00    7.00   clock clk' (rise edge)
                          0.00    7.00   clock network delay (ideal)
                  0.15    0.00    7.00 ^ _3440_/CLK (sky130_fd_sc_hd__dfxtp_2)
                  0.96    1.05    8.05 ^ _3440_/Q (sky130_fd_sc_hd__dfxtp_2)
    54    0.19                           i_spi_reg.falling_edge_detector_sof.rstb (net)
                  0.96    0.00    8.05 ^ _3710_/RESET_B (sky130_fd_sc_hd__dfrtp_2)
                                  8.05   data arrival time

                  0.15   14.00   14.00   clock clk (rise edge)
                          0.00   14.00   clock network delay (ideal)
                         -0.25   13.75   clock uncertainty
                          0.00   13.75   clock reconvergence pessimism
                                 13.75 ^ _3710_/CLK (sky130_fd_sc_hd__dfrtp_2)
                         -0.04   13.71   library recovery time
                                 13.71   data required time
-----------------------------------------------------------------------------
                                 13.71   data required time
                                 -8.05   data arrival time
-----------------------------------------------------------------------------
                                  5.67   slack (MET)


Startpoint: _3440_ (rising edge-triggered flip-flop clocked by clk')
Endpoint: _3711_ (recovery check against rising-edge clock clk)
Path Group: asynchronous
Path Type: max

Fanout     Cap    Slew   Delay    Time   Description
-----------------------------------------------------------------------------
                  0.15    7.00    7.00   clock clk' (rise edge)
                          0.00    7.00   clock network delay (ideal)
                  0.15    0.00    7.00 ^ _3440_/CLK (sky130_fd_sc_hd__dfxtp_2)
                  0.96    1.05    8.05 ^ _3440_/Q (sky130_fd_sc_hd__dfxtp_2)
    54    0.19                           i_spi_reg.falling_edge_detector_sof.rstb (net)
                  0.96    0.00    8.05 ^ _3711_/RESET_B (sky130_fd_sc_hd__dfrtp_2)
                                  8.05   data arrival time

                  0.15   14.00   14.00   clock clk (rise edge)
                          0.00   14.00   clock network delay (ideal)
                         -0.25   13.75   clock uncertainty
                          0.00   13.75   clock reconvergence pessimism
                                 13.75 ^ _3711_/CLK (sky130_fd_sc_hd__dfrtp_2)
                         -0.04   13.71   library recovery time
                                 13.71   data required time
-----------------------------------------------------------------------------
                                 13.71   data required time
                                 -8.05   data arrival time
-----------------------------------------------------------------------------
                                  5.67   slack (MET)


Startpoint: _3440_ (rising edge-triggered flip-flop clocked by clk')
Endpoint: _3712_ (recovery check against rising-edge clock clk)
Path Group: asynchronous
Path Type: max

Fanout     Cap    Slew   Delay    Time   Description
-----------------------------------------------------------------------------
                  0.15    7.00    7.00   clock clk' (rise edge)
                          0.00    7.00   clock network delay (ideal)
                  0.15    0.00    7.00 ^ _3440_/CLK (sky130_fd_sc_hd__dfxtp_2)
                  0.96    1.05    8.05 ^ _3440_/Q (sky130_fd_sc_hd__dfxtp_2)
    54    0.19                           i_spi_reg.falling_edge_detector_sof.rstb (net)
                  0.96    0.00    8.05 ^ _3712_/RESET_B (sky130_fd_sc_hd__dfrtp_2)
                                  8.05   data arrival time

                  0.15   14.00   14.00   clock clk (rise edge)
                          0.00   14.00   clock network delay (ideal)
                         -0.25   13.75   clock uncertainty
                          0.00   13.75   clock reconvergence pessimism
                                 13.75 ^ _3712_/CLK (sky130_fd_sc_hd__dfrtp_2)
                         -0.04   13.71   library recovery time
                                 13.71   data required time
-----------------------------------------------------------------------------
                                 13.71   data required time
                                 -8.05   data arrival time
-----------------------------------------------------------------------------
                                  5.67   slack (MET)


Startpoint: _3440_ (rising edge-triggered flip-flop clocked by clk')
Endpoint: _3713_ (recovery check against rising-edge clock clk)
Path Group: asynchronous
Path Type: max

Fanout     Cap    Slew   Delay    Time   Description
-----------------------------------------------------------------------------
                  0.15    7.00    7.00   clock clk' (rise edge)
                          0.00    7.00   clock network delay (ideal)
                  0.15    0.00    7.00 ^ _3440_/CLK (sky130_fd_sc_hd__dfxtp_2)
                  0.96    1.05    8.05 ^ _3440_/Q (sky130_fd_sc_hd__dfxtp_2)
    54    0.19                           i_spi_reg.falling_edge_detector_sof.rstb (net)
                  0.96    0.00    8.05 ^ _3713_/RESET_B (sky130_fd_sc_hd__dfrtp_2)
                                  8.05   data arrival time

                  0.15   14.00   14.00   clock clk (rise edge)
                          0.00   14.00   clock network delay (ideal)
                         -0.25   13.75   clock uncertainty
                          0.00   13.75   clock reconvergence pessimism
                                 13.75 ^ _3713_/CLK (sky130_fd_sc_hd__dfrtp_2)
                         -0.04   13.71   library recovery time
                                 13.71   data required time
-----------------------------------------------------------------------------
                                 13.71   data required time
                                 -8.05   data arrival time
-----------------------------------------------------------------------------
                                  5.67   slack (MET)


Startpoint: _3440_ (rising edge-triggered flip-flop clocked by clk')
Endpoint: _3714_ (recovery check against rising-edge clock clk)
Path Group: asynchronous
Path Type: max

Fanout     Cap    Slew   Delay    Time   Description
-----------------------------------------------------------------------------
                  0.15    7.00    7.00   clock clk' (rise edge)
                          0.00    7.00   clock network delay (ideal)
                  0.15    0.00    7.00 ^ _3440_/CLK (sky130_fd_sc_hd__dfxtp_2)
                  0.96    1.05    8.05 ^ _3440_/Q (sky130_fd_sc_hd__dfxtp_2)
    54    0.19                           i_spi_reg.falling_edge_detector_sof.rstb (net)
                  0.96    0.00    8.05 ^ _3714_/RESET_B (sky130_fd_sc_hd__dfrtp_2)
                                  8.05   data arrival time

                  0.15   14.00   14.00   clock clk (rise edge)
                          0.00   14.00   clock network delay (ideal)
                         -0.25   13.75   clock uncertainty
                          0.00   13.75   clock reconvergence pessimism
                                 13.75 ^ _3714_/CLK (sky130_fd_sc_hd__dfrtp_2)
                         -0.04   13.71   library recovery time
                                 13.71   data required time
-----------------------------------------------------------------------------
                                 13.71   data required time
                                 -8.05   data arrival time
-----------------------------------------------------------------------------
                                  5.67   slack (MET)


Startpoint: _3440_ (rising edge-triggered flip-flop clocked by clk')
Endpoint: _3715_ (recovery check against rising-edge clock clk)
Path Group: asynchronous
Path Type: max

Fanout     Cap    Slew   Delay    Time   Description
-----------------------------------------------------------------------------
                  0.15    7.00    7.00   clock clk' (rise edge)
                          0.00    7.00   clock network delay (ideal)
                  0.15    0.00    7.00 ^ _3440_/CLK (sky130_fd_sc_hd__dfxtp_2)
                  0.96    1.05    8.05 ^ _3440_/Q (sky130_fd_sc_hd__dfxtp_2)
    54    0.19                           i_spi_reg.falling_edge_detector_sof.rstb (net)
                  0.96    0.00    8.05 ^ _3715_/RESET_B (sky130_fd_sc_hd__dfrtp_2)
                                  8.05   data arrival time

                  0.15   14.00   14.00   clock clk (rise edge)
                          0.00   14.00   clock network delay (ideal)
                         -0.25   13.75   clock uncertainty
                          0.00   13.75   clock reconvergence pessimism
                                 13.75 ^ _3715_/CLK (sky130_fd_sc_hd__dfrtp_2)
                         -0.04   13.71   library recovery time
                                 13.71   data required time
-----------------------------------------------------------------------------
                                 13.71   data required time
                                 -8.05   data arrival time
-----------------------------------------------------------------------------
                                  5.67   slack (MET)


Startpoint: _3440_ (rising edge-triggered flip-flop clocked by clk')
Endpoint: _3716_ (recovery check against rising-edge clock clk)
Path Group: asynchronous
Path Type: max

Fanout     Cap    Slew   Delay    Time   Description
-----------------------------------------------------------------------------
                  0.15    7.00    7.00   clock clk' (rise edge)
                          0.00    7.00   clock network delay (ideal)
                  0.15    0.00    7.00 ^ _3440_/CLK (sky130_fd_sc_hd__dfxtp_2)
                  0.96    1.05    8.05 ^ _3440_/Q (sky130_fd_sc_hd__dfxtp_2)
    54    0.19                           i_spi_reg.falling_edge_detector_sof.rstb (net)
                  0.96    0.00    8.05 ^ _3716_/RESET_B (sky130_fd_sc_hd__dfrtp_2)
                                  8.05   data arrival time

                  0.15   14.00   14.00   clock clk (rise edge)
                          0.00   14.00   clock network delay (ideal)
                         -0.25   13.75   clock uncertainty
                          0.00   13.75   clock reconvergence pessimism
                                 13.75 ^ _3716_/CLK (sky130_fd_sc_hd__dfrtp_2)
                         -0.04   13.71   library recovery time
                                 13.71   data required time
-----------------------------------------------------------------------------
                                 13.71   data required time
                                 -8.05   data arrival time
-----------------------------------------------------------------------------
                                  5.67   slack (MET)


Startpoint: _3440_ (rising edge-triggered flip-flop clocked by clk')
Endpoint: _3717_ (recovery check against rising-edge clock clk)
Path Group: asynchronous
Path Type: max

Fanout     Cap    Slew   Delay    Time   Description
-----------------------------------------------------------------------------
                  0.15    7.00    7.00   clock clk' (rise edge)
                          0.00    7.00   clock network delay (ideal)
                  0.15    0.00    7.00 ^ _3440_/CLK (sky130_fd_sc_hd__dfxtp_2)
                  0.96    1.05    8.05 ^ _3440_/Q (sky130_fd_sc_hd__dfxtp_2)
    54    0.19                           i_spi_reg.falling_edge_detector_sof.rstb (net)
                  0.96    0.00    8.05 ^ _3717_/RESET_B (sky130_fd_sc_hd__dfrtp_2)
                                  8.05   data arrival time

                  0.15   14.00   14.00   clock clk (rise edge)
                          0.00   14.00   clock network delay (ideal)
                         -0.25   13.75   clock uncertainty
                          0.00   13.75   clock reconvergence pessimism
                                 13.75 ^ _3717_/CLK (sky130_fd_sc_hd__dfrtp_2)
                         -0.04   13.71   library recovery time
                                 13.71   data required time
-----------------------------------------------------------------------------
                                 13.71   data required time
                                 -8.05   data arrival time
-----------------------------------------------------------------------------
                                  5.67   slack (MET)


Startpoint: _3440_ (rising edge-triggered flip-flop clocked by clk')
Endpoint: _3718_ (recovery check against rising-edge clock clk)
Path Group: asynchronous
Path Type: max

Fanout     Cap    Slew   Delay    Time   Description
-----------------------------------------------------------------------------
                  0.15    7.00    7.00   clock clk' (rise edge)
                          0.00    7.00   clock network delay (ideal)
                  0.15    0.00    7.00 ^ _3440_/CLK (sky130_fd_sc_hd__dfxtp_2)
                  0.96    1.05    8.05 ^ _3440_/Q (sky130_fd_sc_hd__dfxtp_2)
    54    0.19                           i_spi_reg.falling_edge_detector_sof.rstb (net)
                  0.96    0.00    8.05 ^ _3718_/RESET_B (sky130_fd_sc_hd__dfrtp_2)
                                  8.05   data arrival time

                  0.15   14.00   14.00   clock clk (rise edge)
                          0.00   14.00   clock network delay (ideal)
                         -0.25   13.75   clock uncertainty
                          0.00   13.75   clock reconvergence pessimism
                                 13.75 ^ _3718_/CLK (sky130_fd_sc_hd__dfrtp_2)
                         -0.04   13.71   library recovery time
                                 13.71   data required time
-----------------------------------------------------------------------------
                                 13.71   data required time
                                 -8.05   data arrival time
-----------------------------------------------------------------------------
                                  5.67   slack (MET)


Startpoint: _3440_ (rising edge-triggered flip-flop clocked by clk')
Endpoint: _3719_ (recovery check against rising-edge clock clk)
Path Group: asynchronous
Path Type: max

Fanout     Cap    Slew   Delay    Time   Description
-----------------------------------------------------------------------------
                  0.15    7.00    7.00   clock clk' (rise edge)
                          0.00    7.00   clock network delay (ideal)
                  0.15    0.00    7.00 ^ _3440_/CLK (sky130_fd_sc_hd__dfxtp_2)
                  0.96    1.05    8.05 ^ _3440_/Q (sky130_fd_sc_hd__dfxtp_2)
    54    0.19                           i_spi_reg.falling_edge_detector_sof.rstb (net)
                  0.96    0.00    8.05 ^ _3719_/RESET_B (sky130_fd_sc_hd__dfrtp_2)
                                  8.05   data arrival time

                  0.15   14.00   14.00   clock clk (rise edge)
                          0.00   14.00   clock network delay (ideal)
                         -0.25   13.75   clock uncertainty
                          0.00   13.75   clock reconvergence pessimism
                                 13.75 ^ _3719_/CLK (sky130_fd_sc_hd__dfrtp_2)
                         -0.04   13.71   library recovery time
                                 13.71   data required time
-----------------------------------------------------------------------------
                                 13.71   data required time
                                 -8.05   data arrival time
-----------------------------------------------------------------------------
                                  5.67   slack (MET)


Startpoint: _3440_ (rising edge-triggered flip-flop clocked by clk')
Endpoint: _3720_ (recovery check against rising-edge clock clk)
Path Group: asynchronous
Path Type: max

Fanout     Cap    Slew   Delay    Time   Description
-----------------------------------------------------------------------------
                  0.15    7.00    7.00   clock clk' (rise edge)
                          0.00    7.00   clock network delay (ideal)
                  0.15    0.00    7.00 ^ _3440_/CLK (sky130_fd_sc_hd__dfxtp_2)
                  0.96    1.05    8.05 ^ _3440_/Q (sky130_fd_sc_hd__dfxtp_2)
    54    0.19                           i_spi_reg.falling_edge_detector_sof.rstb (net)
                  0.96    0.00    8.05 ^ _3720_/RESET_B (sky130_fd_sc_hd__dfrtp_2)
                                  8.05   data arrival time

                  0.15   14.00   14.00   clock clk (rise edge)
                          0.00   14.00   clock network delay (ideal)
                         -0.25   13.75   clock uncertainty
                          0.00   13.75   clock reconvergence pessimism
                                 13.75 ^ _3720_/CLK (sky130_fd_sc_hd__dfrtp_2)
                         -0.04   13.71   library recovery time
                                 13.71   data required time
-----------------------------------------------------------------------------
                                 13.71   data required time
                                 -8.05   data arrival time
-----------------------------------------------------------------------------
                                  5.67   slack (MET)


Startpoint: _3440_ (rising edge-triggered flip-flop clocked by clk')
Endpoint: _3721_ (recovery check against rising-edge clock clk)
Path Group: asynchronous
Path Type: max

Fanout     Cap    Slew   Delay    Time   Description
-----------------------------------------------------------------------------
                  0.15    7.00    7.00   clock clk' (rise edge)
                          0.00    7.00   clock network delay (ideal)
                  0.15    0.00    7.00 ^ _3440_/CLK (sky130_fd_sc_hd__dfxtp_2)
                  0.96    1.05    8.05 ^ _3440_/Q (sky130_fd_sc_hd__dfxtp_2)
    54    0.19                           i_spi_reg.falling_edge_detector_sof.rstb (net)
                  0.96    0.00    8.05 ^ _3721_/RESET_B (sky130_fd_sc_hd__dfrtp_2)
                                  8.05   data arrival time

                  0.15   14.00   14.00   clock clk (rise edge)
                          0.00   14.00   clock network delay (ideal)
                         -0.25   13.75   clock uncertainty
                          0.00   13.75   clock reconvergence pessimism
                                 13.75 ^ _3721_/CLK (sky130_fd_sc_hd__dfrtp_2)
                         -0.04   13.71   library recovery time
                                 13.71   data required time
-----------------------------------------------------------------------------
                                 13.71   data required time
                                 -8.05   data arrival time
-----------------------------------------------------------------------------
                                  5.67   slack (MET)


Startpoint: _3440_ (rising edge-triggered flip-flop clocked by clk')
Endpoint: _3722_ (recovery check against rising-edge clock clk)
Path Group: asynchronous
Path Type: max

Fanout     Cap    Slew   Delay    Time   Description
-----------------------------------------------------------------------------
                  0.15    7.00    7.00   clock clk' (rise edge)
                          0.00    7.00   clock network delay (ideal)
                  0.15    0.00    7.00 ^ _3440_/CLK (sky130_fd_sc_hd__dfxtp_2)
                  0.96    1.05    8.05 ^ _3440_/Q (sky130_fd_sc_hd__dfxtp_2)
    54    0.19                           i_spi_reg.falling_edge_detector_sof.rstb (net)
                  0.96    0.00    8.05 ^ _3722_/RESET_B (sky130_fd_sc_hd__dfrtp_2)
                                  8.05   data arrival time

                  0.15   14.00   14.00   clock clk (rise edge)
                          0.00   14.00   clock network delay (ideal)
                         -0.25   13.75   clock uncertainty
                          0.00   13.75   clock reconvergence pessimism
                                 13.75 ^ _3722_/CLK (sky130_fd_sc_hd__dfrtp_2)
                         -0.04   13.71   library recovery time
                                 13.71   data required time
-----------------------------------------------------------------------------
                                 13.71   data required time
                                 -8.05   data arrival time
-----------------------------------------------------------------------------
                                  5.67   slack (MET)


Startpoint: _3440_ (rising edge-triggered flip-flop clocked by clk')
Endpoint: _3723_ (recovery check against rising-edge clock clk)
Path Group: asynchronous
Path Type: max

Fanout     Cap    Slew   Delay    Time   Description
-----------------------------------------------------------------------------
                  0.15    7.00    7.00   clock clk' (rise edge)
                          0.00    7.00   clock network delay (ideal)
                  0.15    0.00    7.00 ^ _3440_/CLK (sky130_fd_sc_hd__dfxtp_2)
                  0.96    1.05    8.05 ^ _3440_/Q (sky130_fd_sc_hd__dfxtp_2)
    54    0.19                           i_spi_reg.falling_edge_detector_sof.rstb (net)
                  0.96    0.00    8.05 ^ _3723_/RESET_B (sky130_fd_sc_hd__dfrtp_2)
                                  8.05   data arrival time

                  0.15   14.00   14.00   clock clk (rise edge)
                          0.00   14.00   clock network delay (ideal)
                         -0.25   13.75   clock uncertainty
                          0.00   13.75   clock reconvergence pessimism
                                 13.75 ^ _3723_/CLK (sky130_fd_sc_hd__dfrtp_2)
                         -0.04   13.71   library recovery time
                                 13.71   data required time
-----------------------------------------------------------------------------
                                 13.71   data required time
                                 -8.05   data arrival time
-----------------------------------------------------------------------------
                                  5.67   slack (MET)


Startpoint: _3440_ (rising edge-triggered flip-flop clocked by clk')
Endpoint: _3724_ (recovery check against rising-edge clock clk)
Path Group: asynchronous
Path Type: max

Fanout     Cap    Slew   Delay    Time   Description
-----------------------------------------------------------------------------
                  0.15    7.00    7.00   clock clk' (rise edge)
                          0.00    7.00   clock network delay (ideal)
                  0.15    0.00    7.00 ^ _3440_/CLK (sky130_fd_sc_hd__dfxtp_2)
                  0.96    1.05    8.05 ^ _3440_/Q (sky130_fd_sc_hd__dfxtp_2)
    54    0.19                           i_spi_reg.falling_edge_detector_sof.rstb (net)
                  0.96    0.00    8.05 ^ _3724_/RESET_B (sky130_fd_sc_hd__dfrtp_2)
                                  8.05   data arrival time

                  0.15   14.00   14.00   clock clk (rise edge)
                          0.00   14.00   clock network delay (ideal)
                         -0.25   13.75   clock uncertainty
                          0.00   13.75   clock reconvergence pessimism
                                 13.75 ^ _3724_/CLK (sky130_fd_sc_hd__dfrtp_2)
                         -0.04   13.71   library recovery time
                                 13.71   data required time
-----------------------------------------------------------------------------
                                 13.71   data required time
                                 -8.05   data arrival time
-----------------------------------------------------------------------------
                                  5.67   slack (MET)


Startpoint: _3440_ (rising edge-triggered flip-flop clocked by clk')
Endpoint: _3725_ (recovery check against rising-edge clock clk)
Path Group: asynchronous
Path Type: max

Fanout     Cap    Slew   Delay    Time   Description
-----------------------------------------------------------------------------
                  0.15    7.00    7.00   clock clk' (rise edge)
                          0.00    7.00   clock network delay (ideal)
                  0.15    0.00    7.00 ^ _3440_/CLK (sky130_fd_sc_hd__dfxtp_2)
                  0.96    1.05    8.05 ^ _3440_/Q (sky130_fd_sc_hd__dfxtp_2)
    54    0.19                           i_spi_reg.falling_edge_detector_sof.rstb (net)
                  0.96    0.00    8.05 ^ _3725_/RESET_B (sky130_fd_sc_hd__dfrtp_2)
                                  8.05   data arrival time

                  0.15   14.00   14.00   clock clk (rise edge)
                          0.00   14.00   clock network delay (ideal)
                         -0.25   13.75   clock uncertainty
                          0.00   13.75   clock reconvergence pessimism
                                 13.75 ^ _3725_/CLK (sky130_fd_sc_hd__dfrtp_2)
                         -0.04   13.71   library recovery time
                                 13.71   data required time
-----------------------------------------------------------------------------
                                 13.71   data required time
                                 -8.05   data arrival time
-----------------------------------------------------------------------------
                                  5.67   slack (MET)


Startpoint: _3440_ (rising edge-triggered flip-flop clocked by clk')
Endpoint: _3726_ (recovery check against rising-edge clock clk)
Path Group: asynchronous
Path Type: max

Fanout     Cap    Slew   Delay    Time   Description
-----------------------------------------------------------------------------
                  0.15    7.00    7.00   clock clk' (rise edge)
                          0.00    7.00   clock network delay (ideal)
                  0.15    0.00    7.00 ^ _3440_/CLK (sky130_fd_sc_hd__dfxtp_2)
                  0.96    1.05    8.05 ^ _3440_/Q (sky130_fd_sc_hd__dfxtp_2)
    54    0.19                           i_spi_reg.falling_edge_detector_sof.rstb (net)
                  0.96    0.00    8.05 ^ _3726_/RESET_B (sky130_fd_sc_hd__dfrtp_2)
                                  8.05   data arrival time

                  0.15   14.00   14.00   clock clk (rise edge)
                          0.00   14.00   clock network delay (ideal)
                         -0.25   13.75   clock uncertainty
                          0.00   13.75   clock reconvergence pessimism
                                 13.75 ^ _3726_/CLK (sky130_fd_sc_hd__dfrtp_2)
                         -0.04   13.71   library recovery time
                                 13.71   data required time
-----------------------------------------------------------------------------
                                 13.71   data required time
                                 -8.05   data arrival time
-----------------------------------------------------------------------------
                                  5.67   slack (MET)


Startpoint: _3440_ (rising edge-triggered flip-flop clocked by clk')
Endpoint: _3727_ (recovery check against rising-edge clock clk)
Path Group: asynchronous
Path Type: max

Fanout     Cap    Slew   Delay    Time   Description
-----------------------------------------------------------------------------
                  0.15    7.00    7.00   clock clk' (rise edge)
                          0.00    7.00   clock network delay (ideal)
                  0.15    0.00    7.00 ^ _3440_/CLK (sky130_fd_sc_hd__dfxtp_2)
                  0.96    1.05    8.05 ^ _3440_/Q (sky130_fd_sc_hd__dfxtp_2)
    54    0.19                           i_spi_reg.falling_edge_detector_sof.rstb (net)
                  0.96    0.00    8.05 ^ _3727_/RESET_B (sky130_fd_sc_hd__dfrtp_2)
                                  8.05   data arrival time

                  0.15   14.00   14.00   clock clk (rise edge)
                          0.00   14.00   clock network delay (ideal)
                         -0.25   13.75   clock uncertainty
                          0.00   13.75   clock reconvergence pessimism
                                 13.75 ^ _3727_/CLK (sky130_fd_sc_hd__dfrtp_2)
                         -0.04   13.71   library recovery time
                                 13.71   data required time
-----------------------------------------------------------------------------
                                 13.71   data required time
                                 -8.05   data arrival time
-----------------------------------------------------------------------------
                                  5.67   slack (MET)


Startpoint: _3440_ (rising edge-triggered flip-flop clocked by clk')
Endpoint: _3728_ (recovery check against rising-edge clock clk)
Path Group: asynchronous
Path Type: max

Fanout     Cap    Slew   Delay    Time   Description
-----------------------------------------------------------------------------
                  0.15    7.00    7.00   clock clk' (rise edge)
                          0.00    7.00   clock network delay (ideal)
                  0.15    0.00    7.00 ^ _3440_/CLK (sky130_fd_sc_hd__dfxtp_2)
                  0.96    1.05    8.05 ^ _3440_/Q (sky130_fd_sc_hd__dfxtp_2)
    54    0.19                           i_spi_reg.falling_edge_detector_sof.rstb (net)
                  0.96    0.00    8.05 ^ _3728_/RESET_B (sky130_fd_sc_hd__dfrtp_2)
                                  8.05   data arrival time

                  0.15   14.00   14.00   clock clk (rise edge)
                          0.00   14.00   clock network delay (ideal)
                         -0.25   13.75   clock uncertainty
                          0.00   13.75   clock reconvergence pessimism
                                 13.75 ^ _3728_/CLK (sky130_fd_sc_hd__dfrtp_2)
                         -0.04   13.71   library recovery time
                                 13.71   data required time
-----------------------------------------------------------------------------
                                 13.71   data required time
                                 -8.05   data arrival time
-----------------------------------------------------------------------------
                                  5.67   slack (MET)


Startpoint: _3440_ (rising edge-triggered flip-flop clocked by clk')
Endpoint: _3729_ (recovery check against rising-edge clock clk)
Path Group: asynchronous
Path Type: max

Fanout     Cap    Slew   Delay    Time   Description
-----------------------------------------------------------------------------
                  0.15    7.00    7.00   clock clk' (rise edge)
                          0.00    7.00   clock network delay (ideal)
                  0.15    0.00    7.00 ^ _3440_/CLK (sky130_fd_sc_hd__dfxtp_2)
                  0.96    1.05    8.05 ^ _3440_/Q (sky130_fd_sc_hd__dfxtp_2)
    54    0.19                           i_spi_reg.falling_edge_detector_sof.rstb (net)
                  0.96    0.00    8.05 ^ _3729_/RESET_B (sky130_fd_sc_hd__dfrtp_2)
                                  8.05   data arrival time

                  0.15   14.00   14.00   clock clk (rise edge)
                          0.00   14.00   clock network delay (ideal)
                         -0.25   13.75   clock uncertainty
                          0.00   13.75   clock reconvergence pessimism
                                 13.75 ^ _3729_/CLK (sky130_fd_sc_hd__dfrtp_2)
                         -0.04   13.71   library recovery time
                                 13.71   data required time
-----------------------------------------------------------------------------
                                 13.71   data required time
                                 -8.05   data arrival time
-----------------------------------------------------------------------------
                                  5.67   slack (MET)


Startpoint: _3440_ (rising edge-triggered flip-flop clocked by clk')
Endpoint: _3730_ (recovery check against rising-edge clock clk)
Path Group: asynchronous
Path Type: max

Fanout     Cap    Slew   Delay    Time   Description
-----------------------------------------------------------------------------
                  0.15    7.00    7.00   clock clk' (rise edge)
                          0.00    7.00   clock network delay (ideal)
                  0.15    0.00    7.00 ^ _3440_/CLK (sky130_fd_sc_hd__dfxtp_2)
                  0.96    1.05    8.05 ^ _3440_/Q (sky130_fd_sc_hd__dfxtp_2)
    54    0.19                           i_spi_reg.falling_edge_detector_sof.rstb (net)
                  0.96    0.00    8.05 ^ _3730_/RESET_B (sky130_fd_sc_hd__dfrtp_2)
                                  8.05   data arrival time

                  0.15   14.00   14.00   clock clk (rise edge)
                          0.00   14.00   clock network delay (ideal)
                         -0.25   13.75   clock uncertainty
                          0.00   13.75   clock reconvergence pessimism
                                 13.75 ^ _3730_/CLK (sky130_fd_sc_hd__dfrtp_2)
                         -0.04   13.71   library recovery time
                                 13.71   data required time
-----------------------------------------------------------------------------
                                 13.71   data required time
                                 -8.05   data arrival time
-----------------------------------------------------------------------------
                                  5.67   slack (MET)


Startpoint: _3440_ (rising edge-triggered flip-flop clocked by clk')
Endpoint: _3731_ (recovery check against rising-edge clock clk)
Path Group: asynchronous
Path Type: max

Fanout     Cap    Slew   Delay    Time   Description
-----------------------------------------------------------------------------
                  0.15    7.00    7.00   clock clk' (rise edge)
                          0.00    7.00   clock network delay (ideal)
                  0.15    0.00    7.00 ^ _3440_/CLK (sky130_fd_sc_hd__dfxtp_2)
                  0.96    1.05    8.05 ^ _3440_/Q (sky130_fd_sc_hd__dfxtp_2)
    54    0.19                           i_spi_reg.falling_edge_detector_sof.rstb (net)
                  0.96    0.00    8.05 ^ _3731_/RESET_B (sky130_fd_sc_hd__dfrtp_2)
                                  8.05   data arrival time

                  0.15   14.00   14.00   clock clk (rise edge)
                          0.00   14.00   clock network delay (ideal)
                         -0.25   13.75   clock uncertainty
                          0.00   13.75   clock reconvergence pessimism
                                 13.75 ^ _3731_/CLK (sky130_fd_sc_hd__dfrtp_2)
                         -0.04   13.71   library recovery time
                                 13.71   data required time
-----------------------------------------------------------------------------
                                 13.71   data required time
                                 -8.05   data arrival time
-----------------------------------------------------------------------------
                                  5.67   slack (MET)


Startpoint: _3440_ (rising edge-triggered flip-flop clocked by clk')
Endpoint: _3732_ (recovery check against rising-edge clock clk)
Path Group: asynchronous
Path Type: max

Fanout     Cap    Slew   Delay    Time   Description
-----------------------------------------------------------------------------
                  0.15    7.00    7.00   clock clk' (rise edge)
                          0.00    7.00   clock network delay (ideal)
                  0.15    0.00    7.00 ^ _3440_/CLK (sky130_fd_sc_hd__dfxtp_2)
                  0.96    1.05    8.05 ^ _3440_/Q (sky130_fd_sc_hd__dfxtp_2)
    54    0.19                           i_spi_reg.falling_edge_detector_sof.rstb (net)
                  0.96    0.00    8.05 ^ _3732_/RESET_B (sky130_fd_sc_hd__dfrtp_2)
                                  8.05   data arrival time

                  0.15   14.00   14.00   clock clk (rise edge)
                          0.00   14.00   clock network delay (ideal)
                         -0.25   13.75   clock uncertainty
                          0.00   13.75   clock reconvergence pessimism
                                 13.75 ^ _3732_/CLK (sky130_fd_sc_hd__dfrtp_2)
                         -0.04   13.71   library recovery time
                                 13.71   data required time
-----------------------------------------------------------------------------
                                 13.71   data required time
                                 -8.05   data arrival time
-----------------------------------------------------------------------------
                                  5.67   slack (MET)


Startpoint: _3440_ (rising edge-triggered flip-flop clocked by clk')
Endpoint: _3733_ (recovery check against rising-edge clock clk)
Path Group: asynchronous
Path Type: max

Fanout     Cap    Slew   Delay    Time   Description
-----------------------------------------------------------------------------
                  0.15    7.00    7.00   clock clk' (rise edge)
                          0.00    7.00   clock network delay (ideal)
                  0.15    0.00    7.00 ^ _3440_/CLK (sky130_fd_sc_hd__dfxtp_2)
                  0.96    1.05    8.05 ^ _3440_/Q (sky130_fd_sc_hd__dfxtp_2)
    54    0.19                           i_spi_reg.falling_edge_detector_sof.rstb (net)
                  0.96    0.00    8.05 ^ _3733_/RESET_B (sky130_fd_sc_hd__dfrtp_2)
                                  8.05   data arrival time

                  0.15   14.00   14.00   clock clk (rise edge)
                          0.00   14.00   clock network delay (ideal)
                         -0.25   13.75   clock uncertainty
                          0.00   13.75   clock reconvergence pessimism
                                 13.75 ^ _3733_/CLK (sky130_fd_sc_hd__dfrtp_2)
                         -0.04   13.71   library recovery time
                                 13.71   data required time
-----------------------------------------------------------------------------
                                 13.71   data required time
                                 -8.05   data arrival time
-----------------------------------------------------------------------------
                                  5.67   slack (MET)


Startpoint: _3440_ (rising edge-triggered flip-flop clocked by clk')
Endpoint: _3734_ (recovery check against rising-edge clock clk)
Path Group: asynchronous
Path Type: max

Fanout     Cap    Slew   Delay    Time   Description
-----------------------------------------------------------------------------
                  0.15    7.00    7.00   clock clk' (rise edge)
                          0.00    7.00   clock network delay (ideal)
                  0.15    0.00    7.00 ^ _3440_/CLK (sky130_fd_sc_hd__dfxtp_2)
                  0.96    1.05    8.05 ^ _3440_/Q (sky130_fd_sc_hd__dfxtp_2)
    54    0.19                           i_spi_reg.falling_edge_detector_sof.rstb (net)
                  0.96    0.00    8.05 ^ _3734_/RESET_B (sky130_fd_sc_hd__dfrtp_2)
                                  8.05   data arrival time

                  0.15   14.00   14.00   clock clk (rise edge)
                          0.00   14.00   clock network delay (ideal)
                         -0.25   13.75   clock uncertainty
                          0.00   13.75   clock reconvergence pessimism
                                 13.75 ^ _3734_/CLK (sky130_fd_sc_hd__dfrtp_2)
                         -0.04   13.71   library recovery time
                                 13.71   data required time
-----------------------------------------------------------------------------
                                 13.71   data required time
                                 -8.05   data arrival time
-----------------------------------------------------------------------------
                                  5.67   slack (MET)


Startpoint: _3440_ (rising edge-triggered flip-flop clocked by clk')
Endpoint: _3735_ (recovery check against rising-edge clock clk)
Path Group: asynchronous
Path Type: max

Fanout     Cap    Slew   Delay    Time   Description
-----------------------------------------------------------------------------
                  0.15    7.00    7.00   clock clk' (rise edge)
                          0.00    7.00   clock network delay (ideal)
                  0.15    0.00    7.00 ^ _3440_/CLK (sky130_fd_sc_hd__dfxtp_2)
                  0.96    1.05    8.05 ^ _3440_/Q (sky130_fd_sc_hd__dfxtp_2)
    54    0.19                           i_spi_reg.falling_edge_detector_sof.rstb (net)
                  0.96    0.00    8.05 ^ _3735_/RESET_B (sky130_fd_sc_hd__dfrtp_2)
                                  8.05   data arrival time

                  0.15   14.00   14.00   clock clk (rise edge)
                          0.00   14.00   clock network delay (ideal)
                         -0.25   13.75   clock uncertainty
                          0.00   13.75   clock reconvergence pessimism
                                 13.75 ^ _3735_/CLK (sky130_fd_sc_hd__dfrtp_2)
                         -0.04   13.71   library recovery time
                                 13.71   data required time
-----------------------------------------------------------------------------
                                 13.71   data required time
                                 -8.05   data arrival time
-----------------------------------------------------------------------------
                                  5.67   slack (MET)


Startpoint: _3440_ (rising edge-triggered flip-flop clocked by clk')
Endpoint: _3736_ (recovery check against rising-edge clock clk)
Path Group: asynchronous
Path Type: max

Fanout     Cap    Slew   Delay    Time   Description
-----------------------------------------------------------------------------
                  0.15    7.00    7.00   clock clk' (rise edge)
                          0.00    7.00   clock network delay (ideal)
                  0.15    0.00    7.00 ^ _3440_/CLK (sky130_fd_sc_hd__dfxtp_2)
                  0.96    1.05    8.05 ^ _3440_/Q (sky130_fd_sc_hd__dfxtp_2)
    54    0.19                           i_spi_reg.falling_edge_detector_sof.rstb (net)
                  0.96    0.00    8.05 ^ _3736_/RESET_B (sky130_fd_sc_hd__dfrtp_2)
                                  8.05   data arrival time

                  0.15   14.00   14.00   clock clk (rise edge)
                          0.00   14.00   clock network delay (ideal)
                         -0.25   13.75   clock uncertainty
                          0.00   13.75   clock reconvergence pessimism
                                 13.75 ^ _3736_/CLK (sky130_fd_sc_hd__dfrtp_2)
                         -0.04   13.71   library recovery time
                                 13.71   data required time
-----------------------------------------------------------------------------
                                 13.71   data required time
                                 -8.05   data arrival time
-----------------------------------------------------------------------------
                                  5.67   slack (MET)


Startpoint: _3440_ (rising edge-triggered flip-flop clocked by clk')
Endpoint: _3737_ (recovery check against rising-edge clock clk)
Path Group: asynchronous
Path Type: max

Fanout     Cap    Slew   Delay    Time   Description
-----------------------------------------------------------------------------
                  0.15    7.00    7.00   clock clk' (rise edge)
                          0.00    7.00   clock network delay (ideal)
                  0.15    0.00    7.00 ^ _3440_/CLK (sky130_fd_sc_hd__dfxtp_2)
                  0.96    1.05    8.05 ^ _3440_/Q (sky130_fd_sc_hd__dfxtp_2)
    54    0.19                           i_spi_reg.falling_edge_detector_sof.rstb (net)
                  0.96    0.00    8.05 ^ _3737_/RESET_B (sky130_fd_sc_hd__dfrtp_2)
                                  8.05   data arrival time

                  0.15   14.00   14.00   clock clk (rise edge)
                          0.00   14.00   clock network delay (ideal)
                         -0.25   13.75   clock uncertainty
                          0.00   13.75   clock reconvergence pessimism
                                 13.75 ^ _3737_/CLK (sky130_fd_sc_hd__dfrtp_2)
                         -0.04   13.71   library recovery time
                                 13.71   data required time
-----------------------------------------------------------------------------
                                 13.71   data required time
                                 -8.05   data arrival time
-----------------------------------------------------------------------------
                                  5.67   slack (MET)


Startpoint: _3440_ (rising edge-triggered flip-flop clocked by clk')
Endpoint: _3738_ (recovery check against rising-edge clock clk)
Path Group: asynchronous
Path Type: max

Fanout     Cap    Slew   Delay    Time   Description
-----------------------------------------------------------------------------
                  0.15    7.00    7.00   clock clk' (rise edge)
                          0.00    7.00   clock network delay (ideal)
                  0.15    0.00    7.00 ^ _3440_/CLK (sky130_fd_sc_hd__dfxtp_2)
                  0.96    1.05    8.05 ^ _3440_/Q (sky130_fd_sc_hd__dfxtp_2)
    54    0.19                           i_spi_reg.falling_edge_detector_sof.rstb (net)
                  0.96    0.00    8.05 ^ _3738_/RESET_B (sky130_fd_sc_hd__dfrtp_2)
                                  8.05   data arrival time

                  0.15   14.00   14.00   clock clk (rise edge)
                          0.00   14.00   clock network delay (ideal)
                         -0.25   13.75   clock uncertainty
                          0.00   13.75   clock reconvergence pessimism
                                 13.75 ^ _3738_/CLK (sky130_fd_sc_hd__dfrtp_2)
                         -0.04   13.71   library recovery time
                                 13.71   data required time
-----------------------------------------------------------------------------
                                 13.71   data required time
                                 -8.05   data arrival time
-----------------------------------------------------------------------------
                                  5.67   slack (MET)


Startpoint: _3440_ (rising edge-triggered flip-flop clocked by clk')
Endpoint: _3739_ (recovery check against rising-edge clock clk)
Path Group: asynchronous
Path Type: max

Fanout     Cap    Slew   Delay    Time   Description
-----------------------------------------------------------------------------
                  0.15    7.00    7.00   clock clk' (rise edge)
                          0.00    7.00   clock network delay (ideal)
                  0.15    0.00    7.00 ^ _3440_/CLK (sky130_fd_sc_hd__dfxtp_2)
                  0.96    1.05    8.05 ^ _3440_/Q (sky130_fd_sc_hd__dfxtp_2)
    54    0.19                           i_spi_reg.falling_edge_detector_sof.rstb (net)
                  0.96    0.00    8.05 ^ _3739_/RESET_B (sky130_fd_sc_hd__dfrtp_2)
                                  8.05   data arrival time

                  0.15   14.00   14.00   clock clk (rise edge)
                          0.00   14.00   clock network delay (ideal)
                         -0.25   13.75   clock uncertainty
                          0.00   13.75   clock reconvergence pessimism
                                 13.75 ^ _3739_/CLK (sky130_fd_sc_hd__dfrtp_2)
                         -0.04   13.71   library recovery time
                                 13.71   data required time
-----------------------------------------------------------------------------
                                 13.71   data required time
                                 -8.05   data arrival time
-----------------------------------------------------------------------------
                                  5.67   slack (MET)


Startpoint: _3440_ (rising edge-triggered flip-flop clocked by clk')
Endpoint: _3740_ (recovery check against rising-edge clock clk)
Path Group: asynchronous
Path Type: max

Fanout     Cap    Slew   Delay    Time   Description
-----------------------------------------------------------------------------
                  0.15    7.00    7.00   clock clk' (rise edge)
                          0.00    7.00   clock network delay (ideal)
                  0.15    0.00    7.00 ^ _3440_/CLK (sky130_fd_sc_hd__dfxtp_2)
                  0.96    1.05    8.05 ^ _3440_/Q (sky130_fd_sc_hd__dfxtp_2)
    54    0.19                           i_spi_reg.falling_edge_detector_sof.rstb (net)
                  0.96    0.00    8.05 ^ _3740_/RESET_B (sky130_fd_sc_hd__dfrtp_2)
                                  8.05   data arrival time

                  0.15   14.00   14.00   clock clk (rise edge)
                          0.00   14.00   clock network delay (ideal)
                         -0.25   13.75   clock uncertainty
                          0.00   13.75   clock reconvergence pessimism
                                 13.75 ^ _3740_/CLK (sky130_fd_sc_hd__dfrtp_2)
                         -0.04   13.71   library recovery time
                                 13.71   data required time
-----------------------------------------------------------------------------
                                 13.71   data required time
                                 -8.05   data arrival time
-----------------------------------------------------------------------------
                                  5.67   slack (MET)


Startpoint: _3440_ (rising edge-triggered flip-flop clocked by clk')
Endpoint: _3741_ (recovery check against rising-edge clock clk)
Path Group: asynchronous
Path Type: max

Fanout     Cap    Slew   Delay    Time   Description
-----------------------------------------------------------------------------
                  0.15    7.00    7.00   clock clk' (rise edge)
                          0.00    7.00   clock network delay (ideal)
                  0.15    0.00    7.00 ^ _3440_/CLK (sky130_fd_sc_hd__dfxtp_2)
                  0.96    1.05    8.05 ^ _3440_/Q (sky130_fd_sc_hd__dfxtp_2)
    54    0.19                           i_spi_reg.falling_edge_detector_sof.rstb (net)
                  0.96    0.00    8.05 ^ _3741_/RESET_B (sky130_fd_sc_hd__dfrtp_2)
                                  8.05   data arrival time

                  0.15   14.00   14.00   clock clk (rise edge)
                          0.00   14.00   clock network delay (ideal)
                         -0.25   13.75   clock uncertainty
                          0.00   13.75   clock reconvergence pessimism
                                 13.75 ^ _3741_/CLK (sky130_fd_sc_hd__dfrtp_2)
                         -0.04   13.71   library recovery time
                                 13.71   data required time
-----------------------------------------------------------------------------
                                 13.71   data required time
                                 -8.05   data arrival time
-----------------------------------------------------------------------------
                                  5.67   slack (MET)


Startpoint: _3440_ (rising edge-triggered flip-flop clocked by clk')
Endpoint: _3742_ (recovery check against rising-edge clock clk)
Path Group: asynchronous
Path Type: max

Fanout     Cap    Slew   Delay    Time   Description
-----------------------------------------------------------------------------
                  0.15    7.00    7.00   clock clk' (rise edge)
                          0.00    7.00   clock network delay (ideal)
                  0.15    0.00    7.00 ^ _3440_/CLK (sky130_fd_sc_hd__dfxtp_2)
                  0.96    1.05    8.05 ^ _3440_/Q (sky130_fd_sc_hd__dfxtp_2)
    54    0.19                           i_spi_reg.falling_edge_detector_sof.rstb (net)
                  0.96    0.00    8.05 ^ _3742_/RESET_B (sky130_fd_sc_hd__dfrtp_2)
                                  8.05   data arrival time

                  0.15   14.00   14.00   clock clk (rise edge)
                          0.00   14.00   clock network delay (ideal)
                         -0.25   13.75   clock uncertainty
                          0.00   13.75   clock reconvergence pessimism
                                 13.75 ^ _3742_/CLK (sky130_fd_sc_hd__dfrtp_2)
                         -0.04   13.71   library recovery time
                                 13.71   data required time
-----------------------------------------------------------------------------
                                 13.71   data required time
                                 -8.05   data arrival time
-----------------------------------------------------------------------------
                                  5.67   slack (MET)


Startpoint: _3440_ (rising edge-triggered flip-flop clocked by clk')
Endpoint: _3743_ (recovery check against rising-edge clock clk)
Path Group: asynchronous
Path Type: max

Fanout     Cap    Slew   Delay    Time   Description
-----------------------------------------------------------------------------
                  0.15    7.00    7.00   clock clk' (rise edge)
                          0.00    7.00   clock network delay (ideal)
                  0.15    0.00    7.00 ^ _3440_/CLK (sky130_fd_sc_hd__dfxtp_2)
                  0.96    1.05    8.05 ^ _3440_/Q (sky130_fd_sc_hd__dfxtp_2)
    54    0.19                           i_spi_reg.falling_edge_detector_sof.rstb (net)
                  0.96    0.00    8.05 ^ _3743_/RESET_B (sky130_fd_sc_hd__dfrtp_2)
                                  8.05   data arrival time

                  0.15   14.00   14.00   clock clk (rise edge)
                          0.00   14.00   clock network delay (ideal)
                         -0.25   13.75   clock uncertainty
                          0.00   13.75   clock reconvergence pessimism
                                 13.75 ^ _3743_/CLK (sky130_fd_sc_hd__dfrtp_2)
                         -0.04   13.71   library recovery time
                                 13.71   data required time
-----------------------------------------------------------------------------
                                 13.71   data required time
                                 -8.05   data arrival time
-----------------------------------------------------------------------------
                                  5.67   slack (MET)


Startpoint: _3440_ (rising edge-triggered flip-flop clocked by clk')
Endpoint: _3744_ (recovery check against rising-edge clock clk)
Path Group: asynchronous
Path Type: max

Fanout     Cap    Slew   Delay    Time   Description
-----------------------------------------------------------------------------
                  0.15    7.00    7.00   clock clk' (rise edge)
                          0.00    7.00   clock network delay (ideal)
                  0.15    0.00    7.00 ^ _3440_/CLK (sky130_fd_sc_hd__dfxtp_2)
                  0.96    1.05    8.05 ^ _3440_/Q (sky130_fd_sc_hd__dfxtp_2)
    54    0.19                           i_spi_reg.falling_edge_detector_sof.rstb (net)
                  0.96    0.00    8.05 ^ _3744_/RESET_B (sky130_fd_sc_hd__dfrtp_2)
                                  8.05   data arrival time

                  0.15   14.00   14.00   clock clk (rise edge)
                          0.00   14.00   clock network delay (ideal)
                         -0.25   13.75   clock uncertainty
                          0.00   13.75   clock reconvergence pessimism
                                 13.75 ^ _3744_/CLK (sky130_fd_sc_hd__dfrtp_2)
                         -0.04   13.71   library recovery time
                                 13.71   data required time
-----------------------------------------------------------------------------
                                 13.71   data required time
                                 -8.05   data arrival time
-----------------------------------------------------------------------------
                                  5.67   slack (MET)


Startpoint: _3440_ (rising edge-triggered flip-flop clocked by clk')
Endpoint: _3745_ (recovery check against rising-edge clock clk)
Path Group: asynchronous
Path Type: max

Fanout     Cap    Slew   Delay    Time   Description
-----------------------------------------------------------------------------
                  0.15    7.00    7.00   clock clk' (rise edge)
                          0.00    7.00   clock network delay (ideal)
                  0.15    0.00    7.00 ^ _3440_/CLK (sky130_fd_sc_hd__dfxtp_2)
                  0.96    1.05    8.05 ^ _3440_/Q (sky130_fd_sc_hd__dfxtp_2)
    54    0.19                           i_spi_reg.falling_edge_detector_sof.rstb (net)
                  0.96    0.00    8.05 ^ _3745_/RESET_B (sky130_fd_sc_hd__dfrtp_2)
                                  8.05   data arrival time

                  0.15   14.00   14.00   clock clk (rise edge)
                          0.00   14.00   clock network delay (ideal)
                         -0.25   13.75   clock uncertainty
                          0.00   13.75   clock reconvergence pessimism
                                 13.75 ^ _3745_/CLK (sky130_fd_sc_hd__dfrtp_2)
                         -0.04   13.71   library recovery time
                                 13.71   data required time
-----------------------------------------------------------------------------
                                 13.71   data required time
                                 -8.05   data arrival time
-----------------------------------------------------------------------------
                                  5.67   slack (MET)


Startpoint: _3440_ (rising edge-triggered flip-flop clocked by clk')
Endpoint: _3746_ (recovery check against rising-edge clock clk)
Path Group: asynchronous
Path Type: max

Fanout     Cap    Slew   Delay    Time   Description
-----------------------------------------------------------------------------
                  0.15    7.00    7.00   clock clk' (rise edge)
                          0.00    7.00   clock network delay (ideal)
                  0.15    0.00    7.00 ^ _3440_/CLK (sky130_fd_sc_hd__dfxtp_2)
                  0.96    1.05    8.05 ^ _3440_/Q (sky130_fd_sc_hd__dfxtp_2)
    54    0.19                           i_spi_reg.falling_edge_detector_sof.rstb (net)
                  0.96    0.00    8.05 ^ _3746_/RESET_B (sky130_fd_sc_hd__dfrtp_2)
                                  8.05   data arrival time

                  0.15   14.00   14.00   clock clk (rise edge)
                          0.00   14.00   clock network delay (ideal)
                         -0.25   13.75   clock uncertainty
                          0.00   13.75   clock reconvergence pessimism
                                 13.75 ^ _3746_/CLK (sky130_fd_sc_hd__dfrtp_2)
                         -0.04   13.71   library recovery time
                                 13.71   data required time
-----------------------------------------------------------------------------
                                 13.71   data required time
                                 -8.05   data arrival time
-----------------------------------------------------------------------------
                                  5.67   slack (MET)


Startpoint: _3440_ (rising edge-triggered flip-flop clocked by clk')
Endpoint: _3747_ (recovery check against rising-edge clock clk)
Path Group: asynchronous
Path Type: max

Fanout     Cap    Slew   Delay    Time   Description
-----------------------------------------------------------------------------
                  0.15    7.00    7.00   clock clk' (rise edge)
                          0.00    7.00   clock network delay (ideal)
                  0.15    0.00    7.00 ^ _3440_/CLK (sky130_fd_sc_hd__dfxtp_2)
                  0.96    1.05    8.05 ^ _3440_/Q (sky130_fd_sc_hd__dfxtp_2)
    54    0.19                           i_spi_reg.falling_edge_detector_sof.rstb (net)
                  0.96    0.00    8.05 ^ _3747_/RESET_B (sky130_fd_sc_hd__dfrtp_2)
                                  8.05   data arrival time

                  0.15   14.00   14.00   clock clk (rise edge)
                          0.00   14.00   clock network delay (ideal)
                         -0.25   13.75   clock uncertainty
                          0.00   13.75   clock reconvergence pessimism
                                 13.75 ^ _3747_/CLK (sky130_fd_sc_hd__dfrtp_2)
                         -0.04   13.71   library recovery time
                                 13.71   data required time
-----------------------------------------------------------------------------
                                 13.71   data required time
                                 -8.05   data arrival time
-----------------------------------------------------------------------------
                                  5.67   slack (MET)


Startpoint: _3440_ (rising edge-triggered flip-flop clocked by clk')
Endpoint: _3748_ (recovery check against rising-edge clock clk)
Path Group: asynchronous
Path Type: max

Fanout     Cap    Slew   Delay    Time   Description
-----------------------------------------------------------------------------
                  0.15    7.00    7.00   clock clk' (rise edge)
                          0.00    7.00   clock network delay (ideal)
                  0.15    0.00    7.00 ^ _3440_/CLK (sky130_fd_sc_hd__dfxtp_2)
                  0.96    1.05    8.05 ^ _3440_/Q (sky130_fd_sc_hd__dfxtp_2)
    54    0.19                           i_spi_reg.falling_edge_detector_sof.rstb (net)
                  0.96    0.00    8.05 ^ _3748_/RESET_B (sky130_fd_sc_hd__dfrtp_2)
                                  8.05   data arrival time

                  0.15   14.00   14.00   clock clk (rise edge)
                          0.00   14.00   clock network delay (ideal)
                         -0.25   13.75   clock uncertainty
                          0.00   13.75   clock reconvergence pessimism
                                 13.75 ^ _3748_/CLK (sky130_fd_sc_hd__dfrtp_2)
                         -0.04   13.71   library recovery time
                                 13.71   data required time
-----------------------------------------------------------------------------
                                 13.71   data required time
                                 -8.05   data arrival time
-----------------------------------------------------------------------------
                                  5.67   slack (MET)


Startpoint: _3440_ (rising edge-triggered flip-flop clocked by clk')
Endpoint: _3749_ (recovery check against rising-edge clock clk)
Path Group: asynchronous
Path Type: max

Fanout     Cap    Slew   Delay    Time   Description
-----------------------------------------------------------------------------
                  0.15    7.00    7.00   clock clk' (rise edge)
                          0.00    7.00   clock network delay (ideal)
                  0.15    0.00    7.00 ^ _3440_/CLK (sky130_fd_sc_hd__dfxtp_2)
                  0.96    1.05    8.05 ^ _3440_/Q (sky130_fd_sc_hd__dfxtp_2)
    54    0.19                           i_spi_reg.falling_edge_detector_sof.rstb (net)
                  0.96    0.00    8.05 ^ _3749_/RESET_B (sky130_fd_sc_hd__dfrtp_2)
                                  8.05   data arrival time

                  0.15   14.00   14.00   clock clk (rise edge)
                          0.00   14.00   clock network delay (ideal)
                         -0.25   13.75   clock uncertainty
                          0.00   13.75   clock reconvergence pessimism
                                 13.75 ^ _3749_/CLK (sky130_fd_sc_hd__dfrtp_2)
                         -0.04   13.71   library recovery time
                                 13.71   data required time
-----------------------------------------------------------------------------
                                 13.71   data required time
                                 -8.05   data arrival time
-----------------------------------------------------------------------------
                                  5.67   slack (MET)


Startpoint: _3440_ (rising edge-triggered flip-flop clocked by clk')
Endpoint: _3750_ (recovery check against rising-edge clock clk)
Path Group: asynchronous
Path Type: max

Fanout     Cap    Slew   Delay    Time   Description
-----------------------------------------------------------------------------
                  0.15    7.00    7.00   clock clk' (rise edge)
                          0.00    7.00   clock network delay (ideal)
                  0.15    0.00    7.00 ^ _3440_/CLK (sky130_fd_sc_hd__dfxtp_2)
                  0.96    1.05    8.05 ^ _3440_/Q (sky130_fd_sc_hd__dfxtp_2)
    54    0.19                           i_spi_reg.falling_edge_detector_sof.rstb (net)
                  0.96    0.00    8.05 ^ _3750_/RESET_B (sky130_fd_sc_hd__dfrtp_2)
                                  8.05   data arrival time

                  0.15   14.00   14.00   clock clk (rise edge)
                          0.00   14.00   clock network delay (ideal)
                         -0.25   13.75   clock uncertainty
                          0.00   13.75   clock reconvergence pessimism
                                 13.75 ^ _3750_/CLK (sky130_fd_sc_hd__dfrtp_2)
                         -0.04   13.71   library recovery time
                                 13.71   data required time
-----------------------------------------------------------------------------
                                 13.71   data required time
                                 -8.05   data arrival time
-----------------------------------------------------------------------------
                                  5.67   slack (MET)


Startpoint: _3440_ (rising edge-triggered flip-flop clocked by clk')
Endpoint: _3751_ (recovery check against rising-edge clock clk)
Path Group: asynchronous
Path Type: max

Fanout     Cap    Slew   Delay    Time   Description
-----------------------------------------------------------------------------
                  0.15    7.00    7.00   clock clk' (rise edge)
                          0.00    7.00   clock network delay (ideal)
                  0.15    0.00    7.00 ^ _3440_/CLK (sky130_fd_sc_hd__dfxtp_2)
                  0.96    1.05    8.05 ^ _3440_/Q (sky130_fd_sc_hd__dfxtp_2)
    54    0.19                           i_spi_reg.falling_edge_detector_sof.rstb (net)
                  0.96    0.00    8.05 ^ _3751_/RESET_B (sky130_fd_sc_hd__dfrtp_2)
                                  8.05   data arrival time

                  0.15   14.00   14.00   clock clk (rise edge)
                          0.00   14.00   clock network delay (ideal)
                         -0.25   13.75   clock uncertainty
                          0.00   13.75   clock reconvergence pessimism
                                 13.75 ^ _3751_/CLK (sky130_fd_sc_hd__dfrtp_2)
                         -0.04   13.71   library recovery time
                                 13.71   data required time
-----------------------------------------------------------------------------
                                 13.71   data required time
                                 -8.05   data arrival time
-----------------------------------------------------------------------------
                                  5.67   slack (MET)


Startpoint: _3440_ (rising edge-triggered flip-flop clocked by clk')
Endpoint: _3752_ (recovery check against rising-edge clock clk)
Path Group: asynchronous
Path Type: max

Fanout     Cap    Slew   Delay    Time   Description
-----------------------------------------------------------------------------
                  0.15    7.00    7.00   clock clk' (rise edge)
                          0.00    7.00   clock network delay (ideal)
                  0.15    0.00    7.00 ^ _3440_/CLK (sky130_fd_sc_hd__dfxtp_2)
                  0.96    1.05    8.05 ^ _3440_/Q (sky130_fd_sc_hd__dfxtp_2)
    54    0.19                           i_spi_reg.falling_edge_detector_sof.rstb (net)
                  0.96    0.00    8.05 ^ _3752_/RESET_B (sky130_fd_sc_hd__dfrtp_2)
                                  8.05   data arrival time

                  0.15   14.00   14.00   clock clk (rise edge)
                          0.00   14.00   clock network delay (ideal)
                         -0.25   13.75   clock uncertainty
                          0.00   13.75   clock reconvergence pessimism
                                 13.75 ^ _3752_/CLK (sky130_fd_sc_hd__dfrtp_2)
                         -0.04   13.71   library recovery time
                                 13.71   data required time
-----------------------------------------------------------------------------
                                 13.71   data required time
                                 -8.05   data arrival time
-----------------------------------------------------------------------------
                                  5.67   slack (MET)


Startpoint: _3440_ (rising edge-triggered flip-flop clocked by clk')
Endpoint: _3753_ (recovery check against rising-edge clock clk)
Path Group: asynchronous
Path Type: max

Fanout     Cap    Slew   Delay    Time   Description
-----------------------------------------------------------------------------
                  0.15    7.00    7.00   clock clk' (rise edge)
                          0.00    7.00   clock network delay (ideal)
                  0.15    0.00    7.00 ^ _3440_/CLK (sky130_fd_sc_hd__dfxtp_2)
                  0.96    1.05    8.05 ^ _3440_/Q (sky130_fd_sc_hd__dfxtp_2)
    54    0.19                           i_spi_reg.falling_edge_detector_sof.rstb (net)
                  0.96    0.00    8.05 ^ _3753_/RESET_B (sky130_fd_sc_hd__dfrtp_2)
                                  8.05   data arrival time

                  0.15   14.00   14.00   clock clk (rise edge)
                          0.00   14.00   clock network delay (ideal)
                         -0.25   13.75   clock uncertainty
                          0.00   13.75   clock reconvergence pessimism
                                 13.75 ^ _3753_/CLK (sky130_fd_sc_hd__dfrtp_2)
                         -0.04   13.71   library recovery time
                                 13.71   data required time
-----------------------------------------------------------------------------
                                 13.71   data required time
                                 -8.05   data arrival time
-----------------------------------------------------------------------------
                                  5.67   slack (MET)


Startpoint: _3440_ (rising edge-triggered flip-flop clocked by clk')
Endpoint: _3756_ (recovery check against rising-edge clock clk)
Path Group: asynchronous
Path Type: max

Fanout     Cap    Slew   Delay    Time   Description
-----------------------------------------------------------------------------
                  0.15    7.00    7.00   clock clk' (rise edge)
                          0.00    7.00   clock network delay (ideal)
                  0.15    0.00    7.00 ^ _3440_/CLK (sky130_fd_sc_hd__dfxtp_2)
                  0.96    1.05    8.05 ^ _3440_/Q (sky130_fd_sc_hd__dfxtp_2)
    54    0.19                           i_spi_reg.falling_edge_detector_sof.rstb (net)
                  0.96    0.00    8.05 ^ _3756_/RESET_B (sky130_fd_sc_hd__dfrtp_2)
                                  8.05   data arrival time

                  0.15   14.00   14.00   clock clk (rise edge)
                          0.00   14.00   clock network delay (ideal)
                         -0.25   13.75   clock uncertainty
                          0.00   13.75   clock reconvergence pessimism
                                 13.75 ^ _3756_/CLK (sky130_fd_sc_hd__dfrtp_2)
                         -0.04   13.71   library recovery time
                                 13.71   data required time
-----------------------------------------------------------------------------
                                 13.71   data required time
                                 -8.05   data arrival time
-----------------------------------------------------------------------------
                                  5.67   slack (MET)


Startpoint: _3440_ (rising edge-triggered flip-flop clocked by clk')
Endpoint: _3754_ (recovery check against rising-edge clock clk)
Path Group: asynchronous
Path Type: max

Fanout     Cap    Slew   Delay    Time   Description
-----------------------------------------------------------------------------
                  0.15    7.00    7.00   clock clk' (rise edge)
                          0.00    7.00   clock network delay (ideal)
                  0.15    0.00    7.00 ^ _3440_/CLK (sky130_fd_sc_hd__dfxtp_2)
                  0.96    1.05    8.05 ^ _3440_/Q (sky130_fd_sc_hd__dfxtp_2)
    54    0.19                           i_spi_reg.falling_edge_detector_sof.rstb (net)
                  0.96    0.00    8.05 ^ _3754_/SET_B (sky130_fd_sc_hd__dfstp_2)
                                  8.05   data arrival time

                  0.15   14.00   14.00   clock clk (rise edge)
                          0.00   14.00   clock network delay (ideal)
                         -0.25   13.75   clock uncertainty
                          0.00   13.75   clock reconvergence pessimism
                                 13.75 ^ _3754_/CLK (sky130_fd_sc_hd__dfstp_2)
                          0.13   13.88   library recovery time
                                 13.88   data required time
-----------------------------------------------------------------------------
                                 13.88   data required time
                                 -8.05   data arrival time
-----------------------------------------------------------------------------
                                  5.83   slack (MET)


Startpoint: _3440_ (rising edge-triggered flip-flop clocked by clk')
Endpoint: _3755_ (recovery check against rising-edge clock clk)
Path Group: asynchronous
Path Type: max

Fanout     Cap    Slew   Delay    Time   Description
-----------------------------------------------------------------------------
                  0.15    7.00    7.00   clock clk' (rise edge)
                          0.00    7.00   clock network delay (ideal)
                  0.15    0.00    7.00 ^ _3440_/CLK (sky130_fd_sc_hd__dfxtp_2)
                  0.96    1.05    8.05 ^ _3440_/Q (sky130_fd_sc_hd__dfxtp_2)
    54    0.19                           i_spi_reg.falling_edge_detector_sof.rstb (net)
                  0.96    0.00    8.05 ^ _3755_/SET_B (sky130_fd_sc_hd__dfstp_2)
                                  8.05   data arrival time

                  0.15   14.00   14.00   clock clk (rise edge)
                          0.00   14.00   clock network delay (ideal)
                         -0.25   13.75   clock uncertainty
                          0.00   13.75   clock reconvergence pessimism
                                 13.75 ^ _3755_/CLK (sky130_fd_sc_hd__dfstp_2)
                          0.13   13.88   library recovery time
                                 13.88   data required time
-----------------------------------------------------------------------------
                                 13.88   data required time
                                 -8.05   data arrival time
-----------------------------------------------------------------------------
                                  5.83   slack (MET)


Startpoint: _3469_ (rising edge-triggered flip-flop clocked by clk)
Endpoint: uio_out[3] (output port clocked by clk)
Path Group: clk
Path Type: max

Fanout     Cap    Slew   Delay    Time   Description
-----------------------------------------------------------------------------
                  0.15    0.00    0.00   clock clk (rise edge)
                          0.00    0.00   clock network delay (ideal)
                  0.15    0.00    0.00 ^ _3469_/CLK (sky130_fd_sc_hd__dfrtp_2)
                  0.07    0.48    0.48 v _3469_/Q (sky130_fd_sc_hd__dfrtp_2)
     4    0.02                           i_spi_reg.state[1] (net)
                  0.07    0.00    0.48 v _1728_/A (sky130_fd_sc_hd__or3_2)
                  0.10    0.53    1.02 v _1728_/X (sky130_fd_sc_hd__or3_2)
     2    0.01                           _1424_ (net)
                  0.10    0.00    1.02 v _1729_/B (sky130_fd_sc_hd__nor2_2)
                  0.37    0.34    1.35 ^ _1729_/Y (sky130_fd_sc_hd__nor2_2)
     1    0.03                           uio_out[3] (net)
                  0.37    0.00    1.35 ^ uio_out[3] (out)
                                  1.35   data arrival time

                  0.15   14.00   14.00   clock clk (rise edge)
                          0.00   14.00   clock network delay (ideal)
                         -0.25   13.75   clock uncertainty
                          0.00   13.75   clock reconvergence pessimism
                         -2.80   10.95   output external delay
                                 10.95   data required time
-----------------------------------------------------------------------------
                                 10.95   data required time
                                 -1.35   data arrival time
-----------------------------------------------------------------------------
                                  9.60   slack (MET)


Startpoint: _3441_ (rising edge-triggered flip-flop clocked by clk)
Endpoint: uo_out[2] (output port clocked by clk)
Path Group: clk
Path Type: max

Fanout     Cap    Slew   Delay    Time   Description
-----------------------------------------------------------------------------
                  0.15    0.00    0.00   clock clk (rise edge)
                          0.00    0.00   clock network delay (ideal)
                  0.15    0.00    0.00 ^ _3441_/CLK (sky130_fd_sc_hd__dfxtp_2)
                  0.17    0.47    0.47 ^ _3441_/Q (sky130_fd_sc_hd__dfxtp_2)
     7    0.03                           user_peripheral.busy (net)
                  0.17    0.00    0.47 ^ _1717_/A (sky130_fd_sc_hd__inv_2)
                  0.10    0.13    0.60 v _1717_/Y (sky130_fd_sc_hd__inv_2)
     7    0.03                           _1416_ (net)
                  0.10    0.00    0.60 v _1719_/A0 (sky130_fd_sc_hd__mux2_2)
                  0.05    0.28    0.88 v _1719_/X (sky130_fd_sc_hd__mux2_2)
     1    0.00                           _1418_ (net)
                  0.05    0.00    0.88 v _1720_/A (sky130_fd_sc_hd__buf_1)
                  0.19    0.23    1.11 v _1720_/X (sky130_fd_sc_hd__buf_1)
     1    0.03                           uo_out[2] (net)
                  0.19    0.00    1.11 v uo_out[2] (out)
                                  1.11   data arrival time

                  0.15   14.00   14.00   clock clk (rise edge)
                          0.00   14.00   clock network delay (ideal)
                         -0.25   13.75   clock uncertainty
                          0.00   13.75   clock reconvergence pessimism
                         -2.80   10.95   output external delay
                                 10.95   data required time
-----------------------------------------------------------------------------
                                 10.95   data required time
                                 -1.11   data arrival time
-----------------------------------------------------------------------------
                                  9.84   slack (MET)


Startpoint: _3706_ (rising edge-triggered flip-flop clocked by clk)
Endpoint: uo_out[3] (output port clocked by clk)
Path Group: clk
Path Type: max

Fanout     Cap    Slew   Delay    Time   Description
-----------------------------------------------------------------------------
                  0.15    0.00    0.00   clock clk (rise edge)
                          0.00    0.00   clock network delay (ideal)
                  0.15    0.00    0.00 ^ _3706_/CLK (sky130_fd_sc_hd__dfxtp_2)
                  0.06    0.38    0.38 ^ _3706_/Q (sky130_fd_sc_hd__dfxtp_2)
     2    0.01                           user_peripheral.auto_irq (net)
                  0.06    0.00    0.38 ^ _1722_/A (sky130_fd_sc_hd__inv_2)
                  0.02    0.04    0.42 v _1722_/Y (sky130_fd_sc_hd__inv_2)
     2    0.01                           _1420_ (net)
                  0.02    0.00    0.42 v _1723_/B (sky130_fd_sc_hd__nand2_2)
                  0.19    0.17    0.59 ^ _1723_/Y (sky130_fd_sc_hd__nand2_2)
     2    0.04                           uio_out[0] (net)
                  0.19    0.00    0.59 ^ _3775_/A (sky130_fd_sc_hd__buf_2)
                  0.17    0.26    0.85 ^ _3775_/X (sky130_fd_sc_hd__buf_2)
     1    0.03                           uo_out[3] (net)
                  0.17    0.00    0.85 ^ uo_out[3] (out)
                                  0.85   data arrival time

                  0.15   14.00   14.00   clock clk (rise edge)
                          0.00   14.00   clock network delay (ideal)
                         -0.25   13.75   clock uncertainty
                          0.00   13.75   clock reconvergence pessimism
                         -2.80   10.95   output external delay
                                 10.95   data required time
-----------------------------------------------------------------------------
                                 10.95   data required time
                                 -0.85   data arrival time
-----------------------------------------------------------------------------
                                 10.10   slack (MET)


Startpoint: _3648_ (rising edge-triggered flip-flop clocked by clk)
Endpoint: uo_out[0] (output port clocked by clk)
Path Group: clk
Path Type: max

Fanout     Cap    Slew   Delay    Time   Description
-----------------------------------------------------------------------------
                  0.15    0.00    0.00   clock clk (rise edge)
                          0.00    0.00   clock network delay (ideal)
                  0.15    0.00    0.00 ^ _3648_/CLK (sky130_fd_sc_hd__dfxtp_2)
                  0.13    0.44    0.44 ^ _3648_/Q (sky130_fd_sc_hd__dfxtp_2)
     3    0.02                           user_peripheral.spi_clk_r (net)
                  0.13    0.00    0.44 ^ _1724_/A (sky130_fd_sc_hd__xor2_2)
                  0.43    0.39    0.83 ^ _1724_/X (sky130_fd_sc_hd__xor2_2)
     1    0.03                           uo_out[0] (net)
                  0.43    0.00    0.83 ^ uo_out[0] (out)
                                  0.83   data arrival time

                  0.15   14.00   14.00   clock clk (rise edge)
                          0.00   14.00   clock network delay (ideal)
                         -0.25   13.75   clock uncertainty
                          0.00   13.75   clock reconvergence pessimism
                         -2.80   10.95   output external delay
                                 10.95   data required time
-----------------------------------------------------------------------------
                                 10.95   data required time
                                 -0.83   data arrival time
-----------------------------------------------------------------------------
                                 10.12   slack (MET)


Startpoint: _3706_ (rising edge-triggered flip-flop clocked by clk)
Endpoint: uio_out[0] (output port clocked by clk)
Path Group: clk
Path Type: max

Fanout     Cap    Slew   Delay    Time   Description
-----------------------------------------------------------------------------
                  0.15    0.00    0.00   clock clk (rise edge)
                          0.00    0.00   clock network delay (ideal)
                  0.15    0.00    0.00 ^ _3706_/CLK (sky130_fd_sc_hd__dfxtp_2)
                  0.06    0.38    0.38 ^ _3706_/Q (sky130_fd_sc_hd__dfxtp_2)
     2    0.01                           user_peripheral.auto_irq (net)
                  0.06    0.00    0.38 ^ _1722_/A (sky130_fd_sc_hd__inv_2)
                  0.02    0.04    0.42 v _1722_/Y (sky130_fd_sc_hd__inv_2)
     2    0.01                           _1420_ (net)
                  0.02    0.00    0.42 v _1723_/B (sky130_fd_sc_hd__nand2_2)
                  0.19    0.17    0.59 ^ _1723_/Y (sky130_fd_sc_hd__nand2_2)
     2    0.04                           uio_out[0] (net)
                  0.19    0.00    0.59 ^ uio_out[0] (out)
                                  0.59   data arrival time

                  0.15   14.00   14.00   clock clk (rise edge)
                          0.00   14.00   clock network delay (ideal)
                         -0.25   13.75   clock uncertainty
                          0.00   13.75   clock reconvergence pessimism
                         -2.80   10.95   output external delay
                                 10.95   data required time
-----------------------------------------------------------------------------
                                 10.95   data required time
                                 -0.59   data arrival time
-----------------------------------------------------------------------------
                                 10.36   slack (MET)


Startpoint: _3550_ (rising edge-triggered flip-flop clocked by clk)
Endpoint: uo_out[1] (output port clocked by clk)
Path Group: clk
Path Type: max

Fanout     Cap    Slew   Delay    Time   Description
-----------------------------------------------------------------------------
                  0.15    0.00    0.00   clock clk (rise edge)
                          0.00    0.00   clock network delay (ideal)
                  0.15    0.00    0.00 ^ _3550_/CLK (sky130_fd_sc_hd__dfxtp_2)
                  0.20    0.49    0.49 ^ _3550_/Q (sky130_fd_sc_hd__dfxtp_2)
     2    0.04                           uo_out[1] (net)
                  0.20    0.00    0.49 ^ uo_out[1] (out)
                                  0.49   data arrival time

                  0.15   14.00   14.00   clock clk (rise edge)
                          0.00   14.00   clock network delay (ideal)
                         -0.25   13.75   clock uncertainty
                          0.00   13.75   clock reconvergence pessimism
                         -2.80   10.95   output external delay
                                 10.95   data required time
-----------------------------------------------------------------------------
                                 10.95   data required time
                                 -0.49   data arrival time
-----------------------------------------------------------------------------
                                 10.46   slack (MET)


Startpoint: ui_in[0] (input port clocked by clk)
Endpoint: _3438_ (rising edge-triggered flip-flop clocked by clk)
Path Group: clk
Path Type: max

Fanout     Cap    Slew   Delay    Time   Description
-----------------------------------------------------------------------------
                  0.15    0.00    0.00   clock clk (rise edge)
                          0.00    0.00   clock network delay (ideal)
                          2.80    2.80 v input external delay
                  0.01    0.00    2.80 v ui_in[0] (in)
     1    0.00                           ui_in[0] (net)
                  0.01    0.00    2.80 v _3438_/D (sky130_fd_sc_hd__dfxtp_2)
                                  2.80   data arrival time

                  0.15   14.00   14.00   clock clk (rise edge)
                          0.00   14.00   clock network delay (ideal)
                         -0.25   13.75   clock uncertainty
                          0.00   13.75   clock reconvergence pessimism
                                 13.75 ^ _3438_/CLK (sky130_fd_sc_hd__dfxtp_2)
                         -0.07   13.68   library setup time
                                 13.68   data required time
-----------------------------------------------------------------------------
                                 13.68   data required time
                                 -2.80   data arrival time
-----------------------------------------------------------------------------
                                 10.88   slack (MET)


Startpoint: uio_in[6] (input port clocked by clk)
Endpoint: _3700_ (rising edge-triggered flip-flop clocked by clk)
Path Group: clk
Path Type: max

Fanout     Cap    Slew   Delay    Time   Description
-----------------------------------------------------------------------------
                  0.15    0.00    0.00   clock clk (rise edge)
                          0.00    0.00   clock network delay (ideal)
                          2.80    2.80 v input external delay
                  0.01    0.00    2.80 v uio_in[6] (in)
     1    0.00                           uio_in[6] (net)
                  0.01    0.00    2.80 v _3700_/D (sky130_fd_sc_hd__dfxtp_2)
                                  2.80   data arrival time

                  0.15   14.00   14.00   clock clk (rise edge)
                          0.00   14.00   clock network delay (ideal)
                         -0.25   13.75   clock uncertainty
                          0.00   13.75   clock reconvergence pessimism
                                 13.75 ^ _3700_/CLK (sky130_fd_sc_hd__dfxtp_2)
                         -0.07   13.68   library setup time
                                 13.68   data required time
-----------------------------------------------------------------------------
                                 13.68   data required time
                                 -2.80   data arrival time
-----------------------------------------------------------------------------
                                 10.88   slack (MET)


Startpoint: uio_in[5] (input port clocked by clk)
Endpoint: _3702_ (rising edge-triggered flip-flop clocked by clk)
Path Group: clk
Path Type: max

Fanout     Cap    Slew   Delay    Time   Description
-----------------------------------------------------------------------------
                  0.15    0.00    0.00   clock clk (rise edge)
                          0.00    0.00   clock network delay (ideal)
                          2.80    2.80 v input external delay
                  0.01    0.00    2.80 v uio_in[5] (in)
     1    0.00                           uio_in[5] (net)
                  0.01    0.00    2.80 v _3702_/D (sky130_fd_sc_hd__dfxtp_2)
                                  2.80   data arrival time

                  0.15   14.00   14.00   clock clk (rise edge)
                          0.00   14.00   clock network delay (ideal)
                         -0.25   13.75   clock uncertainty
                          0.00   13.75   clock reconvergence pessimism
                                 13.75 ^ _3702_/CLK (sky130_fd_sc_hd__dfxtp_2)
                         -0.07   13.68   library setup time
                                 13.68   data required time
-----------------------------------------------------------------------------
                                 13.68   data required time
                                 -2.80   data arrival time
-----------------------------------------------------------------------------
                                 10.88   slack (MET)


Startpoint: uio_in[4] (input port clocked by clk)
Endpoint: _3704_ (rising edge-triggered flip-flop clocked by clk)
Path Group: clk
Path Type: max

Fanout     Cap    Slew   Delay    Time   Description
-----------------------------------------------------------------------------
                  0.15    0.00    0.00   clock clk (rise edge)
                          0.00    0.00   clock network delay (ideal)
                          2.80    2.80 v input external delay
                  0.01    0.00    2.80 v uio_in[4] (in)
     1    0.00                           uio_in[4] (net)
                  0.01    0.00    2.80 v _3704_/D (sky130_fd_sc_hd__dfxtp_2)
                                  2.80   data arrival time

                  0.15   14.00   14.00   clock clk (rise edge)
                          0.00   14.00   clock network delay (ideal)
                         -0.25   13.75   clock uncertainty
                          0.00   13.75   clock reconvergence pessimism
                                 13.75 ^ _3704_/CLK (sky130_fd_sc_hd__dfxtp_2)
                         -0.07   13.68   library setup time
                                 13.68   data required time
-----------------------------------------------------------------------------
                                 13.68   data required time
                                 -2.80   data arrival time
-----------------------------------------------------------------------------
                                 10.88   slack (MET)


Startpoint: _3708_ (rising edge-triggered flip-flop clocked by clk)
Endpoint: _3746_ (rising edge-triggered flip-flop clocked by clk)
Path Group: clk
Path Type: max

Fanout     Cap    Slew   Delay    Time   Description
-----------------------------------------------------------------------------
                  0.15    0.00    0.00   clock clk (rise edge)
                          0.00    0.00   clock network delay (ideal)
                  0.15    0.00    0.00 ^ _3708_/CLK (sky130_fd_sc_hd__dfrtp_2)
                  0.04    0.44    0.44 v _3708_/Q (sky130_fd_sc_hd__dfrtp_2)
     2    0.00                           i_spi_reg.falling_edge_detector_spi_clk.data_dly (net)
                  0.04    0.00    0.44 v _3225_/B (sky130_fd_sc_hd__or3b_2)
                  0.07    0.44    0.88 v _3225_/X (sky130_fd_sc_hd__or3b_2)
     1    0.00                           _1250_ (net)
                  0.07    0.00    0.88 v _3226_/A (sky130_fd_sc_hd__buf_1)
                  0.11    0.18    1.06 v _3226_/X (sky130_fd_sc_hd__buf_1)
     5    0.02                           _1251_ (net)
                  0.11    0.00    1.06 v _3407_/B (sky130_fd_sc_hd__nor2_2)
                  0.14    0.16    1.22 ^ _3407_/Y (sky130_fd_sc_hd__nor2_2)
     3    0.01                           _1398_ (net)
                  0.14    0.00    1.22 ^ _3410_/A (sky130_fd_sc_hd__nand2_2)
                  0.08    0.11    1.33 v _3410_/Y (sky130_fd_sc_hd__nand2_2)
     5    0.02                           _1400_ (net)
                  0.08    0.00    1.33 v _3415_/C (sky130_fd_sc_hd__or3_2)
                  0.07    0.42    1.75 v _3415_/X (sky130_fd_sc_hd__or3_2)
     1    0.00                           _1403_ (net)
                  0.07    0.00    1.75 v _3417_/A (sky130_fd_sc_hd__and3_2)
                  0.03    0.18    1.93 v _3417_/X (sky130_fd_sc_hd__and3_2)
     1    0.00                           _1405_ (net)
                  0.03    0.00    1.93 v _3418_/A (sky130_fd_sc_hd__buf_2)
                  0.02    0.11    2.04 v _3418_/X (sky130_fd_sc_hd__buf_2)
     1    0.00                           _0299_ (net)
                  0.02    0.00    2.04 v _3746_/D (sky130_fd_sc_hd__dfrtp_2)
                                  2.04   data arrival time

                  0.15   14.00   14.00   clock clk (rise edge)
                          0.00   14.00   clock network delay (ideal)
                         -0.25   13.75   clock uncertainty
                          0.00   13.75   clock reconvergence pessimism
                                 13.75 ^ _3746_/CLK (sky130_fd_sc_hd__dfrtp_2)
                         -0.08   13.67   library setup time
                                 13.67   data required time
-----------------------------------------------------------------------------
                                 13.67   data required time
                                 -2.04   data arrival time
-----------------------------------------------------------------------------
                                 11.63   slack (MET)


Startpoint: _3469_ (rising edge-triggered flip-flop clocked by clk)
Endpoint: _3728_ (rising edge-triggered flip-flop clocked by clk)
Path Group: clk
Path Type: max

Fanout     Cap    Slew   Delay    Time   Description
-----------------------------------------------------------------------------
                  0.15    0.00    0.00   clock clk (rise edge)
                          0.00    0.00   clock network delay (ideal)
                  0.15    0.00    0.00 ^ _3469_/CLK (sky130_fd_sc_hd__dfrtp_2)
                  0.07    0.48    0.48 v _3469_/Q (sky130_fd_sc_hd__dfrtp_2)
     4    0.02                           i_spi_reg.state[1] (net)
                  0.07    0.00    0.48 v _1952_/A (sky130_fd_sc_hd__nor2_4)
                  0.36    0.34    0.83 ^ _1952_/Y (sky130_fd_sc_hd__nor2_4)
    12    0.06                           _1618_ (net)
                  0.36    0.00    0.83 ^ _1956_/A (sky130_fd_sc_hd__inv_2)
                  0.11    0.14    0.96 v _1956_/Y (sky130_fd_sc_hd__inv_2)
     9    0.02                           _1622_ (net)
                  0.11    0.00    0.96 v _1967_/B (sky130_fd_sc_hd__nor2_2)
                  0.15    0.17    1.13 ^ _1967_/Y (sky130_fd_sc_hd__nor2_2)
     4    0.01                           _1631_ (net)
                  0.15    0.00    1.13 ^ _1968_/A (sky130_fd_sc_hd__inv_2)
                  0.06    0.08    1.21 v _1968_/Y (sky130_fd_sc_hd__inv_2)
     9    0.01                           _1632_ (net)
                  0.06    0.00    1.21 v _3344_/A (sky130_fd_sc_hd__or3b_2)
                  0.07    0.48    1.68 v _3344_/X (sky130_fd_sc_hd__or3b_2)
     1    0.00                           _1350_ (net)
                  0.07    0.00    1.68 v _3345_/A2 (sky130_fd_sc_hd__a21o_2)
                  0.04    0.23    1.92 v _3345_/X (sky130_fd_sc_hd__a21o_2)
     1    0.00                           _1351_ (net)
                  0.04    0.00    1.92 v _3346_/B1 (sky130_fd_sc_hd__o21ai_2)
                  0.08    0.04    1.96 ^ _3346_/Y (sky130_fd_sc_hd__o21ai_2)
     1    0.00                           _0281_ (net)
                  0.08    0.00    1.96 ^ _3728_/D (sky130_fd_sc_hd__dfrtp_2)
                                  1.96   data arrival time

                  0.15   14.00   14.00   clock clk (rise edge)
                          0.00   14.00   clock network delay (ideal)
                         -0.25   13.75   clock uncertainty
                          0.00   13.75   clock reconvergence pessimism
                                 13.75 ^ _3728_/CLK (sky130_fd_sc_hd__dfrtp_2)
                         -0.06   13.69   library setup time
                                 13.69   data required time
-----------------------------------------------------------------------------
                                 13.69   data required time
                                 -1.96   data arrival time
-----------------------------------------------------------------------------
                                 11.73   slack (MET)


Startpoint: _3469_ (rising edge-triggered flip-flop clocked by clk)
Endpoint: _3730_ (rising edge-triggered flip-flop clocked by clk)
Path Group: clk
Path Type: max

Fanout     Cap    Slew   Delay    Time   Description
-----------------------------------------------------------------------------
                  0.15    0.00    0.00   clock clk (rise edge)
                          0.00    0.00   clock network delay (ideal)
                  0.15    0.00    0.00 ^ _3469_/CLK (sky130_fd_sc_hd__dfrtp_2)
                  0.07    0.48    0.48 v _3469_/Q (sky130_fd_sc_hd__dfrtp_2)
     4    0.02                           i_spi_reg.state[1] (net)
                  0.07    0.00    0.48 v _1952_/A (sky130_fd_sc_hd__nor2_4)
                  0.36    0.34    0.83 ^ _1952_/Y (sky130_fd_sc_hd__nor2_4)
    12    0.06                           _1618_ (net)
                  0.36    0.00    0.83 ^ _1956_/A (sky130_fd_sc_hd__inv_2)
                  0.11    0.14    0.96 v _1956_/Y (sky130_fd_sc_hd__inv_2)
     9    0.02                           _1622_ (net)
                  0.11    0.00    0.96 v _1967_/B (sky130_fd_sc_hd__nor2_2)
                  0.15    0.17    1.13 ^ _1967_/Y (sky130_fd_sc_hd__nor2_2)
     4    0.01                           _1631_ (net)
                  0.15    0.00    1.13 ^ _1968_/A (sky130_fd_sc_hd__inv_2)
                  0.06    0.08    1.21 v _1968_/Y (sky130_fd_sc_hd__inv_2)
     9    0.01                           _1632_ (net)
                  0.06    0.00    1.21 v _3353_/A (sky130_fd_sc_hd__or3b_2)
                  0.07    0.48    1.68 v _3353_/X (sky130_fd_sc_hd__or3b_2)
     1    0.00                           _1357_ (net)
                  0.07    0.00    1.68 v _3354_/A2 (sky130_fd_sc_hd__a21o_2)
                  0.04    0.23    1.92 v _3354_/X (sky130_fd_sc_hd__a21o_2)
     1    0.00                           _1358_ (net)
                  0.04    0.00    1.92 v _3355_/B1 (sky130_fd_sc_hd__o21ai_2)
                  0.08    0.04    1.96 ^ _3355_/Y (sky130_fd_sc_hd__o21ai_2)
     1    0.00                           _0283_ (net)
                  0.08    0.00    1.96 ^ _3730_/D (sky130_fd_sc_hd__dfrtp_2)
                                  1.96   data arrival time

                  0.15   14.00   14.00   clock clk (rise edge)
                          0.00   14.00   clock network delay (ideal)
                         -0.25   13.75   clock uncertainty
                          0.00   13.75   clock reconvergence pessimism
                                 13.75 ^ _3730_/CLK (sky130_fd_sc_hd__dfrtp_2)
                         -0.06   13.69   library setup time
                                 13.69   data required time
-----------------------------------------------------------------------------
                                 13.69   data required time
                                 -1.96   data arrival time
-----------------------------------------------------------------------------
                                 11.73   slack (MET)


Startpoint: _3469_ (rising edge-triggered flip-flop clocked by clk)
Endpoint: _3733_ (rising edge-triggered flip-flop clocked by clk)
Path Group: clk
Path Type: max

Fanout     Cap    Slew   Delay    Time   Description
-----------------------------------------------------------------------------
                  0.15    0.00    0.00   clock clk (rise edge)
                          0.00    0.00   clock network delay (ideal)
                  0.15    0.00    0.00 ^ _3469_/CLK (sky130_fd_sc_hd__dfrtp_2)
                  0.07    0.48    0.48 v _3469_/Q (sky130_fd_sc_hd__dfrtp_2)
     4    0.02                           i_spi_reg.state[1] (net)
                  0.07    0.00    0.48 v _1952_/A (sky130_fd_sc_hd__nor2_4)
                  0.36    0.34    0.83 ^ _1952_/Y (sky130_fd_sc_hd__nor2_4)
    12    0.06                           _1618_ (net)
                  0.36    0.00    0.83 ^ _1956_/A (sky130_fd_sc_hd__inv_2)
                  0.11    0.14    0.96 v _1956_/Y (sky130_fd_sc_hd__inv_2)
     9    0.02                           _1622_ (net)
                  0.11    0.00    0.96 v _1967_/B (sky130_fd_sc_hd__nor2_2)
                  0.15    0.17    1.13 ^ _1967_/Y (sky130_fd_sc_hd__nor2_2)
     4    0.01                           _1631_ (net)
                  0.15    0.00    1.13 ^ _1968_/A (sky130_fd_sc_hd__inv_2)
                  0.06    0.08    1.21 v _1968_/Y (sky130_fd_sc_hd__inv_2)
     9    0.01                           _1632_ (net)
                  0.06    0.00    1.21 v _3365_/A (sky130_fd_sc_hd__or3b_2)
                  0.07    0.48    1.68 v _3365_/X (sky130_fd_sc_hd__or3b_2)
     1    0.00                           _1366_ (net)
                  0.07    0.00    1.68 v _3366_/A2 (sky130_fd_sc_hd__a21o_2)
                  0.04    0.23    1.92 v _3366_/X (sky130_fd_sc_hd__a21o_2)
     1    0.00                           _1367_ (net)
                  0.04    0.00    1.92 v _3367_/B1 (sky130_fd_sc_hd__o21ai_2)
                  0.08    0.04    1.96 ^ _3367_/Y (sky130_fd_sc_hd__o21ai_2)
     1    0.00                           _0286_ (net)
                  0.08    0.00    1.96 ^ _3733_/D (sky130_fd_sc_hd__dfrtp_2)
                                  1.96   data arrival time

                  0.15   14.00   14.00   clock clk (rise edge)
                          0.00   14.00   clock network delay (ideal)
                         -0.25   13.75   clock uncertainty
                          0.00   13.75   clock reconvergence pessimism
                                 13.75 ^ _3733_/CLK (sky130_fd_sc_hd__dfrtp_2)
                         -0.06   13.69   library setup time
                                 13.69   data required time
-----------------------------------------------------------------------------
                                 13.69   data required time
                                 -1.96   data arrival time
-----------------------------------------------------------------------------
                                 11.73   slack (MET)


Startpoint: _3469_ (rising edge-triggered flip-flop clocked by clk)
Endpoint: _3734_ (rising edge-triggered flip-flop clocked by clk)
Path Group: clk
Path Type: max

Fanout     Cap    Slew   Delay    Time   Description
-----------------------------------------------------------------------------
                  0.15    0.00    0.00   clock clk (rise edge)
                          0.00    0.00   clock network delay (ideal)
                  0.15    0.00    0.00 ^ _3469_/CLK (sky130_fd_sc_hd__dfrtp_2)
                  0.07    0.48    0.48 v _3469_/Q (sky130_fd_sc_hd__dfrtp_2)
     4    0.02                           i_spi_reg.state[1] (net)
                  0.07    0.00    0.48 v _1952_/A (sky130_fd_sc_hd__nor2_4)
                  0.36    0.34    0.83 ^ _1952_/Y (sky130_fd_sc_hd__nor2_4)
    12    0.06                           _1618_ (net)
                  0.36    0.00    0.83 ^ _1956_/A (sky130_fd_sc_hd__inv_2)
                  0.11    0.14    0.96 v _1956_/Y (sky130_fd_sc_hd__inv_2)
     9    0.02                           _1622_ (net)
                  0.11    0.00    0.96 v _1967_/B (sky130_fd_sc_hd__nor2_2)
                  0.15    0.17    1.13 ^ _1967_/Y (sky130_fd_sc_hd__nor2_2)
     4    0.01                           _1631_ (net)
                  0.15    0.00    1.13 ^ _1968_/A (sky130_fd_sc_hd__inv_2)
                  0.06    0.08    1.21 v _1968_/Y (sky130_fd_sc_hd__inv_2)
     9    0.01                           _1632_ (net)
                  0.06    0.00    1.21 v _3369_/A (sky130_fd_sc_hd__or3b_2)
                  0.07    0.48    1.68 v _3369_/X (sky130_fd_sc_hd__or3b_2)
     1    0.00                           _1369_ (net)
                  0.07    0.00    1.68 v _3370_/A2 (sky130_fd_sc_hd__a21o_2)
                  0.04    0.23    1.92 v _3370_/X (sky130_fd_sc_hd__a21o_2)
     1    0.00                           _1370_ (net)
                  0.04    0.00    1.92 v _3371_/B1 (sky130_fd_sc_hd__o21ai_2)
                  0.08    0.04    1.96 ^ _3371_/Y (sky130_fd_sc_hd__o21ai_2)
     1    0.00                           _0287_ (net)
                  0.08    0.00    1.96 ^ _3734_/D (sky130_fd_sc_hd__dfrtp_2)
                                  1.96   data arrival time

                  0.15   14.00   14.00   clock clk (rise edge)
                          0.00   14.00   clock network delay (ideal)
                         -0.25   13.75   clock uncertainty
                          0.00   13.75   clock reconvergence pessimism
                                 13.75 ^ _3734_/CLK (sky130_fd_sc_hd__dfrtp_2)
                         -0.06   13.69   library setup time
                                 13.69   data required time
-----------------------------------------------------------------------------
                                 13.69   data required time
                                 -1.96   data arrival time
-----------------------------------------------------------------------------
                                 11.73   slack (MET)


Startpoint: _3469_ (rising edge-triggered flip-flop clocked by clk)
Endpoint: _3737_ (rising edge-triggered flip-flop clocked by clk)
Path Group: clk
Path Type: max

Fanout     Cap    Slew   Delay    Time   Description
-----------------------------------------------------------------------------
                  0.15    0.00    0.00   clock clk (rise edge)
                          0.00    0.00   clock network delay (ideal)
                  0.15    0.00    0.00 ^ _3469_/CLK (sky130_fd_sc_hd__dfrtp_2)
                  0.07    0.48    0.48 v _3469_/Q (sky130_fd_sc_hd__dfrtp_2)
     4    0.02                           i_spi_reg.state[1] (net)
                  0.07    0.00    0.48 v _1952_/A (sky130_fd_sc_hd__nor2_4)
                  0.36    0.34    0.83 ^ _1952_/Y (sky130_fd_sc_hd__nor2_4)
    12    0.06                           _1618_ (net)
                  0.36    0.00    0.83 ^ _1956_/A (sky130_fd_sc_hd__inv_2)
                  0.11    0.14    0.96 v _1956_/Y (sky130_fd_sc_hd__inv_2)
     9    0.02                           _1622_ (net)
                  0.11    0.00    0.96 v _1967_/B (sky130_fd_sc_hd__nor2_2)
                  0.15    0.17    1.13 ^ _1967_/Y (sky130_fd_sc_hd__nor2_2)
     4    0.01                           _1631_ (net)
                  0.15    0.00    1.13 ^ _1968_/A (sky130_fd_sc_hd__inv_2)
                  0.06    0.08    1.21 v _1968_/Y (sky130_fd_sc_hd__inv_2)
     9    0.01                           _1632_ (net)
                  0.06    0.00    1.21 v _3381_/A (sky130_fd_sc_hd__or3b_2)
                  0.07    0.48    1.68 v _3381_/X (sky130_fd_sc_hd__or3b_2)
     1    0.00                           _1378_ (net)
                  0.07    0.00    1.68 v _3382_/A2 (sky130_fd_sc_hd__a21o_2)
                  0.04    0.23    1.92 v _3382_/X (sky130_fd_sc_hd__a21o_2)
     1    0.00                           _1379_ (net)
                  0.04    0.00    1.92 v _3383_/B1 (sky130_fd_sc_hd__o21ai_2)
                  0.08    0.04    1.96 ^ _3383_/Y (sky130_fd_sc_hd__o21ai_2)
     1    0.00                           _0290_ (net)
                  0.08    0.00    1.96 ^ _3737_/D (sky130_fd_sc_hd__dfrtp_2)
                                  1.96   data arrival time

                  0.15   14.00   14.00   clock clk (rise edge)
                          0.00   14.00   clock network delay (ideal)
                         -0.25   13.75   clock uncertainty
                          0.00   13.75   clock reconvergence pessimism
                                 13.75 ^ _3737_/CLK (sky130_fd_sc_hd__dfrtp_2)
                         -0.06   13.69   library setup time
                                 13.69   data required time
-----------------------------------------------------------------------------
                                 13.69   data required time
                                 -1.96   data arrival time
-----------------------------------------------------------------------------
                                 11.73   slack (MET)


Startpoint: _3469_ (rising edge-triggered flip-flop clocked by clk)
Endpoint: _3726_ (rising edge-triggered flip-flop clocked by clk)
Path Group: clk
Path Type: max

Fanout     Cap    Slew   Delay    Time   Description
-----------------------------------------------------------------------------
                  0.15    0.00    0.00   clock clk (rise edge)
                          0.00    0.00   clock network delay (ideal)
                  0.15    0.00    0.00 ^ _3469_/CLK (sky130_fd_sc_hd__dfrtp_2)
                  0.07    0.48    0.48 v _3469_/Q (sky130_fd_sc_hd__dfrtp_2)
     4    0.02                           i_spi_reg.state[1] (net)
                  0.07    0.00    0.48 v _1952_/A (sky130_fd_sc_hd__nor2_4)
                  0.36    0.34    0.83 ^ _1952_/Y (sky130_fd_sc_hd__nor2_4)
    12    0.06                           _1618_ (net)
                  0.36    0.00    0.83 ^ _1956_/A (sky130_fd_sc_hd__inv_2)
                  0.11    0.14    0.96 v _1956_/Y (sky130_fd_sc_hd__inv_2)
     9    0.02                           _1622_ (net)
                  0.11    0.00    0.96 v _1967_/B (sky130_fd_sc_hd__nor2_2)
                  0.15    0.17    1.13 ^ _1967_/Y (sky130_fd_sc_hd__nor2_2)
     4    0.01                           _1631_ (net)
                  0.15    0.00    1.13 ^ _1968_/A (sky130_fd_sc_hd__inv_2)
                  0.06    0.08    1.21 v _1968_/Y (sky130_fd_sc_hd__inv_2)
     9    0.01                           _1632_ (net)
                  0.06    0.00    1.21 v _3335_/A (sky130_fd_sc_hd__or3b_2)
                  0.08    0.50    1.70 v _3335_/X (sky130_fd_sc_hd__or3b_2)
     1    0.00                           _1343_ (net)
                  0.08    0.00    1.70 v _3336_/A2 (sky130_fd_sc_hd__a21oi_2)
                  0.08    0.14    1.85 ^ _3336_/Y (sky130_fd_sc_hd__a21oi_2)
     1    0.00                           _1344_ (net)
                  0.08    0.00    1.85 ^ _3337_/B1 (sky130_fd_sc_hd__a21o_2)
                  0.03    0.09    1.94 ^ _3337_/X (sky130_fd_sc_hd__a21o_2)
     1    0.00                           _0279_ (net)
                  0.03    0.00    1.94 ^ _3726_/D (sky130_fd_sc_hd__dfrtp_2)
                                  1.94   data arrival time

                  0.15   14.00   14.00   clock clk (rise edge)
                          0.00   14.00   clock network delay (ideal)
                         -0.25   13.75   clock uncertainty
                          0.00   13.75   clock reconvergence pessimism
                                 13.75 ^ _3726_/CLK (sky130_fd_sc_hd__dfrtp_2)
                         -0.04   13.71   library setup time
                                 13.71   data required time
-----------------------------------------------------------------------------
                                 13.71   data required time
                                 -1.94   data arrival time
-----------------------------------------------------------------------------
                                 11.77   slack (MET)


Startpoint: _3469_ (rising edge-triggered flip-flop clocked by clk)
Endpoint: _3727_ (rising edge-triggered flip-flop clocked by clk)
Path Group: clk
Path Type: max

Fanout     Cap    Slew   Delay    Time   Description
-----------------------------------------------------------------------------
                  0.15    0.00    0.00   clock clk (rise edge)
                          0.00    0.00   clock network delay (ideal)
                  0.15    0.00    0.00 ^ _3469_/CLK (sky130_fd_sc_hd__dfrtp_2)
                  0.07    0.48    0.48 v _3469_/Q (sky130_fd_sc_hd__dfrtp_2)
     4    0.02                           i_spi_reg.state[1] (net)
                  0.07    0.00    0.48 v _1952_/A (sky130_fd_sc_hd__nor2_4)
                  0.36    0.34    0.83 ^ _1952_/Y (sky130_fd_sc_hd__nor2_4)
    12    0.06                           _1618_ (net)
                  0.36    0.00    0.83 ^ _1956_/A (sky130_fd_sc_hd__inv_2)
                  0.11    0.14    0.96 v _1956_/Y (sky130_fd_sc_hd__inv_2)
     9    0.02                           _1622_ (net)
                  0.11    0.00    0.96 v _1967_/B (sky130_fd_sc_hd__nor2_2)
                  0.15    0.17    1.13 ^ _1967_/Y (sky130_fd_sc_hd__nor2_2)
     4    0.01                           _1631_ (net)
                  0.15    0.00    1.13 ^ _1968_/A (sky130_fd_sc_hd__inv_2)
                  0.06    0.08    1.21 v _1968_/Y (sky130_fd_sc_hd__inv_2)
     9    0.01                           _1632_ (net)
                  0.06    0.00    1.21 v _3339_/A (sky130_fd_sc_hd__or3b_2)
                  0.08    0.50    1.70 v _3339_/X (sky130_fd_sc_hd__or3b_2)
     1    0.00                           _1346_ (net)
                  0.08    0.00    1.70 v _3340_/A2 (sky130_fd_sc_hd__a21oi_2)
                  0.08    0.14    1.85 ^ _3340_/Y (sky130_fd_sc_hd__a21oi_2)
     1    0.00                           _1347_ (net)
                  0.08    0.00    1.85 ^ _3341_/B1 (sky130_fd_sc_hd__a21o_2)
                  0.03    0.09    1.94 ^ _3341_/X (sky130_fd_sc_hd__a21o_2)
     1    0.00                           _0280_ (net)
                  0.03    0.00    1.94 ^ _3727_/D (sky130_fd_sc_hd__dfrtp_2)
                                  1.94   data arrival time

                  0.15   14.00   14.00   clock clk (rise edge)
                          0.00   14.00   clock network delay (ideal)
                         -0.25   13.75   clock uncertainty
                          0.00   13.75   clock reconvergence pessimism
                                 13.75 ^ _3727_/CLK (sky130_fd_sc_hd__dfrtp_2)
                         -0.04   13.71   library setup time
                                 13.71   data required time
-----------------------------------------------------------------------------
                                 13.71   data required time
                                 -1.94   data arrival time
-----------------------------------------------------------------------------
                                 11.77   slack (MET)


Startpoint: _3469_ (rising edge-triggered flip-flop clocked by clk)
Endpoint: _3732_ (rising edge-triggered flip-flop clocked by clk)
Path Group: clk
Path Type: max

Fanout     Cap    Slew   Delay    Time   Description
-----------------------------------------------------------------------------
                  0.15    0.00    0.00   clock clk (rise edge)
                          0.00    0.00   clock network delay (ideal)
                  0.15    0.00    0.00 ^ _3469_/CLK (sky130_fd_sc_hd__dfrtp_2)
                  0.07    0.48    0.48 v _3469_/Q (sky130_fd_sc_hd__dfrtp_2)
     4    0.02                           i_spi_reg.state[1] (net)
                  0.07    0.00    0.48 v _1952_/A (sky130_fd_sc_hd__nor2_4)
                  0.36    0.34    0.83 ^ _1952_/Y (sky130_fd_sc_hd__nor2_4)
    12    0.06                           _1618_ (net)
                  0.36    0.00    0.83 ^ _1956_/A (sky130_fd_sc_hd__inv_2)
                  0.11    0.14    0.96 v _1956_/Y (sky130_fd_sc_hd__inv_2)
     9    0.02                           _1622_ (net)
                  0.11    0.00    0.96 v _1967_/B (sky130_fd_sc_hd__nor2_2)
                  0.15    0.17    1.13 ^ _1967_/Y (sky130_fd_sc_hd__nor2_2)
     4    0.01                           _1631_ (net)
                  0.15    0.00    1.13 ^ _1968_/A (sky130_fd_sc_hd__inv_2)
                  0.06    0.08    1.21 v _1968_/Y (sky130_fd_sc_hd__inv_2)
     9    0.01                           _1632_ (net)
                  0.06    0.00    1.21 v _3361_/A (sky130_fd_sc_hd__or3b_2)
                  0.08    0.50    1.70 v _3361_/X (sky130_fd_sc_hd__or3b_2)
     1    0.00                           _1363_ (net)
                  0.08    0.00    1.70 v _3362_/A2 (sky130_fd_sc_hd__a21oi_2)
                  0.08    0.14    1.85 ^ _3362_/Y (sky130_fd_sc_hd__a21oi_2)
     1    0.00                           _1364_ (net)
                  0.08    0.00    1.85 ^ _3363_/B1 (sky130_fd_sc_hd__a21o_2)
                  0.03    0.09    1.94 ^ _3363_/X (sky130_fd_sc_hd__a21o_2)
     1    0.00                           _0285_ (net)
                  0.03    0.00    1.94 ^ _3732_/D (sky130_fd_sc_hd__dfrtp_2)
                                  1.94   data arrival time

                  0.15   14.00   14.00   clock clk (rise edge)
                          0.00   14.00   clock network delay (ideal)
                         -0.25   13.75   clock uncertainty
                          0.00   13.75   clock reconvergence pessimism
                                 13.75 ^ _3732_/CLK (sky130_fd_sc_hd__dfrtp_2)
                         -0.04   13.71   library setup time
                                 13.71   data required time
-----------------------------------------------------------------------------
                                 13.71   data required time
                                 -1.94   data arrival time
-----------------------------------------------------------------------------
                                 11.77   slack (MET)


Startpoint: _3708_ (rising edge-triggered flip-flop clocked by clk)
Endpoint: _3713_ (rising edge-triggered flip-flop clocked by clk)
Path Group: clk
Path Type: max

Fanout     Cap    Slew   Delay    Time   Description
-----------------------------------------------------------------------------
                  0.15    0.00    0.00   clock clk (rise edge)
                          0.00    0.00   clock network delay (ideal)
                  0.15    0.00    0.00 ^ _3708_/CLK (sky130_fd_sc_hd__dfrtp_2)
                  0.04    0.44    0.44 v _3708_/Q (sky130_fd_sc_hd__dfrtp_2)
     2    0.00                           i_spi_reg.falling_edge_detector_spi_clk.data_dly (net)
                  0.04    0.00    0.44 v _3225_/B (sky130_fd_sc_hd__or3b_2)
                  0.07    0.44    0.88 v _3225_/X (sky130_fd_sc_hd__or3b_2)
     1    0.00                           _1250_ (net)
                  0.07    0.00    0.88 v _3226_/A (sky130_fd_sc_hd__buf_1)
                  0.11    0.18    1.06 v _3226_/X (sky130_fd_sc_hd__buf_1)
     5    0.02                           _1251_ (net)
                  0.11    0.00    1.06 v _3228_/A (sky130_fd_sc_hd__nand2_2)
                  0.07    0.10    1.16 ^ _3228_/Y (sky130_fd_sc_hd__nand2_2)
     2    0.01                           _1253_ (net)
                  0.07    0.00    1.16 ^ _3232_/B (sky130_fd_sc_hd__nand2_2)
                  0.09    0.11    1.27 v _3232_/Y (sky130_fd_sc_hd__nand2_2)
    10    0.02                           _1257_ (net)
                  0.09    0.00    1.27 v _3233_/A (sky130_fd_sc_hd__inv_2)
                  0.24    0.23    1.50 ^ _3233_/Y (sky130_fd_sc_hd__inv_2)
    12    0.05                           _1258_ (net)
                  0.24    0.00    1.50 ^ _3268_/A (sky130_fd_sc_hd__buf_4)
                  0.20    0.30    1.80 ^ _3268_/X (sky130_fd_sc_hd__buf_4)
    15    0.07                           _1289_ (net)
                  0.20    0.00    1.80 ^ _3273_/B (sky130_fd_sc_hd__nand2_2)
                  0.05    0.08    1.87 v _3273_/Y (sky130_fd_sc_hd__nand2_2)
     1    0.00                           _1294_ (net)
                  0.05    0.00    1.87 v _3274_/B1 (sky130_fd_sc_hd__o21ai_2)
                  0.08    0.05    1.92 ^ _3274_/Y (sky130_fd_sc_hd__o21ai_2)
     1    0.00                           _0266_ (net)
                  0.08    0.00    1.92 ^ _3713_/D (sky130_fd_sc_hd__dfrtp_2)
                                  1.92   data arrival time

                  0.15   14.00   14.00   clock clk (rise edge)
                          0.00   14.00   clock network delay (ideal)
                         -0.25   13.75   clock uncertainty
                          0.00   13.75   clock reconvergence pessimism
                                 13.75 ^ _3713_/CLK (sky130_fd_sc_hd__dfrtp_2)
                         -0.05   13.70   library setup time
                                 13.70   data required time
-----------------------------------------------------------------------------
                                 13.70   data required time
                                 -1.92   data arrival time
-----------------------------------------------------------------------------
                                 11.77   slack (MET)


Startpoint: _3708_ (rising edge-triggered flip-flop clocked by clk)
Endpoint: _3714_ (rising edge-triggered flip-flop clocked by clk)
Path Group: clk
Path Type: max

Fanout     Cap    Slew   Delay    Time   Description
-----------------------------------------------------------------------------
                  0.15    0.00    0.00   clock clk (rise edge)
                          0.00    0.00   clock network delay (ideal)
                  0.15    0.00    0.00 ^ _3708_/CLK (sky130_fd_sc_hd__dfrtp_2)
                  0.04    0.44    0.44 v _3708_/Q (sky130_fd_sc_hd__dfrtp_2)
     2    0.00                           i_spi_reg.falling_edge_detector_spi_clk.data_dly (net)
                  0.04    0.00    0.44 v _3225_/B (sky130_fd_sc_hd__or3b_2)
                  0.07    0.44    0.88 v _3225_/X (sky130_fd_sc_hd__or3b_2)
     1    0.00                           _1250_ (net)
                  0.07    0.00    0.88 v _3226_/A (sky130_fd_sc_hd__buf_1)
                  0.11    0.18    1.06 v _3226_/X (sky130_fd_sc_hd__buf_1)
     5    0.02                           _1251_ (net)
                  0.11    0.00    1.06 v _3228_/A (sky130_fd_sc_hd__nand2_2)
                  0.07    0.10    1.16 ^ _3228_/Y (sky130_fd_sc_hd__nand2_2)
     2    0.01                           _1253_ (net)
                  0.07    0.00    1.16 ^ _3232_/B (sky130_fd_sc_hd__nand2_2)
                  0.09    0.11    1.27 v _3232_/Y (sky130_fd_sc_hd__nand2_2)
    10    0.02                           _1257_ (net)
                  0.09    0.00    1.27 v _3233_/A (sky130_fd_sc_hd__inv_2)
                  0.24    0.23    1.50 ^ _3233_/Y (sky130_fd_sc_hd__inv_2)
    12    0.05                           _1258_ (net)
                  0.24    0.00    1.50 ^ _3268_/A (sky130_fd_sc_hd__buf_4)
                  0.20    0.30    1.80 ^ _3268_/X (sky130_fd_sc_hd__buf_4)
    15    0.07                           _1289_ (net)
                  0.20    0.00    1.80 ^ _3279_/B (sky130_fd_sc_hd__nand2_2)
                  0.05    0.08    1.87 v _3279_/Y (sky130_fd_sc_hd__nand2_2)
     1    0.00                           _1299_ (net)
                  0.05    0.00    1.87 v _3280_/B1 (sky130_fd_sc_hd__o21ai_2)
                  0.08    0.05    1.92 ^ _3280_/Y (sky130_fd_sc_hd__o21ai_2)
     1    0.00                           _0267_ (net)
                  0.08    0.00    1.92 ^ _3714_/D (sky130_fd_sc_hd__dfrtp_2)
                                  1.92   data arrival time

                  0.15   14.00   14.00   clock clk (rise edge)
                          0.00   14.00   clock network delay (ideal)
                         -0.25   13.75   clock uncertainty
                          0.00   13.75   clock reconvergence pessimism
                                 13.75 ^ _3714_/CLK (sky130_fd_sc_hd__dfrtp_2)
                         -0.05   13.70   library setup time
                                 13.70   data required time
-----------------------------------------------------------------------------
                                 13.70   data required time
                                 -1.92   data arrival time
-----------------------------------------------------------------------------
                                 11.77   slack (MET)


Startpoint: _3708_ (rising edge-triggered flip-flop clocked by clk)
Endpoint: _3729_ (rising edge-triggered flip-flop clocked by clk)
Path Group: clk
Path Type: max

Fanout     Cap    Slew   Delay    Time   Description
-----------------------------------------------------------------------------
                  0.15    0.00    0.00   clock clk (rise edge)
                          0.00    0.00   clock network delay (ideal)
                  0.15    0.00    0.00 ^ _3708_/CLK (sky130_fd_sc_hd__dfrtp_2)
                  0.04    0.44    0.44 v _3708_/Q (sky130_fd_sc_hd__dfrtp_2)
     2    0.00                           i_spi_reg.falling_edge_detector_spi_clk.data_dly (net)
                  0.04    0.00    0.44 v _3225_/B (sky130_fd_sc_hd__or3b_2)
                  0.07    0.44    0.88 v _3225_/X (sky130_fd_sc_hd__or3b_2)
     1    0.00                           _1250_ (net)
                  0.07    0.00    0.88 v _3226_/A (sky130_fd_sc_hd__buf_1)
                  0.11    0.18    1.06 v _3226_/X (sky130_fd_sc_hd__buf_1)
     5    0.02                           _1251_ (net)
                  0.11    0.00    1.06 v _3228_/A (sky130_fd_sc_hd__nand2_2)
                  0.07    0.10    1.16 ^ _3228_/Y (sky130_fd_sc_hd__nand2_2)
     2    0.01                           _1253_ (net)
                  0.07    0.00    1.16 ^ _3232_/B (sky130_fd_sc_hd__nand2_2)
                  0.09    0.11    1.27 v _3232_/Y (sky130_fd_sc_hd__nand2_2)
    10    0.02                           _1257_ (net)
                  0.09    0.00    1.27 v _3233_/A (sky130_fd_sc_hd__inv_2)
                  0.24    0.23    1.50 ^ _3233_/Y (sky130_fd_sc_hd__inv_2)
    12    0.05                           _1258_ (net)
                  0.24    0.00    1.50 ^ _3243_/A (sky130_fd_sc_hd__buf_4)
                  0.18    0.28    1.78 ^ _3243_/X (sky130_fd_sc_hd__buf_4)
    15    0.06                           _1267_ (net)
                  0.18    0.00    1.78 ^ _3350_/A1 (sky130_fd_sc_hd__a21o_2)
                  0.03    0.15    1.93 ^ _3350_/X (sky130_fd_sc_hd__a21o_2)
     1    0.00                           _0282_ (net)
                  0.03    0.00    1.93 ^ _3729_/D (sky130_fd_sc_hd__dfrtp_2)
                                  1.93   data arrival time

                  0.15   14.00   14.00   clock clk (rise edge)
                          0.00   14.00   clock network delay (ideal)
                         -0.25   13.75   clock uncertainty
                          0.00   13.75   clock reconvergence pessimism
                                 13.75 ^ _3729_/CLK (sky130_fd_sc_hd__dfrtp_2)
                         -0.04   13.71   library setup time
                                 13.71   data required time
-----------------------------------------------------------------------------
                                 13.71   data required time
                                 -1.93   data arrival time
-----------------------------------------------------------------------------
                                 11.78   slack (MET)


Startpoint: _3708_ (rising edge-triggered flip-flop clocked by clk)
Endpoint: _3731_ (rising edge-triggered flip-flop clocked by clk)
Path Group: clk
Path Type: max

Fanout     Cap    Slew   Delay    Time   Description
-----------------------------------------------------------------------------
                  0.15    0.00    0.00   clock clk (rise edge)
                          0.00    0.00   clock network delay (ideal)
                  0.15    0.00    0.00 ^ _3708_/CLK (sky130_fd_sc_hd__dfrtp_2)
                  0.04    0.44    0.44 v _3708_/Q (sky130_fd_sc_hd__dfrtp_2)
     2    0.00                           i_spi_reg.falling_edge_detector_spi_clk.data_dly (net)
                  0.04    0.00    0.44 v _3225_/B (sky130_fd_sc_hd__or3b_2)
                  0.07    0.44    0.88 v _3225_/X (sky130_fd_sc_hd__or3b_2)
     1    0.00                           _1250_ (net)
                  0.07    0.00    0.88 v _3226_/A (sky130_fd_sc_hd__buf_1)
                  0.11    0.18    1.06 v _3226_/X (sky130_fd_sc_hd__buf_1)
     5    0.02                           _1251_ (net)
                  0.11    0.00    1.06 v _3228_/A (sky130_fd_sc_hd__nand2_2)
                  0.07    0.10    1.16 ^ _3228_/Y (sky130_fd_sc_hd__nand2_2)
     2    0.01                           _1253_ (net)
                  0.07    0.00    1.16 ^ _3232_/B (sky130_fd_sc_hd__nand2_2)
                  0.09    0.11    1.27 v _3232_/Y (sky130_fd_sc_hd__nand2_2)
    10    0.02                           _1257_ (net)
                  0.09    0.00    1.27 v _3233_/A (sky130_fd_sc_hd__inv_2)
                  0.24    0.23    1.50 ^ _3233_/Y (sky130_fd_sc_hd__inv_2)
    12    0.05                           _1258_ (net)
                  0.24    0.00    1.50 ^ _3243_/A (sky130_fd_sc_hd__buf_4)
                  0.18    0.28    1.78 ^ _3243_/X (sky130_fd_sc_hd__buf_4)
    15    0.06                           _1267_ (net)
                  0.18    0.00    1.78 ^ _3359_/A1 (sky130_fd_sc_hd__a21o_2)
                  0.03    0.15    1.93 ^ _3359_/X (sky130_fd_sc_hd__a21o_2)
     1    0.00                           _0284_ (net)
                  0.03    0.00    1.93 ^ _3731_/D (sky130_fd_sc_hd__dfrtp_2)
                                  1.93   data arrival time

                  0.15   14.00   14.00   clock clk (rise edge)
                          0.00   14.00   clock network delay (ideal)
                         -0.25   13.75   clock uncertainty
                          0.00   13.75   clock reconvergence pessimism
                                 13.75 ^ _3731_/CLK (sky130_fd_sc_hd__dfrtp_2)
                         -0.04   13.71   library setup time
                                 13.71   data required time
-----------------------------------------------------------------------------
                                 13.71   data required time
                                 -1.93   data arrival time
-----------------------------------------------------------------------------
                                 11.78   slack (MET)


Startpoint: _3708_ (rising edge-triggered flip-flop clocked by clk)
Endpoint: _3736_ (rising edge-triggered flip-flop clocked by clk)
Path Group: clk
Path Type: max

Fanout     Cap    Slew   Delay    Time   Description
-----------------------------------------------------------------------------
                  0.15    0.00    0.00   clock clk (rise edge)
                          0.00    0.00   clock network delay (ideal)
                  0.15    0.00    0.00 ^ _3708_/CLK (sky130_fd_sc_hd__dfrtp_2)
                  0.04    0.44    0.44 v _3708_/Q (sky130_fd_sc_hd__dfrtp_2)
     2    0.00                           i_spi_reg.falling_edge_detector_spi_clk.data_dly (net)
                  0.04    0.00    0.44 v _3225_/B (sky130_fd_sc_hd__or3b_2)
                  0.07    0.44    0.88 v _3225_/X (sky130_fd_sc_hd__or3b_2)
     1    0.00                           _1250_ (net)
                  0.07    0.00    0.88 v _3226_/A (sky130_fd_sc_hd__buf_1)
                  0.11    0.18    1.06 v _3226_/X (sky130_fd_sc_hd__buf_1)
     5    0.02                           _1251_ (net)
                  0.11    0.00    1.06 v _3228_/A (sky130_fd_sc_hd__nand2_2)
                  0.07    0.10    1.16 ^ _3228_/Y (sky130_fd_sc_hd__nand2_2)
     2    0.01                           _1253_ (net)
                  0.07    0.00    1.16 ^ _3232_/B (sky130_fd_sc_hd__nand2_2)
                  0.09    0.11    1.27 v _3232_/Y (sky130_fd_sc_hd__nand2_2)
    10    0.02                           _1257_ (net)
                  0.09    0.00    1.27 v _3233_/A (sky130_fd_sc_hd__inv_2)
                  0.24    0.23    1.50 ^ _3233_/Y (sky130_fd_sc_hd__inv_2)
    12    0.05                           _1258_ (net)
                  0.24    0.00    1.50 ^ _3243_/A (sky130_fd_sc_hd__buf_4)
                  0.18    0.28    1.78 ^ _3243_/X (sky130_fd_sc_hd__buf_4)
    15    0.06                           _1267_ (net)
                  0.18    0.00    1.78 ^ _3379_/A1 (sky130_fd_sc_hd__a21o_2)
                  0.03    0.15    1.93 ^ _3379_/X (sky130_fd_sc_hd__a21o_2)
     1    0.00                           _0289_ (net)
                  0.03    0.00    1.93 ^ _3736_/D (sky130_fd_sc_hd__dfrtp_2)
                                  1.93   data arrival time

                  0.15   14.00   14.00   clock clk (rise edge)
                          0.00   14.00   clock network delay (ideal)
                         -0.25   13.75   clock uncertainty
                          0.00   13.75   clock reconvergence pessimism
                                 13.75 ^ _3736_/CLK (sky130_fd_sc_hd__dfrtp_2)
                         -0.04   13.71   library setup time
                                 13.71   data required time
-----------------------------------------------------------------------------
                                 13.71   data required time
                                 -1.93   data arrival time
-----------------------------------------------------------------------------
                                 11.78   slack (MET)


Startpoint: _3708_ (rising edge-triggered flip-flop clocked by clk)
Endpoint: _3735_ (rising edge-triggered flip-flop clocked by clk)
Path Group: clk
Path Type: max

Fanout     Cap    Slew   Delay    Time   Description
-----------------------------------------------------------------------------
                  0.15    0.00    0.00   clock clk (rise edge)
                          0.00    0.00   clock network delay (ideal)
                  0.15    0.00    0.00 ^ _3708_/CLK (sky130_fd_sc_hd__dfrtp_2)
                  0.04    0.44    0.44 v _3708_/Q (sky130_fd_sc_hd__dfrtp_2)
     2    0.00                           i_spi_reg.falling_edge_detector_spi_clk.data_dly (net)
                  0.04    0.00    0.44 v _3225_/B (sky130_fd_sc_hd__or3b_2)
                  0.07    0.44    0.88 v _3225_/X (sky130_fd_sc_hd__or3b_2)
     1    0.00                           _1250_ (net)
                  0.07    0.00    0.88 v _3226_/A (sky130_fd_sc_hd__buf_1)
                  0.11    0.18    1.06 v _3226_/X (sky130_fd_sc_hd__buf_1)
     5    0.02                           _1251_ (net)
                  0.11    0.00    1.06 v _3228_/A (sky130_fd_sc_hd__nand2_2)
                  0.07    0.10    1.16 ^ _3228_/Y (sky130_fd_sc_hd__nand2_2)
     2    0.01                           _1253_ (net)
                  0.07    0.00    1.16 ^ _3232_/B (sky130_fd_sc_hd__nand2_2)
                  0.09    0.11    1.27 v _3232_/Y (sky130_fd_sc_hd__nand2_2)
    10    0.02                           _1257_ (net)
                  0.09    0.00    1.27 v _3233_/A (sky130_fd_sc_hd__inv_2)
                  0.24    0.23    1.50 ^ _3233_/Y (sky130_fd_sc_hd__inv_2)
    12    0.05                           _1258_ (net)
                  0.24    0.00    1.50 ^ _3243_/A (sky130_fd_sc_hd__buf_4)
                  0.18    0.28    1.78 ^ _3243_/X (sky130_fd_sc_hd__buf_4)
    15    0.06                           _1267_ (net)
                  0.18    0.00    1.78 ^ _3374_/A (sky130_fd_sc_hd__nand2_2)
                  0.05    0.07    1.85 v _3374_/Y (sky130_fd_sc_hd__nand2_2)
     1    0.00                           _1373_ (net)
                  0.05    0.00    1.85 v _3375_/B1 (sky130_fd_sc_hd__o21ai_2)
                  0.08    0.05    1.90 ^ _3375_/Y (sky130_fd_sc_hd__o21ai_2)
     1    0.00                           _0288_ (net)
                  0.08    0.00    1.90 ^ _3735_/D (sky130_fd_sc_hd__dfrtp_2)
                                  1.90   data arrival time

                  0.15   14.00   14.00   clock clk (rise edge)
                          0.00   14.00   clock network delay (ideal)
                         -0.25   13.75   clock uncertainty
                          0.00   13.75   clock reconvergence pessimism
                                 13.75 ^ _3735_/CLK (sky130_fd_sc_hd__dfrtp_2)
                         -0.06   13.69   library setup time
                                 13.69   data required time
-----------------------------------------------------------------------------
                                 13.69   data required time
                                 -1.90   data arrival time
-----------------------------------------------------------------------------
                                 11.80   slack (MET)


Startpoint: _3708_ (rising edge-triggered flip-flop clocked by clk)
Endpoint: _3738_ (rising edge-triggered flip-flop clocked by clk)
Path Group: clk
Path Type: max

Fanout     Cap    Slew   Delay    Time   Description
-----------------------------------------------------------------------------
                  0.15    0.00    0.00   clock clk (rise edge)
                          0.00    0.00   clock network delay (ideal)
                  0.15    0.00    0.00 ^ _3708_/CLK (sky130_fd_sc_hd__dfrtp_2)
                  0.04    0.44    0.44 v _3708_/Q (sky130_fd_sc_hd__dfrtp_2)
     2    0.00                           i_spi_reg.falling_edge_detector_spi_clk.data_dly (net)
                  0.04    0.00    0.44 v _3225_/B (sky130_fd_sc_hd__or3b_2)
                  0.07    0.44    0.88 v _3225_/X (sky130_fd_sc_hd__or3b_2)
     1    0.00                           _1250_ (net)
                  0.07    0.00    0.88 v _3226_/A (sky130_fd_sc_hd__buf_1)
                  0.11    0.18    1.06 v _3226_/X (sky130_fd_sc_hd__buf_1)
     5    0.02                           _1251_ (net)
                  0.11    0.00    1.06 v _3228_/A (sky130_fd_sc_hd__nand2_2)
                  0.07    0.10    1.16 ^ _3228_/Y (sky130_fd_sc_hd__nand2_2)
     2    0.01                           _1253_ (net)
                  0.07    0.00    1.16 ^ _3232_/B (sky130_fd_sc_hd__nand2_2)
                  0.09    0.11    1.27 v _3232_/Y (sky130_fd_sc_hd__nand2_2)
    10    0.02                           _1257_ (net)
                  0.09    0.00    1.27 v _3233_/A (sky130_fd_sc_hd__inv_2)
                  0.24    0.23    1.50 ^ _3233_/Y (sky130_fd_sc_hd__inv_2)
    12    0.05                           _1258_ (net)
                  0.24    0.00    1.50 ^ _3243_/A (sky130_fd_sc_hd__buf_4)
                  0.18    0.28    1.78 ^ _3243_/X (sky130_fd_sc_hd__buf_4)
    15    0.06                           _1267_ (net)
                  0.18    0.00    1.78 ^ _3386_/A (sky130_fd_sc_hd__nand2_2)
                  0.05    0.07    1.85 v _3386_/Y (sky130_fd_sc_hd__nand2_2)
     1    0.00                           _1382_ (net)
                  0.05    0.00    1.85 v _3387_/B1 (sky130_fd_sc_hd__o21ai_2)
                  0.08    0.05    1.90 ^ _3387_/Y (sky130_fd_sc_hd__o21ai_2)
     1    0.00                           _0291_ (net)
                  0.08    0.00    1.90 ^ _3738_/D (sky130_fd_sc_hd__dfrtp_2)
                                  1.90   data arrival time

                  0.15   14.00   14.00   clock clk (rise edge)
                          0.00   14.00   clock network delay (ideal)
                         -0.25   13.75   clock uncertainty
                          0.00   13.75   clock reconvergence pessimism
                                 13.75 ^ _3738_/CLK (sky130_fd_sc_hd__dfrtp_2)
                         -0.06   13.69   library setup time
                                 13.69   data required time
-----------------------------------------------------------------------------
                                 13.69   data required time
                                 -1.90   data arrival time
-----------------------------------------------------------------------------
                                 11.80   slack (MET)


Startpoint: _3708_ (rising edge-triggered flip-flop clocked by clk)
Endpoint: _3739_ (rising edge-triggered flip-flop clocked by clk)
Path Group: clk
Path Type: max

Fanout     Cap    Slew   Delay    Time   Description
-----------------------------------------------------------------------------
                  0.15    0.00    0.00   clock clk (rise edge)
                          0.00    0.00   clock network delay (ideal)
                  0.15    0.00    0.00 ^ _3708_/CLK (sky130_fd_sc_hd__dfrtp_2)
                  0.04    0.44    0.44 v _3708_/Q (sky130_fd_sc_hd__dfrtp_2)
     2    0.00                           i_spi_reg.falling_edge_detector_spi_clk.data_dly (net)
                  0.04    0.00    0.44 v _3225_/B (sky130_fd_sc_hd__or3b_2)
                  0.07    0.44    0.88 v _3225_/X (sky130_fd_sc_hd__or3b_2)
     1    0.00                           _1250_ (net)
                  0.07    0.00    0.88 v _3226_/A (sky130_fd_sc_hd__buf_1)
                  0.11    0.18    1.06 v _3226_/X (sky130_fd_sc_hd__buf_1)
     5    0.02                           _1251_ (net)
                  0.11    0.00    1.06 v _3228_/A (sky130_fd_sc_hd__nand2_2)
                  0.07    0.10    1.16 ^ _3228_/Y (sky130_fd_sc_hd__nand2_2)
     2    0.01                           _1253_ (net)
                  0.07    0.00    1.16 ^ _3232_/B (sky130_fd_sc_hd__nand2_2)
                  0.09    0.11    1.27 v _3232_/Y (sky130_fd_sc_hd__nand2_2)
    10    0.02                           _1257_ (net)
                  0.09    0.00    1.27 v _3233_/A (sky130_fd_sc_hd__inv_2)
                  0.24    0.23    1.50 ^ _3233_/Y (sky130_fd_sc_hd__inv_2)
    12    0.05                           _1258_ (net)
                  0.24    0.00    1.50 ^ _3243_/A (sky130_fd_sc_hd__buf_4)
                  0.18    0.28    1.78 ^ _3243_/X (sky130_fd_sc_hd__buf_4)
    15    0.06                           _1267_ (net)
                  0.18    0.00    1.78 ^ _3390_/A (sky130_fd_sc_hd__nand2_2)
                  0.05    0.07    1.85 v _3390_/Y (sky130_fd_sc_hd__nand2_2)
     1    0.00                           _1385_ (net)
                  0.05    0.00    1.85 v _3391_/B1 (sky130_fd_sc_hd__o21ai_2)
                  0.08    0.05    1.90 ^ _3391_/Y (sky130_fd_sc_hd__o21ai_2)
     1    0.00                           _0292_ (net)
                  0.08    0.00    1.90 ^ _3739_/D (sky130_fd_sc_hd__dfrtp_2)
                                  1.90   data arrival time

                  0.15   14.00   14.00   clock clk (rise edge)
                          0.00   14.00   clock network delay (ideal)
                         -0.25   13.75   clock uncertainty
                          0.00   13.75   clock reconvergence pessimism
                                 13.75 ^ _3739_/CLK (sky130_fd_sc_hd__dfrtp_2)
                         -0.06   13.69   library setup time
                                 13.69   data required time
-----------------------------------------------------------------------------
                                 13.69   data required time
                                 -1.90   data arrival time
-----------------------------------------------------------------------------
                                 11.80   slack (MET)


Startpoint: _3708_ (rising edge-triggered flip-flop clocked by clk)
Endpoint: _3740_ (rising edge-triggered flip-flop clocked by clk)
Path Group: clk
Path Type: max

Fanout     Cap    Slew   Delay    Time   Description
-----------------------------------------------------------------------------
                  0.15    0.00    0.00   clock clk (rise edge)
                          0.00    0.00   clock network delay (ideal)
                  0.15    0.00    0.00 ^ _3708_/CLK (sky130_fd_sc_hd__dfrtp_2)
                  0.04    0.44    0.44 v _3708_/Q (sky130_fd_sc_hd__dfrtp_2)
     2    0.00                           i_spi_reg.falling_edge_detector_spi_clk.data_dly (net)
                  0.04    0.00    0.44 v _3225_/B (sky130_fd_sc_hd__or3b_2)
                  0.07    0.44    0.88 v _3225_/X (sky130_fd_sc_hd__or3b_2)
     1    0.00                           _1250_ (net)
                  0.07    0.00    0.88 v _3226_/A (sky130_fd_sc_hd__buf_1)
                  0.11    0.18    1.06 v _3226_/X (sky130_fd_sc_hd__buf_1)
     5    0.02                           _1251_ (net)
                  0.11    0.00    1.06 v _3228_/A (sky130_fd_sc_hd__nand2_2)
                  0.07    0.10    1.16 ^ _3228_/Y (sky130_fd_sc_hd__nand2_2)
     2    0.01                           _1253_ (net)
                  0.07    0.00    1.16 ^ _3232_/B (sky130_fd_sc_hd__nand2_2)
                  0.09    0.11    1.27 v _3232_/Y (sky130_fd_sc_hd__nand2_2)
    10    0.02                           _1257_ (net)
                  0.09    0.00    1.27 v _3233_/A (sky130_fd_sc_hd__inv_2)
                  0.24    0.23    1.50 ^ _3233_/Y (sky130_fd_sc_hd__inv_2)
    12    0.05                           _1258_ (net)
                  0.24    0.00    1.50 ^ _3243_/A (sky130_fd_sc_hd__buf_4)
                  0.18    0.28    1.78 ^ _3243_/X (sky130_fd_sc_hd__buf_4)
    15    0.06                           _1267_ (net)
                  0.18    0.00    1.78 ^ _3394_/A (sky130_fd_sc_hd__nand2_2)
                  0.05    0.07    1.85 v _3394_/Y (sky130_fd_sc_hd__nand2_2)
     1    0.00                           _1388_ (net)
                  0.05    0.00    1.85 v _3395_/B1 (sky130_fd_sc_hd__o21ai_2)
                  0.08    0.05    1.90 ^ _3395_/Y (sky130_fd_sc_hd__o21ai_2)
     1    0.00                           _0293_ (net)
                  0.08    0.00    1.90 ^ _3740_/D (sky130_fd_sc_hd__dfrtp_2)
                                  1.90   data arrival time

                  0.15   14.00   14.00   clock clk (rise edge)
                          0.00   14.00   clock network delay (ideal)
                         -0.25   13.75   clock uncertainty
                          0.00   13.75   clock reconvergence pessimism
                                 13.75 ^ _3740_/CLK (sky130_fd_sc_hd__dfrtp_2)
                         -0.06   13.69   library setup time
                                 13.69   data required time
-----------------------------------------------------------------------------
                                 13.69   data required time
                                 -1.90   data arrival time
-----------------------------------------------------------------------------
                                 11.80   slack (MET)


Startpoint: _3708_ (rising edge-triggered flip-flop clocked by clk)
Endpoint: _3717_ (rising edge-triggered flip-flop clocked by clk)
Path Group: clk
Path Type: max

Fanout     Cap    Slew   Delay    Time   Description
-----------------------------------------------------------------------------
                  0.15    0.00    0.00   clock clk (rise edge)
                          0.00    0.00   clock network delay (ideal)
                  0.15    0.00    0.00 ^ _3708_/CLK (sky130_fd_sc_hd__dfrtp_2)
                  0.04    0.44    0.44 v _3708_/Q (sky130_fd_sc_hd__dfrtp_2)
     2    0.00                           i_spi_reg.falling_edge_detector_spi_clk.data_dly (net)
                  0.04    0.00    0.44 v _3225_/B (sky130_fd_sc_hd__or3b_2)
                  0.07    0.44    0.88 v _3225_/X (sky130_fd_sc_hd__or3b_2)
     1    0.00                           _1250_ (net)
                  0.07    0.00    0.88 v _3226_/A (sky130_fd_sc_hd__buf_1)
                  0.11    0.18    1.06 v _3226_/X (sky130_fd_sc_hd__buf_1)
     5    0.02                           _1251_ (net)
                  0.11    0.00    1.06 v _3228_/A (sky130_fd_sc_hd__nand2_2)
                  0.07    0.10    1.16 ^ _3228_/Y (sky130_fd_sc_hd__nand2_2)
     2    0.01                           _1253_ (net)
                  0.07    0.00    1.16 ^ _3232_/B (sky130_fd_sc_hd__nand2_2)
                  0.09    0.11    1.27 v _3232_/Y (sky130_fd_sc_hd__nand2_2)
    10    0.02                           _1257_ (net)
                  0.09    0.00    1.27 v _3233_/A (sky130_fd_sc_hd__inv_2)
                  0.24    0.23    1.50 ^ _3233_/Y (sky130_fd_sc_hd__inv_2)
    12    0.05                           _1258_ (net)
                  0.24    0.00    1.50 ^ _3243_/A (sky130_fd_sc_hd__buf_4)
                  0.18    0.28    1.78 ^ _3243_/X (sky130_fd_sc_hd__buf_4)
    15    0.06                           _1267_ (net)
                  0.18    0.00    1.78 ^ _3295_/A (sky130_fd_sc_hd__nand2_2)
                  0.05    0.07    1.85 v _3295_/Y (sky130_fd_sc_hd__nand2_2)
     1    0.00                           _1312_ (net)
                  0.05    0.00    1.85 v _3296_/B1 (sky130_fd_sc_hd__o21ai_2)
                  0.08    0.05    1.90 ^ _3296_/Y (sky130_fd_sc_hd__o21ai_2)
     1    0.00                           _0270_ (net)
                  0.08    0.00    1.90 ^ _3717_/D (sky130_fd_sc_hd__dfrtp_2)
                                  1.90   data arrival time

                  0.15   14.00   14.00   clock clk (rise edge)
                          0.00   14.00   clock network delay (ideal)
                         -0.25   13.75   clock uncertainty
                          0.00   13.75   clock reconvergence pessimism
                                 13.75 ^ _3717_/CLK (sky130_fd_sc_hd__dfrtp_2)
                         -0.05   13.70   library setup time
                                 13.70   data required time
-----------------------------------------------------------------------------
                                 13.70   data required time
                                 -1.90   data arrival time
-----------------------------------------------------------------------------
                                 11.80   slack (MET)


Startpoint: _3708_ (rising edge-triggered flip-flop clocked by clk)
Endpoint: _3720_ (rising edge-triggered flip-flop clocked by clk)
Path Group: clk
Path Type: max

Fanout     Cap    Slew   Delay    Time   Description
-----------------------------------------------------------------------------
                  0.15    0.00    0.00   clock clk (rise edge)
                          0.00    0.00   clock network delay (ideal)
                  0.15    0.00    0.00 ^ _3708_/CLK (sky130_fd_sc_hd__dfrtp_2)
                  0.04    0.44    0.44 v _3708_/Q (sky130_fd_sc_hd__dfrtp_2)
     2    0.00                           i_spi_reg.falling_edge_detector_spi_clk.data_dly (net)
                  0.04    0.00    0.44 v _3225_/B (sky130_fd_sc_hd__or3b_2)
                  0.07    0.44    0.88 v _3225_/X (sky130_fd_sc_hd__or3b_2)
     1    0.00                           _1250_ (net)
                  0.07    0.00    0.88 v _3226_/A (sky130_fd_sc_hd__buf_1)
                  0.11    0.18    1.06 v _3226_/X (sky130_fd_sc_hd__buf_1)
     5    0.02                           _1251_ (net)
                  0.11    0.00    1.06 v _3228_/A (sky130_fd_sc_hd__nand2_2)
                  0.07    0.10    1.16 ^ _3228_/Y (sky130_fd_sc_hd__nand2_2)
     2    0.01                           _1253_ (net)
                  0.07    0.00    1.16 ^ _3232_/B (sky130_fd_sc_hd__nand2_2)
                  0.09    0.11    1.27 v _3232_/Y (sky130_fd_sc_hd__nand2_2)
    10    0.02                           _1257_ (net)
                  0.09    0.00    1.27 v _3233_/A (sky130_fd_sc_hd__inv_2)
                  0.24    0.23    1.50 ^ _3233_/Y (sky130_fd_sc_hd__inv_2)
    12    0.05                           _1258_ (net)
                  0.24    0.00    1.50 ^ _3243_/A (sky130_fd_sc_hd__buf_4)
                  0.18    0.28    1.78 ^ _3243_/X (sky130_fd_sc_hd__buf_4)
    15    0.06                           _1267_ (net)
                  0.18    0.00    1.78 ^ _3309_/A (sky130_fd_sc_hd__nand2_2)
                  0.05    0.07    1.85 v _3309_/Y (sky130_fd_sc_hd__nand2_2)
     1    0.00                           _1323_ (net)
                  0.05    0.00    1.85 v _3310_/B1 (sky130_fd_sc_hd__o21ai_2)
                  0.08    0.05    1.90 ^ _3310_/Y (sky130_fd_sc_hd__o21ai_2)
     1    0.00                           _0273_ (net)
                  0.08    0.00    1.90 ^ _3720_/D (sky130_fd_sc_hd__dfrtp_2)
                                  1.90   data arrival time

                  0.15   14.00   14.00   clock clk (rise edge)
                          0.00   14.00   clock network delay (ideal)
                         -0.25   13.75   clock uncertainty
                          0.00   13.75   clock reconvergence pessimism
                                 13.75 ^ _3720_/CLK (sky130_fd_sc_hd__dfrtp_2)
                         -0.05   13.70   library setup time
                                 13.70   data required time
-----------------------------------------------------------------------------
                                 13.70   data required time
                                 -1.90   data arrival time
-----------------------------------------------------------------------------
                                 11.80   slack (MET)


Startpoint: _3708_ (rising edge-triggered flip-flop clocked by clk)
Endpoint: _3721_ (rising edge-triggered flip-flop clocked by clk)
Path Group: clk
Path Type: max

Fanout     Cap    Slew   Delay    Time   Description
-----------------------------------------------------------------------------
                  0.15    0.00    0.00   clock clk (rise edge)
                          0.00    0.00   clock network delay (ideal)
                  0.15    0.00    0.00 ^ _3708_/CLK (sky130_fd_sc_hd__dfrtp_2)
                  0.04    0.44    0.44 v _3708_/Q (sky130_fd_sc_hd__dfrtp_2)
     2    0.00                           i_spi_reg.falling_edge_detector_spi_clk.data_dly (net)
                  0.04    0.00    0.44 v _3225_/B (sky130_fd_sc_hd__or3b_2)
                  0.07    0.44    0.88 v _3225_/X (sky130_fd_sc_hd__or3b_2)
     1    0.00                           _1250_ (net)
                  0.07    0.00    0.88 v _3226_/A (sky130_fd_sc_hd__buf_1)
                  0.11    0.18    1.06 v _3226_/X (sky130_fd_sc_hd__buf_1)
     5    0.02                           _1251_ (net)
                  0.11    0.00    1.06 v _3228_/A (sky130_fd_sc_hd__nand2_2)
                  0.07    0.10    1.16 ^ _3228_/Y (sky130_fd_sc_hd__nand2_2)
     2    0.01                           _1253_ (net)
                  0.07    0.00    1.16 ^ _3232_/B (sky130_fd_sc_hd__nand2_2)
                  0.09    0.11    1.27 v _3232_/Y (sky130_fd_sc_hd__nand2_2)
    10    0.02                           _1257_ (net)
                  0.09    0.00    1.27 v _3233_/A (sky130_fd_sc_hd__inv_2)
                  0.24    0.23    1.50 ^ _3233_/Y (sky130_fd_sc_hd__inv_2)
    12    0.05                           _1258_ (net)
                  0.24    0.00    1.50 ^ _3243_/A (sky130_fd_sc_hd__buf_4)
                  0.18    0.28    1.78 ^ _3243_/X (sky130_fd_sc_hd__buf_4)
    15    0.06                           _1267_ (net)
                  0.18    0.00    1.78 ^ _3313_/A (sky130_fd_sc_hd__nand2_2)
                  0.05    0.07    1.85 v _3313_/Y (sky130_fd_sc_hd__nand2_2)
     1    0.00                           _1326_ (net)
                  0.05    0.00    1.85 v _3314_/B1 (sky130_fd_sc_hd__o21ai_2)
                  0.08    0.05    1.90 ^ _3314_/Y (sky130_fd_sc_hd__o21ai_2)
     1    0.00                           _0274_ (net)
                  0.08    0.00    1.90 ^ _3721_/D (sky130_fd_sc_hd__dfrtp_2)
                                  1.90   data arrival time

                  0.15   14.00   14.00   clock clk (rise edge)
                          0.00   14.00   clock network delay (ideal)
                         -0.25   13.75   clock uncertainty
                          0.00   13.75   clock reconvergence pessimism
                                 13.75 ^ _3721_/CLK (sky130_fd_sc_hd__dfrtp_2)
                         -0.05   13.70   library setup time
                                 13.70   data required time
-----------------------------------------------------------------------------
                                 13.70   data required time
                                 -1.90   data arrival time
-----------------------------------------------------------------------------
                                 11.80   slack (MET)


Startpoint: _3708_ (rising edge-triggered flip-flop clocked by clk)
Endpoint: _3723_ (rising edge-triggered flip-flop clocked by clk)
Path Group: clk
Path Type: max

Fanout     Cap    Slew   Delay    Time   Description
-----------------------------------------------------------------------------
                  0.15    0.00    0.00   clock clk (rise edge)
                          0.00    0.00   clock network delay (ideal)
                  0.15    0.00    0.00 ^ _3708_/CLK (sky130_fd_sc_hd__dfrtp_2)
                  0.04    0.44    0.44 v _3708_/Q (sky130_fd_sc_hd__dfrtp_2)
     2    0.00                           i_spi_reg.falling_edge_detector_spi_clk.data_dly (net)
                  0.04    0.00    0.44 v _3225_/B (sky130_fd_sc_hd__or3b_2)
                  0.07    0.44    0.88 v _3225_/X (sky130_fd_sc_hd__or3b_2)
     1    0.00                           _1250_ (net)
                  0.07    0.00    0.88 v _3226_/A (sky130_fd_sc_hd__buf_1)
                  0.11    0.18    1.06 v _3226_/X (sky130_fd_sc_hd__buf_1)
     5    0.02                           _1251_ (net)
                  0.11    0.00    1.06 v _3228_/A (sky130_fd_sc_hd__nand2_2)
                  0.07    0.10    1.16 ^ _3228_/Y (sky130_fd_sc_hd__nand2_2)
     2    0.01                           _1253_ (net)
                  0.07    0.00    1.16 ^ _3232_/B (sky130_fd_sc_hd__nand2_2)
                  0.09    0.11    1.27 v _3232_/Y (sky130_fd_sc_hd__nand2_2)
    10    0.02                           _1257_ (net)
                  0.09    0.00    1.27 v _3233_/A (sky130_fd_sc_hd__inv_2)
                  0.24    0.23    1.50 ^ _3233_/Y (sky130_fd_sc_hd__inv_2)
    12    0.05                           _1258_ (net)
                  0.24    0.00    1.50 ^ _3243_/A (sky130_fd_sc_hd__buf_4)
                  0.18    0.28    1.78 ^ _3243_/X (sky130_fd_sc_hd__buf_4)
    15    0.06                           _1267_ (net)
                  0.18    0.00    1.78 ^ _3322_/A (sky130_fd_sc_hd__nand2_2)
                  0.05    0.07    1.85 v _3322_/Y (sky130_fd_sc_hd__nand2_2)
     1    0.00                           _1333_ (net)
                  0.05    0.00    1.85 v _3323_/B1 (sky130_fd_sc_hd__o21ai_2)
                  0.08    0.05    1.90 ^ _3323_/Y (sky130_fd_sc_hd__o21ai_2)
     1    0.00                           _0276_ (net)
                  0.08    0.00    1.90 ^ _3723_/D (sky130_fd_sc_hd__dfrtp_2)
                                  1.90   data arrival time

                  0.15   14.00   14.00   clock clk (rise edge)
                          0.00   14.00   clock network delay (ideal)
                         -0.25   13.75   clock uncertainty
                          0.00   13.75   clock reconvergence pessimism
                                 13.75 ^ _3723_/CLK (sky130_fd_sc_hd__dfrtp_2)
                         -0.05   13.70   library setup time
                                 13.70   data required time
-----------------------------------------------------------------------------
                                 13.70   data required time
                                 -1.90   data arrival time
-----------------------------------------------------------------------------
                                 11.80   slack (MET)


Startpoint: _3708_ (rising edge-triggered flip-flop clocked by clk)
Endpoint: _3725_ (rising edge-triggered flip-flop clocked by clk)
Path Group: clk
Path Type: max

Fanout     Cap    Slew   Delay    Time   Description
-----------------------------------------------------------------------------
                  0.15    0.00    0.00   clock clk (rise edge)
                          0.00    0.00   clock network delay (ideal)
                  0.15    0.00    0.00 ^ _3708_/CLK (sky130_fd_sc_hd__dfrtp_2)
                  0.04    0.44    0.44 v _3708_/Q (sky130_fd_sc_hd__dfrtp_2)
     2    0.00                           i_spi_reg.falling_edge_detector_spi_clk.data_dly (net)
                  0.04    0.00    0.44 v _3225_/B (sky130_fd_sc_hd__or3b_2)
                  0.07    0.44    0.88 v _3225_/X (sky130_fd_sc_hd__or3b_2)
     1    0.00                           _1250_ (net)
                  0.07    0.00    0.88 v _3226_/A (sky130_fd_sc_hd__buf_1)
                  0.11    0.18    1.06 v _3226_/X (sky130_fd_sc_hd__buf_1)
     5    0.02                           _1251_ (net)
                  0.11    0.00    1.06 v _3228_/A (sky130_fd_sc_hd__nand2_2)
                  0.07    0.10    1.16 ^ _3228_/Y (sky130_fd_sc_hd__nand2_2)
     2    0.01                           _1253_ (net)
                  0.07    0.00    1.16 ^ _3232_/B (sky130_fd_sc_hd__nand2_2)
                  0.09    0.11    1.27 v _3232_/Y (sky130_fd_sc_hd__nand2_2)
    10    0.02                           _1257_ (net)
                  0.09    0.00    1.27 v _3233_/A (sky130_fd_sc_hd__inv_2)
                  0.24    0.23    1.50 ^ _3233_/Y (sky130_fd_sc_hd__inv_2)
    12    0.05                           _1258_ (net)
                  0.24    0.00    1.50 ^ _3243_/A (sky130_fd_sc_hd__buf_4)
                  0.18    0.28    1.78 ^ _3243_/X (sky130_fd_sc_hd__buf_4)
    15    0.06                           _1267_ (net)
                  0.18    0.00    1.78 ^ _3331_/A (sky130_fd_sc_hd__nand2_2)
                  0.05    0.07    1.85 v _3331_/Y (sky130_fd_sc_hd__nand2_2)
     1    0.00                           _1340_ (net)
                  0.05    0.00    1.85 v _3332_/B1 (sky130_fd_sc_hd__o21ai_2)
                  0.08    0.05    1.90 ^ _3332_/Y (sky130_fd_sc_hd__o21ai_2)
     1    0.00                           _0278_ (net)
                  0.08    0.00    1.90 ^ _3725_/D (sky130_fd_sc_hd__dfrtp_2)
                                  1.90   data arrival time

                  0.15   14.00   14.00   clock clk (rise edge)
                          0.00   14.00   clock network delay (ideal)
                         -0.25   13.75   clock uncertainty
                          0.00   13.75   clock reconvergence pessimism
                                 13.75 ^ _3725_/CLK (sky130_fd_sc_hd__dfrtp_2)
                         -0.05   13.70   library setup time
                                 13.70   data required time
-----------------------------------------------------------------------------
                                 13.70   data required time
                                 -1.90   data arrival time
-----------------------------------------------------------------------------
                                 11.80   slack (MET)


Startpoint: _3708_ (rising edge-triggered flip-flop clocked by clk)
Endpoint: _3715_ (rising edge-triggered flip-flop clocked by clk)
Path Group: clk
Path Type: max

Fanout     Cap    Slew   Delay    Time   Description
-----------------------------------------------------------------------------
                  0.15    0.00    0.00   clock clk (rise edge)
                          0.00    0.00   clock network delay (ideal)
                  0.15    0.00    0.00 ^ _3708_/CLK (sky130_fd_sc_hd__dfrtp_2)
                  0.04    0.44    0.44 v _3708_/Q (sky130_fd_sc_hd__dfrtp_2)
     2    0.00                           i_spi_reg.falling_edge_detector_spi_clk.data_dly (net)
                  0.04    0.00    0.44 v _3225_/B (sky130_fd_sc_hd__or3b_2)
                  0.07    0.44    0.88 v _3225_/X (sky130_fd_sc_hd__or3b_2)
     1    0.00                           _1250_ (net)
                  0.07    0.00    0.88 v _3226_/A (sky130_fd_sc_hd__buf_1)
                  0.11    0.18    1.06 v _3226_/X (sky130_fd_sc_hd__buf_1)
     5    0.02                           _1251_ (net)
                  0.11    0.00    1.06 v _3228_/A (sky130_fd_sc_hd__nand2_2)
                  0.07    0.10    1.16 ^ _3228_/Y (sky130_fd_sc_hd__nand2_2)
     2    0.01                           _1253_ (net)
                  0.07    0.00    1.16 ^ _3232_/B (sky130_fd_sc_hd__nand2_2)
                  0.09    0.11    1.27 v _3232_/Y (sky130_fd_sc_hd__nand2_2)
    10    0.02                           _1257_ (net)
                  0.09    0.00    1.27 v _3233_/A (sky130_fd_sc_hd__inv_2)
                  0.24    0.23    1.50 ^ _3233_/Y (sky130_fd_sc_hd__inv_2)
    12    0.05                           _1258_ (net)
                  0.24    0.00    1.50 ^ _3268_/A (sky130_fd_sc_hd__buf_4)
                  0.20    0.30    1.80 ^ _3268_/X (sky130_fd_sc_hd__buf_4)
    15    0.07                           _1289_ (net)
                  0.20    0.00    1.80 ^ _3286_/A2 (sky130_fd_sc_hd__o21ai_2)
                  0.04    0.06    1.86 v _3286_/Y (sky130_fd_sc_hd__o21ai_2)
     1    0.00                           _0268_ (net)
                  0.04    0.00    1.86 v _3715_/D (sky130_fd_sc_hd__dfrtp_2)
                                  1.86   data arrival time

                  0.15   14.00   14.00   clock clk (rise edge)
                          0.00   14.00   clock network delay (ideal)
                         -0.25   13.75   clock uncertainty
                          0.00   13.75   clock reconvergence pessimism
                                 13.75 ^ _3715_/CLK (sky130_fd_sc_hd__dfrtp_2)
                         -0.09   13.66   library setup time
                                 13.66   data required time
-----------------------------------------------------------------------------
                                 13.66   data required time
                                 -1.86   data arrival time
-----------------------------------------------------------------------------
                                 11.80   slack (MET)


Startpoint: _3708_ (rising edge-triggered flip-flop clocked by clk)
Endpoint: _3716_ (rising edge-triggered flip-flop clocked by clk)
Path Group: clk
Path Type: max

Fanout     Cap    Slew   Delay    Time   Description
-----------------------------------------------------------------------------
                  0.15    0.00    0.00   clock clk (rise edge)
                          0.00    0.00   clock network delay (ideal)
                  0.15    0.00    0.00 ^ _3708_/CLK (sky130_fd_sc_hd__dfrtp_2)
                  0.04    0.44    0.44 v _3708_/Q (sky130_fd_sc_hd__dfrtp_2)
     2    0.00                           i_spi_reg.falling_edge_detector_spi_clk.data_dly (net)
                  0.04    0.00    0.44 v _3225_/B (sky130_fd_sc_hd__or3b_2)
                  0.07    0.44    0.88 v _3225_/X (sky130_fd_sc_hd__or3b_2)
     1    0.00                           _1250_ (net)
                  0.07    0.00    0.88 v _3226_/A (sky130_fd_sc_hd__buf_1)
                  0.11    0.18    1.06 v _3226_/X (sky130_fd_sc_hd__buf_1)
     5    0.02                           _1251_ (net)
                  0.11    0.00    1.06 v _3228_/A (sky130_fd_sc_hd__nand2_2)
                  0.07    0.10    1.16 ^ _3228_/Y (sky130_fd_sc_hd__nand2_2)
     2    0.01                           _1253_ (net)
                  0.07    0.00    1.16 ^ _3232_/B (sky130_fd_sc_hd__nand2_2)
                  0.09    0.11    1.27 v _3232_/Y (sky130_fd_sc_hd__nand2_2)
    10    0.02                           _1257_ (net)
                  0.09    0.00    1.27 v _3233_/A (sky130_fd_sc_hd__inv_2)
                  0.24    0.23    1.50 ^ _3233_/Y (sky130_fd_sc_hd__inv_2)
    12    0.05                           _1258_ (net)
                  0.24    0.00    1.50 ^ _3268_/A (sky130_fd_sc_hd__buf_4)
                  0.20    0.30    1.80 ^ _3268_/X (sky130_fd_sc_hd__buf_4)
    15    0.07                           _1289_ (net)
                  0.20    0.00    1.80 ^ _3291_/A2 (sky130_fd_sc_hd__o21ai_2)
                  0.04    0.06    1.86 v _3291_/Y (sky130_fd_sc_hd__o21ai_2)
     1    0.00                           _0269_ (net)
                  0.04    0.00    1.86 v _3716_/D (sky130_fd_sc_hd__dfrtp_2)
                                  1.86   data arrival time

                  0.15   14.00   14.00   clock clk (rise edge)
                          0.00   14.00   clock network delay (ideal)
                         -0.25   13.75   clock uncertainty
                          0.00   13.75   clock reconvergence pessimism
                                 13.75 ^ _3716_/CLK (sky130_fd_sc_hd__dfrtp_2)
                         -0.09   13.66   library setup time
                                 13.66   data required time
-----------------------------------------------------------------------------
                                 13.66   data required time
                                 -1.86   data arrival time
-----------------------------------------------------------------------------
                                 11.80   slack (MET)


Startpoint: _3708_ (rising edge-triggered flip-flop clocked by clk)
Endpoint: _3718_ (rising edge-triggered flip-flop clocked by clk)
Path Group: clk
Path Type: max

Fanout     Cap    Slew   Delay    Time   Description
-----------------------------------------------------------------------------
                  0.15    0.00    0.00   clock clk (rise edge)
                          0.00    0.00   clock network delay (ideal)
                  0.15    0.00    0.00 ^ _3708_/CLK (sky130_fd_sc_hd__dfrtp_2)
                  0.04    0.44    0.44 v _3708_/Q (sky130_fd_sc_hd__dfrtp_2)
     2    0.00                           i_spi_reg.falling_edge_detector_spi_clk.data_dly (net)
                  0.04    0.00    0.44 v _3225_/B (sky130_fd_sc_hd__or3b_2)
                  0.07    0.44    0.88 v _3225_/X (sky130_fd_sc_hd__or3b_2)
     1    0.00                           _1250_ (net)
                  0.07    0.00    0.88 v _3226_/A (sky130_fd_sc_hd__buf_1)
                  0.11    0.18    1.06 v _3226_/X (sky130_fd_sc_hd__buf_1)
     5    0.02                           _1251_ (net)
                  0.11    0.00    1.06 v _3228_/A (sky130_fd_sc_hd__nand2_2)
                  0.07    0.10    1.16 ^ _3228_/Y (sky130_fd_sc_hd__nand2_2)
     2    0.01                           _1253_ (net)
                  0.07    0.00    1.16 ^ _3232_/B (sky130_fd_sc_hd__nand2_2)
                  0.09    0.11    1.27 v _3232_/Y (sky130_fd_sc_hd__nand2_2)
    10    0.02                           _1257_ (net)
                  0.09    0.00    1.27 v _3233_/A (sky130_fd_sc_hd__inv_2)
                  0.24    0.23    1.50 ^ _3233_/Y (sky130_fd_sc_hd__inv_2)
    12    0.05                           _1258_ (net)
                  0.24    0.00    1.50 ^ _3268_/A (sky130_fd_sc_hd__buf_4)
                  0.20    0.30    1.80 ^ _3268_/X (sky130_fd_sc_hd__buf_4)
    15    0.07                           _1289_ (net)
                  0.20    0.00    1.80 ^ _3301_/A2 (sky130_fd_sc_hd__o21ai_2)
                  0.04    0.06    1.86 v _3301_/Y (sky130_fd_sc_hd__o21ai_2)
     1    0.00                           _0271_ (net)
                  0.04    0.00    1.86 v _3718_/D (sky130_fd_sc_hd__dfrtp_2)
                                  1.86   data arrival time

                  0.15   14.00   14.00   clock clk (rise edge)
                          0.00   14.00   clock network delay (ideal)
                         -0.25   13.75   clock uncertainty
                          0.00   13.75   clock reconvergence pessimism
                                 13.75 ^ _3718_/CLK (sky130_fd_sc_hd__dfrtp_2)
                         -0.09   13.66   library setup time
                                 13.66   data required time
-----------------------------------------------------------------------------
                                 13.66   data required time
                                 -1.86   data arrival time
-----------------------------------------------------------------------------
                                 11.80   slack (MET)


Startpoint: _3708_ (rising edge-triggered flip-flop clocked by clk)
Endpoint: _3719_ (rising edge-triggered flip-flop clocked by clk)
Path Group: clk
Path Type: max

Fanout     Cap    Slew   Delay    Time   Description
-----------------------------------------------------------------------------
                  0.15    0.00    0.00   clock clk (rise edge)
                          0.00    0.00   clock network delay (ideal)
                  0.15    0.00    0.00 ^ _3708_/CLK (sky130_fd_sc_hd__dfrtp_2)
                  0.04    0.44    0.44 v _3708_/Q (sky130_fd_sc_hd__dfrtp_2)
     2    0.00                           i_spi_reg.falling_edge_detector_spi_clk.data_dly (net)
                  0.04    0.00    0.44 v _3225_/B (sky130_fd_sc_hd__or3b_2)
                  0.07    0.44    0.88 v _3225_/X (sky130_fd_sc_hd__or3b_2)
     1    0.00                           _1250_ (net)
                  0.07    0.00    0.88 v _3226_/A (sky130_fd_sc_hd__buf_1)
                  0.11    0.18    1.06 v _3226_/X (sky130_fd_sc_hd__buf_1)
     5    0.02                           _1251_ (net)
                  0.11    0.00    1.06 v _3228_/A (sky130_fd_sc_hd__nand2_2)
                  0.07    0.10    1.16 ^ _3228_/Y (sky130_fd_sc_hd__nand2_2)
     2    0.01                           _1253_ (net)
                  0.07    0.00    1.16 ^ _3232_/B (sky130_fd_sc_hd__nand2_2)
                  0.09    0.11    1.27 v _3232_/Y (sky130_fd_sc_hd__nand2_2)
    10    0.02                           _1257_ (net)
                  0.09    0.00    1.27 v _3233_/A (sky130_fd_sc_hd__inv_2)
                  0.24    0.23    1.50 ^ _3233_/Y (sky130_fd_sc_hd__inv_2)
    12    0.05                           _1258_ (net)
                  0.24    0.00    1.50 ^ _3268_/A (sky130_fd_sc_hd__buf_4)
                  0.20    0.30    1.80 ^ _3268_/X (sky130_fd_sc_hd__buf_4)
    15    0.07                           _1289_ (net)
                  0.20    0.00    1.80 ^ _3306_/A2 (sky130_fd_sc_hd__o21ai_2)
                  0.04    0.06    1.86 v _3306_/Y (sky130_fd_sc_hd__o21ai_2)
     1    0.00                           _0272_ (net)
                  0.04    0.00    1.86 v _3719_/D (sky130_fd_sc_hd__dfrtp_2)
                                  1.86   data arrival time

                  0.15   14.00   14.00   clock clk (rise edge)
                          0.00   14.00   clock network delay (ideal)
                         -0.25   13.75   clock uncertainty
                          0.00   13.75   clock reconvergence pessimism
                                 13.75 ^ _3719_/CLK (sky130_fd_sc_hd__dfrtp_2)
                         -0.09   13.66   library setup time
                                 13.66   data required time
-----------------------------------------------------------------------------
                                 13.66   data required time
                                 -1.86   data arrival time
-----------------------------------------------------------------------------
                                 11.80   slack (MET)


Startpoint: _3708_ (rising edge-triggered flip-flop clocked by clk)
Endpoint: _3722_ (rising edge-triggered flip-flop clocked by clk)
Path Group: clk
Path Type: max

Fanout     Cap    Slew   Delay    Time   Description
-----------------------------------------------------------------------------
                  0.15    0.00    0.00   clock clk (rise edge)
                          0.00    0.00   clock network delay (ideal)
                  0.15    0.00    0.00 ^ _3708_/CLK (sky130_fd_sc_hd__dfrtp_2)
                  0.04    0.44    0.44 v _3708_/Q (sky130_fd_sc_hd__dfrtp_2)
     2    0.00                           i_spi_reg.falling_edge_detector_spi_clk.data_dly (net)
                  0.04    0.00    0.44 v _3225_/B (sky130_fd_sc_hd__or3b_2)
                  0.07    0.44    0.88 v _3225_/X (sky130_fd_sc_hd__or3b_2)
     1    0.00                           _1250_ (net)
                  0.07    0.00    0.88 v _3226_/A (sky130_fd_sc_hd__buf_1)
                  0.11    0.18    1.06 v _3226_/X (sky130_fd_sc_hd__buf_1)
     5    0.02                           _1251_ (net)
                  0.11    0.00    1.06 v _3228_/A (sky130_fd_sc_hd__nand2_2)
                  0.07    0.10    1.16 ^ _3228_/Y (sky130_fd_sc_hd__nand2_2)
     2    0.01                           _1253_ (net)
                  0.07    0.00    1.16 ^ _3232_/B (sky130_fd_sc_hd__nand2_2)
                  0.09    0.11    1.27 v _3232_/Y (sky130_fd_sc_hd__nand2_2)
    10    0.02                           _1257_ (net)
                  0.09    0.00    1.27 v _3233_/A (sky130_fd_sc_hd__inv_2)
                  0.24    0.23    1.50 ^ _3233_/Y (sky130_fd_sc_hd__inv_2)
    12    0.05                           _1258_ (net)
                  0.24    0.00    1.50 ^ _3268_/A (sky130_fd_sc_hd__buf_4)
                  0.20    0.30    1.80 ^ _3268_/X (sky130_fd_sc_hd__buf_4)
    15    0.07                           _1289_ (net)
                  0.20    0.00    1.80 ^ _3319_/A2 (sky130_fd_sc_hd__o21ai_2)
                  0.04    0.06    1.86 v _3319_/Y (sky130_fd_sc_hd__o21ai_2)
     1    0.00                           _0275_ (net)
                  0.04    0.00    1.86 v _3722_/D (sky130_fd_sc_hd__dfrtp_2)
                                  1.86   data arrival time

                  0.15   14.00   14.00   clock clk (rise edge)
                          0.00   14.00   clock network delay (ideal)
                         -0.25   13.75   clock uncertainty
                          0.00   13.75   clock reconvergence pessimism
                                 13.75 ^ _3722_/CLK (sky130_fd_sc_hd__dfrtp_2)
                         -0.09   13.66   library setup time
                                 13.66   data required time
-----------------------------------------------------------------------------
                                 13.66   data required time
                                 -1.86   data arrival time
-----------------------------------------------------------------------------
                                 11.80   slack (MET)


Startpoint: _3708_ (rising edge-triggered flip-flop clocked by clk)
Endpoint: _3724_ (rising edge-triggered flip-flop clocked by clk)
Path Group: clk
Path Type: max

Fanout     Cap    Slew   Delay    Time   Description
-----------------------------------------------------------------------------
                  0.15    0.00    0.00   clock clk (rise edge)
                          0.00    0.00   clock network delay (ideal)
                  0.15    0.00    0.00 ^ _3708_/CLK (sky130_fd_sc_hd__dfrtp_2)
                  0.04    0.44    0.44 v _3708_/Q (sky130_fd_sc_hd__dfrtp_2)
     2    0.00                           i_spi_reg.falling_edge_detector_spi_clk.data_dly (net)
                  0.04    0.00    0.44 v _3225_/B (sky130_fd_sc_hd__or3b_2)
                  0.07    0.44    0.88 v _3225_/X (sky130_fd_sc_hd__or3b_2)
     1    0.00                           _1250_ (net)
                  0.07    0.00    0.88 v _3226_/A (sky130_fd_sc_hd__buf_1)
                  0.11    0.18    1.06 v _3226_/X (sky130_fd_sc_hd__buf_1)
     5    0.02                           _1251_ (net)
                  0.11    0.00    1.06 v _3228_/A (sky130_fd_sc_hd__nand2_2)
                  0.07    0.10    1.16 ^ _3228_/Y (sky130_fd_sc_hd__nand2_2)
     2    0.01                           _1253_ (net)
                  0.07    0.00    1.16 ^ _3232_/B (sky130_fd_sc_hd__nand2_2)
                  0.09    0.11    1.27 v _3232_/Y (sky130_fd_sc_hd__nand2_2)
    10    0.02                           _1257_ (net)
                  0.09    0.00    1.27 v _3233_/A (sky130_fd_sc_hd__inv_2)
                  0.24    0.23    1.50 ^ _3233_/Y (sky130_fd_sc_hd__inv_2)
    12    0.05                           _1258_ (net)
                  0.24    0.00    1.50 ^ _3268_/A (sky130_fd_sc_hd__buf_4)
                  0.20    0.30    1.80 ^ _3268_/X (sky130_fd_sc_hd__buf_4)
    15    0.07                           _1289_ (net)
                  0.20    0.00    1.80 ^ _3328_/A2 (sky130_fd_sc_hd__o21ai_2)
                  0.04    0.06    1.86 v _3328_/Y (sky130_fd_sc_hd__o21ai_2)
     1    0.00                           _0277_ (net)
                  0.04    0.00    1.86 v _3724_/D (sky130_fd_sc_hd__dfrtp_2)
                                  1.86   data arrival time

                  0.15   14.00   14.00   clock clk (rise edge)
                          0.00   14.00   clock network delay (ideal)
                         -0.25   13.75   clock uncertainty
                          0.00   13.75   clock reconvergence pessimism
                                 13.75 ^ _3724_/CLK (sky130_fd_sc_hd__dfrtp_2)
                         -0.09   13.66   library setup time
                                 13.66   data required time
-----------------------------------------------------------------------------
                                 13.66   data required time
                                 -1.86   data arrival time
-----------------------------------------------------------------------------
                                 11.80   slack (MET)


Startpoint: _3708_ (rising edge-triggered flip-flop clocked by clk)
Endpoint: _3710_ (rising edge-triggered flip-flop clocked by clk)
Path Group: clk
Path Type: max

Fanout     Cap    Slew   Delay    Time   Description
-----------------------------------------------------------------------------
                  0.15    0.00    0.00   clock clk (rise edge)
                          0.00    0.00   clock network delay (ideal)
                  0.15    0.00    0.00 ^ _3708_/CLK (sky130_fd_sc_hd__dfrtp_2)
                  0.04    0.44    0.44 v _3708_/Q (sky130_fd_sc_hd__dfrtp_2)
     2    0.00                           i_spi_reg.falling_edge_detector_spi_clk.data_dly (net)
                  0.04    0.00    0.44 v _3225_/B (sky130_fd_sc_hd__or3b_2)
                  0.07    0.44    0.88 v _3225_/X (sky130_fd_sc_hd__or3b_2)
     1    0.00                           _1250_ (net)
                  0.07    0.00    0.88 v _3226_/A (sky130_fd_sc_hd__buf_1)
                  0.11    0.18    1.06 v _3226_/X (sky130_fd_sc_hd__buf_1)
     5    0.02                           _1251_ (net)
                  0.11    0.00    1.06 v _3228_/A (sky130_fd_sc_hd__nand2_2)
                  0.07    0.10    1.16 ^ _3228_/Y (sky130_fd_sc_hd__nand2_2)
     2    0.01                           _1253_ (net)
                  0.07    0.00    1.16 ^ _3232_/B (sky130_fd_sc_hd__nand2_2)
                  0.09    0.11    1.27 v _3232_/Y (sky130_fd_sc_hd__nand2_2)
    10    0.02                           _1257_ (net)
                  0.09    0.00    1.27 v _3233_/A (sky130_fd_sc_hd__inv_2)
                  0.24    0.23    1.50 ^ _3233_/Y (sky130_fd_sc_hd__inv_2)
    12    0.05                           _1258_ (net)
                  0.24    0.00    1.50 ^ _3243_/A (sky130_fd_sc_hd__buf_4)
                  0.18    0.28    1.78 ^ _3243_/X (sky130_fd_sc_hd__buf_4)
    15    0.06                           _1267_ (net)
                  0.18    0.00    1.78 ^ _3244_/B (sky130_fd_sc_hd__nand2_2)
                  0.05    0.08    1.86 v _3244_/Y (sky130_fd_sc_hd__nand2_2)
     1    0.00                           _1268_ (net)
                  0.05    0.00    1.86 v _3247_/A (sky130_fd_sc_hd__nand2_2)
                  0.03    0.05    1.90 ^ _3247_/Y (sky130_fd_sc_hd__nand2_2)
     1    0.00                           _0263_ (net)
                  0.03    0.00    1.90 ^ _3710_/D (sky130_fd_sc_hd__dfrtp_2)
                                  1.90   data arrival time

                  0.15   14.00   14.00   clock clk (rise edge)
                          0.00   14.00   clock network delay (ideal)
                         -0.25   13.75   clock uncertainty
                          0.00   13.75   clock reconvergence pessimism
                                 13.75 ^ _3710_/CLK (sky130_fd_sc_hd__dfrtp_2)
                         -0.05   13.70   library setup time
                                 13.70   data required time
-----------------------------------------------------------------------------
                                 13.70   data required time
                                 -1.90   data arrival time
-----------------------------------------------------------------------------
                                 11.80   slack (MET)


Startpoint: _3708_ (rising edge-triggered flip-flop clocked by clk)
Endpoint: _3711_ (rising edge-triggered flip-flop clocked by clk)
Path Group: clk
Path Type: max

Fanout     Cap    Slew   Delay    Time   Description
-----------------------------------------------------------------------------
                  0.15    0.00    0.00   clock clk (rise edge)
                          0.00    0.00   clock network delay (ideal)
                  0.15    0.00    0.00 ^ _3708_/CLK (sky130_fd_sc_hd__dfrtp_2)
                  0.04    0.44    0.44 v _3708_/Q (sky130_fd_sc_hd__dfrtp_2)
     2    0.00                           i_spi_reg.falling_edge_detector_spi_clk.data_dly (net)
                  0.04    0.00    0.44 v _3225_/B (sky130_fd_sc_hd__or3b_2)
                  0.07    0.44    0.88 v _3225_/X (sky130_fd_sc_hd__or3b_2)
     1    0.00                           _1250_ (net)
                  0.07    0.00    0.88 v _3226_/A (sky130_fd_sc_hd__buf_1)
                  0.11    0.18    1.06 v _3226_/X (sky130_fd_sc_hd__buf_1)
     5    0.02                           _1251_ (net)
                  0.11    0.00    1.06 v _3228_/A (sky130_fd_sc_hd__nand2_2)
                  0.07    0.10    1.16 ^ _3228_/Y (sky130_fd_sc_hd__nand2_2)
     2    0.01                           _1253_ (net)
                  0.07    0.00    1.16 ^ _3232_/B (sky130_fd_sc_hd__nand2_2)
                  0.09    0.11    1.27 v _3232_/Y (sky130_fd_sc_hd__nand2_2)
    10    0.02                           _1257_ (net)
                  0.09    0.00    1.27 v _3233_/A (sky130_fd_sc_hd__inv_2)
                  0.24    0.23    1.50 ^ _3233_/Y (sky130_fd_sc_hd__inv_2)
    12    0.05                           _1258_ (net)
                  0.24    0.00    1.50 ^ _3243_/A (sky130_fd_sc_hd__buf_4)
                  0.18    0.28    1.78 ^ _3243_/X (sky130_fd_sc_hd__buf_4)
    15    0.06                           _1267_ (net)
                  0.18    0.00    1.78 ^ _3255_/B (sky130_fd_sc_hd__nand2_2)
                  0.05    0.08    1.86 v _3255_/Y (sky130_fd_sc_hd__nand2_2)
     1    0.00                           _1278_ (net)
                  0.05    0.00    1.86 v _3257_/A (sky130_fd_sc_hd__nand2_2)
                  0.03    0.05    1.90 ^ _3257_/Y (sky130_fd_sc_hd__nand2_2)
     1    0.00                           _0264_ (net)
                  0.03    0.00    1.90 ^ _3711_/D (sky130_fd_sc_hd__dfrtp_2)
                                  1.90   data arrival time

                  0.15   14.00   14.00   clock clk (rise edge)
                          0.00   14.00   clock network delay (ideal)
                         -0.25   13.75   clock uncertainty
                          0.00   13.75   clock reconvergence pessimism
                                 13.75 ^ _3711_/CLK (sky130_fd_sc_hd__dfrtp_2)
                         -0.05   13.70   library setup time
                                 13.70   data required time
-----------------------------------------------------------------------------
                                 13.70   data required time
                                 -1.90   data arrival time
-----------------------------------------------------------------------------
                                 11.80   slack (MET)


Startpoint: _3708_ (rising edge-triggered flip-flop clocked by clk)
Endpoint: _3712_ (rising edge-triggered flip-flop clocked by clk)
Path Group: clk
Path Type: max

Fanout     Cap    Slew   Delay    Time   Description
-----------------------------------------------------------------------------
                  0.15    0.00    0.00   clock clk (rise edge)
                          0.00    0.00   clock network delay (ideal)
                  0.15    0.00    0.00 ^ _3708_/CLK (sky130_fd_sc_hd__dfrtp_2)
                  0.04    0.44    0.44 v _3708_/Q (sky130_fd_sc_hd__dfrtp_2)
     2    0.00                           i_spi_reg.falling_edge_detector_spi_clk.data_dly (net)
                  0.04    0.00    0.44 v _3225_/B (sky130_fd_sc_hd__or3b_2)
                  0.07    0.44    0.88 v _3225_/X (sky130_fd_sc_hd__or3b_2)
     1    0.00                           _1250_ (net)
                  0.07    0.00    0.88 v _3226_/A (sky130_fd_sc_hd__buf_1)
                  0.11    0.18    1.06 v _3226_/X (sky130_fd_sc_hd__buf_1)
     5    0.02                           _1251_ (net)
                  0.11    0.00    1.06 v _3228_/A (sky130_fd_sc_hd__nand2_2)
                  0.07    0.10    1.16 ^ _3228_/Y (sky130_fd_sc_hd__nand2_2)
     2    0.01                           _1253_ (net)
                  0.07    0.00    1.16 ^ _3232_/B (sky130_fd_sc_hd__nand2_2)
                  0.09    0.11    1.27 v _3232_/Y (sky130_fd_sc_hd__nand2_2)
    10    0.02                           _1257_ (net)
                  0.09    0.00    1.27 v _3233_/A (sky130_fd_sc_hd__inv_2)
                  0.24    0.23    1.50 ^ _3233_/Y (sky130_fd_sc_hd__inv_2)
    12    0.05                           _1258_ (net)
                  0.24    0.00    1.50 ^ _3243_/A (sky130_fd_sc_hd__buf_4)
                  0.18    0.28    1.78 ^ _3243_/X (sky130_fd_sc_hd__buf_4)
    15    0.06                           _1267_ (net)
                  0.18    0.00    1.78 ^ _3265_/B (sky130_fd_sc_hd__nand2_2)
                  0.05    0.08    1.86 v _3265_/Y (sky130_fd_sc_hd__nand2_2)
     1    0.00                           _1287_ (net)
                  0.05    0.00    1.86 v _3267_/A (sky130_fd_sc_hd__nand2_2)
                  0.03    0.05    1.90 ^ _3267_/Y (sky130_fd_sc_hd__nand2_2)
     1    0.00                           _0265_ (net)
                  0.03    0.00    1.90 ^ _3712_/D (sky130_fd_sc_hd__dfrtp_2)
                                  1.90   data arrival time

                  0.15   14.00   14.00   clock clk (rise edge)
                          0.00   14.00   clock network delay (ideal)
                         -0.25   13.75   clock uncertainty
                          0.00   13.75   clock reconvergence pessimism
                                 13.75 ^ _3712_/CLK (sky130_fd_sc_hd__dfrtp_2)
                         -0.05   13.70   library setup time
                                 13.70   data required time
-----------------------------------------------------------------------------
                                 13.70   data required time
                                 -1.90   data arrival time
-----------------------------------------------------------------------------
                                 11.80   slack (MET)


Startpoint: _3469_ (rising edge-triggered flip-flop clocked by clk)
Endpoint: _3470_ (rising edge-triggered flip-flop clocked by clk)
Path Group: clk
Path Type: max

Fanout     Cap    Slew   Delay    Time   Description
-----------------------------------------------------------------------------
                  0.15    0.00    0.00   clock clk (rise edge)
                          0.00    0.00   clock network delay (ideal)
                  0.15    0.00    0.00 ^ _3469_/CLK (sky130_fd_sc_hd__dfrtp_2)
                  0.07    0.48    0.48 v _3469_/Q (sky130_fd_sc_hd__dfrtp_2)
     4    0.02                           i_spi_reg.state[1] (net)
                  0.07    0.00    0.48 v _1728_/A (sky130_fd_sc_hd__or3_2)
                  0.10    0.53    1.02 v _1728_/X (sky130_fd_sc_hd__or3_2)
     2    0.01                           _1424_ (net)
                  0.10    0.00    1.02 v _1960_/A (sky130_fd_sc_hd__inv_2)
                  0.06    0.09    1.11 ^ _1960_/Y (sky130_fd_sc_hd__inv_2)
     2    0.01                           _1625_ (net)
                  0.06    0.00    1.11 ^ _1961_/B (sky130_fd_sc_hd__nor2_2)
                  0.03    0.04    1.15 v _1961_/Y (sky130_fd_sc_hd__nor2_2)
     2    0.01                           _1626_ (net)
                  0.03    0.00    1.15 v _1966_/C (sky130_fd_sc_hd__or4_2)
                  0.11    0.64    1.79 v _1966_/X (sky130_fd_sc_hd__or4_2)
     1    0.00                           _1630_ (net)
                  0.11    0.00    1.79 v _1970_/A (sky130_fd_sc_hd__nand2_2)
                  0.04    0.07    1.86 ^ _1970_/Y (sky130_fd_sc_hd__nand2_2)
     1    0.00                           _0031_ (net)
                  0.04    0.00    1.86 ^ _3470_/D (sky130_fd_sc_hd__dfrtp_2)
                                  1.86   data arrival time

                  0.15   14.00   14.00   clock clk (rise edge)
                          0.00   14.00   clock network delay (ideal)
                         -0.25   13.75   clock uncertainty
                          0.00   13.75   clock reconvergence pessimism
                                 13.75 ^ _3470_/CLK (sky130_fd_sc_hd__dfrtp_2)
                         -0.05   13.70   library setup time
                                 13.70   data required time
-----------------------------------------------------------------------------
                                 13.70   data required time
                                 -1.86   data arrival time
-----------------------------------------------------------------------------
                                 11.85   slack (MET)


Startpoint: _3741_ (rising edge-triggered flip-flop clocked by clk)
Endpoint: _3747_ (rising edge-triggered flip-flop clocked by clk)
Path Group: clk
Path Type: max

Fanout     Cap    Slew   Delay    Time   Description
-----------------------------------------------------------------------------
                  0.15    0.00    0.00   clock clk (rise edge)
                          0.00    0.00   clock network delay (ideal)
                  0.15    0.00    0.00 ^ _3741_/CLK (sky130_fd_sc_hd__dfrtp_2)
                  0.07    0.48    0.48 v _3741_/Q (sky130_fd_sc_hd__dfrtp_2)
     3    0.01                           i_spi_reg.buffer_counter[0] (net)
                  0.07    0.00    0.48 v _1731_/A (sky130_fd_sc_hd__inv_2)
                  0.04    0.06    0.54 ^ _1731_/Y (sky130_fd_sc_hd__inv_2)
     2    0.01                           _1426_ (net)
                  0.04    0.00    0.54 ^ _1734_/B (sky130_fd_sc_hd__and4_2)
                  0.06    0.21    0.75 ^ _1734_/X (sky130_fd_sc_hd__and4_2)
     2    0.00                           _1429_ (net)
                  0.06    0.00    0.75 ^ _1736_/A (sky130_fd_sc_hd__and3_2)
                  0.04    0.16    0.91 ^ _1736_/X (sky130_fd_sc_hd__and3_2)
     1    0.00                           _1431_ (net)
                  0.04    0.00    0.91 ^ _1737_/A (sky130_fd_sc_hd__buf_1)
                  0.31    0.28    1.19 ^ _1737_/X (sky130_fd_sc_hd__buf_1)
     7    0.03                           _1432_ (net)
                  0.31    0.00    1.19 ^ _3419_/A (sky130_fd_sc_hd__nand2_2)
                  0.15    0.20    1.39 v _3419_/Y (sky130_fd_sc_hd__nand2_2)
     9    0.03                           _1406_ (net)
                  0.15    0.00    1.39 v _3420_/S (sky130_fd_sc_hd__mux2_2)
                  0.05    0.31    1.70 v _3420_/X (sky130_fd_sc_hd__mux2_2)
     1    0.00                           _1407_ (net)
                  0.05    0.00    1.70 v _3421_/A (sky130_fd_sc_hd__buf_1)
                  0.02    0.09    1.79 v _3421_/X (sky130_fd_sc_hd__buf_1)
     1    0.00                           _0300_ (net)
                  0.02    0.00    1.79 v _3747_/D (sky130_fd_sc_hd__dfrtp_2)
                                  1.79   data arrival time

                  0.15   14.00   14.00   clock clk (rise edge)
                          0.00   14.00   clock network delay (ideal)
                         -0.25   13.75   clock uncertainty
                          0.00   13.75   clock reconvergence pessimism
                                 13.75 ^ _3747_/CLK (sky130_fd_sc_hd__dfrtp_2)
                         -0.08   13.67   library setup time
                                 13.67   data required time
-----------------------------------------------------------------------------
                                 13.67   data required time
                                 -1.79   data arrival time
-----------------------------------------------------------------------------
                                 11.88   slack (MET)


Startpoint: _3741_ (rising edge-triggered flip-flop clocked by clk)
Endpoint: _3748_ (rising edge-triggered flip-flop clocked by clk)
Path Group: clk
Path Type: max

Fanout     Cap    Slew   Delay    Time   Description
-----------------------------------------------------------------------------
                  0.15    0.00    0.00   clock clk (rise edge)
                          0.00    0.00   clock network delay (ideal)
                  0.15    0.00    0.00 ^ _3741_/CLK (sky130_fd_sc_hd__dfrtp_2)
                  0.07    0.48    0.48 v _3741_/Q (sky130_fd_sc_hd__dfrtp_2)
     3    0.01                           i_spi_reg.buffer_counter[0] (net)
                  0.07    0.00    0.48 v _1731_/A (sky130_fd_sc_hd__inv_2)
                  0.04    0.06    0.54 ^ _1731_/Y (sky130_fd_sc_hd__inv_2)
     2    0.01                           _1426_ (net)
                  0.04    0.00    0.54 ^ _1734_/B (sky130_fd_sc_hd__and4_2)
                  0.06    0.21    0.75 ^ _1734_/X (sky130_fd_sc_hd__and4_2)
     2    0.00                           _1429_ (net)
                  0.06    0.00    0.75 ^ _1736_/A (sky130_fd_sc_hd__and3_2)
                  0.04    0.16    0.91 ^ _1736_/X (sky130_fd_sc_hd__and3_2)
     1    0.00                           _1431_ (net)
                  0.04    0.00    0.91 ^ _1737_/A (sky130_fd_sc_hd__buf_1)
                  0.31    0.28    1.19 ^ _1737_/X (sky130_fd_sc_hd__buf_1)
     7    0.03                           _1432_ (net)
                  0.31    0.00    1.19 ^ _3419_/A (sky130_fd_sc_hd__nand2_2)
                  0.15    0.20    1.39 v _3419_/Y (sky130_fd_sc_hd__nand2_2)
     9    0.03                           _1406_ (net)
                  0.15    0.00    1.39 v _3422_/S (sky130_fd_sc_hd__mux2_2)
                  0.05    0.31    1.70 v _3422_/X (sky130_fd_sc_hd__mux2_2)
     1    0.00                           _1408_ (net)
                  0.05    0.00    1.70 v _3423_/A (sky130_fd_sc_hd__buf_1)
                  0.02    0.09    1.79 v _3423_/X (sky130_fd_sc_hd__buf_1)
     1    0.00                           _0301_ (net)
                  0.02    0.00    1.79 v _3748_/D (sky130_fd_sc_hd__dfrtp_2)
                                  1.79   data arrival time

                  0.15   14.00   14.00   clock clk (rise edge)
                          0.00   14.00   clock network delay (ideal)
                         -0.25   13.75   clock uncertainty
                          0.00   13.75   clock reconvergence pessimism
                                 13.75 ^ _3748_/CLK (sky130_fd_sc_hd__dfrtp_2)
                         -0.08   13.67   library setup time
                                 13.67   data required time
-----------------------------------------------------------------------------
                                 13.67   data required time
                                 -1.79   data arrival time
-----------------------------------------------------------------------------
                                 11.88   slack (MET)


Startpoint: _3741_ (rising edge-triggered flip-flop clocked by clk)
Endpoint: _3749_ (rising edge-triggered flip-flop clocked by clk)
Path Group: clk
Path Type: max

Fanout     Cap    Slew   Delay    Time   Description
-----------------------------------------------------------------------------
                  0.15    0.00    0.00   clock clk (rise edge)
                          0.00    0.00   clock network delay (ideal)
                  0.15    0.00    0.00 ^ _3741_/CLK (sky130_fd_sc_hd__dfrtp_2)
                  0.07    0.48    0.48 v _3741_/Q (sky130_fd_sc_hd__dfrtp_2)
     3    0.01                           i_spi_reg.buffer_counter[0] (net)
                  0.07    0.00    0.48 v _1731_/A (sky130_fd_sc_hd__inv_2)
                  0.04    0.06    0.54 ^ _1731_/Y (sky130_fd_sc_hd__inv_2)
     2    0.01                           _1426_ (net)
                  0.04    0.00    0.54 ^ _1734_/B (sky130_fd_sc_hd__and4_2)
                  0.06    0.21    0.75 ^ _1734_/X (sky130_fd_sc_hd__and4_2)
     2    0.00                           _1429_ (net)
                  0.06    0.00    0.75 ^ _1736_/A (sky130_fd_sc_hd__and3_2)
                  0.04    0.16    0.91 ^ _1736_/X (sky130_fd_sc_hd__and3_2)
     1    0.00                           _1431_ (net)
                  0.04    0.00    0.91 ^ _1737_/A (sky130_fd_sc_hd__buf_1)
                  0.31    0.28    1.19 ^ _1737_/X (sky130_fd_sc_hd__buf_1)
     7    0.03                           _1432_ (net)
                  0.31    0.00    1.19 ^ _3419_/A (sky130_fd_sc_hd__nand2_2)
                  0.15    0.20    1.39 v _3419_/Y (sky130_fd_sc_hd__nand2_2)
     9    0.03                           _1406_ (net)
                  0.15    0.00    1.39 v _3424_/S (sky130_fd_sc_hd__mux2_2)
                  0.05    0.31    1.70 v _3424_/X (sky130_fd_sc_hd__mux2_2)
     1    0.00                           _1409_ (net)
                  0.05    0.00    1.70 v _3425_/A (sky130_fd_sc_hd__buf_1)
                  0.02    0.09    1.79 v _3425_/X (sky130_fd_sc_hd__buf_1)
     1    0.00                           _0302_ (net)
                  0.02    0.00    1.79 v _3749_/D (sky130_fd_sc_hd__dfrtp_2)
                                  1.79   data arrival time

                  0.15   14.00   14.00   clock clk (rise edge)
                          0.00   14.00   clock network delay (ideal)
                         -0.25   13.75   clock uncertainty
                          0.00   13.75   clock reconvergence pessimism
                                 13.75 ^ _3749_/CLK (sky130_fd_sc_hd__dfrtp_2)
                         -0.08   13.67   library setup time
                                 13.67   data required time
-----------------------------------------------------------------------------
                                 13.67   data required time
                                 -1.79   data arrival time
-----------------------------------------------------------------------------
                                 11.88   slack (MET)


Startpoint: _3741_ (rising edge-triggered flip-flop clocked by clk)
Endpoint: _3750_ (rising edge-triggered flip-flop clocked by clk)
Path Group: clk
Path Type: max

Fanout     Cap    Slew   Delay    Time   Description
-----------------------------------------------------------------------------
                  0.15    0.00    0.00   clock clk (rise edge)
                          0.00    0.00   clock network delay (ideal)
                  0.15    0.00    0.00 ^ _3741_/CLK (sky130_fd_sc_hd__dfrtp_2)
                  0.07    0.48    0.48 v _3741_/Q (sky130_fd_sc_hd__dfrtp_2)
     3    0.01                           i_spi_reg.buffer_counter[0] (net)
                  0.07    0.00    0.48 v _1731_/A (sky130_fd_sc_hd__inv_2)
                  0.04    0.06    0.54 ^ _1731_/Y (sky130_fd_sc_hd__inv_2)
     2    0.01                           _1426_ (net)
                  0.04    0.00    0.54 ^ _1734_/B (sky130_fd_sc_hd__and4_2)
                  0.06    0.21    0.75 ^ _1734_/X (sky130_fd_sc_hd__and4_2)
     2    0.00                           _1429_ (net)
                  0.06    0.00    0.75 ^ _1736_/A (sky130_fd_sc_hd__and3_2)
                  0.04    0.16    0.91 ^ _1736_/X (sky130_fd_sc_hd__and3_2)
     1    0.00                           _1431_ (net)
                  0.04    0.00    0.91 ^ _1737_/A (sky130_fd_sc_hd__buf_1)
                  0.31    0.28    1.19 ^ _1737_/X (sky130_fd_sc_hd__buf_1)
     7    0.03                           _1432_ (net)
                  0.31    0.00    1.19 ^ _3419_/A (sky130_fd_sc_hd__nand2_2)
                  0.15    0.20    1.39 v _3419_/Y (sky130_fd_sc_hd__nand2_2)
     9    0.03                           _1406_ (net)
                  0.15    0.00    1.39 v _3426_/S (sky130_fd_sc_hd__mux2_2)
                  0.05    0.31    1.70 v _3426_/X (sky130_fd_sc_hd__mux2_2)
     1    0.00                           _1410_ (net)
                  0.05    0.00    1.70 v _3427_/A (sky130_fd_sc_hd__buf_1)
                  0.02    0.09    1.79 v _3427_/X (sky130_fd_sc_hd__buf_1)
     1    0.00                           _0303_ (net)
                  0.02    0.00    1.79 v _3750_/D (sky130_fd_sc_hd__dfrtp_2)
                                  1.79   data arrival time

                  0.15   14.00   14.00   clock clk (rise edge)
                          0.00   14.00   clock network delay (ideal)
                         -0.25   13.75   clock uncertainty
                          0.00   13.75   clock reconvergence pessimism
                                 13.75 ^ _3750_/CLK (sky130_fd_sc_hd__dfrtp_2)
                         -0.08   13.67   library setup time
                                 13.67   data required time
-----------------------------------------------------------------------------
                                 13.67   data required time
                                 -1.79   data arrival time
-----------------------------------------------------------------------------
                                 11.88   slack (MET)


Startpoint: _3741_ (rising edge-triggered flip-flop clocked by clk)
Endpoint: _3751_ (rising edge-triggered flip-flop clocked by clk)
Path Group: clk
Path Type: max

Fanout     Cap    Slew   Delay    Time   Description
-----------------------------------------------------------------------------
                  0.15    0.00    0.00   clock clk (rise edge)
                          0.00    0.00   clock network delay (ideal)
                  0.15    0.00    0.00 ^ _3741_/CLK (sky130_fd_sc_hd__dfrtp_2)
                  0.07    0.48    0.48 v _3741_/Q (sky130_fd_sc_hd__dfrtp_2)
     3    0.01                           i_spi_reg.buffer_counter[0] (net)
                  0.07    0.00    0.48 v _1731_/A (sky130_fd_sc_hd__inv_2)
                  0.04    0.06    0.54 ^ _1731_/Y (sky130_fd_sc_hd__inv_2)
     2    0.01                           _1426_ (net)
                  0.04    0.00    0.54 ^ _1734_/B (sky130_fd_sc_hd__and4_2)
                  0.06    0.21    0.75 ^ _1734_/X (sky130_fd_sc_hd__and4_2)
     2    0.00                           _1429_ (net)
                  0.06    0.00    0.75 ^ _1736_/A (sky130_fd_sc_hd__and3_2)
                  0.04    0.16    0.91 ^ _1736_/X (sky130_fd_sc_hd__and3_2)
     1    0.00                           _1431_ (net)
                  0.04    0.00    0.91 ^ _1737_/A (sky130_fd_sc_hd__buf_1)
                  0.31    0.28    1.19 ^ _1737_/X (sky130_fd_sc_hd__buf_1)
     7    0.03                           _1432_ (net)
                  0.31    0.00    1.19 ^ _3419_/A (sky130_fd_sc_hd__nand2_2)
                  0.15    0.20    1.39 v _3419_/Y (sky130_fd_sc_hd__nand2_2)
     9    0.03                           _1406_ (net)
                  0.15    0.00    1.39 v _3428_/S (sky130_fd_sc_hd__mux2_2)
                  0.05    0.31    1.70 v _3428_/X (sky130_fd_sc_hd__mux2_2)
     1    0.00                           _1411_ (net)
                  0.05    0.00    1.70 v _3429_/A (sky130_fd_sc_hd__buf_1)
                  0.02    0.09    1.79 v _3429_/X (sky130_fd_sc_hd__buf_1)
     1    0.00                           _0304_ (net)
                  0.02    0.00    1.79 v _3751_/D (sky130_fd_sc_hd__dfrtp_2)
                                  1.79   data arrival time

                  0.15   14.00   14.00   clock clk (rise edge)
                          0.00   14.00   clock network delay (ideal)
                         -0.25   13.75   clock uncertainty
                          0.00   13.75   clock reconvergence pessimism
                                 13.75 ^ _3751_/CLK (sky130_fd_sc_hd__dfrtp_2)
                         -0.08   13.67   library setup time
                                 13.67   data required time
-----------------------------------------------------------------------------
                                 13.67   data required time
                                 -1.79   data arrival time
-----------------------------------------------------------------------------
                                 11.88   slack (MET)


Startpoint: _3741_ (rising edge-triggered flip-flop clocked by clk)
Endpoint: _3752_ (rising edge-triggered flip-flop clocked by clk)
Path Group: clk
Path Type: max

Fanout     Cap    Slew   Delay    Time   Description
-----------------------------------------------------------------------------
                  0.15    0.00    0.00   clock clk (rise edge)
                          0.00    0.00   clock network delay (ideal)
                  0.15    0.00    0.00 ^ _3741_/CLK (sky130_fd_sc_hd__dfrtp_2)
                  0.07    0.48    0.48 v _3741_/Q (sky130_fd_sc_hd__dfrtp_2)
     3    0.01                           i_spi_reg.buffer_counter[0] (net)
                  0.07    0.00    0.48 v _1731_/A (sky130_fd_sc_hd__inv_2)
                  0.04    0.06    0.54 ^ _1731_/Y (sky130_fd_sc_hd__inv_2)
     2    0.01                           _1426_ (net)
                  0.04    0.00    0.54 ^ _1734_/B (sky130_fd_sc_hd__and4_2)
                  0.06    0.21    0.75 ^ _1734_/X (sky130_fd_sc_hd__and4_2)
     2    0.00                           _1429_ (net)
                  0.06    0.00    0.75 ^ _1736_/A (sky130_fd_sc_hd__and3_2)
                  0.04    0.16    0.91 ^ _1736_/X (sky130_fd_sc_hd__and3_2)
     1    0.00                           _1431_ (net)
                  0.04    0.00    0.91 ^ _1737_/A (sky130_fd_sc_hd__buf_1)
                  0.31    0.28    1.19 ^ _1737_/X (sky130_fd_sc_hd__buf_1)
     7    0.03                           _1432_ (net)
                  0.31    0.00    1.19 ^ _3419_/A (sky130_fd_sc_hd__nand2_2)
                  0.15    0.20    1.39 v _3419_/Y (sky130_fd_sc_hd__nand2_2)
     9    0.03                           _1406_ (net)
                  0.15    0.00    1.39 v _3430_/S (sky130_fd_sc_hd__mux2_2)
                  0.05    0.31    1.70 v _3430_/X (sky130_fd_sc_hd__mux2_2)
     1    0.00                           _1412_ (net)
                  0.05    0.00    1.70 v _3431_/A (sky130_fd_sc_hd__buf_1)
                  0.02    0.09    1.79 v _3431_/X (sky130_fd_sc_hd__buf_1)
     1    0.00                           _0305_ (net)
                  0.02    0.00    1.79 v _3752_/D (sky130_fd_sc_hd__dfrtp_2)
                                  1.79   data arrival time

                  0.15   14.00   14.00   clock clk (rise edge)
                          0.00   14.00   clock network delay (ideal)
                         -0.25   13.75   clock uncertainty
                          0.00   13.75   clock reconvergence pessimism
                                 13.75 ^ _3752_/CLK (sky130_fd_sc_hd__dfrtp_2)
                         -0.08   13.67   library setup time
                                 13.67   data required time
-----------------------------------------------------------------------------
                                 13.67   data required time
                                 -1.79   data arrival time
-----------------------------------------------------------------------------
                                 11.88   slack (MET)


Startpoint: _3741_ (rising edge-triggered flip-flop clocked by clk)
Endpoint: _3753_ (rising edge-triggered flip-flop clocked by clk)
Path Group: clk
Path Type: max

Fanout     Cap    Slew   Delay    Time   Description
-----------------------------------------------------------------------------
                  0.15    0.00    0.00   clock clk (rise edge)
                          0.00    0.00   clock network delay (ideal)
                  0.15    0.00    0.00 ^ _3741_/CLK (sky130_fd_sc_hd__dfrtp_2)
                  0.07    0.48    0.48 v _3741_/Q (sky130_fd_sc_hd__dfrtp_2)
     3    0.01                           i_spi_reg.buffer_counter[0] (net)
                  0.07    0.00    0.48 v _1731_/A (sky130_fd_sc_hd__inv_2)
                  0.04    0.06    0.54 ^ _1731_/Y (sky130_fd_sc_hd__inv_2)
     2    0.01                           _1426_ (net)
                  0.04    0.00    0.54 ^ _1734_/B (sky130_fd_sc_hd__and4_2)
                  0.06    0.21    0.75 ^ _1734_/X (sky130_fd_sc_hd__and4_2)
     2    0.00                           _1429_ (net)
                  0.06    0.00    0.75 ^ _1736_/A (sky130_fd_sc_hd__and3_2)
                  0.04    0.16    0.91 ^ _1736_/X (sky130_fd_sc_hd__and3_2)
     1    0.00                           _1431_ (net)
                  0.04    0.00    0.91 ^ _1737_/A (sky130_fd_sc_hd__buf_1)
                  0.31    0.28    1.19 ^ _1737_/X (sky130_fd_sc_hd__buf_1)
     7    0.03                           _1432_ (net)
                  0.31    0.00    1.19 ^ _3419_/A (sky130_fd_sc_hd__nand2_2)
                  0.15    0.20    1.39 v _3419_/Y (sky130_fd_sc_hd__nand2_2)
     9    0.03                           _1406_ (net)
                  0.15    0.00    1.39 v _3432_/S (sky130_fd_sc_hd__mux2_2)
                  0.05    0.31    1.70 v _3432_/X (sky130_fd_sc_hd__mux2_2)
     1    0.00                           _1413_ (net)
                  0.05    0.00    1.70 v _3433_/A (sky130_fd_sc_hd__buf_1)
                  0.02    0.09    1.79 v _3433_/X (sky130_fd_sc_hd__buf_1)
     1    0.00                           _0306_ (net)
                  0.02    0.00    1.79 v _3753_/D (sky130_fd_sc_hd__dfrtp_2)
                                  1.79   data arrival time

                  0.15   14.00   14.00   clock clk (rise edge)
                          0.00   14.00   clock network delay (ideal)
                         -0.25   13.75   clock uncertainty
                          0.00   13.75   clock reconvergence pessimism
                                 13.75 ^ _3753_/CLK (sky130_fd_sc_hd__dfrtp_2)
                         -0.08   13.67   library setup time
                                 13.67   data required time
-----------------------------------------------------------------------------
                                 13.67   data required time
                                 -1.79   data arrival time
-----------------------------------------------------------------------------
                                 11.88   slack (MET)


Startpoint: _3741_ (rising edge-triggered flip-flop clocked by clk)
Endpoint: _3754_ (rising edge-triggered flip-flop clocked by clk)
Path Group: clk
Path Type: max

Fanout     Cap    Slew   Delay    Time   Description
-----------------------------------------------------------------------------
                  0.15    0.00    0.00   clock clk (rise edge)
                          0.00    0.00   clock network delay (ideal)
                  0.15    0.00    0.00 ^ _3741_/CLK (sky130_fd_sc_hd__dfrtp_2)
                  0.07    0.48    0.48 v _3741_/Q (sky130_fd_sc_hd__dfrtp_2)
     3    0.01                           i_spi_reg.buffer_counter[0] (net)
                  0.07    0.00    0.48 v _1731_/A (sky130_fd_sc_hd__inv_2)
                  0.04    0.06    0.54 ^ _1731_/Y (sky130_fd_sc_hd__inv_2)
     2    0.01                           _1426_ (net)
                  0.04    0.00    0.54 ^ _1734_/B (sky130_fd_sc_hd__and4_2)
                  0.06    0.21    0.75 ^ _1734_/X (sky130_fd_sc_hd__and4_2)
     2    0.00                           _1429_ (net)
                  0.06    0.00    0.75 ^ _1736_/A (sky130_fd_sc_hd__and3_2)
                  0.04    0.16    0.91 ^ _1736_/X (sky130_fd_sc_hd__and3_2)
     1    0.00                           _1431_ (net)
                  0.04    0.00    0.91 ^ _1737_/A (sky130_fd_sc_hd__buf_1)
                  0.31    0.28    1.19 ^ _1737_/X (sky130_fd_sc_hd__buf_1)
     7    0.03                           _1432_ (net)
                  0.31    0.00    1.19 ^ _3419_/A (sky130_fd_sc_hd__nand2_2)
                  0.15    0.20    1.39 v _3419_/Y (sky130_fd_sc_hd__nand2_2)
     9    0.03                           _1406_ (net)
                  0.15    0.00    1.39 v _3434_/S (sky130_fd_sc_hd__mux2_2)
                  0.05    0.31    1.70 v _3434_/X (sky130_fd_sc_hd__mux2_2)
     1    0.00                           _1414_ (net)
                  0.05    0.00    1.70 v _3435_/A (sky130_fd_sc_hd__buf_1)
                  0.02    0.09    1.79 v _3435_/X (sky130_fd_sc_hd__buf_1)
     1    0.00                           _0307_ (net)
                  0.02    0.00    1.79 v _3754_/D (sky130_fd_sc_hd__dfstp_2)
                                  1.79   data arrival time

                  0.15   14.00   14.00   clock clk (rise edge)
                          0.00   14.00   clock network delay (ideal)
                         -0.25   13.75   clock uncertainty
                          0.00   13.75   clock reconvergence pessimism
                                 13.75 ^ _3754_/CLK (sky130_fd_sc_hd__dfstp_2)
                         -0.04   13.71   library setup time
                                 13.71   data required time
-----------------------------------------------------------------------------
                                 13.71   data required time
                                 -1.79   data arrival time
-----------------------------------------------------------------------------
                                 11.92   slack (MET)


Startpoint: _3741_ (rising edge-triggered flip-flop clocked by clk)
Endpoint: _3755_ (rising edge-triggered flip-flop clocked by clk)
Path Group: clk
Path Type: max

Fanout     Cap    Slew   Delay    Time   Description
-----------------------------------------------------------------------------
                  0.15    0.00    0.00   clock clk (rise edge)
                          0.00    0.00   clock network delay (ideal)
                  0.15    0.00    0.00 ^ _3741_/CLK (sky130_fd_sc_hd__dfrtp_2)
                  0.07    0.48    0.48 v _3741_/Q (sky130_fd_sc_hd__dfrtp_2)
     3    0.01                           i_spi_reg.buffer_counter[0] (net)
                  0.07    0.00    0.48 v _1731_/A (sky130_fd_sc_hd__inv_2)
                  0.04    0.06    0.54 ^ _1731_/Y (sky130_fd_sc_hd__inv_2)
     2    0.01                           _1426_ (net)
                  0.04    0.00    0.54 ^ _1734_/B (sky130_fd_sc_hd__and4_2)
                  0.06    0.21    0.75 ^ _1734_/X (sky130_fd_sc_hd__and4_2)
     2    0.00                           _1429_ (net)
                  0.06    0.00    0.75 ^ _1736_/A (sky130_fd_sc_hd__and3_2)
                  0.04    0.16    0.91 ^ _1736_/X (sky130_fd_sc_hd__and3_2)
     1    0.00                           _1431_ (net)
                  0.04    0.00    0.91 ^ _1737_/A (sky130_fd_sc_hd__buf_1)
                  0.31    0.28    1.19 ^ _1737_/X (sky130_fd_sc_hd__buf_1)
     7    0.03                           _1432_ (net)
                  0.31    0.00    1.19 ^ _3419_/A (sky130_fd_sc_hd__nand2_2)
                  0.15    0.20    1.39 v _3419_/Y (sky130_fd_sc_hd__nand2_2)
     9    0.03                           _1406_ (net)
                  0.15    0.00    1.39 v _3436_/S (sky130_fd_sc_hd__mux2_2)
                  0.05    0.31    1.70 v _3436_/X (sky130_fd_sc_hd__mux2_2)
     1    0.00                           _1415_ (net)
                  0.05    0.00    1.70 v _3437_/A (sky130_fd_sc_hd__buf_1)
                  0.02    0.09    1.79 v _3437_/X (sky130_fd_sc_hd__buf_1)
     1    0.00                           _0308_ (net)
                  0.02    0.00    1.79 v _3755_/D (sky130_fd_sc_hd__dfstp_2)
                                  1.79   data arrival time

                  0.15   14.00   14.00   clock clk (rise edge)
                          0.00   14.00   clock network delay (ideal)
                         -0.25   13.75   clock uncertainty
                          0.00   13.75   clock reconvergence pessimism
                                 13.75 ^ _3755_/CLK (sky130_fd_sc_hd__dfstp_2)
                         -0.04   13.71   library setup time
                                 13.71   data required time
-----------------------------------------------------------------------------
                                 13.71   data required time
                                 -1.79   data arrival time
-----------------------------------------------------------------------------
                                 11.92   slack (MET)


Startpoint: _3469_ (rising edge-triggered flip-flop clocked by clk)
Endpoint: _3709_ (rising edge-triggered flip-flop clocked by clk)
Path Group: clk
Path Type: max

Fanout     Cap    Slew   Delay    Time   Description
-----------------------------------------------------------------------------
                  0.15    0.00    0.00   clock clk (rise edge)
                          0.00    0.00   clock network delay (ideal)
                  0.15    0.00    0.00 ^ _3469_/CLK (sky130_fd_sc_hd__dfrtp_2)
                  0.07    0.48    0.48 v _3469_/Q (sky130_fd_sc_hd__dfrtp_2)
     4    0.02                           i_spi_reg.state[1] (net)
                  0.07    0.00    0.48 v _1952_/A (sky130_fd_sc_hd__nor2_4)
                  0.36    0.34    0.83 ^ _1952_/Y (sky130_fd_sc_hd__nor2_4)
    12    0.06                           _1618_ (net)
                  0.36    0.00    0.83 ^ _1956_/A (sky130_fd_sc_hd__inv_2)
                  0.11    0.14    0.96 v _1956_/Y (sky130_fd_sc_hd__inv_2)
     9    0.02                           _1622_ (net)
                  0.11    0.00    0.96 v _1967_/B (sky130_fd_sc_hd__nor2_2)
                  0.15    0.17    1.13 ^ _1967_/Y (sky130_fd_sc_hd__nor2_2)
     4    0.01                           _1631_ (net)
                  0.15    0.00    1.13 ^ _3218_/A (sky130_fd_sc_hd__buf_2)
                  0.23    0.28    1.41 ^ _3218_/X (sky130_fd_sc_hd__buf_2)
    15    0.05                           _1243_ (net)
                  0.23    0.00    1.41 ^ _3219_/B1 (sky130_fd_sc_hd__o21a_2)
                  0.04    0.19    1.60 ^ _3219_/X (sky130_fd_sc_hd__o21a_2)
     1    0.00                           _1244_ (net)
                  0.04    0.00    1.60 ^ _3220_/B (sky130_fd_sc_hd__nand2_2)
                  0.03    0.05    1.65 v _3220_/Y (sky130_fd_sc_hd__nand2_2)
     1    0.00                           _1245_ (net)
                  0.03    0.00    1.65 v _3235_/A1 (sky130_fd_sc_hd__a21oi_2)
                  0.07    0.10    1.74 ^ _3235_/Y (sky130_fd_sc_hd__a21oi_2)
     1    0.00                           _0262_ (net)
                  0.07    0.00    1.74 ^ _3709_/D (sky130_fd_sc_hd__dfrtp_2)
                                  1.74   data arrival time

                  0.15   14.00   14.00   clock clk (rise edge)
                          0.00   14.00   clock network delay (ideal)
                         -0.25   13.75   clock uncertainty
                          0.00   13.75   clock reconvergence pessimism
                                 13.75 ^ _3709_/CLK (sky130_fd_sc_hd__dfrtp_2)
                         -0.05   13.70   library setup time
                                 13.70   data required time
-----------------------------------------------------------------------------
                                 13.70   data required time
                                 -1.74   data arrival time
-----------------------------------------------------------------------------
                                 11.95   slack (MET)


Startpoint: _3469_ (rising edge-triggered flip-flop clocked by clk)
Endpoint: _3468_ (rising edge-triggered flip-flop clocked by clk)
Path Group: clk
Path Type: max

Fanout     Cap    Slew   Delay    Time   Description
-----------------------------------------------------------------------------
                  0.15    0.00    0.00   clock clk (rise edge)
                          0.00    0.00   clock network delay (ideal)
                  0.15    0.00    0.00 ^ _3469_/CLK (sky130_fd_sc_hd__dfrtp_2)
                  0.07    0.48    0.48 v _3469_/Q (sky130_fd_sc_hd__dfrtp_2)
     4    0.02                           i_spi_reg.state[1] (net)
                  0.07    0.00    0.48 v _1952_/A (sky130_fd_sc_hd__nor2_4)
                  0.36    0.34    0.83 ^ _1952_/Y (sky130_fd_sc_hd__nor2_4)
    12    0.06                           _1618_ (net)
                  0.36    0.00    0.83 ^ _1956_/A (sky130_fd_sc_hd__inv_2)
                  0.11    0.14    0.96 v _1956_/Y (sky130_fd_sc_hd__inv_2)
     9    0.02                           _1622_ (net)
                  0.11    0.00    0.96 v _1957_/A (sky130_fd_sc_hd__buf_1)
                  0.36    0.39    1.36 v _1957_/X (sky130_fd_sc_hd__buf_1)
    15    0.06                           _1623_ (net)
                  0.36    0.00    1.36 v _1958_/C1 (sky130_fd_sc_hd__a211oi_2)
                  0.19    0.29    1.64 ^ _1958_/Y (sky130_fd_sc_hd__a211oi_2)
     1    0.00                           _1624_ (net)
                  0.19    0.00    1.64 ^ _1959_/B1 (sky130_fd_sc_hd__a21oi_2)
                  0.05    0.04    1.68 v _1959_/Y (sky130_fd_sc_hd__a21oi_2)
     1    0.00                           _0029_ (net)
                  0.05    0.00    1.68 v _3468_/D (sky130_fd_sc_hd__dfrtp_2)
                                  1.68   data arrival time

                  0.15   14.00   14.00   clock clk (rise edge)
                          0.00   14.00   clock network delay (ideal)
                         -0.25   13.75   clock uncertainty
                          0.00   13.75   clock reconvergence pessimism
                                 13.75 ^ _3468_/CLK (sky130_fd_sc_hd__dfrtp_2)
                         -0.09   13.66   library setup time
                                 13.66   data required time
-----------------------------------------------------------------------------
                                 13.66   data required time
                                 -1.68   data arrival time
-----------------------------------------------------------------------------
                                 11.97   slack (MET)


Startpoint: _3741_ (rising edge-triggered flip-flop clocked by clk)
Endpoint: _3741_ (rising edge-triggered flip-flop clocked by clk)
Path Group: clk
Path Type: max

Fanout     Cap    Slew   Delay    Time   Description
-----------------------------------------------------------------------------
                  0.15    0.00    0.00   clock clk (rise edge)
                          0.00    0.00   clock network delay (ideal)
                  0.15    0.00    0.00 ^ _3741_/CLK (sky130_fd_sc_hd__dfrtp_2)
                  0.07    0.48    0.48 v _3741_/Q (sky130_fd_sc_hd__dfrtp_2)
     3    0.01                           i_spi_reg.buffer_counter[0] (net)
                  0.07    0.00    0.48 v _1731_/A (sky130_fd_sc_hd__inv_2)
                  0.04    0.06    0.54 ^ _1731_/Y (sky130_fd_sc_hd__inv_2)
     2    0.01                           _1426_ (net)
                  0.04    0.00    0.54 ^ _1734_/B (sky130_fd_sc_hd__and4_2)
                  0.06    0.21    0.75 ^ _1734_/X (sky130_fd_sc_hd__and4_2)
     2    0.00                           _1429_ (net)
                  0.06    0.00    0.75 ^ _1736_/A (sky130_fd_sc_hd__and3_2)
                  0.04    0.16    0.91 ^ _1736_/X (sky130_fd_sc_hd__and3_2)
     1    0.00                           _1431_ (net)
                  0.04    0.00    0.91 ^ _1737_/A (sky130_fd_sc_hd__buf_1)
                  0.31    0.28    1.19 ^ _1737_/X (sky130_fd_sc_hd__buf_1)
     7    0.03                           _1432_ (net)
                  0.31    0.00    1.19 ^ _1950_/A (sky130_fd_sc_hd__inv_2)
                  0.10    0.13    1.32 v _1950_/Y (sky130_fd_sc_hd__inv_2)
     6    0.02                           _1616_ (net)
                  0.10    0.00    1.32 v _3396_/A (sky130_fd_sc_hd__nand2_2)
                  0.05    0.08    1.40 ^ _3396_/Y (sky130_fd_sc_hd__nand2_2)
     1    0.00                           _1389_ (net)
                  0.05    0.00    1.40 ^ _3397_/A (sky130_fd_sc_hd__nand2_2)
                  0.04    0.05    1.45 v _3397_/Y (sky130_fd_sc_hd__nand2_2)
     2    0.01                           _1390_ (net)
                  0.04    0.00    1.45 v _3399_/A (sky130_fd_sc_hd__and2_2)
                  0.03    0.16    1.61 v _3399_/X (sky130_fd_sc_hd__and2_2)
     1    0.00                           _1392_ (net)
                  0.03    0.00    1.61 v _3400_/A (sky130_fd_sc_hd__buf_1)
                  0.02    0.08    1.69 v _3400_/X (sky130_fd_sc_hd__buf_1)
     1    0.00                           _0294_ (net)
                  0.02    0.00    1.69 v _3741_/D (sky130_fd_sc_hd__dfrtp_2)
                                  1.69   data arrival time

                  0.15   14.00   14.00   clock clk (rise edge)
                          0.00   14.00   clock network delay (ideal)
                         -0.25   13.75   clock uncertainty
                          0.00   13.75   clock reconvergence pessimism
                                 13.75 ^ _3741_/CLK (sky130_fd_sc_hd__dfrtp_2)
                         -0.08   13.67   library setup time
                                 13.67   data required time
-----------------------------------------------------------------------------
                                 13.67   data required time
                                 -1.69   data arrival time
-----------------------------------------------------------------------------
                                 11.98   slack (MET)


Startpoint: _3708_ (rising edge-triggered flip-flop clocked by clk)
Endpoint: _3742_ (rising edge-triggered flip-flop clocked by clk)
Path Group: clk
Path Type: max

Fanout     Cap    Slew   Delay    Time   Description
-----------------------------------------------------------------------------
                  0.15    0.00    0.00   clock clk (rise edge)
                          0.00    0.00   clock network delay (ideal)
                  0.15    0.00    0.00 ^ _3708_/CLK (sky130_fd_sc_hd__dfrtp_2)
                  0.04    0.44    0.44 v _3708_/Q (sky130_fd_sc_hd__dfrtp_2)
     2    0.00                           i_spi_reg.falling_edge_detector_spi_clk.data_dly (net)
                  0.04    0.00    0.44 v _3225_/B (sky130_fd_sc_hd__or3b_2)
                  0.07    0.44    0.88 v _3225_/X (sky130_fd_sc_hd__or3b_2)
     1    0.00                           _1250_ (net)
                  0.07    0.00    0.88 v _3226_/A (sky130_fd_sc_hd__buf_1)
                  0.11    0.18    1.06 v _3226_/X (sky130_fd_sc_hd__buf_1)
     5    0.02                           _1251_ (net)
                  0.11    0.00    1.06 v _3403_/B (sky130_fd_sc_hd__or2_2)
                  0.06    0.32    1.38 v _3403_/X (sky130_fd_sc_hd__or2_2)
     2    0.01                           _1395_ (net)
                  0.06    0.00    1.38 v _3404_/B (sky130_fd_sc_hd__and2_2)
                  0.03    0.20    1.58 v _3404_/X (sky130_fd_sc_hd__and2_2)
     1    0.00                           _1396_ (net)
                  0.03    0.00    1.58 v _3405_/A (sky130_fd_sc_hd__buf_1)
                  0.02    0.08    1.66 v _3405_/X (sky130_fd_sc_hd__buf_1)
     1    0.00                           _0295_ (net)
                  0.02    0.00    1.66 v _3742_/D (sky130_fd_sc_hd__dfrtp_2)
                                  1.66   data arrival time

                  0.15   14.00   14.00   clock clk (rise edge)
                          0.00   14.00   clock network delay (ideal)
                         -0.25   13.75   clock uncertainty
                          0.00   13.75   clock reconvergence pessimism
                                 13.75 ^ _3742_/CLK (sky130_fd_sc_hd__dfrtp_2)
                         -0.08   13.67   library setup time
                                 13.67   data required time
-----------------------------------------------------------------------------
                                 13.67   data required time
                                 -1.66   data arrival time
-----------------------------------------------------------------------------
                                 12.01   slack (MET)


Startpoint: _3708_ (rising edge-triggered flip-flop clocked by clk)
Endpoint: _3744_ (rising edge-triggered flip-flop clocked by clk)
Path Group: clk
Path Type: max

Fanout     Cap    Slew   Delay    Time   Description
-----------------------------------------------------------------------------
                  0.15    0.00    0.00   clock clk (rise edge)
                          0.00    0.00   clock network delay (ideal)
                  0.15    0.00    0.00 ^ _3708_/CLK (sky130_fd_sc_hd__dfrtp_2)
                  0.04    0.44    0.44 v _3708_/Q (sky130_fd_sc_hd__dfrtp_2)
     2    0.00                           i_spi_reg.falling_edge_detector_spi_clk.data_dly (net)
                  0.04    0.00    0.44 v _3225_/B (sky130_fd_sc_hd__or3b_2)
                  0.07    0.44    0.88 v _3225_/X (sky130_fd_sc_hd__or3b_2)
     1    0.00                           _1250_ (net)
                  0.07    0.00    0.88 v _3226_/A (sky130_fd_sc_hd__buf_1)
                  0.11    0.18    1.06 v _3226_/X (sky130_fd_sc_hd__buf_1)
     5    0.02                           _1251_ (net)
                  0.11    0.00    1.06 v _3407_/B (sky130_fd_sc_hd__nor2_2)
                  0.14    0.16    1.22 ^ _3407_/Y (sky130_fd_sc_hd__nor2_2)
     3    0.01                           _1398_ (net)
                  0.14    0.00    1.22 ^ _3410_/A (sky130_fd_sc_hd__nand2_2)
                  0.08    0.11    1.33 v _3410_/Y (sky130_fd_sc_hd__nand2_2)
     5    0.02                           _1400_ (net)
                  0.08    0.00    1.33 v _3411_/C (sky130_fd_sc_hd__and3_2)
                  0.04    0.23    1.55 v _3411_/X (sky130_fd_sc_hd__and3_2)
     1    0.00                           _1401_ (net)
                  0.04    0.00    1.55 v _3412_/A (sky130_fd_sc_hd__buf_1)
                  0.02    0.08    1.64 v _3412_/X (sky130_fd_sc_hd__buf_1)
     1    0.00                           _0297_ (net)
                  0.02    0.00    1.64 v _3744_/D (sky130_fd_sc_hd__dfrtp_2)
                                  1.64   data arrival time

                  0.15   14.00   14.00   clock clk (rise edge)
                          0.00   14.00   clock network delay (ideal)
                         -0.25   13.75   clock uncertainty
                          0.00   13.75   clock reconvergence pessimism
                                 13.75 ^ _3744_/CLK (sky130_fd_sc_hd__dfrtp_2)
                         -0.08   13.67   library setup time
                                 13.67   data required time
-----------------------------------------------------------------------------
                                 13.67   data required time
                                 -1.64   data arrival time
-----------------------------------------------------------------------------
                                 12.03   slack (MET)


Startpoint: _3708_ (rising edge-triggered flip-flop clocked by clk)
Endpoint: _3743_ (rising edge-triggered flip-flop clocked by clk)
Path Group: clk
Path Type: max

Fanout     Cap    Slew   Delay    Time   Description
-----------------------------------------------------------------------------
                  0.15    0.00    0.00   clock clk (rise edge)
                          0.00    0.00   clock network delay (ideal)
                  0.15    0.00    0.00 ^ _3708_/CLK (sky130_fd_sc_hd__dfrtp_2)
                  0.04    0.44    0.44 v _3708_/Q (sky130_fd_sc_hd__dfrtp_2)
     2    0.00                           i_spi_reg.falling_edge_detector_spi_clk.data_dly (net)
                  0.04    0.00    0.44 v _3225_/B (sky130_fd_sc_hd__or3b_2)
                  0.07    0.44    0.88 v _3225_/X (sky130_fd_sc_hd__or3b_2)
     1    0.00                           _1250_ (net)
                  0.07    0.00    0.88 v _3226_/A (sky130_fd_sc_hd__buf_1)
                  0.11    0.18    1.06 v _3226_/X (sky130_fd_sc_hd__buf_1)
     5    0.02                           _1251_ (net)
                  0.11    0.00    1.06 v _3403_/B (sky130_fd_sc_hd__or2_2)
                  0.06    0.32    1.38 v _3403_/X (sky130_fd_sc_hd__or2_2)
     2    0.01                           _1395_ (net)
                  0.06    0.00    1.38 v _3408_/A1 (sky130_fd_sc_hd__a211oi_2)
                  0.13    0.17    1.55 ^ _3408_/Y (sky130_fd_sc_hd__a211oi_2)
     1    0.00                           _0296_ (net)
                  0.13    0.00    1.55 ^ _3743_/D (sky130_fd_sc_hd__dfrtp_2)
                                  1.55   data arrival time

                  0.15   14.00   14.00   clock clk (rise edge)
                          0.00   14.00   clock network delay (ideal)
                         -0.25   13.75   clock uncertainty
                          0.00   13.75   clock reconvergence pessimism
                                 13.75 ^ _3743_/CLK (sky130_fd_sc_hd__dfrtp_2)
                         -0.07   13.68   library setup time
                                 13.68   data required time
-----------------------------------------------------------------------------
                                 13.68   data required time
                                 -1.55   data arrival time
-----------------------------------------------------------------------------
                                 12.13   slack (MET)


Startpoint: _3708_ (rising edge-triggered flip-flop clocked by clk)
Endpoint: _3745_ (rising edge-triggered flip-flop clocked by clk)
Path Group: clk
Path Type: max

Fanout     Cap    Slew   Delay    Time   Description
-----------------------------------------------------------------------------
                  0.15    0.00    0.00   clock clk (rise edge)
                          0.00    0.00   clock network delay (ideal)
                  0.15    0.00    0.00 ^ _3708_/CLK (sky130_fd_sc_hd__dfrtp_2)
                  0.04    0.44    0.44 v _3708_/Q (sky130_fd_sc_hd__dfrtp_2)
     2    0.00                           i_spi_reg.falling_edge_detector_spi_clk.data_dly (net)
                  0.04    0.00    0.44 v _3225_/B (sky130_fd_sc_hd__or3b_2)
                  0.07    0.44    0.88 v _3225_/X (sky130_fd_sc_hd__or3b_2)
     1    0.00                           _1250_ (net)
                  0.07    0.00    0.88 v _3226_/A (sky130_fd_sc_hd__buf_1)
                  0.11    0.18    1.06 v _3226_/X (sky130_fd_sc_hd__buf_1)
     5    0.02                           _1251_ (net)
                  0.11    0.00    1.06 v _3407_/B (sky130_fd_sc_hd__nor2_2)
                  0.14    0.16    1.22 ^ _3407_/Y (sky130_fd_sc_hd__nor2_2)
     3    0.01                           _1398_ (net)
                  0.14    0.00    1.22 ^ _3410_/A (sky130_fd_sc_hd__nand2_2)
                  0.08    0.11    1.33 v _3410_/Y (sky130_fd_sc_hd__nand2_2)
     5    0.02                           _1400_ (net)
                  0.08    0.00    1.33 v _3413_/A2 (sky130_fd_sc_hd__o21ai_2)
                  0.10    0.14    1.46 ^ _3413_/Y (sky130_fd_sc_hd__o21ai_2)
     1    0.00                           _1402_ (net)
                  0.10    0.00    1.46 ^ _3414_/B1 (sky130_fd_sc_hd__a21oi_2)
                  0.04    0.04    1.50 v _3414_/Y (sky130_fd_sc_hd__a21oi_2)
     1    0.00                           _0298_ (net)
                  0.04    0.00    1.50 v _3745_/D (sky130_fd_sc_hd__dfrtp_2)
                                  1.50   data arrival time

                  0.15   14.00   14.00   clock clk (rise edge)
                          0.00   14.00   clock network delay (ideal)
                         -0.25   13.75   clock uncertainty
                          0.00   13.75   clock reconvergence pessimism
                                 13.75 ^ _3745_/CLK (sky130_fd_sc_hd__dfrtp_2)
                         -0.09   13.66   library setup time
                                 13.66   data required time
-----------------------------------------------------------------------------
                                 13.66   data required time
                                 -1.50   data arrival time
-----------------------------------------------------------------------------
                                 12.16   slack (MET)


Startpoint: _3741_ (rising edge-triggered flip-flop clocked by clk)
Endpoint: _3756_ (rising edge-triggered flip-flop clocked by clk)
Path Group: clk
Path Type: max

Fanout     Cap    Slew   Delay    Time   Description
-----------------------------------------------------------------------------
                  0.15    0.00    0.00   clock clk (rise edge)
                          0.00    0.00   clock network delay (ideal)
                  0.15    0.00    0.00 ^ _3741_/CLK (sky130_fd_sc_hd__dfrtp_2)
                  0.07    0.48    0.48 v _3741_/Q (sky130_fd_sc_hd__dfrtp_2)
     3    0.01                           i_spi_reg.buffer_counter[0] (net)
                  0.07    0.00    0.48 v _1731_/A (sky130_fd_sc_hd__inv_2)
                  0.04    0.06    0.54 ^ _1731_/Y (sky130_fd_sc_hd__inv_2)
     2    0.01                           _1426_ (net)
                  0.04    0.00    0.54 ^ _1734_/B (sky130_fd_sc_hd__and4_2)
                  0.06    0.21    0.75 ^ _1734_/X (sky130_fd_sc_hd__and4_2)
     2    0.00                           _1429_ (net)
                  0.06    0.00    0.75 ^ _1736_/A (sky130_fd_sc_hd__and3_2)
                  0.04    0.16    0.91 ^ _1736_/X (sky130_fd_sc_hd__and3_2)
     1    0.00                           _1431_ (net)
                  0.04    0.00    0.91 ^ _1737_/A (sky130_fd_sc_hd__buf_1)
                  0.31    0.28    1.19 ^ _1737_/X (sky130_fd_sc_hd__buf_1)
     7    0.03                           _1432_ (net)
                  0.31    0.00    1.19 ^ _1739_/A (sky130_fd_sc_hd__and3_2)
                  0.04    0.24    1.43 ^ _1739_/X (sky130_fd_sc_hd__and3_2)
     1    0.00                           _1434_ (net)
                  0.04    0.00    1.43 ^ _1740_/A (sky130_fd_sc_hd__buf_1)
                  0.04    0.08    1.51 ^ _1740_/X (sky130_fd_sc_hd__buf_1)
     1    0.00                           _0000_ (net)
                  0.04    0.00    1.51 ^ _3756_/D (sky130_fd_sc_hd__dfrtp_2)
                                  1.51   data arrival time

                  0.15   14.00   14.00   clock clk (rise edge)
                          0.00   14.00   clock network delay (ideal)
                         -0.25   13.75   clock uncertainty
                          0.00   13.75   clock reconvergence pessimism
                                 13.75 ^ _3756_/CLK (sky130_fd_sc_hd__dfrtp_2)
                         -0.05   13.70   library setup time
                                 13.70   data required time
-----------------------------------------------------------------------------
                                 13.70   data required time
                                 -1.51   data arrival time
-----------------------------------------------------------------------------
                                 12.19   slack (MET)


Startpoint: _3741_ (rising edge-triggered flip-flop clocked by clk)
Endpoint: _3469_ (rising edge-triggered flip-flop clocked by clk)
Path Group: clk
Path Type: max

Fanout     Cap    Slew   Delay    Time   Description
-----------------------------------------------------------------------------
                  0.15    0.00    0.00   clock clk (rise edge)
                          0.00    0.00   clock network delay (ideal)
                  0.15    0.00    0.00 ^ _3741_/CLK (sky130_fd_sc_hd__dfrtp_2)
                  0.07    0.48    0.48 v _3741_/Q (sky130_fd_sc_hd__dfrtp_2)
     3    0.01                           i_spi_reg.buffer_counter[0] (net)
                  0.07    0.00    0.48 v _1731_/A (sky130_fd_sc_hd__inv_2)
                  0.04    0.06    0.54 ^ _1731_/Y (sky130_fd_sc_hd__inv_2)
     2    0.01                           _1426_ (net)
                  0.04    0.00    0.54 ^ _1734_/B (sky130_fd_sc_hd__and4_2)
                  0.06    0.21    0.75 ^ _1734_/X (sky130_fd_sc_hd__and4_2)
     2    0.00                           _1429_ (net)
                  0.06    0.00    0.75 ^ _1736_/A (sky130_fd_sc_hd__and3_2)
                  0.04    0.16    0.91 ^ _1736_/X (sky130_fd_sc_hd__and3_2)
     1    0.00                           _1431_ (net)
                  0.04    0.00    0.91 ^ _1737_/A (sky130_fd_sc_hd__buf_1)
                  0.31    0.28    1.19 ^ _1737_/X (sky130_fd_sc_hd__buf_1)
     7    0.03                           _1432_ (net)
                  0.31    0.00    1.19 ^ _1950_/A (sky130_fd_sc_hd__inv_2)
                  0.10    0.13    1.32 v _1950_/Y (sky130_fd_sc_hd__inv_2)
     6    0.02                           _1616_ (net)
                  0.10    0.00    1.32 v _1964_/B1 (sky130_fd_sc_hd__o21ai_2)
                  0.08    0.07    1.39 ^ _1964_/Y (sky130_fd_sc_hd__o21ai_2)
     1    0.00                           _1629_ (net)
                  0.08    0.00    1.39 ^ _1965_/A2 (sky130_fd_sc_hd__a21o_2)
                  0.03    0.12    1.51 ^ _1965_/X (sky130_fd_sc_hd__a21o_2)
     1    0.00                           _0030_ (net)
                  0.03    0.00    1.51 ^ _3469_/D (sky130_fd_sc_hd__dfrtp_2)
                                  1.51   data arrival time

                  0.15   14.00   14.00   clock clk (rise edge)
                          0.00   14.00   clock network delay (ideal)
                         -0.25   13.75   clock uncertainty
                          0.00   13.75   clock reconvergence pessimism
                                 13.75 ^ _3469_/CLK (sky130_fd_sc_hd__dfrtp_2)
                         -0.04   13.71   library setup time
                                 13.71   data required time
-----------------------------------------------------------------------------
                                 13.71   data required time
                                 -1.51   data arrival time
-----------------------------------------------------------------------------
                                 12.20   slack (MET)


Startpoint: _3705_ (rising edge-triggered flip-flop clocked by clk)
Endpoint: _3707_ (rising edge-triggered flip-flop clocked by clk)
Path Group: clk
Path Type: max

Fanout     Cap    Slew   Delay    Time   Description
-----------------------------------------------------------------------------
                  0.15    0.00    0.00   clock clk (rise edge)
                          0.00    0.00   clock network delay (ideal)
                  0.15    0.00    0.00 ^ _3705_/CLK (sky130_fd_sc_hd__dfxtp_2)
                  0.04    0.37    0.37 v _3705_/Q (sky130_fd_sc_hd__dfxtp_2)
     4    0.01                           i_spi_reg.falling_edge_detector_sof.data (net)
                  0.04    0.00    0.37 v _3707_/D (sky130_fd_sc_hd__dfrtp_2)
                                  0.37   data arrival time

                  0.15   14.00   14.00   clock clk (rise edge)
                          0.00   14.00   clock network delay (ideal)
                         -0.25   13.75   clock uncertainty
                          0.00   13.75   clock reconvergence pessimism
                                 13.75 ^ _3707_/CLK (sky130_fd_sc_hd__dfrtp_2)
                         -0.09   13.66   library setup time
                                 13.66   data required time
-----------------------------------------------------------------------------
                                 13.66   data required time
                                 -0.37   data arrival time
-----------------------------------------------------------------------------
                                 13.29   slack (MET)


Startpoint: _3703_ (rising edge-triggered flip-flop clocked by clk)
Endpoint: _3708_ (rising edge-triggered flip-flop clocked by clk)
Path Group: clk
Path Type: max

Fanout     Cap    Slew   Delay    Time   Description
-----------------------------------------------------------------------------
                  0.15    0.00    0.00   clock clk (rise edge)
                          0.00    0.00   clock network delay (ideal)
                  0.15    0.00    0.00 ^ _3703_/CLK (sky130_fd_sc_hd__dfxtp_2)
                  0.03    0.36    0.36 v _3703_/Q (sky130_fd_sc_hd__dfxtp_2)
     3    0.00                           i_spi_reg.falling_edge_detector_spi_clk.data (net)
                  0.03    0.00    0.36 v _3708_/D (sky130_fd_sc_hd__dfrtp_2)
                                  0.36   data arrival time

                  0.15   14.00   14.00   clock clk (rise edge)
                          0.00   14.00   clock network delay (ideal)
                         -0.25   13.75   clock uncertainty
                          0.00   13.75   clock reconvergence pessimism
                                 13.75 ^ _3708_/CLK (sky130_fd_sc_hd__dfrtp_2)
                         -0.08   13.67   library setup time
                                 13.67   data required time
-----------------------------------------------------------------------------
                                 13.67   data required time
                                 -0.36   data arrival time
-----------------------------------------------------------------------------
                                 13.30   slack (MET)


Startpoint: _3438_ (rising edge-triggered flip-flop clocked by clk)
Endpoint: _3439_ (rising edge-triggered flip-flop clocked by clk)
Path Group: clk
Path Type: max

Fanout     Cap    Slew   Delay    Time   Description
-----------------------------------------------------------------------------
                  0.15    0.00    0.00   clock clk (rise edge)
                          0.00    0.00   clock network delay (ideal)
                  0.15    0.00    0.00 ^ _3438_/CLK (sky130_fd_sc_hd__dfxtp_2)
                  0.02    0.35    0.35 v _3438_/Q (sky130_fd_sc_hd__dfxtp_2)
     1    0.00                           synchronizer_ui_in_inst.data_sync[1][0] (net)
                  0.02    0.00    0.35 v _3439_/D (sky130_fd_sc_hd__dfxtp_2)
                                  0.35   data arrival time

                  0.15   14.00   14.00   clock clk (rise edge)
                          0.00   14.00   clock network delay (ideal)
                         -0.25   13.75   clock uncertainty
                          0.00   13.75   clock reconvergence pessimism
                                 13.75 ^ _3439_/CLK (sky130_fd_sc_hd__dfxtp_2)
                         -0.08   13.67   library setup time
                                 13.67   data required time
-----------------------------------------------------------------------------
                                 13.67   data required time
                                 -0.35   data arrival time
-----------------------------------------------------------------------------
                                 13.32   slack (MET)


Startpoint: _3700_ (rising edge-triggered flip-flop clocked by clk)
Endpoint: _3701_ (rising edge-triggered flip-flop clocked by clk)
Path Group: clk
Path Type: max

Fanout     Cap    Slew   Delay    Time   Description
-----------------------------------------------------------------------------
                  0.15    0.00    0.00   clock clk (rise edge)
                          0.00    0.00   clock network delay (ideal)
                  0.15    0.00    0.00 ^ _3700_/CLK (sky130_fd_sc_hd__dfxtp_2)
                  0.02    0.35    0.35 v _3700_/Q (sky130_fd_sc_hd__dfxtp_2)
     1    0.00                           synchronizer_spi_mosi_inst.data_sync[1] (net)
                  0.02    0.00    0.35 v _3701_/D (sky130_fd_sc_hd__dfxtp_2)
                                  0.35   data arrival time

                  0.15   14.00   14.00   clock clk (rise edge)
                          0.00   14.00   clock network delay (ideal)
                         -0.25   13.75   clock uncertainty
                          0.00   13.75   clock reconvergence pessimism
                                 13.75 ^ _3701_/CLK (sky130_fd_sc_hd__dfxtp_2)
                         -0.08   13.67   library setup time
                                 13.67   data required time
-----------------------------------------------------------------------------
                                 13.67   data required time
                                 -0.35   data arrival time
-----------------------------------------------------------------------------
                                 13.32   slack (MET)


Startpoint: _3702_ (rising edge-triggered flip-flop clocked by clk)
Endpoint: _3703_ (rising edge-triggered flip-flop clocked by clk)
Path Group: clk
Path Type: max

Fanout     Cap    Slew   Delay    Time   Description
-----------------------------------------------------------------------------
                  0.15    0.00    0.00   clock clk (rise edge)
                          0.00    0.00   clock network delay (ideal)
                  0.15    0.00    0.00 ^ _3702_/CLK (sky130_fd_sc_hd__dfxtp_2)
                  0.02    0.35    0.35 v _3702_/Q (sky130_fd_sc_hd__dfxtp_2)
     1    0.00                           synchronizer_spi_clk_inst.data_sync[1] (net)
                  0.02    0.00    0.35 v _3703_/D (sky130_fd_sc_hd__dfxtp_2)
                                  0.35   data arrival time

                  0.15   14.00   14.00   clock clk (rise edge)
                          0.00   14.00   clock network delay (ideal)
                         -0.25   13.75   clock uncertainty
                          0.00   13.75   clock reconvergence pessimism
                                 13.75 ^ _3703_/CLK (sky130_fd_sc_hd__dfxtp_2)
                         -0.08   13.67   library setup time
                                 13.67   data required time
-----------------------------------------------------------------------------
                                 13.67   data required time
                                 -0.35   data arrival time
-----------------------------------------------------------------------------
                                 13.32   slack (MET)


Startpoint: _3704_ (rising edge-triggered flip-flop clocked by clk)
Endpoint: _3705_ (rising edge-triggered flip-flop clocked by clk)
Path Group: clk
Path Type: max

Fanout     Cap    Slew   Delay    Time   Description
-----------------------------------------------------------------------------
                  0.15    0.00    0.00   clock clk (rise edge)
                          0.00    0.00   clock network delay (ideal)
                  0.15    0.00    0.00 ^ _3704_/CLK (sky130_fd_sc_hd__dfxtp_2)
                  0.02    0.35    0.35 v _3704_/Q (sky130_fd_sc_hd__dfxtp_2)
     1    0.00                           synchronizer_spi_cs_n_inst.data_sync[1] (net)
                  0.02    0.00    0.35 v _3705_/D (sky130_fd_sc_hd__dfxtp_2)
                                  0.35   data arrival time

                  0.15   14.00   14.00   clock clk (rise edge)
                          0.00   14.00   clock network delay (ideal)
                         -0.25   13.75   clock uncertainty
                          0.00   13.75   clock reconvergence pessimism
                                 13.75 ^ _3705_/CLK (sky130_fd_sc_hd__dfxtp_2)
                         -0.08   13.67   library setup time
                                 13.67   data required time
-----------------------------------------------------------------------------
                                 13.67   data required time
                                 -0.35   data arrival time
-----------------------------------------------------------------------------
                                 13.32   slack (MET)



