
===========================================================================
report_checks -path_delay max (Setup)
============================================================================
======================= Typical Corner ===================================

Startpoint: rst_n (input port clocked by clk)
Endpoint: _434_ (rising edge-triggered flip-flop clocked by clk')
Path Group: clk
Path Type: max

Fanout     Cap    Slew   Delay    Time   Description
-----------------------------------------------------------------------------
                  0.15    0.00    0.00   clock clk (rise edge)
                          0.00    0.00   clock network delay (ideal)
                          2.80    2.80 v input external delay
     1    0.00    0.01    0.00    2.80 v rst_n (in)
                                         rst_n (net)
                  0.01    0.00    2.80 v input1/A (sky130_fd_sc_hd__buf_1)
     1    0.01    0.05    0.10    2.90 v input1/X (sky130_fd_sc_hd__buf_1)
                                         net1 (net)
                  0.05    0.00    2.90 v _434_/D (sky130_fd_sc_hd__dfxtp_1)
                                  2.90   data arrival time

                  0.15    7.00    7.00   clock clk' (rise edge)
                          0.00    7.00   clock network delay (ideal)
                         -0.25    6.75   clock uncertainty
                          0.00    6.75   clock reconvergence pessimism
                                  6.75 ^ _434_/CLK (sky130_fd_sc_hd__dfxtp_1)
                         -0.09    6.66   library setup time
                                  6.66   data required time
-----------------------------------------------------------------------------
                                  6.66   data required time
                                 -2.90   data arrival time
-----------------------------------------------------------------------------
                                  3.76   slack (MET)


Startpoint: _434_ (rising edge-triggered flip-flop clocked by clk')
Endpoint: _438_ (rising edge-triggered flip-flop clocked by clk)
Path Group: clk
Path Type: max

Fanout     Cap    Slew   Delay    Time   Description
-----------------------------------------------------------------------------
                  0.15    7.00    7.00   clock clk' (rise edge)
                          0.00    7.00   clock network delay (ideal)
                  0.15    0.00    7.00 ^ _434_/CLK (sky130_fd_sc_hd__dfxtp_1)
     6    0.02    0.19    0.47    7.47 ^ _434_/Q (sky130_fd_sc_hd__dfxtp_1)
                                         user_peripheral.rst_n (net)
                  0.19    0.00    7.47 ^ _263_/A (sky130_fd_sc_hd__buf_2)
    10    0.03    0.15    0.24    7.71 ^ _263_/X (sky130_fd_sc_hd__buf_2)
                                         _089_ (net)
                  0.15    0.00    7.71 ^ _272_/C1 (sky130_fd_sc_hd__o221a_1)
     1    0.00    0.05    0.19    7.91 ^ _272_/X (sky130_fd_sc_hd__o221a_1)
                                         _097_ (net)
                  0.05    0.00    7.91 ^ _273_/B1 (sky130_fd_sc_hd__o21a_1)
     1    0.00    0.04    0.11    8.01 ^ _273_/X (sky130_fd_sc_hd__o21a_1)
                                         _004_ (net)
                  0.04    0.00    8.01 ^ _438_/D (sky130_fd_sc_hd__dfxtp_1)
                                  8.01   data arrival time

                  0.15   14.00   14.00   clock clk (rise edge)
                          0.00   14.00   clock network delay (ideal)
                         -0.25   13.75   clock uncertainty
                          0.00   13.75   clock reconvergence pessimism
                                 13.75 ^ _438_/CLK (sky130_fd_sc_hd__dfxtp_1)
                         -0.04   13.71   library setup time
                                 13.71   data required time
-----------------------------------------------------------------------------
                                 13.71   data required time
                                 -8.01   data arrival time
-----------------------------------------------------------------------------
                                  5.70   slack (MET)


Startpoint: _434_ (rising edge-triggered flip-flop clocked by clk')
Endpoint: _439_ (rising edge-triggered flip-flop clocked by clk)
Path Group: clk
Path Type: max

Fanout     Cap    Slew   Delay    Time   Description
-----------------------------------------------------------------------------
                  0.15    7.00    7.00   clock clk' (rise edge)
                          0.00    7.00   clock network delay (ideal)
                  0.15    0.00    7.00 ^ _434_/CLK (sky130_fd_sc_hd__dfxtp_1)
     6    0.02    0.19    0.47    7.47 ^ _434_/Q (sky130_fd_sc_hd__dfxtp_1)
                                         user_peripheral.rst_n (net)
                  0.19    0.00    7.47 ^ _256_/A (sky130_fd_sc_hd__inv_2)
     9    0.02    0.08    0.11    7.58 v _256_/Y (sky130_fd_sc_hd__inv_2)
                                         _084_ (net)
                  0.08    0.00    7.58 v _281_/B1 (sky130_fd_sc_hd__a31o_1)
     1    0.00    0.03    0.20    7.78 v _281_/X (sky130_fd_sc_hd__a31o_1)
                                         _105_ (net)
                  0.03    0.00    7.78 v _282_/B1_N (sky130_fd_sc_hd__o21ba_1)
     1    0.00    0.04    0.20    7.98 ^ _282_/X (sky130_fd_sc_hd__o21ba_1)
                                         _005_ (net)
                  0.04    0.00    7.98 ^ _439_/D (sky130_fd_sc_hd__dfxtp_1)
                                  7.98   data arrival time

                  0.15   14.00   14.00   clock clk (rise edge)
                          0.00   14.00   clock network delay (ideal)
                         -0.25   13.75   clock uncertainty
                          0.00   13.75   clock reconvergence pessimism
                                 13.75 ^ _439_/CLK (sky130_fd_sc_hd__dfxtp_1)
                         -0.04   13.71   library setup time
                                 13.71   data required time
-----------------------------------------------------------------------------
                                 13.71   data required time
                                 -7.98   data arrival time
-----------------------------------------------------------------------------
                                  5.74   slack (MET)


Startpoint: _434_ (rising edge-triggered flip-flop clocked by clk')
Endpoint: _480_ (rising edge-triggered flip-flop clocked by clk)
Path Group: clk
Path Type: max

Fanout     Cap    Slew   Delay    Time   Description
-----------------------------------------------------------------------------
                  0.15    7.00    7.00   clock clk' (rise edge)
                          0.00    7.00   clock network delay (ideal)
                  0.15    0.00    7.00 ^ _434_/CLK (sky130_fd_sc_hd__dfxtp_1)
     6    0.02    0.19    0.47    7.47 ^ _434_/Q (sky130_fd_sc_hd__dfxtp_1)
                                         user_peripheral.rst_n (net)
                  0.19    0.00    7.47 ^ _256_/A (sky130_fd_sc_hd__inv_2)
     9    0.02    0.08    0.11    7.58 v _256_/Y (sky130_fd_sc_hd__inv_2)
                                         _084_ (net)
                  0.08    0.00    7.58 v _423_/A (sky130_fd_sc_hd__or2_1)
     1    0.00    0.05    0.24    7.82 v _423_/X (sky130_fd_sc_hd__or2_1)
                                         _206_ (net)
                  0.05    0.00    7.82 v _424_/A (sky130_fd_sc_hd__clkbuf_1)
     1    0.00    0.02    0.09    7.91 v _424_/X (sky130_fd_sc_hd__clkbuf_1)
                                         _046_ (net)
                  0.02    0.00    7.91 v _480_/D (sky130_fd_sc_hd__dfxtp_1)
                                  7.91   data arrival time

                  0.15   14.00   14.00   clock clk (rise edge)
                          0.00   14.00   clock network delay (ideal)
                         -0.25   13.75   clock uncertainty
                          0.00   13.75   clock reconvergence pessimism
                                 13.75 ^ _480_/CLK (sky130_fd_sc_hd__dfxtp_1)
                         -0.08   13.67   library setup time
                                 13.67   data required time
-----------------------------------------------------------------------------
                                 13.67   data required time
                                 -7.91   data arrival time
-----------------------------------------------------------------------------
                                  5.76   slack (MET)


Startpoint: _434_ (rising edge-triggered flip-flop clocked by clk')
Endpoint: _448_ (rising edge-triggered flip-flop clocked by clk)
Path Group: clk
Path Type: max

Fanout     Cap    Slew   Delay    Time   Description
-----------------------------------------------------------------------------
                  0.15    7.00    7.00   clock clk' (rise edge)
                          0.00    7.00   clock network delay (ideal)
                  0.15    0.00    7.00 ^ _434_/CLK (sky130_fd_sc_hd__dfxtp_1)
     6    0.02    0.19    0.47    7.47 ^ _434_/Q (sky130_fd_sc_hd__dfxtp_1)
                                         user_peripheral.rst_n (net)
                  0.19    0.00    7.47 ^ _256_/A (sky130_fd_sc_hd__inv_2)
     9    0.02    0.08    0.11    7.58 v _256_/Y (sky130_fd_sc_hd__inv_2)
                                         _084_ (net)
                  0.08    0.00    7.58 v _325_/A (sky130_fd_sc_hd__or2_1)
     1    0.00    0.05    0.24    7.82 v _325_/X (sky130_fd_sc_hd__or2_1)
                                         _140_ (net)
                  0.05    0.00    7.82 v _326_/A (sky130_fd_sc_hd__clkbuf_1)
     1    0.00    0.02    0.09    7.91 v _326_/X (sky130_fd_sc_hd__clkbuf_1)
                                         _014_ (net)
                  0.02    0.00    7.91 v _448_/D (sky130_fd_sc_hd__dfxtp_1)
                                  7.91   data arrival time

                  0.15   14.00   14.00   clock clk (rise edge)
                          0.00   14.00   clock network delay (ideal)
                         -0.25   13.75   clock uncertainty
                          0.00   13.75   clock reconvergence pessimism
                                 13.75 ^ _448_/CLK (sky130_fd_sc_hd__dfxtp_1)
                         -0.08   13.67   library setup time
                                 13.67   data required time
-----------------------------------------------------------------------------
                                 13.67   data required time
                                 -7.91   data arrival time
-----------------------------------------------------------------------------
                                  5.76   slack (MET)


Startpoint: _434_ (rising edge-triggered flip-flop clocked by clk')
Endpoint: _449_ (rising edge-triggered flip-flop clocked by clk)
Path Group: clk
Path Type: max

Fanout     Cap    Slew   Delay    Time   Description
-----------------------------------------------------------------------------
                  0.15    7.00    7.00   clock clk' (rise edge)
                          0.00    7.00   clock network delay (ideal)
                  0.15    0.00    7.00 ^ _434_/CLK (sky130_fd_sc_hd__dfxtp_1)
     6    0.02    0.19    0.47    7.47 ^ _434_/Q (sky130_fd_sc_hd__dfxtp_1)
                                         user_peripheral.rst_n (net)
                  0.19    0.00    7.47 ^ _256_/A (sky130_fd_sc_hd__inv_2)
     9    0.02    0.08    0.11    7.58 v _256_/Y (sky130_fd_sc_hd__inv_2)
                                         _084_ (net)
                  0.08    0.00    7.58 v _328_/A (sky130_fd_sc_hd__or2_1)
     1    0.00    0.05    0.24    7.82 v _328_/X (sky130_fd_sc_hd__or2_1)
                                         _142_ (net)
                  0.05    0.00    7.82 v _329_/A (sky130_fd_sc_hd__clkbuf_1)
     1    0.00    0.02    0.09    7.91 v _329_/X (sky130_fd_sc_hd__clkbuf_1)
                                         _015_ (net)
                  0.02    0.00    7.91 v _449_/D (sky130_fd_sc_hd__dfxtp_1)
                                  7.91   data arrival time

                  0.15   14.00   14.00   clock clk (rise edge)
                          0.00   14.00   clock network delay (ideal)
                         -0.25   13.75   clock uncertainty
                          0.00   13.75   clock reconvergence pessimism
                                 13.75 ^ _449_/CLK (sky130_fd_sc_hd__dfxtp_1)
                         -0.08   13.67   library setup time
                                 13.67   data required time
-----------------------------------------------------------------------------
                                 13.67   data required time
                                 -7.91   data arrival time
-----------------------------------------------------------------------------
                                  5.76   slack (MET)


Startpoint: _434_ (rising edge-triggered flip-flop clocked by clk')
Endpoint: _479_ (rising edge-triggered flip-flop clocked by clk)
Path Group: clk
Path Type: max

Fanout     Cap    Slew   Delay    Time   Description
-----------------------------------------------------------------------------
                  0.15    7.00    7.00   clock clk' (rise edge)
                          0.00    7.00   clock network delay (ideal)
                  0.15    0.00    7.00 ^ _434_/CLK (sky130_fd_sc_hd__dfxtp_1)
     6    0.02    0.19    0.47    7.47 ^ _434_/Q (sky130_fd_sc_hd__dfxtp_1)
                                         user_peripheral.rst_n (net)
                  0.19    0.00    7.47 ^ _256_/A (sky130_fd_sc_hd__inv_2)
     9    0.02    0.08    0.11    7.58 v _256_/Y (sky130_fd_sc_hd__inv_2)
                                         _084_ (net)
                  0.08    0.00    7.58 v _420_/A (sky130_fd_sc_hd__or2_1)
     1    0.00    0.05    0.24    7.82 v _420_/X (sky130_fd_sc_hd__or2_1)
                                         _204_ (net)
                  0.05    0.00    7.82 v _421_/A (sky130_fd_sc_hd__clkbuf_1)
     1    0.00    0.02    0.09    7.91 v _421_/X (sky130_fd_sc_hd__clkbuf_1)
                                         _045_ (net)
                  0.02    0.00    7.91 v _479_/D (sky130_fd_sc_hd__dfxtp_1)
                                  7.91   data arrival time

                  0.15   14.00   14.00   clock clk (rise edge)
                          0.00   14.00   clock network delay (ideal)
                         -0.25   13.75   clock uncertainty
                          0.00   13.75   clock reconvergence pessimism
                                 13.75 ^ _479_/CLK (sky130_fd_sc_hd__dfxtp_1)
                         -0.08   13.67   library setup time
                                 13.67   data required time
-----------------------------------------------------------------------------
                                 13.67   data required time
                                 -7.91   data arrival time
-----------------------------------------------------------------------------
                                  5.76   slack (MET)


Startpoint: _434_ (rising edge-triggered flip-flop clocked by clk')
Endpoint: _437_ (rising edge-triggered flip-flop clocked by clk)
Path Group: clk
Path Type: max

Fanout     Cap    Slew   Delay    Time   Description
-----------------------------------------------------------------------------
                  0.15    7.00    7.00   clock clk' (rise edge)
                          0.00    7.00   clock network delay (ideal)
                  0.15    0.00    7.00 ^ _434_/CLK (sky130_fd_sc_hd__dfxtp_1)
     6    0.02    0.19    0.47    7.47 ^ _434_/Q (sky130_fd_sc_hd__dfxtp_1)
                                         user_peripheral.rst_n (net)
                  0.19    0.00    7.47 ^ _263_/A (sky130_fd_sc_hd__buf_2)
    10    0.03    0.15    0.24    7.71 ^ _263_/X (sky130_fd_sc_hd__buf_2)
                                         _089_ (net)
                  0.15    0.00    7.71 ^ _267_/A (sky130_fd_sc_hd__and2_1)
     1    0.00    0.05    0.15    7.86 ^ _267_/X (sky130_fd_sc_hd__and2_1)
                                         _093_ (net)
                  0.05    0.00    7.86 ^ _268_/A (sky130_fd_sc_hd__clkbuf_1)
     1    0.00    0.04    0.08    7.94 ^ _268_/X (sky130_fd_sc_hd__clkbuf_1)
                                         _003_ (net)
                  0.04    0.00    7.94 ^ _437_/D (sky130_fd_sc_hd__dfxtp_1)
                                  7.94   data arrival time

                  0.15   14.00   14.00   clock clk (rise edge)
                          0.00   14.00   clock network delay (ideal)
                         -0.25   13.75   clock uncertainty
                          0.00   13.75   clock reconvergence pessimism
                                 13.75 ^ _437_/CLK (sky130_fd_sc_hd__dfxtp_1)
                         -0.04   13.71   library setup time
                                 13.71   data required time
-----------------------------------------------------------------------------
                                 13.71   data required time
                                 -7.94   data arrival time
-----------------------------------------------------------------------------
                                  5.78   slack (MET)


Startpoint: _434_ (rising edge-triggered flip-flop clocked by clk')
Endpoint: _447_ (rising edge-triggered flip-flop clocked by clk)
Path Group: clk
Path Type: max

Fanout     Cap    Slew   Delay    Time   Description
-----------------------------------------------------------------------------
                  0.15    7.00    7.00   clock clk' (rise edge)
                          0.00    7.00   clock network delay (ideal)
                  0.15    0.00    7.00 ^ _434_/CLK (sky130_fd_sc_hd__dfxtp_1)
     6    0.02    0.19    0.47    7.47 ^ _434_/Q (sky130_fd_sc_hd__dfxtp_1)
                                         user_peripheral.rst_n (net)
                  0.19    0.00    7.47 ^ _263_/A (sky130_fd_sc_hd__buf_2)
    10    0.03    0.15    0.24    7.71 ^ _263_/X (sky130_fd_sc_hd__buf_2)
                                         _089_ (net)
                  0.15    0.00    7.71 ^ _320_/A (sky130_fd_sc_hd__and2_1)
     1    0.00    0.05    0.15    7.86 ^ _320_/X (sky130_fd_sc_hd__and2_1)
                                         _136_ (net)
                  0.05    0.00    7.86 ^ _321_/A (sky130_fd_sc_hd__clkbuf_1)
     1    0.00    0.04    0.08    7.94 ^ _321_/X (sky130_fd_sc_hd__clkbuf_1)
                                         _013_ (net)
                  0.04    0.00    7.94 ^ _447_/D (sky130_fd_sc_hd__dfxtp_1)
                                  7.94   data arrival time

                  0.15   14.00   14.00   clock clk (rise edge)
                          0.00   14.00   clock network delay (ideal)
                         -0.25   13.75   clock uncertainty
                          0.00   13.75   clock reconvergence pessimism
                                 13.75 ^ _447_/CLK (sky130_fd_sc_hd__dfxtp_1)
                         -0.04   13.71   library setup time
                                 13.71   data required time
-----------------------------------------------------------------------------
                                 13.71   data required time
                                 -7.94   data arrival time
-----------------------------------------------------------------------------
                                  5.78   slack (MET)


Startpoint: _434_ (rising edge-triggered flip-flop clocked by clk')
Endpoint: _470_ (rising edge-triggered flip-flop clocked by clk)
Path Group: clk
Path Type: max

Fanout     Cap    Slew   Delay    Time   Description
-----------------------------------------------------------------------------
                  0.15    7.00    7.00   clock clk' (rise edge)
                          0.00    7.00   clock network delay (ideal)
                  0.15    0.00    7.00 ^ _434_/CLK (sky130_fd_sc_hd__dfxtp_1)
     6    0.02    0.19    0.47    7.47 ^ _434_/Q (sky130_fd_sc_hd__dfxtp_1)
                                         user_peripheral.rst_n (net)
                  0.19    0.00    7.47 ^ _263_/A (sky130_fd_sc_hd__buf_2)
    10    0.03    0.15    0.24    7.71 ^ _263_/X (sky130_fd_sc_hd__buf_2)
                                         _089_ (net)
                  0.15    0.00    7.71 ^ _385_/A (sky130_fd_sc_hd__and2_1)
     1    0.00    0.04    0.14    7.86 ^ _385_/X (sky130_fd_sc_hd__and2_1)
                                         _178_ (net)
                  0.04    0.00    7.86 ^ _386_/A (sky130_fd_sc_hd__clkbuf_1)
     1    0.00    0.04    0.08    7.93 ^ _386_/X (sky130_fd_sc_hd__clkbuf_1)
                                         _036_ (net)
                  0.04    0.00    7.93 ^ _470_/D (sky130_fd_sc_hd__dfxtp_1)
                                  7.93   data arrival time

                  0.15   14.00   14.00   clock clk (rise edge)
                          0.00   14.00   clock network delay (ideal)
                         -0.25   13.75   clock uncertainty
                          0.00   13.75   clock reconvergence pessimism
                                 13.75 ^ _470_/CLK (sky130_fd_sc_hd__dfxtp_1)
                         -0.04   13.71   library setup time
                                 13.71   data required time
-----------------------------------------------------------------------------
                                 13.71   data required time
                                 -7.93   data arrival time
-----------------------------------------------------------------------------
                                  5.78   slack (MET)


Startpoint: _434_ (rising edge-triggered flip-flop clocked by clk')
Endpoint: _442_ (rising edge-triggered flip-flop clocked by clk)
Path Group: clk
Path Type: max

Fanout     Cap    Slew   Delay    Time   Description
-----------------------------------------------------------------------------
                  0.15    7.00    7.00   clock clk' (rise edge)
                          0.00    7.00   clock network delay (ideal)
                  0.15    0.00    7.00 ^ _434_/CLK (sky130_fd_sc_hd__dfxtp_1)
     6    0.02    0.19    0.47    7.47 ^ _434_/Q (sky130_fd_sc_hd__dfxtp_1)
                                         user_peripheral.rst_n (net)
                  0.19    0.00    7.47 ^ _263_/A (sky130_fd_sc_hd__buf_2)
    10    0.03    0.15    0.24    7.71 ^ _263_/X (sky130_fd_sc_hd__buf_2)
                                         _089_ (net)
                  0.15    0.00    7.71 ^ _298_/A (sky130_fd_sc_hd__and2_1)
     1    0.00    0.04    0.14    7.86 ^ _298_/X (sky130_fd_sc_hd__and2_1)
                                         _119_ (net)
                  0.04    0.00    7.86 ^ _299_/A (sky130_fd_sc_hd__clkbuf_1)
     1    0.00    0.04    0.08    7.93 ^ _299_/X (sky130_fd_sc_hd__clkbuf_1)
                                         _008_ (net)
                  0.04    0.00    7.93 ^ _442_/D (sky130_fd_sc_hd__dfxtp_1)
                                  7.93   data arrival time

                  0.15   14.00   14.00   clock clk (rise edge)
                          0.00   14.00   clock network delay (ideal)
                         -0.25   13.75   clock uncertainty
                          0.00   13.75   clock reconvergence pessimism
                                 13.75 ^ _442_/CLK (sky130_fd_sc_hd__dfxtp_1)
                         -0.04   13.71   library setup time
                                 13.71   data required time
-----------------------------------------------------------------------------
                                 13.71   data required time
                                 -7.93   data arrival time
-----------------------------------------------------------------------------
                                  5.78   slack (MET)


Startpoint: _434_ (rising edge-triggered flip-flop clocked by clk')
Endpoint: _445_ (rising edge-triggered flip-flop clocked by clk)
Path Group: clk
Path Type: max

Fanout     Cap    Slew   Delay    Time   Description
-----------------------------------------------------------------------------
                  0.15    7.00    7.00   clock clk' (rise edge)
                          0.00    7.00   clock network delay (ideal)
                  0.15    0.00    7.00 ^ _434_/CLK (sky130_fd_sc_hd__dfxtp_1)
     6    0.02    0.09    0.41    7.41 v _434_/Q (sky130_fd_sc_hd__dfxtp_1)
                                         user_peripheral.rst_n (net)
                  0.09    0.00    7.41 v _263_/A (sky130_fd_sc_hd__buf_2)
    10    0.03    0.08    0.20    7.61 v _263_/X (sky130_fd_sc_hd__buf_2)
                                         _089_ (net)
                  0.08    0.00    7.61 v _313_/A2 (sky130_fd_sc_hd__a32o_1)
     1    0.00    0.04    0.26    7.87 v _313_/X (sky130_fd_sc_hd__a32o_1)
                                         _011_ (net)
                  0.04    0.00    7.87 v _445_/D (sky130_fd_sc_hd__dfxtp_1)
                                  7.87   data arrival time

                  0.15   14.00   14.00   clock clk (rise edge)
                          0.00   14.00   clock network delay (ideal)
                         -0.25   13.75   clock uncertainty
                          0.00   13.75   clock reconvergence pessimism
                                 13.75 ^ _445_/CLK (sky130_fd_sc_hd__dfxtp_1)
                         -0.08   13.67   library setup time
                                 13.67   data required time
-----------------------------------------------------------------------------
                                 13.67   data required time
                                 -7.87   data arrival time
-----------------------------------------------------------------------------
                                  5.80   slack (MET)


Startpoint: _434_ (rising edge-triggered flip-flop clocked by clk')
Endpoint: _446_ (rising edge-triggered flip-flop clocked by clk)
Path Group: clk
Path Type: max

Fanout     Cap    Slew   Delay    Time   Description
-----------------------------------------------------------------------------
                  0.15    7.00    7.00   clock clk' (rise edge)
                          0.00    7.00   clock network delay (ideal)
                  0.15    0.00    7.00 ^ _434_/CLK (sky130_fd_sc_hd__dfxtp_1)
     6    0.02    0.19    0.47    7.47 ^ _434_/Q (sky130_fd_sc_hd__dfxtp_1)
                                         user_peripheral.rst_n (net)
                  0.19    0.00    7.47 ^ _263_/A (sky130_fd_sc_hd__buf_2)
    10    0.03    0.15    0.24    7.71 ^ _263_/X (sky130_fd_sc_hd__buf_2)
                                         _089_ (net)
                  0.15    0.00    7.71 ^ _317_/C1 (sky130_fd_sc_hd__o221a_1)
     1    0.00    0.05    0.19    7.90 ^ _317_/X (sky130_fd_sc_hd__o221a_1)
                                         _012_ (net)
                  0.05    0.00    7.90 ^ _446_/D (sky130_fd_sc_hd__dfxtp_1)
                                  7.90   data arrival time

                  0.15   14.00   14.00   clock clk (rise edge)
                          0.00   14.00   clock network delay (ideal)
                         -0.25   13.75   clock uncertainty
                          0.00   13.75   clock reconvergence pessimism
                                 13.75 ^ _446_/CLK (sky130_fd_sc_hd__dfxtp_1)
                         -0.04   13.71   library setup time
                                 13.71   data required time
-----------------------------------------------------------------------------
                                 13.71   data required time
                                 -7.90   data arrival time
-----------------------------------------------------------------------------
                                  5.81   slack (MET)


Startpoint: _434_ (rising edge-triggered flip-flop clocked by clk')
Endpoint: _468_ (rising edge-triggered flip-flop clocked by clk)
Path Group: clk
Path Type: max

Fanout     Cap    Slew   Delay    Time   Description
-----------------------------------------------------------------------------
                  0.15    7.00    7.00   clock clk' (rise edge)
                          0.00    7.00   clock network delay (ideal)
                  0.15    0.00    7.00 ^ _434_/CLK (sky130_fd_sc_hd__dfxtp_1)
     6    0.02    0.19    0.47    7.47 ^ _434_/Q (sky130_fd_sc_hd__dfxtp_1)
                                         user_peripheral.rst_n (net)
                  0.19    0.00    7.47 ^ _379_/A (sky130_fd_sc_hd__buf_2)
    10    0.03    0.17    0.25    7.72 ^ _379_/X (sky130_fd_sc_hd__buf_2)
                                         _174_ (net)
                  0.17    0.00    7.72 ^ _380_/C1 (sky130_fd_sc_hd__o211a_1)
     1    0.00    0.04    0.17    7.89 ^ _380_/X (sky130_fd_sc_hd__o211a_1)
                                         _034_ (net)
                  0.04    0.00    7.89 ^ _468_/D (sky130_fd_sc_hd__dfxtp_1)
                                  7.89   data arrival time

                  0.15   14.00   14.00   clock clk (rise edge)
                          0.00   14.00   clock network delay (ideal)
                         -0.25   13.75   clock uncertainty
                          0.00   13.75   clock reconvergence pessimism
                                 13.75 ^ _468_/CLK (sky130_fd_sc_hd__dfxtp_1)
                         -0.04   13.71   library setup time
                                 13.71   data required time
-----------------------------------------------------------------------------
                                 13.71   data required time
                                 -7.89   data arrival time
-----------------------------------------------------------------------------
                                  5.82   slack (MET)


Startpoint: _434_ (rising edge-triggered flip-flop clocked by clk')
Endpoint: _472_ (rising edge-triggered flip-flop clocked by clk)
Path Group: clk
Path Type: max

Fanout     Cap    Slew   Delay    Time   Description
-----------------------------------------------------------------------------
                  0.15    7.00    7.00   clock clk' (rise edge)
                          0.00    7.00   clock network delay (ideal)
                  0.15    0.00    7.00 ^ _434_/CLK (sky130_fd_sc_hd__dfxtp_1)
     6    0.02    0.19    0.47    7.47 ^ _434_/Q (sky130_fd_sc_hd__dfxtp_1)
                                         user_peripheral.rst_n (net)
                  0.19    0.00    7.47 ^ _379_/A (sky130_fd_sc_hd__buf_2)
    10    0.03    0.17    0.25    7.72 ^ _379_/X (sky130_fd_sc_hd__buf_2)
                                         _174_ (net)
                  0.17    0.00    7.73 ^ _394_/C1 (sky130_fd_sc_hd__o211a_1)
     1    0.00    0.04    0.17    7.89 ^ _394_/X (sky130_fd_sc_hd__o211a_1)
                                         _038_ (net)
                  0.04    0.00    7.89 ^ _472_/D (sky130_fd_sc_hd__dfxtp_1)
                                  7.89   data arrival time

                  0.15   14.00   14.00   clock clk (rise edge)
                          0.00   14.00   clock network delay (ideal)
                         -0.25   13.75   clock uncertainty
                          0.00   13.75   clock reconvergence pessimism
                                 13.75 ^ _472_/CLK (sky130_fd_sc_hd__dfxtp_1)
                         -0.04   13.71   library setup time
                                 13.71   data required time
-----------------------------------------------------------------------------
                                 13.71   data required time
                                 -7.89   data arrival time
-----------------------------------------------------------------------------
                                  5.82   slack (MET)


Startpoint: _434_ (rising edge-triggered flip-flop clocked by clk')
Endpoint: _477_ (rising edge-triggered flip-flop clocked by clk)
Path Group: clk
Path Type: max

Fanout     Cap    Slew   Delay    Time   Description
-----------------------------------------------------------------------------
                  0.15    7.00    7.00   clock clk' (rise edge)
                          0.00    7.00   clock network delay (ideal)
                  0.15    0.00    7.00 ^ _434_/CLK (sky130_fd_sc_hd__dfxtp_1)
     6    0.02    0.19    0.47    7.47 ^ _434_/Q (sky130_fd_sc_hd__dfxtp_1)
                                         user_peripheral.rst_n (net)
                  0.19    0.00    7.47 ^ _379_/A (sky130_fd_sc_hd__buf_2)
    10    0.03    0.17    0.25    7.72 ^ _379_/X (sky130_fd_sc_hd__buf_2)
                                         _174_ (net)
                  0.17    0.00    7.73 ^ _414_/C1 (sky130_fd_sc_hd__o211a_1)
     1    0.00    0.04    0.17    7.89 ^ _414_/X (sky130_fd_sc_hd__o211a_1)
                                         _043_ (net)
                  0.04    0.00    7.89 ^ _477_/D (sky130_fd_sc_hd__dfxtp_1)
                                  7.89   data arrival time

                  0.15   14.00   14.00   clock clk (rise edge)
                          0.00   14.00   clock network delay (ideal)
                         -0.25   13.75   clock uncertainty
                          0.00   13.75   clock reconvergence pessimism
                                 13.75 ^ _477_/CLK (sky130_fd_sc_hd__dfxtp_1)
                         -0.04   13.71   library setup time
                                 13.71   data required time
-----------------------------------------------------------------------------
                                 13.71   data required time
                                 -7.89   data arrival time
-----------------------------------------------------------------------------
                                  5.82   slack (MET)


Startpoint: _434_ (rising edge-triggered flip-flop clocked by clk')
Endpoint: _475_ (rising edge-triggered flip-flop clocked by clk)
Path Group: clk
Path Type: max

Fanout     Cap    Slew   Delay    Time   Description
-----------------------------------------------------------------------------
                  0.15    7.00    7.00   clock clk' (rise edge)
                          0.00    7.00   clock network delay (ideal)
                  0.15    0.00    7.00 ^ _434_/CLK (sky130_fd_sc_hd__dfxtp_1)
     6    0.02    0.19    0.47    7.47 ^ _434_/Q (sky130_fd_sc_hd__dfxtp_1)
                                         user_peripheral.rst_n (net)
                  0.19    0.00    7.47 ^ _379_/A (sky130_fd_sc_hd__buf_2)
    10    0.03    0.17    0.25    7.72 ^ _379_/X (sky130_fd_sc_hd__buf_2)
                                         _174_ (net)
                  0.17    0.00    7.73 ^ _406_/C1 (sky130_fd_sc_hd__o211a_1)
     1    0.00    0.04    0.17    7.89 ^ _406_/X (sky130_fd_sc_hd__o211a_1)
                                         _041_ (net)
                  0.04    0.00    7.89 ^ _475_/D (sky130_fd_sc_hd__dfxtp_1)
                                  7.89   data arrival time

                  0.15   14.00   14.00   clock clk (rise edge)
                          0.00   14.00   clock network delay (ideal)
                         -0.25   13.75   clock uncertainty
                          0.00   13.75   clock reconvergence pessimism
                                 13.75 ^ _475_/CLK (sky130_fd_sc_hd__dfxtp_1)
                         -0.04   13.71   library setup time
                                 13.71   data required time
-----------------------------------------------------------------------------
                                 13.71   data required time
                                 -7.89   data arrival time
-----------------------------------------------------------------------------
                                  5.82   slack (MET)


Startpoint: _434_ (rising edge-triggered flip-flop clocked by clk')
Endpoint: _474_ (rising edge-triggered flip-flop clocked by clk)
Path Group: clk
Path Type: max

Fanout     Cap    Slew   Delay    Time   Description
-----------------------------------------------------------------------------
                  0.15    7.00    7.00   clock clk' (rise edge)
                          0.00    7.00   clock network delay (ideal)
                  0.15    0.00    7.00 ^ _434_/CLK (sky130_fd_sc_hd__dfxtp_1)
     6    0.02    0.19    0.47    7.47 ^ _434_/Q (sky130_fd_sc_hd__dfxtp_1)
                                         user_peripheral.rst_n (net)
                  0.19    0.00    7.47 ^ _379_/A (sky130_fd_sc_hd__buf_2)
    10    0.03    0.17    0.25    7.72 ^ _379_/X (sky130_fd_sc_hd__buf_2)
                                         _174_ (net)
                  0.17    0.00    7.72 ^ _402_/C1 (sky130_fd_sc_hd__o211a_1)
     1    0.00    0.04    0.17    7.89 ^ _402_/X (sky130_fd_sc_hd__o211a_1)
                                         _040_ (net)
                  0.04    0.00    7.89 ^ _474_/D (sky130_fd_sc_hd__dfxtp_1)
                                  7.89   data arrival time

                  0.15   14.00   14.00   clock clk (rise edge)
                          0.00   14.00   clock network delay (ideal)
                         -0.25   13.75   clock uncertainty
                          0.00   13.75   clock reconvergence pessimism
                                 13.75 ^ _474_/CLK (sky130_fd_sc_hd__dfxtp_1)
                         -0.04   13.71   library setup time
                                 13.71   data required time
-----------------------------------------------------------------------------
                                 13.71   data required time
                                 -7.89   data arrival time
-----------------------------------------------------------------------------
                                  5.82   slack (MET)


Startpoint: _434_ (rising edge-triggered flip-flop clocked by clk')
Endpoint: _481_ (rising edge-triggered flip-flop clocked by clk)
Path Group: clk
Path Type: max

Fanout     Cap    Slew   Delay    Time   Description
-----------------------------------------------------------------------------
                  0.15    7.00    7.00   clock clk' (rise edge)
                          0.00    7.00   clock network delay (ideal)
                  0.15    0.00    7.00 ^ _434_/CLK (sky130_fd_sc_hd__dfxtp_1)
     6    0.02    0.19    0.47    7.47 ^ _434_/Q (sky130_fd_sc_hd__dfxtp_1)
                                         user_peripheral.rst_n (net)
                  0.19    0.00    7.47 ^ _379_/A (sky130_fd_sc_hd__buf_2)
    10    0.03    0.17    0.25    7.72 ^ _379_/X (sky130_fd_sc_hd__buf_2)
                                         _174_ (net)
                  0.17    0.00    7.73 ^ _427_/C1 (sky130_fd_sc_hd__o211a_1)
     1    0.00    0.04    0.16    7.89 ^ _427_/X (sky130_fd_sc_hd__o211a_1)
                                         _047_ (net)
                  0.04    0.00    7.89 ^ _481_/D (sky130_fd_sc_hd__dfxtp_1)
                                  7.89   data arrival time

                  0.15   14.00   14.00   clock clk (rise edge)
                          0.00   14.00   clock network delay (ideal)
                         -0.25   13.75   clock uncertainty
                          0.00   13.75   clock reconvergence pessimism
                                 13.75 ^ _481_/CLK (sky130_fd_sc_hd__dfxtp_1)
                         -0.04   13.71   library setup time
                                 13.71   data required time
-----------------------------------------------------------------------------
                                 13.71   data required time
                                 -7.89   data arrival time
-----------------------------------------------------------------------------
                                  5.82   slack (MET)


Startpoint: _434_ (rising edge-triggered flip-flop clocked by clk')
Endpoint: _473_ (rising edge-triggered flip-flop clocked by clk)
Path Group: clk
Path Type: max

Fanout     Cap    Slew   Delay    Time   Description
-----------------------------------------------------------------------------
                  0.15    7.00    7.00   clock clk' (rise edge)
                          0.00    7.00   clock network delay (ideal)
                  0.15    0.00    7.00 ^ _434_/CLK (sky130_fd_sc_hd__dfxtp_1)
     6    0.02    0.19    0.47    7.47 ^ _434_/Q (sky130_fd_sc_hd__dfxtp_1)
                                         user_peripheral.rst_n (net)
                  0.19    0.00    7.47 ^ _379_/A (sky130_fd_sc_hd__buf_2)
    10    0.03    0.17    0.25    7.72 ^ _379_/X (sky130_fd_sc_hd__buf_2)
                                         _174_ (net)
                  0.17    0.00    7.72 ^ _398_/C1 (sky130_fd_sc_hd__o211a_1)
     1    0.00    0.04    0.16    7.89 ^ _398_/X (sky130_fd_sc_hd__o211a_1)
                                         _039_ (net)
                  0.04    0.00    7.89 ^ _473_/D (sky130_fd_sc_hd__dfxtp_1)
                                  7.89   data arrival time

                  0.15   14.00   14.00   clock clk (rise edge)
                          0.00   14.00   clock network delay (ideal)
                         -0.25   13.75   clock uncertainty
                          0.00   13.75   clock reconvergence pessimism
                                 13.75 ^ _473_/CLK (sky130_fd_sc_hd__dfxtp_1)
                         -0.04   13.71   library setup time
                                 13.71   data required time
-----------------------------------------------------------------------------
                                 13.71   data required time
                                 -7.89   data arrival time
-----------------------------------------------------------------------------
                                  5.82   slack (MET)


Startpoint: _434_ (rising edge-triggered flip-flop clocked by clk')
Endpoint: _471_ (rising edge-triggered flip-flop clocked by clk)
Path Group: clk
Path Type: max

Fanout     Cap    Slew   Delay    Time   Description
-----------------------------------------------------------------------------
                  0.15    7.00    7.00   clock clk' (rise edge)
                          0.00    7.00   clock network delay (ideal)
                  0.15    0.00    7.00 ^ _434_/CLK (sky130_fd_sc_hd__dfxtp_1)
     6    0.02    0.19    0.47    7.47 ^ _434_/Q (sky130_fd_sc_hd__dfxtp_1)
                                         user_peripheral.rst_n (net)
                  0.19    0.00    7.47 ^ _379_/A (sky130_fd_sc_hd__buf_2)
    10    0.03    0.17    0.25    7.72 ^ _379_/X (sky130_fd_sc_hd__buf_2)
                                         _174_ (net)
                  0.17    0.00    7.73 ^ _390_/C1 (sky130_fd_sc_hd__o211a_1)
     1    0.00    0.04    0.16    7.89 ^ _390_/X (sky130_fd_sc_hd__o211a_1)
                                         _037_ (net)
                  0.04    0.00    7.89 ^ _471_/D (sky130_fd_sc_hd__dfxtp_1)
                                  7.89   data arrival time

                  0.15   14.00   14.00   clock clk (rise edge)
                          0.00   14.00   clock network delay (ideal)
                         -0.25   13.75   clock uncertainty
                          0.00   13.75   clock reconvergence pessimism
                                 13.75 ^ _471_/CLK (sky130_fd_sc_hd__dfxtp_1)
                         -0.04   13.71   library setup time
                                 13.71   data required time
-----------------------------------------------------------------------------
                                 13.71   data required time
                                 -7.89   data arrival time
-----------------------------------------------------------------------------
                                  5.82   slack (MET)


Startpoint: _434_ (rising edge-triggered flip-flop clocked by clk')
Endpoint: _476_ (rising edge-triggered flip-flop clocked by clk)
Path Group: clk
Path Type: max

Fanout     Cap    Slew   Delay    Time   Description
-----------------------------------------------------------------------------
                  0.15    7.00    7.00   clock clk' (rise edge)
                          0.00    7.00   clock network delay (ideal)
                  0.15    0.00    7.00 ^ _434_/CLK (sky130_fd_sc_hd__dfxtp_1)
     6    0.02    0.19    0.47    7.47 ^ _434_/Q (sky130_fd_sc_hd__dfxtp_1)
                                         user_peripheral.rst_n (net)
                  0.19    0.00    7.47 ^ _379_/A (sky130_fd_sc_hd__buf_2)
    10    0.03    0.17    0.25    7.72 ^ _379_/X (sky130_fd_sc_hd__buf_2)
                                         _174_ (net)
                  0.17    0.00    7.73 ^ _410_/C1 (sky130_fd_sc_hd__o211a_1)
     1    0.00    0.04    0.16    7.89 ^ _410_/X (sky130_fd_sc_hd__o211a_1)
                                         _042_ (net)
                  0.04    0.00    7.89 ^ _476_/D (sky130_fd_sc_hd__dfxtp_1)
                                  7.89   data arrival time

                  0.15   14.00   14.00   clock clk (rise edge)
                          0.00   14.00   clock network delay (ideal)
                         -0.25   13.75   clock uncertainty
                          0.00   13.75   clock reconvergence pessimism
                                 13.75 ^ _476_/CLK (sky130_fd_sc_hd__dfxtp_1)
                         -0.04   13.71   library setup time
                                 13.71   data required time
-----------------------------------------------------------------------------
                                 13.71   data required time
                                 -7.89   data arrival time
-----------------------------------------------------------------------------
                                  5.82   slack (MET)


Startpoint: _434_ (rising edge-triggered flip-flop clocked by clk')
Endpoint: _469_ (rising edge-triggered flip-flop clocked by clk)
Path Group: clk
Path Type: max

Fanout     Cap    Slew   Delay    Time   Description
-----------------------------------------------------------------------------
                  0.15    7.00    7.00   clock clk' (rise edge)
                          0.00    7.00   clock network delay (ideal)
                  0.15    0.00    7.00 ^ _434_/CLK (sky130_fd_sc_hd__dfxtp_1)
     6    0.02    0.19    0.47    7.47 ^ _434_/Q (sky130_fd_sc_hd__dfxtp_1)
                                         user_peripheral.rst_n (net)
                  0.19    0.00    7.47 ^ _379_/A (sky130_fd_sc_hd__buf_2)
    10    0.03    0.17    0.25    7.72 ^ _379_/X (sky130_fd_sc_hd__buf_2)
                                         _174_ (net)
                  0.17    0.00    7.72 ^ _382_/C1 (sky130_fd_sc_hd__o211a_1)
     1    0.00    0.04    0.16    7.89 ^ _382_/X (sky130_fd_sc_hd__o211a_1)
                                         _035_ (net)
                  0.04    0.00    7.89 ^ _469_/D (sky130_fd_sc_hd__dfxtp_1)
                                  7.89   data arrival time

                  0.15   14.00   14.00   clock clk (rise edge)
                          0.00   14.00   clock network delay (ideal)
                         -0.25   13.75   clock uncertainty
                          0.00   13.75   clock reconvergence pessimism
                                 13.75 ^ _469_/CLK (sky130_fd_sc_hd__dfxtp_1)
                         -0.04   13.71   library setup time
                                 13.71   data required time
-----------------------------------------------------------------------------
                                 13.71   data required time
                                 -7.89   data arrival time
-----------------------------------------------------------------------------
                                  5.82   slack (MET)


Startpoint: _434_ (rising edge-triggered flip-flop clocked by clk')
Endpoint: _456_ (rising edge-triggered flip-flop clocked by clk)
Path Group: clk
Path Type: max

Fanout     Cap    Slew   Delay    Time   Description
-----------------------------------------------------------------------------
                  0.15    7.00    7.00   clock clk' (rise edge)
                          0.00    7.00   clock network delay (ideal)
                  0.15    0.00    7.00 ^ _434_/CLK (sky130_fd_sc_hd__dfxtp_1)
     6    0.02    0.19    0.47    7.47 ^ _434_/Q (sky130_fd_sc_hd__dfxtp_1)
                                         user_peripheral.rst_n (net)
                  0.19    0.00    7.47 ^ _286_/A (sky130_fd_sc_hd__buf_2)
    10    0.03    0.15    0.25    7.72 ^ _286_/X (sky130_fd_sc_hd__buf_2)
                                         _109_ (net)
                  0.15    0.00    7.72 ^ _347_/C1 (sky130_fd_sc_hd__o211a_1)
     1    0.00    0.04    0.16    7.88 ^ _347_/X (sky130_fd_sc_hd__o211a_1)
                                         _022_ (net)
                  0.04    0.00    7.88 ^ _456_/D (sky130_fd_sc_hd__dfxtp_1)
                                  7.88   data arrival time

                  0.15   14.00   14.00   clock clk (rise edge)
                          0.00   14.00   clock network delay (ideal)
                         -0.25   13.75   clock uncertainty
                          0.00   13.75   clock reconvergence pessimism
                                 13.75 ^ _456_/CLK (sky130_fd_sc_hd__dfxtp_1)
                         -0.04   13.71   library setup time
                                 13.71   data required time
-----------------------------------------------------------------------------
                                 13.71   data required time
                                 -7.88   data arrival time
-----------------------------------------------------------------------------
                                  5.83   slack (MET)


Startpoint: _434_ (rising edge-triggered flip-flop clocked by clk')
Endpoint: _457_ (rising edge-triggered flip-flop clocked by clk)
Path Group: clk
Path Type: max

Fanout     Cap    Slew   Delay    Time   Description
-----------------------------------------------------------------------------
                  0.15    7.00    7.00   clock clk' (rise edge)
                          0.00    7.00   clock network delay (ideal)
                  0.15    0.00    7.00 ^ _434_/CLK (sky130_fd_sc_hd__dfxtp_1)
     6    0.02    0.19    0.47    7.47 ^ _434_/Q (sky130_fd_sc_hd__dfxtp_1)
                                         user_peripheral.rst_n (net)
                  0.19    0.00    7.47 ^ _286_/A (sky130_fd_sc_hd__buf_2)
    10    0.03    0.15    0.25    7.72 ^ _286_/X (sky130_fd_sc_hd__buf_2)
                                         _109_ (net)
                  0.15    0.00    7.72 ^ _350_/C1 (sky130_fd_sc_hd__o211a_1)
     1    0.00    0.04    0.16    7.88 ^ _350_/X (sky130_fd_sc_hd__o211a_1)
                                         _023_ (net)
                  0.04    0.00    7.88 ^ _457_/D (sky130_fd_sc_hd__dfxtp_1)
                                  7.88   data arrival time

                  0.15   14.00   14.00   clock clk (rise edge)
                          0.00   14.00   clock network delay (ideal)
                         -0.25   13.75   clock uncertainty
                          0.00   13.75   clock reconvergence pessimism
                                 13.75 ^ _457_/CLK (sky130_fd_sc_hd__dfxtp_1)
                         -0.04   13.71   library setup time
                                 13.71   data required time
-----------------------------------------------------------------------------
                                 13.71   data required time
                                 -7.88   data arrival time
-----------------------------------------------------------------------------
                                  5.83   slack (MET)


Startpoint: _434_ (rising edge-triggered flip-flop clocked by clk')
Endpoint: _441_ (rising edge-triggered flip-flop clocked by clk)
Path Group: clk
Path Type: max

Fanout     Cap    Slew   Delay    Time   Description
-----------------------------------------------------------------------------
                  0.15    7.00    7.00   clock clk' (rise edge)
                          0.00    7.00   clock network delay (ideal)
                  0.15    0.00    7.00 ^ _434_/CLK (sky130_fd_sc_hd__dfxtp_1)
     6    0.02    0.19    0.47    7.47 ^ _434_/Q (sky130_fd_sc_hd__dfxtp_1)
                                         user_peripheral.rst_n (net)
                  0.19    0.00    7.47 ^ _286_/A (sky130_fd_sc_hd__buf_2)
    10    0.03    0.15    0.25    7.72 ^ _286_/X (sky130_fd_sc_hd__buf_2)
                                         _109_ (net)
                  0.15    0.00    7.72 ^ _292_/C1 (sky130_fd_sc_hd__o211a_1)
     1    0.00    0.04    0.16    7.88 ^ _292_/X (sky130_fd_sc_hd__o211a_1)
                                         _007_ (net)
                  0.04    0.00    7.88 ^ _441_/D (sky130_fd_sc_hd__dfxtp_1)
                                  7.88   data arrival time

                  0.15   14.00   14.00   clock clk (rise edge)
                          0.00   14.00   clock network delay (ideal)
                         -0.25   13.75   clock uncertainty
                          0.00   13.75   clock reconvergence pessimism
                                 13.75 ^ _441_/CLK (sky130_fd_sc_hd__dfxtp_1)
                         -0.04   13.71   library setup time
                                 13.71   data required time
-----------------------------------------------------------------------------
                                 13.71   data required time
                                 -7.88   data arrival time
-----------------------------------------------------------------------------
                                  5.83   slack (MET)


Startpoint: _434_ (rising edge-triggered flip-flop clocked by clk')
Endpoint: _450_ (rising edge-triggered flip-flop clocked by clk)
Path Group: clk
Path Type: max

Fanout     Cap    Slew   Delay    Time   Description
-----------------------------------------------------------------------------
                  0.15    7.00    7.00   clock clk' (rise edge)
                          0.00    7.00   clock network delay (ideal)
                  0.15    0.00    7.00 ^ _434_/CLK (sky130_fd_sc_hd__dfxtp_1)
     6    0.02    0.19    0.47    7.47 ^ _434_/Q (sky130_fd_sc_hd__dfxtp_1)
                                         user_peripheral.rst_n (net)
                  0.19    0.00    7.47 ^ _286_/A (sky130_fd_sc_hd__buf_2)
    10    0.03    0.15    0.25    7.72 ^ _286_/X (sky130_fd_sc_hd__buf_2)
                                         _109_ (net)
                  0.15    0.00    7.72 ^ _332_/C1 (sky130_fd_sc_hd__o211a_1)
     1    0.00    0.04    0.16    7.88 ^ _332_/X (sky130_fd_sc_hd__o211a_1)
                                         _016_ (net)
                  0.04    0.00    7.88 ^ _450_/D (sky130_fd_sc_hd__dfxtp_1)
                                  7.88   data arrival time

                  0.15   14.00   14.00   clock clk (rise edge)
                          0.00   14.00   clock network delay (ideal)
                         -0.25   13.75   clock uncertainty
                          0.00   13.75   clock reconvergence pessimism
                                 13.75 ^ _450_/CLK (sky130_fd_sc_hd__dfxtp_1)
                         -0.04   13.71   library setup time
                                 13.71   data required time
-----------------------------------------------------------------------------
                                 13.71   data required time
                                 -7.88   data arrival time
-----------------------------------------------------------------------------
                                  5.84   slack (MET)


Startpoint: _434_ (rising edge-triggered flip-flop clocked by clk')
Endpoint: _455_ (rising edge-triggered flip-flop clocked by clk)
Path Group: clk
Path Type: max

Fanout     Cap    Slew   Delay    Time   Description
-----------------------------------------------------------------------------
                  0.15    7.00    7.00   clock clk' (rise edge)
                          0.00    7.00   clock network delay (ideal)
                  0.15    0.00    7.00 ^ _434_/CLK (sky130_fd_sc_hd__dfxtp_1)
     6    0.02    0.19    0.47    7.47 ^ _434_/Q (sky130_fd_sc_hd__dfxtp_1)
                                         user_peripheral.rst_n (net)
                  0.19    0.00    7.47 ^ _286_/A (sky130_fd_sc_hd__buf_2)
    10    0.03    0.15    0.25    7.72 ^ _286_/X (sky130_fd_sc_hd__buf_2)
                                         _109_ (net)
                  0.15    0.00    7.72 ^ _344_/C1 (sky130_fd_sc_hd__o211a_1)
     1    0.00    0.04    0.16    7.88 ^ _344_/X (sky130_fd_sc_hd__o211a_1)
                                         _021_ (net)
                  0.04    0.00    7.88 ^ _455_/D (sky130_fd_sc_hd__dfxtp_1)
                                  7.88   data arrival time

                  0.15   14.00   14.00   clock clk (rise edge)
                          0.00   14.00   clock network delay (ideal)
                         -0.25   13.75   clock uncertainty
                          0.00   13.75   clock reconvergence pessimism
                                 13.75 ^ _455_/CLK (sky130_fd_sc_hd__dfxtp_1)
                         -0.04   13.71   library setup time
                                 13.71   data required time
-----------------------------------------------------------------------------
                                 13.71   data required time
                                 -7.88   data arrival time
-----------------------------------------------------------------------------
                                  5.84   slack (MET)


Startpoint: _434_ (rising edge-triggered flip-flop clocked by clk')
Endpoint: _452_ (rising edge-triggered flip-flop clocked by clk)
Path Group: clk
Path Type: max

Fanout     Cap    Slew   Delay    Time   Description
-----------------------------------------------------------------------------
                  0.15    7.00    7.00   clock clk' (rise edge)
                          0.00    7.00   clock network delay (ideal)
                  0.15    0.00    7.00 ^ _434_/CLK (sky130_fd_sc_hd__dfxtp_1)
     6    0.02    0.19    0.47    7.47 ^ _434_/Q (sky130_fd_sc_hd__dfxtp_1)
                                         user_peripheral.rst_n (net)
                  0.19    0.00    7.47 ^ _286_/A (sky130_fd_sc_hd__buf_2)
    10    0.03    0.15    0.25    7.72 ^ _286_/X (sky130_fd_sc_hd__buf_2)
                                         _109_ (net)
                  0.15    0.00    7.72 ^ _336_/C1 (sky130_fd_sc_hd__o211a_1)
     1    0.00    0.04    0.16    7.88 ^ _336_/X (sky130_fd_sc_hd__o211a_1)
                                         _018_ (net)
                  0.04    0.00    7.88 ^ _452_/D (sky130_fd_sc_hd__dfxtp_1)
                                  7.88   data arrival time

                  0.15   14.00   14.00   clock clk (rise edge)
                          0.00   14.00   clock network delay (ideal)
                         -0.25   13.75   clock uncertainty
                          0.00   13.75   clock reconvergence pessimism
                                 13.75 ^ _452_/CLK (sky130_fd_sc_hd__dfxtp_1)
                         -0.04   13.71   library setup time
                                 13.71   data required time
-----------------------------------------------------------------------------
                                 13.71   data required time
                                 -7.88   data arrival time
-----------------------------------------------------------------------------
                                  5.84   slack (MET)


Startpoint: _434_ (rising edge-triggered flip-flop clocked by clk')
Endpoint: _454_ (rising edge-triggered flip-flop clocked by clk)
Path Group: clk
Path Type: max

Fanout     Cap    Slew   Delay    Time   Description
-----------------------------------------------------------------------------
                  0.15    7.00    7.00   clock clk' (rise edge)
                          0.00    7.00   clock network delay (ideal)
                  0.15    0.00    7.00 ^ _434_/CLK (sky130_fd_sc_hd__dfxtp_1)
     6    0.02    0.19    0.47    7.47 ^ _434_/Q (sky130_fd_sc_hd__dfxtp_1)
                                         user_peripheral.rst_n (net)
                  0.19    0.00    7.47 ^ _286_/A (sky130_fd_sc_hd__buf_2)
    10    0.03    0.15    0.25    7.72 ^ _286_/X (sky130_fd_sc_hd__buf_2)
                                         _109_ (net)
                  0.15    0.00    7.72 ^ _341_/C1 (sky130_fd_sc_hd__o211a_1)
     1    0.00    0.04    0.16    7.88 ^ _341_/X (sky130_fd_sc_hd__o211a_1)
                                         _020_ (net)
                  0.04    0.00    7.88 ^ _454_/D (sky130_fd_sc_hd__dfxtp_1)
                                  7.88   data arrival time

                  0.15   14.00   14.00   clock clk (rise edge)
                          0.00   14.00   clock network delay (ideal)
                         -0.25   13.75   clock uncertainty
                          0.00   13.75   clock reconvergence pessimism
                                 13.75 ^ _454_/CLK (sky130_fd_sc_hd__dfxtp_1)
                         -0.04   13.71   library setup time
                                 13.71   data required time
-----------------------------------------------------------------------------
                                 13.71   data required time
                                 -7.88   data arrival time
-----------------------------------------------------------------------------
                                  5.84   slack (MET)


Startpoint: _434_ (rising edge-triggered flip-flop clocked by clk')
Endpoint: _440_ (rising edge-triggered flip-flop clocked by clk)
Path Group: clk
Path Type: max

Fanout     Cap    Slew   Delay    Time   Description
-----------------------------------------------------------------------------
                  0.15    7.00    7.00   clock clk' (rise edge)
                          0.00    7.00   clock network delay (ideal)
                  0.15    0.00    7.00 ^ _434_/CLK (sky130_fd_sc_hd__dfxtp_1)
     6    0.02    0.19    0.47    7.47 ^ _434_/Q (sky130_fd_sc_hd__dfxtp_1)
                                         user_peripheral.rst_n (net)
                  0.19    0.00    7.47 ^ _286_/A (sky130_fd_sc_hd__buf_2)
    10    0.03    0.15    0.25    7.72 ^ _286_/X (sky130_fd_sc_hd__buf_2)
                                         _109_ (net)
                  0.15    0.00    7.72 ^ _287_/C1 (sky130_fd_sc_hd__o211a_1)
     1    0.00    0.04    0.16    7.88 ^ _287_/X (sky130_fd_sc_hd__o211a_1)
                                         _006_ (net)
                  0.04    0.00    7.88 ^ _440_/D (sky130_fd_sc_hd__dfxtp_1)
                                  7.88   data arrival time

                  0.15   14.00   14.00   clock clk (rise edge)
                          0.00   14.00   clock network delay (ideal)
                         -0.25   13.75   clock uncertainty
                          0.00   13.75   clock reconvergence pessimism
                                 13.75 ^ _440_/CLK (sky130_fd_sc_hd__dfxtp_1)
                         -0.04   13.71   library setup time
                                 13.71   data required time
-----------------------------------------------------------------------------
                                 13.71   data required time
                                 -7.88   data arrival time
-----------------------------------------------------------------------------
                                  5.84   slack (MET)


Startpoint: _434_ (rising edge-triggered flip-flop clocked by clk')
Endpoint: _453_ (rising edge-triggered flip-flop clocked by clk)
Path Group: clk
Path Type: max

Fanout     Cap    Slew   Delay    Time   Description
-----------------------------------------------------------------------------
                  0.15    7.00    7.00   clock clk' (rise edge)
                          0.00    7.00   clock network delay (ideal)
                  0.15    0.00    7.00 ^ _434_/CLK (sky130_fd_sc_hd__dfxtp_1)
     6    0.02    0.19    0.47    7.47 ^ _434_/Q (sky130_fd_sc_hd__dfxtp_1)
                                         user_peripheral.rst_n (net)
                  0.19    0.00    7.47 ^ _286_/A (sky130_fd_sc_hd__buf_2)
    10    0.03    0.15    0.25    7.72 ^ _286_/X (sky130_fd_sc_hd__buf_2)
                                         _109_ (net)
                  0.15    0.00    7.72 ^ _338_/C1 (sky130_fd_sc_hd__o211a_1)
     1    0.00    0.04    0.16    7.88 ^ _338_/X (sky130_fd_sc_hd__o211a_1)
                                         _019_ (net)
                  0.04    0.00    7.88 ^ _453_/D (sky130_fd_sc_hd__dfxtp_1)
                                  7.88   data arrival time

                  0.15   14.00   14.00   clock clk (rise edge)
                          0.00   14.00   clock network delay (ideal)
                         -0.25   13.75   clock uncertainty
                          0.00   13.75   clock reconvergence pessimism
                                 13.75 ^ _453_/CLK (sky130_fd_sc_hd__dfxtp_1)
                         -0.04   13.71   library setup time
                                 13.71   data required time
-----------------------------------------------------------------------------
                                 13.71   data required time
                                 -7.88   data arrival time
-----------------------------------------------------------------------------
                                  5.84   slack (MET)


Startpoint: _434_ (rising edge-triggered flip-flop clocked by clk')
Endpoint: _459_ (rising edge-triggered flip-flop clocked by clk)
Path Group: clk
Path Type: max

Fanout     Cap    Slew   Delay    Time   Description
-----------------------------------------------------------------------------
                  0.15    7.00    7.00   clock clk' (rise edge)
                          0.00    7.00   clock network delay (ideal)
                  0.15    0.00    7.00 ^ _434_/CLK (sky130_fd_sc_hd__dfxtp_1)
     6    0.02    0.19    0.47    7.47 ^ _434_/Q (sky130_fd_sc_hd__dfxtp_1)
                                         user_peripheral.rst_n (net)
                  0.19    0.00    7.47 ^ _353_/A (sky130_fd_sc_hd__buf_2)
    10    0.03    0.15    0.24    7.71 ^ _353_/X (sky130_fd_sc_hd__buf_2)
                                         _158_ (net)
                  0.15    0.00    7.71 ^ _357_/C1 (sky130_fd_sc_hd__o211a_1)
     1    0.00    0.04    0.16    7.88 ^ _357_/X (sky130_fd_sc_hd__o211a_1)
                                         _025_ (net)
                  0.04    0.00    7.88 ^ _459_/D (sky130_fd_sc_hd__dfxtp_1)
                                  7.88   data arrival time

                  0.15   14.00   14.00   clock clk (rise edge)
                          0.00   14.00   clock network delay (ideal)
                         -0.25   13.75   clock uncertainty
                          0.00   13.75   clock reconvergence pessimism
                                 13.75 ^ _459_/CLK (sky130_fd_sc_hd__dfxtp_1)
                         -0.04   13.71   library setup time
                                 13.71   data required time
-----------------------------------------------------------------------------
                                 13.71   data required time
                                 -7.88   data arrival time
-----------------------------------------------------------------------------
                                  5.84   slack (MET)


Startpoint: _434_ (rising edge-triggered flip-flop clocked by clk')
Endpoint: _466_ (rising edge-triggered flip-flop clocked by clk)
Path Group: clk
Path Type: max

Fanout     Cap    Slew   Delay    Time   Description
-----------------------------------------------------------------------------
                  0.15    7.00    7.00   clock clk' (rise edge)
                          0.00    7.00   clock network delay (ideal)
                  0.15    0.00    7.00 ^ _434_/CLK (sky130_fd_sc_hd__dfxtp_1)
     6    0.02    0.19    0.47    7.47 ^ _434_/Q (sky130_fd_sc_hd__dfxtp_1)
                                         user_peripheral.rst_n (net)
                  0.19    0.00    7.47 ^ _353_/A (sky130_fd_sc_hd__buf_2)
    10    0.03    0.15    0.24    7.71 ^ _353_/X (sky130_fd_sc_hd__buf_2)
                                         _158_ (net)
                  0.15    0.00    7.71 ^ _375_/C1 (sky130_fd_sc_hd__o211a_1)
     1    0.00    0.04    0.16    7.88 ^ _375_/X (sky130_fd_sc_hd__o211a_1)
                                         _032_ (net)
                  0.04    0.00    7.88 ^ _466_/D (sky130_fd_sc_hd__dfxtp_1)
                                  7.88   data arrival time

                  0.15   14.00   14.00   clock clk (rise edge)
                          0.00   14.00   clock network delay (ideal)
                         -0.25   13.75   clock uncertainty
                          0.00   13.75   clock reconvergence pessimism
                                 13.75 ^ _466_/CLK (sky130_fd_sc_hd__dfxtp_1)
                         -0.04   13.71   library setup time
                                 13.71   data required time
-----------------------------------------------------------------------------
                                 13.71   data required time
                                 -7.88   data arrival time
-----------------------------------------------------------------------------
                                  5.84   slack (MET)


Startpoint: _434_ (rising edge-triggered flip-flop clocked by clk')
Endpoint: _451_ (rising edge-triggered flip-flop clocked by clk)
Path Group: clk
Path Type: max

Fanout     Cap    Slew   Delay    Time   Description
-----------------------------------------------------------------------------
                  0.15    7.00    7.00   clock clk' (rise edge)
                          0.00    7.00   clock network delay (ideal)
                  0.15    0.00    7.00 ^ _434_/CLK (sky130_fd_sc_hd__dfxtp_1)
     6    0.02    0.19    0.47    7.47 ^ _434_/Q (sky130_fd_sc_hd__dfxtp_1)
                                         user_peripheral.rst_n (net)
                  0.19    0.00    7.47 ^ _286_/A (sky130_fd_sc_hd__buf_2)
    10    0.03    0.15    0.25    7.72 ^ _286_/X (sky130_fd_sc_hd__buf_2)
                                         _109_ (net)
                  0.15    0.00    7.72 ^ _334_/C1 (sky130_fd_sc_hd__o211a_1)
     1    0.00    0.04    0.16    7.88 ^ _334_/X (sky130_fd_sc_hd__o211a_1)
                                         _017_ (net)
                  0.04    0.00    7.88 ^ _451_/D (sky130_fd_sc_hd__dfxtp_1)
                                  7.88   data arrival time

                  0.15   14.00   14.00   clock clk (rise edge)
                          0.00   14.00   clock network delay (ideal)
                         -0.25   13.75   clock uncertainty
                          0.00   13.75   clock reconvergence pessimism
                                 13.75 ^ _451_/CLK (sky130_fd_sc_hd__dfxtp_1)
                         -0.04   13.71   library setup time
                                 13.71   data required time
-----------------------------------------------------------------------------
                                 13.71   data required time
                                 -7.88   data arrival time
-----------------------------------------------------------------------------
                                  5.84   slack (MET)


Startpoint: _434_ (rising edge-triggered flip-flop clocked by clk')
Endpoint: _462_ (rising edge-triggered flip-flop clocked by clk)
Path Group: clk
Path Type: max

Fanout     Cap    Slew   Delay    Time   Description
-----------------------------------------------------------------------------
                  0.15    7.00    7.00   clock clk' (rise edge)
                          0.00    7.00   clock network delay (ideal)
                  0.15    0.00    7.00 ^ _434_/CLK (sky130_fd_sc_hd__dfxtp_1)
     6    0.02    0.19    0.47    7.47 ^ _434_/Q (sky130_fd_sc_hd__dfxtp_1)
                                         user_peripheral.rst_n (net)
                  0.19    0.00    7.47 ^ _353_/A (sky130_fd_sc_hd__buf_2)
    10    0.03    0.15    0.24    7.71 ^ _353_/X (sky130_fd_sc_hd__buf_2)
                                         _158_ (net)
                  0.15    0.00    7.71 ^ _367_/C1 (sky130_fd_sc_hd__o211a_1)
     1    0.00    0.04    0.16    7.88 ^ _367_/X (sky130_fd_sc_hd__o211a_1)
                                         _028_ (net)
                  0.04    0.00    7.88 ^ _462_/D (sky130_fd_sc_hd__dfxtp_1)
                                  7.88   data arrival time

                  0.15   14.00   14.00   clock clk (rise edge)
                          0.00   14.00   clock network delay (ideal)
                         -0.25   13.75   clock uncertainty
                          0.00   13.75   clock reconvergence pessimism
                                 13.75 ^ _462_/CLK (sky130_fd_sc_hd__dfxtp_1)
                         -0.04   13.71   library setup time
                                 13.71   data required time
-----------------------------------------------------------------------------
                                 13.71   data required time
                                 -7.88   data arrival time
-----------------------------------------------------------------------------
                                  5.84   slack (MET)


Startpoint: _434_ (rising edge-triggered flip-flop clocked by clk')
Endpoint: _484_ (rising edge-triggered flip-flop clocked by clk)
Path Group: clk
Path Type: max

Fanout     Cap    Slew   Delay    Time   Description
-----------------------------------------------------------------------------
                  0.15    7.00    7.00   clock clk' (rise edge)
                          0.00    7.00   clock network delay (ideal)
                  0.15    0.00    7.00 ^ _434_/CLK (sky130_fd_sc_hd__dfxtp_1)
     6    0.02    0.19    0.47    7.47 ^ _434_/Q (sky130_fd_sc_hd__dfxtp_1)
                                         user_peripheral.rst_n (net)
                  0.19    0.00    7.47 ^ _263_/A (sky130_fd_sc_hd__buf_2)
    10    0.03    0.15    0.24    7.71 ^ _263_/X (sky130_fd_sc_hd__buf_2)
                                         _089_ (net)
                  0.15    0.00    7.71 ^ _433_/C1 (sky130_fd_sc_hd__o211a_1)
     1    0.00    0.04    0.16    7.87 ^ _433_/X (sky130_fd_sc_hd__o211a_1)
                                         _050_ (net)
                  0.04    0.00    7.87 ^ _484_/D (sky130_fd_sc_hd__dfxtp_1)
                                  7.87   data arrival time

                  0.15   14.00   14.00   clock clk (rise edge)
                          0.00   14.00   clock network delay (ideal)
                         -0.25   13.75   clock uncertainty
                          0.00   13.75   clock reconvergence pessimism
                                 13.75 ^ _484_/CLK (sky130_fd_sc_hd__dfxtp_1)
                         -0.04   13.71   library setup time
                                 13.71   data required time
-----------------------------------------------------------------------------
                                 13.71   data required time
                                 -7.87   data arrival time
-----------------------------------------------------------------------------
                                  5.84   slack (MET)


Startpoint: _434_ (rising edge-triggered flip-flop clocked by clk')
Endpoint: _460_ (rising edge-triggered flip-flop clocked by clk)
Path Group: clk
Path Type: max

Fanout     Cap    Slew   Delay    Time   Description
-----------------------------------------------------------------------------
                  0.15    7.00    7.00   clock clk' (rise edge)
                          0.00    7.00   clock network delay (ideal)
                  0.15    0.00    7.00 ^ _434_/CLK (sky130_fd_sc_hd__dfxtp_1)
     6    0.02    0.19    0.47    7.47 ^ _434_/Q (sky130_fd_sc_hd__dfxtp_1)
                                         user_peripheral.rst_n (net)
                  0.19    0.00    7.47 ^ _353_/A (sky130_fd_sc_hd__buf_2)
    10    0.03    0.15    0.24    7.71 ^ _353_/X (sky130_fd_sc_hd__buf_2)
                                         _158_ (net)
                  0.15    0.00    7.71 ^ _360_/C1 (sky130_fd_sc_hd__o211a_1)
     1    0.00    0.04    0.16    7.87 ^ _360_/X (sky130_fd_sc_hd__o211a_1)
                                         _026_ (net)
                  0.04    0.00    7.87 ^ _460_/D (sky130_fd_sc_hd__dfxtp_1)
                                  7.87   data arrival time

                  0.15   14.00   14.00   clock clk (rise edge)
                          0.00   14.00   clock network delay (ideal)
                         -0.25   13.75   clock uncertainty
                          0.00   13.75   clock reconvergence pessimism
                                 13.75 ^ _460_/CLK (sky130_fd_sc_hd__dfxtp_1)
                         -0.04   13.71   library setup time
                                 13.71   data required time
-----------------------------------------------------------------------------
                                 13.71   data required time
                                 -7.87   data arrival time
-----------------------------------------------------------------------------
                                  5.84   slack (MET)


Startpoint: _434_ (rising edge-triggered flip-flop clocked by clk')
Endpoint: _464_ (rising edge-triggered flip-flop clocked by clk)
Path Group: clk
Path Type: max

Fanout     Cap    Slew   Delay    Time   Description
-----------------------------------------------------------------------------
                  0.15    7.00    7.00   clock clk' (rise edge)
                          0.00    7.00   clock network delay (ideal)
                  0.15    0.00    7.00 ^ _434_/CLK (sky130_fd_sc_hd__dfxtp_1)
     6    0.02    0.19    0.47    7.47 ^ _434_/Q (sky130_fd_sc_hd__dfxtp_1)
                                         user_peripheral.rst_n (net)
                  0.19    0.00    7.47 ^ _353_/A (sky130_fd_sc_hd__buf_2)
    10    0.03    0.15    0.24    7.71 ^ _353_/X (sky130_fd_sc_hd__buf_2)
                                         _158_ (net)
                  0.15    0.00    7.71 ^ _371_/C1 (sky130_fd_sc_hd__o211a_1)
     1    0.00    0.04    0.16    7.87 ^ _371_/X (sky130_fd_sc_hd__o211a_1)
                                         _030_ (net)
                  0.04    0.00    7.87 ^ _464_/D (sky130_fd_sc_hd__dfxtp_1)
                                  7.87   data arrival time

                  0.15   14.00   14.00   clock clk (rise edge)
                          0.00   14.00   clock network delay (ideal)
                         -0.25   13.75   clock uncertainty
                          0.00   13.75   clock reconvergence pessimism
                                 13.75 ^ _464_/CLK (sky130_fd_sc_hd__dfxtp_1)
                         -0.04   13.71   library setup time
                                 13.71   data required time
-----------------------------------------------------------------------------
                                 13.71   data required time
                                 -7.87   data arrival time
-----------------------------------------------------------------------------
                                  5.84   slack (MET)


Startpoint: _434_ (rising edge-triggered flip-flop clocked by clk')
Endpoint: _482_ (rising edge-triggered flip-flop clocked by clk)
Path Group: clk
Path Type: max

Fanout     Cap    Slew   Delay    Time   Description
-----------------------------------------------------------------------------
                  0.15    7.00    7.00   clock clk' (rise edge)
                          0.00    7.00   clock network delay (ideal)
                  0.15    0.00    7.00 ^ _434_/CLK (sky130_fd_sc_hd__dfxtp_1)
     6    0.02    0.19    0.47    7.47 ^ _434_/Q (sky130_fd_sc_hd__dfxtp_1)
                                         user_peripheral.rst_n (net)
                  0.19    0.00    7.47 ^ _263_/A (sky130_fd_sc_hd__buf_2)
    10    0.03    0.15    0.24    7.71 ^ _263_/X (sky130_fd_sc_hd__buf_2)
                                         _089_ (net)
                  0.15    0.00    7.71 ^ _429_/C1 (sky130_fd_sc_hd__o211a_1)
     1    0.00    0.04    0.16    7.87 ^ _429_/X (sky130_fd_sc_hd__o211a_1)
                                         _048_ (net)
                  0.04    0.00    7.87 ^ _482_/D (sky130_fd_sc_hd__dfxtp_2)
                                  7.87   data arrival time

                  0.15   14.00   14.00   clock clk (rise edge)
                          0.00   14.00   clock network delay (ideal)
                         -0.25   13.75   clock uncertainty
                          0.00   13.75   clock reconvergence pessimism
                                 13.75 ^ _482_/CLK (sky130_fd_sc_hd__dfxtp_2)
                         -0.04   13.71   library setup time
                                 13.71   data required time
-----------------------------------------------------------------------------
                                 13.71   data required time
                                 -7.87   data arrival time
-----------------------------------------------------------------------------
                                  5.84   slack (MET)


Startpoint: _434_ (rising edge-triggered flip-flop clocked by clk')
Endpoint: _463_ (rising edge-triggered flip-flop clocked by clk)
Path Group: clk
Path Type: max

Fanout     Cap    Slew   Delay    Time   Description
-----------------------------------------------------------------------------
                  0.15    7.00    7.00   clock clk' (rise edge)
                          0.00    7.00   clock network delay (ideal)
                  0.15    0.00    7.00 ^ _434_/CLK (sky130_fd_sc_hd__dfxtp_1)
     6    0.02    0.19    0.47    7.47 ^ _434_/Q (sky130_fd_sc_hd__dfxtp_1)
                                         user_peripheral.rst_n (net)
                  0.19    0.00    7.47 ^ _353_/A (sky130_fd_sc_hd__buf_2)
    10    0.03    0.15    0.24    7.71 ^ _353_/X (sky130_fd_sc_hd__buf_2)
                                         _158_ (net)
                  0.15    0.00    7.71 ^ _369_/C1 (sky130_fd_sc_hd__o211a_1)
     1    0.00    0.04    0.16    7.87 ^ _369_/X (sky130_fd_sc_hd__o211a_1)
                                         _029_ (net)
                  0.04    0.00    7.87 ^ _463_/D (sky130_fd_sc_hd__dfxtp_1)
                                  7.87   data arrival time

                  0.15   14.00   14.00   clock clk (rise edge)
                          0.00   14.00   clock network delay (ideal)
                         -0.25   13.75   clock uncertainty
                          0.00   13.75   clock reconvergence pessimism
                                 13.75 ^ _463_/CLK (sky130_fd_sc_hd__dfxtp_1)
                         -0.04   13.71   library setup time
                                 13.71   data required time
-----------------------------------------------------------------------------
                                 13.71   data required time
                                 -7.87   data arrival time
-----------------------------------------------------------------------------
                                  5.84   slack (MET)


Startpoint: _434_ (rising edge-triggered flip-flop clocked by clk')
Endpoint: _465_ (rising edge-triggered flip-flop clocked by clk)
Path Group: clk
Path Type: max

Fanout     Cap    Slew   Delay    Time   Description
-----------------------------------------------------------------------------
                  0.15    7.00    7.00   clock clk' (rise edge)
                          0.00    7.00   clock network delay (ideal)
                  0.15    0.00    7.00 ^ _434_/CLK (sky130_fd_sc_hd__dfxtp_1)
     6    0.02    0.19    0.47    7.47 ^ _434_/Q (sky130_fd_sc_hd__dfxtp_1)
                                         user_peripheral.rst_n (net)
                  0.19    0.00    7.47 ^ _353_/A (sky130_fd_sc_hd__buf_2)
    10    0.03    0.15    0.24    7.71 ^ _353_/X (sky130_fd_sc_hd__buf_2)
                                         _158_ (net)
                  0.15    0.00    7.71 ^ _373_/C1 (sky130_fd_sc_hd__o211a_1)
     1    0.00    0.04    0.16    7.87 ^ _373_/X (sky130_fd_sc_hd__o211a_1)
                                         _031_ (net)
                  0.04    0.00    7.87 ^ _465_/D (sky130_fd_sc_hd__dfxtp_1)
                                  7.87   data arrival time

                  0.15   14.00   14.00   clock clk (rise edge)
                          0.00   14.00   clock network delay (ideal)
                         -0.25   13.75   clock uncertainty
                          0.00   13.75   clock reconvergence pessimism
                                 13.75 ^ _465_/CLK (sky130_fd_sc_hd__dfxtp_1)
                         -0.04   13.71   library setup time
                                 13.71   data required time
-----------------------------------------------------------------------------
                                 13.71   data required time
                                 -7.87   data arrival time
-----------------------------------------------------------------------------
                                  5.84   slack (MET)


Startpoint: _434_ (rising edge-triggered flip-flop clocked by clk')
Endpoint: _458_ (rising edge-triggered flip-flop clocked by clk)
Path Group: clk
Path Type: max

Fanout     Cap    Slew   Delay    Time   Description
-----------------------------------------------------------------------------
                  0.15    7.00    7.00   clock clk' (rise edge)
                          0.00    7.00   clock network delay (ideal)
                  0.15    0.00    7.00 ^ _434_/CLK (sky130_fd_sc_hd__dfxtp_1)
     6    0.02    0.19    0.47    7.47 ^ _434_/Q (sky130_fd_sc_hd__dfxtp_1)
                                         user_peripheral.rst_n (net)
                  0.19    0.00    7.47 ^ _353_/A (sky130_fd_sc_hd__buf_2)
    10    0.03    0.15    0.24    7.71 ^ _353_/X (sky130_fd_sc_hd__buf_2)
                                         _158_ (net)
                  0.15    0.00    7.71 ^ _354_/C1 (sky130_fd_sc_hd__o211a_1)
     1    0.00    0.04    0.16    7.87 ^ _354_/X (sky130_fd_sc_hd__o211a_1)
                                         _024_ (net)
                  0.04    0.00    7.87 ^ _458_/D (sky130_fd_sc_hd__dfxtp_1)
                                  7.87   data arrival time

                  0.15   14.00   14.00   clock clk (rise edge)
                          0.00   14.00   clock network delay (ideal)
                         -0.25   13.75   clock uncertainty
                          0.00   13.75   clock reconvergence pessimism
                                 13.75 ^ _458_/CLK (sky130_fd_sc_hd__dfxtp_1)
                         -0.04   13.71   library setup time
                                 13.71   data required time
-----------------------------------------------------------------------------
                                 13.71   data required time
                                 -7.87   data arrival time
-----------------------------------------------------------------------------
                                  5.84   slack (MET)


Startpoint: _434_ (rising edge-triggered flip-flop clocked by clk')
Endpoint: _461_ (rising edge-triggered flip-flop clocked by clk)
Path Group: clk
Path Type: max

Fanout     Cap    Slew   Delay    Time   Description
-----------------------------------------------------------------------------
                  0.15    7.00    7.00   clock clk' (rise edge)
                          0.00    7.00   clock network delay (ideal)
                  0.15    0.00    7.00 ^ _434_/CLK (sky130_fd_sc_hd__dfxtp_1)
     6    0.02    0.19    0.47    7.47 ^ _434_/Q (sky130_fd_sc_hd__dfxtp_1)
                                         user_peripheral.rst_n (net)
                  0.19    0.00    7.47 ^ _353_/A (sky130_fd_sc_hd__buf_2)
    10    0.03    0.15    0.24    7.71 ^ _353_/X (sky130_fd_sc_hd__buf_2)
                                         _158_ (net)
                  0.15    0.00    7.71 ^ _363_/C1 (sky130_fd_sc_hd__o211a_1)
     1    0.00    0.04    0.16    7.87 ^ _363_/X (sky130_fd_sc_hd__o211a_1)
                                         _027_ (net)
                  0.04    0.00    7.87 ^ _461_/D (sky130_fd_sc_hd__dfxtp_1)
                                  7.87   data arrival time

                  0.15   14.00   14.00   clock clk (rise edge)
                          0.00   14.00   clock network delay (ideal)
                         -0.25   13.75   clock uncertainty
                          0.00   13.75   clock reconvergence pessimism
                                 13.75 ^ _461_/CLK (sky130_fd_sc_hd__dfxtp_1)
                         -0.04   13.71   library setup time
                                 13.71   data required time
-----------------------------------------------------------------------------
                                 13.71   data required time
                                 -7.87   data arrival time
-----------------------------------------------------------------------------
                                  5.84   slack (MET)


Startpoint: _434_ (rising edge-triggered flip-flop clocked by clk')
Endpoint: _467_ (rising edge-triggered flip-flop clocked by clk)
Path Group: clk
Path Type: max

Fanout     Cap    Slew   Delay    Time   Description
-----------------------------------------------------------------------------
                  0.15    7.00    7.00   clock clk' (rise edge)
                          0.00    7.00   clock network delay (ideal)
                  0.15    0.00    7.00 ^ _434_/CLK (sky130_fd_sc_hd__dfxtp_1)
     6    0.02    0.19    0.47    7.47 ^ _434_/Q (sky130_fd_sc_hd__dfxtp_1)
                                         user_peripheral.rst_n (net)
                  0.19    0.00    7.47 ^ _353_/A (sky130_fd_sc_hd__buf_2)
    10    0.03    0.15    0.24    7.71 ^ _353_/X (sky130_fd_sc_hd__buf_2)
                                         _158_ (net)
                  0.15    0.00    7.71 ^ _377_/C1 (sky130_fd_sc_hd__o211a_1)
     1    0.00    0.04    0.16    7.87 ^ _377_/X (sky130_fd_sc_hd__o211a_1)
                                         _033_ (net)
                  0.04    0.00    7.87 ^ _467_/D (sky130_fd_sc_hd__dfxtp_1)
                                  7.87   data arrival time

                  0.15   14.00   14.00   clock clk (rise edge)
                          0.00   14.00   clock network delay (ideal)
                         -0.25   13.75   clock uncertainty
                          0.00   13.75   clock reconvergence pessimism
                                 13.75 ^ _467_/CLK (sky130_fd_sc_hd__dfxtp_1)
                         -0.04   13.71   library setup time
                                 13.71   data required time
-----------------------------------------------------------------------------
                                 13.71   data required time
                                 -7.87   data arrival time
-----------------------------------------------------------------------------
                                  5.84   slack (MET)


Startpoint: _434_ (rising edge-triggered flip-flop clocked by clk')
Endpoint: _483_ (rising edge-triggered flip-flop clocked by clk)
Path Group: clk
Path Type: max

Fanout     Cap    Slew   Delay    Time   Description
-----------------------------------------------------------------------------
                  0.15    7.00    7.00   clock clk' (rise edge)
                          0.00    7.00   clock network delay (ideal)
                  0.15    0.00    7.00 ^ _434_/CLK (sky130_fd_sc_hd__dfxtp_1)
     6    0.02    0.19    0.47    7.47 ^ _434_/Q (sky130_fd_sc_hd__dfxtp_1)
                                         user_peripheral.rst_n (net)
                  0.19    0.00    7.47 ^ _263_/A (sky130_fd_sc_hd__buf_2)
    10    0.03    0.15    0.24    7.71 ^ _263_/X (sky130_fd_sc_hd__buf_2)
                                         _089_ (net)
                  0.15    0.00    7.71 ^ _431_/C1 (sky130_fd_sc_hd__o211a_1)
     1    0.00    0.04    0.16    7.87 ^ _431_/X (sky130_fd_sc_hd__o211a_1)
                                         _049_ (net)
                  0.04    0.00    7.87 ^ _483_/D (sky130_fd_sc_hd__dfxtp_1)
                                  7.87   data arrival time

                  0.15   14.00   14.00   clock clk (rise edge)
                          0.00   14.00   clock network delay (ideal)
                         -0.25   13.75   clock uncertainty
                          0.00   13.75   clock reconvergence pessimism
                                 13.75 ^ _483_/CLK (sky130_fd_sc_hd__dfxtp_1)
                         -0.04   13.71   library setup time
                                 13.71   data required time
-----------------------------------------------------------------------------
                                 13.71   data required time
                                 -7.87   data arrival time
-----------------------------------------------------------------------------
                                  5.84   slack (MET)


Startpoint: _434_ (rising edge-triggered flip-flop clocked by clk')
Endpoint: _478_ (rising edge-triggered flip-flop clocked by clk)
Path Group: clk
Path Type: max

Fanout     Cap    Slew   Delay    Time   Description
-----------------------------------------------------------------------------
                  0.15    7.00    7.00   clock clk' (rise edge)
                          0.00    7.00   clock network delay (ideal)
                  0.15    0.00    7.00 ^ _434_/CLK (sky130_fd_sc_hd__dfxtp_1)
     6    0.02    0.19    0.47    7.47 ^ _434_/Q (sky130_fd_sc_hd__dfxtp_1)
                                         user_peripheral.rst_n (net)
                  0.19    0.00    7.47 ^ _256_/A (sky130_fd_sc_hd__inv_2)
     9    0.02    0.08    0.11    7.58 v _256_/Y (sky130_fd_sc_hd__inv_2)
                                         _084_ (net)
                  0.08    0.00    7.58 v _418_/C1 (sky130_fd_sc_hd__a211o_1)
     1    0.00    0.04    0.24    7.82 v _418_/X (sky130_fd_sc_hd__a211o_1)
                                         _044_ (net)
                  0.04    0.00    7.82 v _478_/D (sky130_fd_sc_hd__dfxtp_1)
                                  7.82   data arrival time

                  0.15   14.00   14.00   clock clk (rise edge)
                          0.00   14.00   clock network delay (ideal)
                         -0.25   13.75   clock uncertainty
                          0.00   13.75   clock reconvergence pessimism
                                 13.75 ^ _478_/CLK (sky130_fd_sc_hd__dfxtp_1)
                         -0.09   13.66   library setup time
                                 13.66   data required time
-----------------------------------------------------------------------------
                                 13.66   data required time
                                 -7.82   data arrival time
-----------------------------------------------------------------------------
                                  5.85   slack (MET)


Startpoint: _434_ (rising edge-triggered flip-flop clocked by clk')
Endpoint: _435_ (rising edge-triggered flip-flop clocked by clk)
Path Group: clk
Path Type: max

Fanout     Cap    Slew   Delay    Time   Description
-----------------------------------------------------------------------------
                  0.15    7.00    7.00   clock clk' (rise edge)
                          0.00    7.00   clock network delay (ideal)
                  0.15    0.00    7.00 ^ _434_/CLK (sky130_fd_sc_hd__dfxtp_1)
     6    0.02    0.19    0.47    7.47 ^ _434_/Q (sky130_fd_sc_hd__dfxtp_1)
                                         user_peripheral.rst_n (net)
                  0.19    0.00    7.47 ^ _256_/A (sky130_fd_sc_hd__inv_2)
     9    0.02    0.08    0.11    7.58 v _256_/Y (sky130_fd_sc_hd__inv_2)
                                         _084_ (net)
                  0.08    0.00    7.58 v _257_/C1 (sky130_fd_sc_hd__a211oi_1)
     1    0.00    0.16    0.16    7.74 ^ _257_/Y (sky130_fd_sc_hd__a211oi_1)
                                         _001_ (net)
                  0.16    0.00    7.74 ^ _435_/D (sky130_fd_sc_hd__dfxtp_1)
                                  7.74   data arrival time

                  0.15   14.00   14.00   clock clk (rise edge)
                          0.00   14.00   clock network delay (ideal)
                         -0.25   13.75   clock uncertainty
                          0.00   13.75   clock reconvergence pessimism
                                 13.75 ^ _435_/CLK (sky130_fd_sc_hd__dfxtp_1)
                         -0.06   13.69   library setup time
                                 13.69   data required time
-----------------------------------------------------------------------------
                                 13.69   data required time
                                 -7.74   data arrival time
-----------------------------------------------------------------------------
                                  5.94   slack (MET)


Startpoint: _434_ (rising edge-triggered flip-flop clocked by clk')
Endpoint: _444_ (rising edge-triggered flip-flop clocked by clk)
Path Group: clk
Path Type: max

Fanout     Cap    Slew   Delay    Time   Description
-----------------------------------------------------------------------------
                  0.15    7.00    7.00   clock clk' (rise edge)
                          0.00    7.00   clock network delay (ideal)
                  0.15    0.00    7.00 ^ _434_/CLK (sky130_fd_sc_hd__dfxtp_1)
     6    0.02    0.19    0.47    7.47 ^ _434_/Q (sky130_fd_sc_hd__dfxtp_1)
                                         user_peripheral.rst_n (net)
                  0.19    0.00    7.47 ^ _256_/A (sky130_fd_sc_hd__inv_2)
     9    0.02    0.08    0.11    7.58 v _256_/Y (sky130_fd_sc_hd__inv_2)
                                         _084_ (net)
                  0.08    0.00    7.58 v _309_/B1 (sky130_fd_sc_hd__a21oi_1)
     1    0.00    0.09    0.12    7.70 ^ _309_/Y (sky130_fd_sc_hd__a21oi_1)
                                         _010_ (net)
                  0.09    0.00    7.70 ^ _444_/D (sky130_fd_sc_hd__dfxtp_1)
                                  7.70   data arrival time

                  0.15   14.00   14.00   clock clk (rise edge)
                          0.00   14.00   clock network delay (ideal)
                         -0.25   13.75   clock uncertainty
                          0.00   13.75   clock reconvergence pessimism
                                 13.75 ^ _444_/CLK (sky130_fd_sc_hd__dfxtp_1)
                         -0.05   13.70   library setup time
                                 13.70   data required time
-----------------------------------------------------------------------------
                                 13.70   data required time
                                 -7.70   data arrival time
-----------------------------------------------------------------------------
                                  6.00   slack (MET)


Startpoint: _434_ (rising edge-triggered flip-flop clocked by clk')
Endpoint: _443_ (rising edge-triggered flip-flop clocked by clk)
Path Group: clk
Path Type: max

Fanout     Cap    Slew   Delay    Time   Description
-----------------------------------------------------------------------------
                  0.15    7.00    7.00   clock clk' (rise edge)
                          0.00    7.00   clock network delay (ideal)
                  0.15    0.00    7.00 ^ _434_/CLK (sky130_fd_sc_hd__dfxtp_1)
     6    0.02    0.19    0.47    7.47 ^ _434_/Q (sky130_fd_sc_hd__dfxtp_1)
                                         user_peripheral.rst_n (net)
                  0.19    0.00    7.47 ^ _256_/A (sky130_fd_sc_hd__inv_2)
     9    0.02    0.08    0.11    7.58 v _256_/Y (sky130_fd_sc_hd__inv_2)
                                         _084_ (net)
                  0.08    0.00    7.58 v _305_/A (sky130_fd_sc_hd__nor2_1)
     1    0.00    0.07    0.10    7.69 ^ _305_/Y (sky130_fd_sc_hd__nor2_1)
                                         _009_ (net)
                  0.07    0.00    7.69 ^ _443_/D (sky130_fd_sc_hd__dfxtp_1)
                                  7.69   data arrival time

                  0.15   14.00   14.00   clock clk (rise edge)
                          0.00   14.00   clock network delay (ideal)
                         -0.25   13.75   clock uncertainty
                          0.00   13.75   clock reconvergence pessimism
                                 13.75 ^ _443_/CLK (sky130_fd_sc_hd__dfxtp_1)
                         -0.04   13.71   library setup time
                                 13.71   data required time
-----------------------------------------------------------------------------
                                 13.71   data required time
                                 -7.69   data arrival time
-----------------------------------------------------------------------------
                                  6.02   slack (MET)


Startpoint: _434_ (rising edge-triggered flip-flop clocked by clk')
Endpoint: _436_ (rising edge-triggered flip-flop clocked by clk)
Path Group: clk
Path Type: max

Fanout     Cap    Slew   Delay    Time   Description
-----------------------------------------------------------------------------
                  0.15    7.00    7.00   clock clk' (rise edge)
                          0.00    7.00   clock network delay (ideal)
                  0.15    0.00    7.00 ^ _434_/CLK (sky130_fd_sc_hd__dfxtp_1)
     6    0.02    0.19    0.47    7.47 ^ _434_/Q (sky130_fd_sc_hd__dfxtp_1)
                                         user_peripheral.rst_n (net)
                  0.19    0.00    7.47 ^ _261_/A (sky130_fd_sc_hd__nand2_1)
     2    0.01    0.08    0.11    7.58 v _261_/Y (sky130_fd_sc_hd__nand2_1)
                                         _088_ (net)
                  0.08    0.00    7.58 v _262_/B (sky130_fd_sc_hd__nor2_1)
     1    0.00    0.07    0.09    7.67 ^ _262_/Y (sky130_fd_sc_hd__nor2_1)
                                         _002_ (net)
                  0.07    0.00    7.67 ^ _436_/D (sky130_fd_sc_hd__dfxtp_2)
                                  7.67   data arrival time

                  0.15   14.00   14.00   clock clk (rise edge)
                          0.00   14.00   clock network delay (ideal)
                         -0.25   13.75   clock uncertainty
                          0.00   13.75   clock reconvergence pessimism
                                 13.75 ^ _436_/CLK (sky130_fd_sc_hd__dfxtp_2)
                         -0.05   13.70   library setup time
                                 13.70   data required time
-----------------------------------------------------------------------------
                                 13.70   data required time
                                 -7.67   data arrival time
-----------------------------------------------------------------------------
                                  6.04   slack (MET)


Startpoint: uio_in[0] (input port clocked by clk)
Endpoint: uio_out[0] (output port clocked by clk)
Path Group: clk
Path Type: max

Fanout     Cap    Slew   Delay    Time   Description
-----------------------------------------------------------------------------
                  0.15    0.00    0.00   clock clk (rise edge)
                          0.00    0.00   clock network delay (ideal)
                          2.80    2.80 v input external delay
     1    0.00    0.01    0.01    2.81 v uio_in[0] (in)
                                         uio_in[0] (net)
                  0.01    0.00    2.81 v input10/A (sky130_fd_sc_hd__clkbuf_2)
     7    0.02    0.08    0.14    2.94 v input10/X (sky130_fd_sc_hd__clkbuf_2)
                                         net10 (net)
                  0.08    0.00    2.95 v _217_/A (sky130_fd_sc_hd__nor4_2)
     4    0.02    0.45    0.49    3.43 ^ _217_/Y (sky130_fd_sc_hd__nor4_2)
                                         _055_ (net)
                  0.45    0.00    3.43 ^ wire27/A (sky130_fd_sc_hd__clkbuf_2)
     7    0.02    0.11    0.26    3.69 ^ wire27/X (sky130_fd_sc_hd__clkbuf_2)
                                         net27 (net)
                  0.11    0.00    3.69 ^ _218_/B1 (sky130_fd_sc_hd__a22o_1)
     1    0.00    0.04    0.13    3.82 ^ _218_/X (sky130_fd_sc_hd__a22o_1)
                                         _056_ (net)
                  0.04    0.00    3.82 ^ _223_/A (sky130_fd_sc_hd__or2_1)
     1    0.00    0.04    0.09    3.91 ^ _223_/X (sky130_fd_sc_hd__or2_1)
                                         _061_ (net)
                  0.04    0.00    3.91 ^ _224_/A (sky130_fd_sc_hd__buf_1)
     1    0.01    0.09    0.12    4.03 ^ _224_/X (sky130_fd_sc_hd__buf_1)
                                         net15 (net)
                  0.09    0.00    4.04 ^ output15/A (sky130_fd_sc_hd__buf_2)
     1    0.03    0.17    0.23    4.26 ^ output15/X (sky130_fd_sc_hd__buf_2)
                                         uio_out[0] (net)
                  0.17    0.00    4.26 ^ uio_out[0] (out)
                                  4.26   data arrival time

                  0.15   14.00   14.00   clock clk (rise edge)
                          0.00   14.00   clock network delay (ideal)
                         -0.25   13.75   clock uncertainty
                          0.00   13.75   clock reconvergence pessimism
                         -2.80   10.95   output external delay
                                 10.95   data required time
-----------------------------------------------------------------------------
                                 10.95   data required time
                                 -4.26   data arrival time
-----------------------------------------------------------------------------
                                  6.69   slack (MET)


Startpoint: uio_in[0] (input port clocked by clk)
Endpoint: uio_out[4] (output port clocked by clk)
Path Group: clk
Path Type: max

Fanout     Cap    Slew   Delay    Time   Description
-----------------------------------------------------------------------------
                  0.15    0.00    0.00   clock clk (rise edge)
                          0.00    0.00   clock network delay (ideal)
                          2.80    2.80 v input external delay
     1    0.00    0.01    0.01    2.81 v uio_in[0] (in)
                                         uio_in[0] (net)
                  0.01    0.00    2.81 v input10/A (sky130_fd_sc_hd__clkbuf_2)
     7    0.02    0.08    0.14    2.94 v input10/X (sky130_fd_sc_hd__clkbuf_2)
                                         net10 (net)
                  0.08    0.00    2.95 v _217_/A (sky130_fd_sc_hd__nor4_2)
     4    0.02    0.45    0.49    3.43 ^ _217_/Y (sky130_fd_sc_hd__nor4_2)
                                         _055_ (net)
                  0.45    0.00    3.43 ^ wire27/A (sky130_fd_sc_hd__clkbuf_2)
     7    0.02    0.11    0.26    3.69 ^ wire27/X (sky130_fd_sc_hd__clkbuf_2)
                                         net27 (net)
                  0.11    0.00    3.69 ^ _234_/B (sky130_fd_sc_hd__and2_1)
     1    0.00    0.05    0.14    3.83 ^ _234_/X (sky130_fd_sc_hd__and2_1)
                                         _068_ (net)
                  0.05    0.00    3.83 ^ _235_/C1 (sky130_fd_sc_hd__a221o_1)
     1    0.01    0.10    0.14    3.98 ^ _235_/X (sky130_fd_sc_hd__a221o_1)
                                         net19 (net)
                  0.10    0.00    3.98 ^ output19/A (sky130_fd_sc_hd__buf_2)
     1    0.03    0.17    0.23    4.20 ^ output19/X (sky130_fd_sc_hd__buf_2)
                                         uio_out[4] (net)
                  0.17    0.00    4.21 ^ uio_out[4] (out)
                                  4.21   data arrival time

                  0.15   14.00   14.00   clock clk (rise edge)
                          0.00   14.00   clock network delay (ideal)
                         -0.25   13.75   clock uncertainty
                          0.00   13.75   clock reconvergence pessimism
                         -2.80   10.95   output external delay
                                 10.95   data required time
-----------------------------------------------------------------------------
                                 10.95   data required time
                                 -4.21   data arrival time
-----------------------------------------------------------------------------
                                  6.74   slack (MET)


Startpoint: uio_in[0] (input port clocked by clk)
Endpoint: uio_out[3] (output port clocked by clk)
Path Group: clk
Path Type: max

Fanout     Cap    Slew   Delay    Time   Description
-----------------------------------------------------------------------------
                  0.15    0.00    0.00   clock clk (rise edge)
                          0.00    0.00   clock network delay (ideal)
                          2.80    2.80 v input external delay
     1    0.00    0.01    0.01    2.81 v uio_in[0] (in)
                                         uio_in[0] (net)
                  0.01    0.00    2.81 v input10/A (sky130_fd_sc_hd__clkbuf_2)
     7    0.02    0.08    0.14    2.94 v input10/X (sky130_fd_sc_hd__clkbuf_2)
                                         net10 (net)
                  0.08    0.00    2.95 v _217_/A (sky130_fd_sc_hd__nor4_2)
     4    0.02    0.45    0.49    3.43 ^ _217_/Y (sky130_fd_sc_hd__nor4_2)
                                         _055_ (net)
                  0.45    0.00    3.43 ^ wire27/A (sky130_fd_sc_hd__clkbuf_2)
     7    0.02    0.11    0.26    3.69 ^ wire27/X (sky130_fd_sc_hd__clkbuf_2)
                                         net27 (net)
                  0.11    0.00    3.69 ^ _232_/B (sky130_fd_sc_hd__and2_1)
     1    0.00    0.05    0.14    3.83 ^ _232_/X (sky130_fd_sc_hd__and2_1)
                                         _067_ (net)
                  0.05    0.00    3.83 ^ _233_/C1 (sky130_fd_sc_hd__a221o_1)
     1    0.01    0.09    0.14    3.97 ^ _233_/X (sky130_fd_sc_hd__a221o_1)
                                         net18 (net)
                  0.09    0.00    3.97 ^ output18/A (sky130_fd_sc_hd__buf_2)
     1    0.03    0.17    0.23    4.20 ^ output18/X (sky130_fd_sc_hd__buf_2)
                                         uio_out[3] (net)
                  0.17    0.00    4.20 ^ uio_out[3] (out)
                                  4.20   data arrival time

                  0.15   14.00   14.00   clock clk (rise edge)
                          0.00   14.00   clock network delay (ideal)
                         -0.25   13.75   clock uncertainty
                          0.00   13.75   clock reconvergence pessimism
                         -2.80   10.95   output external delay
                                 10.95   data required time
-----------------------------------------------------------------------------
                                 10.95   data required time
                                 -4.20   data arrival time
-----------------------------------------------------------------------------
                                  6.75   slack (MET)


Startpoint: uio_in[0] (input port clocked by clk)
Endpoint: uio_out[5] (output port clocked by clk)
Path Group: clk
Path Type: max

Fanout     Cap    Slew   Delay    Time   Description
-----------------------------------------------------------------------------
                  0.15    0.00    0.00   clock clk (rise edge)
                          0.00    0.00   clock network delay (ideal)
                          2.80    2.80 v input external delay
     1    0.00    0.01    0.01    2.81 v uio_in[0] (in)
                                         uio_in[0] (net)
                  0.01    0.00    2.81 v input10/A (sky130_fd_sc_hd__clkbuf_2)
     7    0.02    0.08    0.14    2.94 v input10/X (sky130_fd_sc_hd__clkbuf_2)
                                         net10 (net)
                  0.08    0.00    2.95 v _217_/A (sky130_fd_sc_hd__nor4_2)
     4    0.02    0.45    0.49    3.43 ^ _217_/Y (sky130_fd_sc_hd__nor4_2)
                                         _055_ (net)
                  0.45    0.00    3.43 ^ wire27/A (sky130_fd_sc_hd__clkbuf_2)
     7    0.02    0.11    0.26    3.69 ^ wire27/X (sky130_fd_sc_hd__clkbuf_2)
                                         net27 (net)
                  0.11    0.00    3.69 ^ _236_/B (sky130_fd_sc_hd__and2_1)
     1    0.00    0.05    0.14    3.83 ^ _236_/X (sky130_fd_sc_hd__and2_1)
                                         _069_ (net)
                  0.05    0.00    3.83 ^ _237_/C1 (sky130_fd_sc_hd__a221o_1)
     1    0.01    0.09    0.14    3.97 ^ _237_/X (sky130_fd_sc_hd__a221o_1)
                                         net20 (net)
                  0.09    0.00    3.97 ^ output20/A (sky130_fd_sc_hd__buf_2)
     1    0.03    0.17    0.23    4.20 ^ output20/X (sky130_fd_sc_hd__buf_2)
                                         uio_out[5] (net)
                  0.17    0.00    4.20 ^ uio_out[5] (out)
                                  4.20   data arrival time

                  0.15   14.00   14.00   clock clk (rise edge)
                          0.00   14.00   clock network delay (ideal)
                         -0.25   13.75   clock uncertainty
                          0.00   13.75   clock reconvergence pessimism
                         -2.80   10.95   output external delay
                                 10.95   data required time
-----------------------------------------------------------------------------
                                 10.95   data required time
                                 -4.20   data arrival time
-----------------------------------------------------------------------------
                                  6.75   slack (MET)


Startpoint: uio_in[0] (input port clocked by clk)
Endpoint: uio_out[2] (output port clocked by clk)
Path Group: clk
Path Type: max

Fanout     Cap    Slew   Delay    Time   Description
-----------------------------------------------------------------------------
                  0.15    0.00    0.00   clock clk (rise edge)
                          0.00    0.00   clock network delay (ideal)
                          2.80    2.80 v input external delay
     1    0.00    0.01    0.01    2.81 v uio_in[0] (in)
                                         uio_in[0] (net)
                  0.01    0.00    2.81 v input10/A (sky130_fd_sc_hd__clkbuf_2)
     7    0.02    0.08    0.14    2.94 v input10/X (sky130_fd_sc_hd__clkbuf_2)
                                         net10 (net)
                  0.08    0.00    2.95 v _217_/A (sky130_fd_sc_hd__nor4_2)
     4    0.02    0.45    0.49    3.43 ^ _217_/Y (sky130_fd_sc_hd__nor4_2)
                                         _055_ (net)
                  0.45    0.00    3.43 ^ wire27/A (sky130_fd_sc_hd__clkbuf_2)
     7    0.02    0.11    0.26    3.69 ^ wire27/X (sky130_fd_sc_hd__clkbuf_2)
                                         net27 (net)
                  0.11    0.00    3.69 ^ _230_/B (sky130_fd_sc_hd__and2_1)
     1    0.00    0.05    0.14    3.83 ^ _230_/X (sky130_fd_sc_hd__and2_1)
                                         _066_ (net)
                  0.05    0.00    3.83 ^ _231_/C1 (sky130_fd_sc_hd__a221o_1)
     1    0.01    0.09    0.14    3.97 ^ _231_/X (sky130_fd_sc_hd__a221o_1)
                                         net17 (net)
                  0.09    0.00    3.97 ^ output17/A (sky130_fd_sc_hd__buf_2)
     1    0.03    0.17    0.22    4.20 ^ output17/X (sky130_fd_sc_hd__buf_2)
                                         uio_out[2] (net)
                  0.17    0.00    4.20 ^ uio_out[2] (out)
                                  4.20   data arrival time

                  0.15   14.00   14.00   clock clk (rise edge)
                          0.00   14.00   clock network delay (ideal)
                         -0.25   13.75   clock uncertainty
                          0.00   13.75   clock reconvergence pessimism
                         -2.80   10.95   output external delay
                                 10.95   data required time
-----------------------------------------------------------------------------
                                 10.95   data required time
                                 -4.20   data arrival time
-----------------------------------------------------------------------------
                                  6.75   slack (MET)


Startpoint: uio_in[0] (input port clocked by clk)
Endpoint: uio_out[7] (output port clocked by clk)
Path Group: clk
Path Type: max

Fanout     Cap    Slew   Delay    Time   Description
-----------------------------------------------------------------------------
                  0.15    0.00    0.00   clock clk (rise edge)
                          0.00    0.00   clock network delay (ideal)
                          2.80    2.80 v input external delay
     1    0.00    0.01    0.01    2.81 v uio_in[0] (in)
                                         uio_in[0] (net)
                  0.01    0.00    2.81 v input10/A (sky130_fd_sc_hd__clkbuf_2)
     7    0.02    0.08    0.14    2.94 v input10/X (sky130_fd_sc_hd__clkbuf_2)
                                         net10 (net)
                  0.08    0.00    2.95 v _217_/A (sky130_fd_sc_hd__nor4_2)
     4    0.02    0.45    0.49    3.43 ^ _217_/Y (sky130_fd_sc_hd__nor4_2)
                                         _055_ (net)
                  0.45    0.00    3.43 ^ wire27/A (sky130_fd_sc_hd__clkbuf_2)
     7    0.02    0.11    0.26    3.69 ^ wire27/X (sky130_fd_sc_hd__clkbuf_2)
                                         net27 (net)
                  0.11    0.00    3.69 ^ _239_/B (sky130_fd_sc_hd__and2_1)
     1    0.00    0.05    0.14    3.83 ^ _239_/X (sky130_fd_sc_hd__and2_1)
                                         _070_ (net)
                  0.05    0.00    3.83 ^ _240_/A (sky130_fd_sc_hd__buf_1)
     1    0.01    0.09    0.12    3.95 ^ _240_/X (sky130_fd_sc_hd__buf_1)
                                         net22 (net)
                  0.09    0.00    3.95 ^ output22/A (sky130_fd_sc_hd__buf_2)
     1    0.03    0.17    0.23    4.18 ^ output22/X (sky130_fd_sc_hd__buf_2)
                                         uio_out[7] (net)
                  0.17    0.00    4.18 ^ uio_out[7] (out)
                                  4.18   data arrival time

                  0.15   14.00   14.00   clock clk (rise edge)
                          0.00   14.00   clock network delay (ideal)
                         -0.25   13.75   clock uncertainty
                          0.00   13.75   clock reconvergence pessimism
                         -2.80   10.95   output external delay
                                 10.95   data required time
-----------------------------------------------------------------------------
                                 10.95   data required time
                                 -4.18   data arrival time
-----------------------------------------------------------------------------
                                  6.77   slack (MET)


Startpoint: uio_in[3] (input port clocked by clk)
Endpoint: uio_out[1] (output port clocked by clk)
Path Group: clk
Path Type: max

Fanout     Cap    Slew   Delay    Time   Description
-----------------------------------------------------------------------------
                  0.15    0.00    0.00   clock clk (rise edge)
                          0.00    0.00   clock network delay (ideal)
                          2.80    2.80 ^ input external delay
     1    0.00    0.02    0.01    2.81 ^ uio_in[3] (in)
                                         uio_in[3] (net)
                  0.02    0.00    2.81 ^ input13/A (sky130_fd_sc_hd__clkbuf_2)
     5    0.02    0.11    0.15    2.96 ^ input13/X (sky130_fd_sc_hd__clkbuf_2)
                                         net13 (net)
                  0.11    0.00    2.96 ^ _214_/A (sky130_fd_sc_hd__nor2_1)
     3    0.01    0.04    0.07    3.04 v _214_/Y (sky130_fd_sc_hd__nor2_1)
                                         _052_ (net)
                  0.04    0.00    3.04 v _215_/C (sky130_fd_sc_hd__and3b_1)
     1    0.00    0.04    0.18    3.21 v _215_/X (sky130_fd_sc_hd__and3b_1)
                                         _053_ (net)
                  0.04    0.00    3.21 v _216_/A (sky130_fd_sc_hd__clkbuf_2)
     6    0.02    0.07    0.14    3.36 v _216_/X (sky130_fd_sc_hd__clkbuf_2)
                                         _054_ (net)
                  0.07    0.00    3.36 v _225_/A2 (sky130_fd_sc_hd__a22o_1)
     1    0.00    0.04    0.24    3.60 v _225_/X (sky130_fd_sc_hd__a22o_1)
                                         _062_ (net)
                  0.04    0.00    3.60 v _227_/A (sky130_fd_sc_hd__or2_1)
     1    0.00    0.05    0.22    3.82 v _227_/X (sky130_fd_sc_hd__or2_1)
                                         _064_ (net)
                  0.05    0.00    3.82 v _228_/A (sky130_fd_sc_hd__buf_1)
     1    0.01    0.05    0.12    3.94 v _228_/X (sky130_fd_sc_hd__buf_1)
                                         net16 (net)
                  0.05    0.00    3.94 v output16/A (sky130_fd_sc_hd__clkbuf_4)
     1    0.03    0.08    0.20    4.14 v output16/X (sky130_fd_sc_hd__clkbuf_4)
                                         uio_out[1] (net)
                  0.08    0.00    4.14 v uio_out[1] (out)
                                  4.14   data arrival time

                  0.15   14.00   14.00   clock clk (rise edge)
                          0.00   14.00   clock network delay (ideal)
                         -0.25   13.75   clock uncertainty
                          0.00   13.75   clock reconvergence pessimism
                         -2.80   10.95   output external delay
                                 10.95   data required time
-----------------------------------------------------------------------------
                                 10.95   data required time
                                 -4.14   data arrival time
-----------------------------------------------------------------------------
                                  6.81   slack (MET)


Startpoint: uio_in[0] (input port clocked by clk)
Endpoint: uio_out[6] (output port clocked by clk)
Path Group: clk
Path Type: max

Fanout     Cap    Slew   Delay    Time   Description
-----------------------------------------------------------------------------
                  0.15    0.00    0.00   clock clk (rise edge)
                          0.00    0.00   clock network delay (ideal)
                          2.80    2.80 v input external delay
     1    0.00    0.01    0.01    2.81 v uio_in[0] (in)
                                         uio_in[0] (net)
                  0.01    0.00    2.81 v input10/A (sky130_fd_sc_hd__clkbuf_2)
     7    0.02    0.08    0.14    2.94 v input10/X (sky130_fd_sc_hd__clkbuf_2)
                                         net10 (net)
                  0.08    0.00    2.95 v _217_/A (sky130_fd_sc_hd__nor4_2)
     4    0.02    0.45    0.49    3.43 ^ _217_/Y (sky130_fd_sc_hd__nor4_2)
                                         _055_ (net)
                  0.45    0.00    3.43 ^ wire27/A (sky130_fd_sc_hd__clkbuf_2)
     7    0.02    0.11    0.26    3.69 ^ wire27/X (sky130_fd_sc_hd__clkbuf_2)
                                         net27 (net)
                  0.11    0.00    3.69 ^ _238_/B1 (sky130_fd_sc_hd__a22o_1)
     1    0.01    0.09    0.18    3.87 ^ _238_/X (sky130_fd_sc_hd__a22o_1)
                                         net21 (net)
                  0.09    0.00    3.87 ^ output21/A (sky130_fd_sc_hd__buf_2)
     1    0.03    0.17    0.23    4.09 ^ output21/X (sky130_fd_sc_hd__buf_2)
                                         uio_out[6] (net)
                  0.17    0.00    4.09 ^ uio_out[6] (out)
                                  4.09   data arrival time

                  0.15   14.00   14.00   clock clk (rise edge)
                          0.00   14.00   clock network delay (ideal)
                         -0.25   13.75   clock uncertainty
                          0.00   13.75   clock reconvergence pessimism
                         -2.80   10.95   output external delay
                                 10.95   data required time
-----------------------------------------------------------------------------
                                 10.95   data required time
                                 -4.09   data arrival time
-----------------------------------------------------------------------------
                                  6.86   slack (MET)


Startpoint: _481_ (rising edge-triggered flip-flop clocked by clk)
Endpoint: uo_out[2] (output port clocked by clk)
Path Group: clk
Path Type: max

Fanout     Cap    Slew   Delay    Time   Description
-----------------------------------------------------------------------------
                  0.15    0.00    0.00   clock clk (rise edge)
                          0.00    0.00   clock network delay (ideal)
                  0.15    0.00    0.00 ^ _481_/CLK (sky130_fd_sc_hd__dfxtp_1)
     3    0.01    0.13    0.42    0.42 ^ _481_/Q (sky130_fd_sc_hd__dfxtp_1)
                                         user_peripheral.cfg_mcs (net)
                  0.13    0.00    0.42 ^ _212_/S (sky130_fd_sc_hd__mux2_1)
     1    0.00    0.07    0.36    0.78 v _212_/X (sky130_fd_sc_hd__mux2_1)
                                         _051_ (net)
                  0.07    0.00    0.78 v _213_/A (sky130_fd_sc_hd__inv_2)
     1    0.00    0.03    0.05    0.83 ^ _213_/Y (sky130_fd_sc_hd__inv_2)
                                         user_peripheral.cs_n (net)
                  0.03    0.00    0.83 ^ _499_/A (sky130_fd_sc_hd__buf_1)
     1    0.01    0.09    0.11    0.95 ^ _499_/X (sky130_fd_sc_hd__buf_1)
                                         net25 (net)
                  0.09    0.00    0.95 ^ output25/A (sky130_fd_sc_hd__clkbuf_4)
     1    0.03    0.11    0.21    1.16 ^ output25/X (sky130_fd_sc_hd__clkbuf_4)
                                         uo_out[2] (net)
                  0.11    0.00    1.16 ^ uo_out[2] (out)
                                  1.16   data arrival time

                  0.15   14.00   14.00   clock clk (rise edge)
                          0.00   14.00   clock network delay (ideal)
                         -0.25   13.75   clock uncertainty
                          0.00   13.75   clock reconvergence pessimism
                         -2.80   10.95   output external delay
                                 10.95   data required time
-----------------------------------------------------------------------------
                                 10.95   data required time
                                 -1.16   data arrival time
-----------------------------------------------------------------------------
                                  9.79   slack (MET)


Startpoint: _438_ (rising edge-triggered flip-flop clocked by clk)
Endpoint: uo_out[0] (output port clocked by clk)
Path Group: clk
Path Type: max

Fanout     Cap    Slew   Delay    Time   Description
-----------------------------------------------------------------------------
                  0.15    0.00    0.00   clock clk (rise edge)
                          0.00    0.00   clock network delay (ideal)
                  0.15    0.00    0.00 ^ _438_/CLK (sky130_fd_sc_hd__dfxtp_1)
     4    0.02    0.20    0.48    0.48 ^ _438_/Q (sky130_fd_sc_hd__dfxtp_1)
                                         user_peripheral.spi_clk_r (net)
                  0.20    0.00    0.48 ^ _241_/B (sky130_fd_sc_hd__xor2_1)
     1    0.00    0.11    0.16    0.64 ^ _241_/X (sky130_fd_sc_hd__xor2_1)
                                         user_peripheral.sclk_out (net)
                  0.11    0.00    0.64 ^ _497_/A (sky130_fd_sc_hd__buf_1)
     1    0.01    0.09    0.13    0.78 ^ _497_/X (sky130_fd_sc_hd__buf_1)
                                         net23 (net)
                  0.09    0.00    0.78 ^ output23/A (sky130_fd_sc_hd__clkbuf_4)
     1    0.03    0.11    0.21    0.99 ^ output23/X (sky130_fd_sc_hd__clkbuf_4)
                                         uo_out[0] (net)
                  0.11    0.00    0.99 ^ uo_out[0] (out)
                                  0.99   data arrival time

                  0.15   14.00   14.00   clock clk (rise edge)
                          0.00   14.00   clock network delay (ideal)
                         -0.25   13.75   clock uncertainty
                          0.00   13.75   clock reconvergence pessimism
                         -2.80   10.95   output external delay
                                 10.95   data required time
-----------------------------------------------------------------------------
                                 10.95   data required time
                                 -0.99   data arrival time
-----------------------------------------------------------------------------
                                  9.96   slack (MET)


Startpoint: _435_ (rising edge-triggered flip-flop clocked by clk)
Endpoint: uo_out[3] (output port clocked by clk)
Path Group: clk
Path Type: max

Fanout     Cap    Slew   Delay    Time   Description
-----------------------------------------------------------------------------
                  0.15    0.00    0.00   clock clk (rise edge)
                          0.00    0.00   clock network delay (ideal)
                  0.15    0.00    0.00 ^ _435_/CLK (sky130_fd_sc_hd__dfxtp_1)
     3    0.01    0.10    0.40    0.40 ^ _435_/Q (sky130_fd_sc_hd__dfxtp_1)
                                         user_peripheral.irq (net)
                  0.10    0.00    0.40 ^ _500_/A (sky130_fd_sc_hd__buf_1)
     1    0.01    0.10    0.15    0.55 ^ _500_/X (sky130_fd_sc_hd__buf_1)
                                         net26 (net)
                  0.10    0.00    0.55 ^ output26/A (sky130_fd_sc_hd__buf_2)
     1    0.03    0.17    0.23    0.78 ^ output26/X (sky130_fd_sc_hd__buf_2)
                                         uo_out[3] (net)
                  0.17    0.00    0.78 ^ uo_out[3] (out)
                                  0.78   data arrival time

                  0.15   14.00   14.00   clock clk (rise edge)
                          0.00   14.00   clock network delay (ideal)
                         -0.25   13.75   clock uncertainty
                          0.00   13.75   clock reconvergence pessimism
                         -2.80   10.95   output external delay
                                 10.95   data required time
-----------------------------------------------------------------------------
                                 10.95   data required time
                                 -0.78   data arrival time
-----------------------------------------------------------------------------
                                 10.17   slack (MET)


Startpoint: _477_ (rising edge-triggered flip-flop clocked by clk)
Endpoint: uo_out[1] (output port clocked by clk)
Path Group: clk
Path Type: max

Fanout     Cap    Slew   Delay    Time   Description
-----------------------------------------------------------------------------
                  0.15    0.00    0.00   clock clk (rise edge)
                          0.00    0.00   clock network delay (ideal)
                  0.15    0.00    0.00 ^ _477_/CLK (sky130_fd_sc_hd__dfxtp_1)
     2    0.01    0.06    0.37    0.37 ^ _477_/Q (sky130_fd_sc_hd__dfxtp_1)
                                         user_peripheral.tx_shift[7] (net)
                  0.06    0.00    0.37 ^ _498_/A (sky130_fd_sc_hd__clkbuf_1)
     1    0.01    0.08    0.12    0.49 ^ _498_/X (sky130_fd_sc_hd__clkbuf_1)
                                         net24 (net)
                  0.08    0.00    0.49 ^ output24/A (sky130_fd_sc_hd__buf_2)
     1    0.03    0.17    0.22    0.71 ^ output24/X (sky130_fd_sc_hd__buf_2)
                                         uo_out[1] (net)
                  0.17    0.00    0.71 ^ uo_out[1] (out)
                                  0.71   data arrival time

                  0.15   14.00   14.00   clock clk (rise edge)
                          0.00   14.00   clock network delay (ideal)
                         -0.25   13.75   clock uncertainty
                          0.00   13.75   clock reconvergence pessimism
                         -2.80   10.95   output external delay
                                 10.95   data required time
-----------------------------------------------------------------------------
                                 10.95   data required time
                                 -0.71   data arrival time
-----------------------------------------------------------------------------
                                 10.24   slack (MET)



worst slack corner Typical: 3.7626
