
===========================================================================
report_checks -path_delay min (Hold)
============================================================================
======================= Typical Corner ===================================

Startpoint: _3180_ (rising edge-triggered flip-flop clocked by clk)
Endpoint: _3179_ (rising edge-triggered flip-flop clocked by clk)
Path Group: clk
Path Type: min

Fanout     Cap    Slew   Delay    Time   Description
-----------------------------------------------------------------------------
                  0.15    0.00    0.00   clock clk (rise edge)
                          0.00    0.00   clock network delay (ideal)
                  0.15    0.00    0.00 ^ _3180_/CLK (sky130_fd_sc_hd__dfxtp_1)
     1    0.00    0.02    0.31    0.31 v _3180_/Q (sky130_fd_sc_hd__dfxtp_1)
                                         synchronizer_ui_in_inst.data_sync[1][0] (net)
                  0.02    0.00    0.31 v _3179_/D (sky130_fd_sc_hd__dfxtp_1)
                                  0.31   data arrival time

                  0.15    0.00    0.00   clock clk (rise edge)
                          0.00    0.00   clock network delay (ideal)
                          0.25    0.25   clock uncertainty
                          0.00    0.25   clock reconvergence pessimism
                                  0.25 ^ _3179_/CLK (sky130_fd_sc_hd__dfxtp_1)
                         -0.02    0.23   library hold time
                                  0.23   data required time
-----------------------------------------------------------------------------
                                  0.23   data required time
                                 -0.31   data arrival time
-----------------------------------------------------------------------------
                                  0.08   slack (MET)


Startpoint: _3445_ (rising edge-triggered flip-flop clocked by clk)
Endpoint: _3444_ (rising edge-triggered flip-flop clocked by clk)
Path Group: clk
Path Type: min

Fanout     Cap    Slew   Delay    Time   Description
-----------------------------------------------------------------------------
                  0.15    0.00    0.00   clock clk (rise edge)
                          0.00    0.00   clock network delay (ideal)
                  0.15    0.00    0.00 ^ _3445_/CLK (sky130_fd_sc_hd__dfxtp_1)
     1    0.00    0.02    0.31    0.31 v _3445_/Q (sky130_fd_sc_hd__dfxtp_1)
                                         synchronizer_spi_mosi_inst.data_sync[1] (net)
                  0.02    0.00    0.31 v _3444_/D (sky130_fd_sc_hd__dfxtp_1)
                                  0.31   data arrival time

                  0.15    0.00    0.00   clock clk (rise edge)
                          0.00    0.00   clock network delay (ideal)
                          0.25    0.25   clock uncertainty
                          0.00    0.25   clock reconvergence pessimism
                                  0.25 ^ _3444_/CLK (sky130_fd_sc_hd__dfxtp_1)
                         -0.02    0.23   library hold time
                                  0.23   data required time
-----------------------------------------------------------------------------
                                  0.23   data required time
                                 -0.31   data arrival time
-----------------------------------------------------------------------------
                                  0.08   slack (MET)


Startpoint: _3441_ (rising edge-triggered flip-flop clocked by clk)
Endpoint: _3440_ (rising edge-triggered flip-flop clocked by clk)
Path Group: clk
Path Type: min

Fanout     Cap    Slew   Delay    Time   Description
-----------------------------------------------------------------------------
                  0.15    0.00    0.00   clock clk (rise edge)
                          0.00    0.00   clock network delay (ideal)
                  0.15    0.00    0.00 ^ _3441_/CLK (sky130_fd_sc_hd__dfxtp_1)
     1    0.00    0.02    0.31    0.31 v _3441_/Q (sky130_fd_sc_hd__dfxtp_1)
                                         synchronizer_spi_cs_n_inst.data_sync[1] (net)
                  0.02    0.00    0.31 v _3440_/D (sky130_fd_sc_hd__dfxtp_1)
                                  0.31   data arrival time

                  0.15    0.00    0.00   clock clk (rise edge)
                          0.00    0.00   clock network delay (ideal)
                          0.25    0.25   clock uncertainty
                          0.00    0.25   clock reconvergence pessimism
                                  0.25 ^ _3440_/CLK (sky130_fd_sc_hd__dfxtp_1)
                         -0.02    0.23   library hold time
                                  0.23   data required time
-----------------------------------------------------------------------------
                                  0.23   data required time
                                 -0.31   data arrival time
-----------------------------------------------------------------------------
                                  0.08   slack (MET)


Startpoint: _3443_ (rising edge-triggered flip-flop clocked by clk)
Endpoint: _3442_ (rising edge-triggered flip-flop clocked by clk)
Path Group: clk
Path Type: min

Fanout     Cap    Slew   Delay    Time   Description
-----------------------------------------------------------------------------
                  0.15    0.00    0.00   clock clk (rise edge)
                          0.00    0.00   clock network delay (ideal)
                  0.15    0.00    0.00 ^ _3443_/CLK (sky130_fd_sc_hd__dfxtp_1)
     1    0.00    0.02    0.31    0.31 v _3443_/Q (sky130_fd_sc_hd__dfxtp_1)
                                         synchronizer_spi_clk_inst.data_sync[1] (net)
                  0.02    0.00    0.31 v _3442_/D (sky130_fd_sc_hd__dfxtp_1)
                                  0.31   data arrival time

                  0.15    0.00    0.00   clock clk (rise edge)
                          0.00    0.00   clock network delay (ideal)
                          0.25    0.25   clock uncertainty
                          0.00    0.25   clock reconvergence pessimism
                                  0.25 ^ _3442_/CLK (sky130_fd_sc_hd__dfxtp_1)
                         -0.02    0.23   library hold time
                                  0.23   data required time
-----------------------------------------------------------------------------
                                  0.23   data required time
                                 -0.31   data arrival time
-----------------------------------------------------------------------------
                                  0.08   slack (MET)


Startpoint: _3442_ (rising edge-triggered flip-flop clocked by clk)
Endpoint: _3447_ (rising edge-triggered flip-flop clocked by clk)
Path Group: clk
Path Type: min

Fanout     Cap    Slew   Delay    Time   Description
-----------------------------------------------------------------------------
                  0.15    0.00    0.00   clock clk (rise edge)
                          0.00    0.00   clock network delay (ideal)
                  0.15    0.00    0.00 ^ _3442_/CLK (sky130_fd_sc_hd__dfxtp_1)
     2    0.01    0.04    0.33    0.33 v _3442_/Q (sky130_fd_sc_hd__dfxtp_1)
                                         i_spi_reg.falling_edge_detector_spi_clk.data (net)
                  0.04    0.00    0.33 v _3447_/D (sky130_fd_sc_hd__dfrtp_1)
                                  0.33   data arrival time

                  0.15    0.00    0.00   clock clk (rise edge)
                          0.00    0.00   clock network delay (ideal)
                          0.25    0.25   clock uncertainty
                          0.00    0.25   clock reconvergence pessimism
                                  0.25 ^ _3447_/CLK (sky130_fd_sc_hd__dfrtp_1)
                         -0.02    0.23   library hold time
                                  0.23   data required time
-----------------------------------------------------------------------------
                                  0.23   data required time
                                 -0.33   data arrival time
-----------------------------------------------------------------------------
                                  0.10   slack (MET)


Startpoint: _3440_ (rising edge-triggered flip-flop clocked by clk)
Endpoint: _3448_ (rising edge-triggered flip-flop clocked by clk)
Path Group: clk
Path Type: min

Fanout     Cap    Slew   Delay    Time   Description
-----------------------------------------------------------------------------
                  0.15    0.00    0.00   clock clk (rise edge)
                          0.00    0.00   clock network delay (ideal)
                  0.15    0.00    0.00 ^ _3440_/CLK (sky130_fd_sc_hd__dfxtp_1)
     4    0.01    0.07    0.35    0.35 v _3440_/Q (sky130_fd_sc_hd__dfxtp_1)
                                         i_spi_reg.falling_edge_detector_sof.data (net)
                  0.07    0.00    0.35 v _3448_/D (sky130_fd_sc_hd__dfrtp_1)
                                  0.35   data arrival time

                  0.15    0.00    0.00   clock clk (rise edge)
                          0.00    0.00   clock network delay (ideal)
                          0.25    0.25   clock uncertainty
                          0.00    0.25   clock reconvergence pessimism
                                  0.25 ^ _3448_/CLK (sky130_fd_sc_hd__dfrtp_1)
                         -0.03    0.22   library hold time
                                  0.22   data required time
-----------------------------------------------------------------------------
                                  0.22   data required time
                                 -0.35   data arrival time
-----------------------------------------------------------------------------
                                  0.13   slack (MET)


Startpoint: _3188_ (rising edge-triggered flip-flop clocked by clk)
Endpoint: _3188_ (rising edge-triggered flip-flop clocked by clk)
Path Group: clk
Path Type: min

Fanout     Cap    Slew   Delay    Time   Description
-----------------------------------------------------------------------------
                  0.15    0.00    0.00   clock clk (rise edge)
                          0.00    0.00   clock network delay (ideal)
                  0.15    0.00    0.00 ^ _3188_/CLK (sky130_fd_sc_hd__dfxtp_1)
     2    0.00    0.06    0.33    0.33 ^ _3188_/Q (sky130_fd_sc_hd__dfxtp_1)
                                         user_peripheral.secure_lock[7] (net)
                  0.06    0.00    0.33 ^ _1641_/A1 (sky130_fd_sc_hd__o21a_1)
     1    0.00    0.04    0.11    0.44 ^ _1641_/X (sky130_fd_sc_hd__o21a_1)
                                         _0009_ (net)
                  0.04    0.00    0.44 ^ _3188_/D (sky130_fd_sc_hd__dfxtp_1)
                                  0.44   data arrival time

                  0.15    0.00    0.00   clock clk (rise edge)
                          0.00    0.00   clock network delay (ideal)
                          0.25    0.25   clock uncertainty
                          0.00    0.25   clock reconvergence pessimism
                                  0.25 ^ _3188_/CLK (sky130_fd_sc_hd__dfxtp_1)
                         -0.02    0.23   library hold time
                                  0.23   data required time
-----------------------------------------------------------------------------
                                  0.23   data required time
                                 -0.44   data arrival time
-----------------------------------------------------------------------------
                                  0.20   slack (MET)


Startpoint: _3185_ (rising edge-triggered flip-flop clocked by clk)
Endpoint: _3185_ (rising edge-triggered flip-flop clocked by clk)
Path Group: clk
Path Type: min

Fanout     Cap    Slew   Delay    Time   Description
-----------------------------------------------------------------------------
                  0.15    0.00    0.00   clock clk (rise edge)
                          0.00    0.00   clock network delay (ideal)
                  0.15    0.00    0.00 ^ _3185_/CLK (sky130_fd_sc_hd__dfxtp_1)
     2    0.01    0.06    0.34    0.34 ^ _3185_/Q (sky130_fd_sc_hd__dfxtp_1)
                                         user_peripheral.secure_lock[4] (net)
                  0.06    0.00    0.34 ^ _1637_/A1 (sky130_fd_sc_hd__o21a_1)
     1    0.00    0.04    0.11    0.44 ^ _1637_/X (sky130_fd_sc_hd__o21a_1)
                                         _0006_ (net)
                  0.04    0.00    0.44 ^ _3185_/D (sky130_fd_sc_hd__dfxtp_1)
                                  0.44   data arrival time

                  0.15    0.00    0.00   clock clk (rise edge)
                          0.00    0.00   clock network delay (ideal)
                          0.25    0.25   clock uncertainty
                          0.00    0.25   clock reconvergence pessimism
                                  0.25 ^ _3185_/CLK (sky130_fd_sc_hd__dfxtp_1)
                         -0.02    0.23   library hold time
                                  0.23   data required time
-----------------------------------------------------------------------------
                                  0.23   data required time
                                 -0.44   data arrival time
-----------------------------------------------------------------------------
                                  0.21   slack (MET)


Startpoint: _3184_ (rising edge-triggered flip-flop clocked by clk)
Endpoint: _3184_ (rising edge-triggered flip-flop clocked by clk)
Path Group: clk
Path Type: min

Fanout     Cap    Slew   Delay    Time   Description
-----------------------------------------------------------------------------
                  0.15    0.00    0.00   clock clk (rise edge)
                          0.00    0.00   clock network delay (ideal)
                  0.15    0.00    0.00 ^ _3184_/CLK (sky130_fd_sc_hd__dfxtp_1)
     2    0.01    0.07    0.34    0.34 ^ _3184_/Q (sky130_fd_sc_hd__dfxtp_1)
                                         user_peripheral.secure_lock[3] (net)
                  0.07    0.00    0.34 ^ _1636_/A1 (sky130_fd_sc_hd__o21a_1)
     1    0.00    0.03    0.11    0.44 ^ _1636_/X (sky130_fd_sc_hd__o21a_1)
                                         _0005_ (net)
                  0.03    0.00    0.44 ^ _3184_/D (sky130_fd_sc_hd__dfxtp_1)
                                  0.44   data arrival time

                  0.15    0.00    0.00   clock clk (rise edge)
                          0.00    0.00   clock network delay (ideal)
                          0.25    0.25   clock uncertainty
                          0.00    0.25   clock reconvergence pessimism
                                  0.25 ^ _3184_/CLK (sky130_fd_sc_hd__dfxtp_1)
                         -0.02    0.23   library hold time
                                  0.23   data required time
-----------------------------------------------------------------------------
                                  0.23   data required time
                                 -0.44   data arrival time
-----------------------------------------------------------------------------
                                  0.21   slack (MET)


Startpoint: _3183_ (rising edge-triggered flip-flop clocked by clk)
Endpoint: _3183_ (rising edge-triggered flip-flop clocked by clk)
Path Group: clk
Path Type: min

Fanout     Cap    Slew   Delay    Time   Description
-----------------------------------------------------------------------------
                  0.15    0.00    0.00   clock clk (rise edge)
                          0.00    0.00   clock network delay (ideal)
                  0.15    0.00    0.00 ^ _3183_/CLK (sky130_fd_sc_hd__dfxtp_1)
     2    0.01    0.06    0.34    0.34 ^ _3183_/Q (sky130_fd_sc_hd__dfxtp_1)
                                         user_peripheral.secure_lock[2] (net)
                  0.06    0.00    0.34 ^ _1635_/A1 (sky130_fd_sc_hd__o21a_1)
     1    0.00    0.04    0.11    0.44 ^ _1635_/X (sky130_fd_sc_hd__o21a_1)
                                         _0004_ (net)
                  0.04    0.00    0.44 ^ _3183_/D (sky130_fd_sc_hd__dfxtp_1)
                                  0.44   data arrival time

                  0.15    0.00    0.00   clock clk (rise edge)
                          0.00    0.00   clock network delay (ideal)
                          0.25    0.25   clock uncertainty
                          0.00    0.25   clock reconvergence pessimism
                                  0.25 ^ _3183_/CLK (sky130_fd_sc_hd__dfxtp_1)
                         -0.02    0.23   library hold time
                                  0.23   data required time
-----------------------------------------------------------------------------
                                  0.23   data required time
                                 -0.44   data arrival time
-----------------------------------------------------------------------------
                                  0.21   slack (MET)


Startpoint: _3418_ (rising edge-triggered flip-flop clocked by clk)
Endpoint: _3219_ (rising edge-triggered flip-flop clocked by clk)
Path Group: clk
Path Type: min

Fanout     Cap    Slew   Delay    Time   Description
-----------------------------------------------------------------------------
                  0.15    0.00    0.00   clock clk (rise edge)
                          0.00    0.00   clock network delay (ideal)
                  0.15    0.00    0.00 ^ _3418_/CLK (sky130_fd_sc_hd__dfxtp_1)
     3    0.01    0.08    0.35    0.35 ^ _3418_/Q (sky130_fd_sc_hd__dfxtp_1)
                                         user_peripheral.timer_period[5] (net)
                  0.08    0.00    0.35 ^ _1790_/A1 (sky130_fd_sc_hd__a21o_1)
     1    0.00    0.03    0.10    0.45 ^ _1790_/X (sky130_fd_sc_hd__a21o_1)
                                         _0040_ (net)
                  0.03    0.00    0.45 ^ _3219_/D (sky130_fd_sc_hd__dfxtp_1)
                                  0.45   data arrival time

                  0.15    0.00    0.00   clock clk (rise edge)
                          0.00    0.00   clock network delay (ideal)
                          0.25    0.25   clock uncertainty
                          0.00    0.25   clock reconvergence pessimism
                                  0.25 ^ _3219_/CLK (sky130_fd_sc_hd__dfxtp_1)
                         -0.01    0.24   library hold time
                                  0.24   data required time
-----------------------------------------------------------------------------
                                  0.24   data required time
                                 -0.45   data arrival time
-----------------------------------------------------------------------------
                                  0.21   slack (MET)


Startpoint: _3186_ (rising edge-triggered flip-flop clocked by clk)
Endpoint: _3186_ (rising edge-triggered flip-flop clocked by clk)
Path Group: clk
Path Type: min

Fanout     Cap    Slew   Delay    Time   Description
-----------------------------------------------------------------------------
                  0.15    0.00    0.00   clock clk (rise edge)
                          0.00    0.00   clock network delay (ideal)
                  0.15    0.00    0.00 ^ _3186_/CLK (sky130_fd_sc_hd__dfxtp_1)
     2    0.01    0.07    0.34    0.34 ^ _3186_/Q (sky130_fd_sc_hd__dfxtp_1)
                                         user_peripheral.secure_lock[5] (net)
                  0.07    0.00    0.34 ^ _1638_/A1 (sky130_fd_sc_hd__o21a_1)
     1    0.00    0.04    0.11    0.45 ^ _1638_/X (sky130_fd_sc_hd__o21a_1)
                                         _0007_ (net)
                  0.04    0.00    0.45 ^ _3186_/D (sky130_fd_sc_hd__dfxtp_1)
                                  0.45   data arrival time

                  0.15    0.00    0.00   clock clk (rise edge)
                          0.00    0.00   clock network delay (ideal)
                          0.25    0.25   clock uncertainty
                          0.00    0.25   clock reconvergence pessimism
                                  0.25 ^ _3186_/CLK (sky130_fd_sc_hd__dfxtp_1)
                         -0.02    0.23   library hold time
                                  0.23   data required time
-----------------------------------------------------------------------------
                                  0.23   data required time
                                 -0.45   data arrival time
-----------------------------------------------------------------------------
                                  0.21   slack (MET)


Startpoint: _3182_ (rising edge-triggered flip-flop clocked by clk)
Endpoint: _3182_ (rising edge-triggered flip-flop clocked by clk)
Path Group: clk
Path Type: min

Fanout     Cap    Slew   Delay    Time   Description
-----------------------------------------------------------------------------
                  0.15    0.00    0.00   clock clk (rise edge)
                          0.00    0.00   clock network delay (ideal)
                  0.15    0.00    0.00 ^ _3182_/CLK (sky130_fd_sc_hd__dfxtp_1)
     2    0.01    0.07    0.34    0.34 ^ _3182_/Q (sky130_fd_sc_hd__dfxtp_1)
                                         user_peripheral.secure_lock[1] (net)
                  0.07    0.00    0.34 ^ _1634_/A1 (sky130_fd_sc_hd__o21a_1)
     1    0.00    0.04    0.11    0.45 ^ _1634_/X (sky130_fd_sc_hd__o21a_1)
                                         _0003_ (net)
                  0.04    0.00    0.45 ^ _3182_/D (sky130_fd_sc_hd__dfxtp_1)
                                  0.45   data arrival time

                  0.15    0.00    0.00   clock clk (rise edge)
                          0.00    0.00   clock network delay (ideal)
                          0.25    0.25   clock uncertainty
                          0.00    0.25   clock reconvergence pessimism
                                  0.25 ^ _3182_/CLK (sky130_fd_sc_hd__dfxtp_1)
                         -0.02    0.23   library hold time
                                  0.23   data required time
-----------------------------------------------------------------------------
                                  0.23   data required time
                                 -0.45   data arrival time
-----------------------------------------------------------------------------
                                  0.21   slack (MET)


Startpoint: _3243_ (rising edge-triggered flip-flop clocked by clk)
Endpoint: _3243_ (rising edge-triggered flip-flop clocked by clk)
Path Group: clk
Path Type: min

Fanout     Cap    Slew   Delay    Time   Description
-----------------------------------------------------------------------------
                  0.15    0.00    0.00   clock clk (rise edge)
                          0.00    0.00   clock network delay (ideal)
                  0.15    0.00    0.00 ^ _3243_/CLK (sky130_fd_sc_hd__dfxtp_1)
     2    0.00    0.06    0.33    0.33 ^ _3243_/Q (sky130_fd_sc_hd__dfxtp_1)
                                         user_peripheral.div_cnt[5] (net)
                  0.06    0.00    0.33 ^ _1948_/A1 (sky130_fd_sc_hd__a31o_1)
     1    0.00    0.04    0.12    0.45 ^ _1948_/X (sky130_fd_sc_hd__a31o_1)
                                         _0064_ (net)
                  0.04    0.00    0.45 ^ _3243_/D (sky130_fd_sc_hd__dfxtp_1)
                                  0.45   data arrival time

                  0.15    0.00    0.00   clock clk (rise edge)
                          0.00    0.00   clock network delay (ideal)
                          0.25    0.25   clock uncertainty
                          0.00    0.25   clock reconvergence pessimism
                                  0.25 ^ _3243_/CLK (sky130_fd_sc_hd__dfxtp_1)
                         -0.02    0.23   library hold time
                                  0.23   data required time
-----------------------------------------------------------------------------
                                  0.23   data required time
                                 -0.45   data arrival time
-----------------------------------------------------------------------------
                                  0.21   slack (MET)


Startpoint: _3204_ (rising edge-triggered flip-flop clocked by clk)
Endpoint: _3204_ (rising edge-triggered flip-flop clocked by clk)
Path Group: clk
Path Type: min

Fanout     Cap    Slew   Delay    Time   Description
-----------------------------------------------------------------------------
                  0.15    0.00    0.00   clock clk (rise edge)
                          0.00    0.00   clock network delay (ideal)
                  0.15    0.00    0.00 ^ _3204_/CLK (sky130_fd_sc_hd__dfxtp_1)
     2    0.00    0.06    0.33    0.33 ^ _3204_/Q (sky130_fd_sc_hd__dfxtp_1)
                                         user_peripheral.secure_lock[23] (net)
                  0.06    0.00    0.33 ^ _1679_/A1 (sky130_fd_sc_hd__a21oi_1)
     1    0.00    0.04    0.05    0.38 v _1679_/Y (sky130_fd_sc_hd__a21oi_1)
                                         _1351_ (net)
                  0.04    0.00    0.38 v _1680_/B (sky130_fd_sc_hd__nor2_1)
     1    0.00    0.06    0.06    0.45 ^ _1680_/Y (sky130_fd_sc_hd__nor2_1)
                                         _0025_ (net)
                  0.06    0.00    0.45 ^ _3204_/D (sky130_fd_sc_hd__dfxtp_1)
                                  0.45   data arrival time

                  0.15    0.00    0.00   clock clk (rise edge)
                          0.00    0.00   clock network delay (ideal)
                          0.25    0.25   clock uncertainty
                          0.00    0.25   clock reconvergence pessimism
                                  0.25 ^ _3204_/CLK (sky130_fd_sc_hd__dfxtp_1)
                         -0.02    0.23   library hold time
                                  0.23   data required time
-----------------------------------------------------------------------------
                                  0.23   data required time
                                 -0.45   data arrival time
-----------------------------------------------------------------------------
                                  0.22   slack (MET)


Startpoint: _3420_ (rising edge-triggered flip-flop clocked by clk)
Endpoint: _3221_ (rising edge-triggered flip-flop clocked by clk)
Path Group: clk
Path Type: min

Fanout     Cap    Slew   Delay    Time   Description
-----------------------------------------------------------------------------
                  0.15    0.00    0.00   clock clk (rise edge)
                          0.00    0.00   clock network delay (ideal)
                  0.15    0.00    0.00 ^ _3420_/CLK (sky130_fd_sc_hd__dfxtp_1)
     3    0.01    0.09    0.36    0.36 ^ _3420_/Q (sky130_fd_sc_hd__dfxtp_1)
                                         user_peripheral.timer_period[7] (net)
                  0.09    0.00    0.36 ^ _1801_/A1 (sky130_fd_sc_hd__a21o_1)
     1    0.00    0.03    0.10    0.46 ^ _1801_/X (sky130_fd_sc_hd__a21o_1)
                                         _0042_ (net)
                  0.03    0.00    0.46 ^ _3221_/D (sky130_fd_sc_hd__dfxtp_1)
                                  0.46   data arrival time

                  0.15    0.00    0.00   clock clk (rise edge)
                          0.00    0.00   clock network delay (ideal)
                          0.25    0.25   clock uncertainty
                          0.00    0.25   clock reconvergence pessimism
                                  0.25 ^ _3221_/CLK (sky130_fd_sc_hd__dfxtp_1)
                         -0.01    0.24   library hold time
                                  0.24   data required time
-----------------------------------------------------------------------------
                                  0.24   data required time
                                 -0.46   data arrival time
-----------------------------------------------------------------------------
                                  0.22   slack (MET)


Startpoint: _3419_ (rising edge-triggered flip-flop clocked by clk)
Endpoint: _3220_ (rising edge-triggered flip-flop clocked by clk)
Path Group: clk
Path Type: min

Fanout     Cap    Slew   Delay    Time   Description
-----------------------------------------------------------------------------
                  0.15    0.00    0.00   clock clk (rise edge)
                          0.00    0.00   clock network delay (ideal)
                  0.15    0.00    0.00 ^ _3419_/CLK (sky130_fd_sc_hd__dfxtp_1)
     3    0.01    0.09    0.35    0.35 ^ _3419_/Q (sky130_fd_sc_hd__dfxtp_1)
                                         user_peripheral.timer_period[6] (net)
                  0.09    0.00    0.35 ^ _1795_/A1 (sky130_fd_sc_hd__a21o_1)
     1    0.00    0.03    0.10    0.46 ^ _1795_/X (sky130_fd_sc_hd__a21o_1)
                                         _0041_ (net)
                  0.03    0.00    0.46 ^ _3220_/D (sky130_fd_sc_hd__dfxtp_1)
                                  0.46   data arrival time

                  0.15    0.00    0.00   clock clk (rise edge)
                          0.00    0.00   clock network delay (ideal)
                          0.25    0.25   clock uncertainty
                          0.00    0.25   clock reconvergence pessimism
                                  0.25 ^ _3220_/CLK (sky130_fd_sc_hd__dfxtp_1)
                         -0.01    0.24   library hold time
                                  0.24   data required time
-----------------------------------------------------------------------------
                                  0.24   data required time
                                 -0.46   data arrival time
-----------------------------------------------------------------------------
                                  0.22   slack (MET)


Startpoint: _3211_ (rising edge-triggered flip-flop clocked by clk)
Endpoint: _3211_ (rising edge-triggered flip-flop clocked by clk)
Path Group: clk
Path Type: min

Fanout     Cap    Slew   Delay    Time   Description
-----------------------------------------------------------------------------
                  0.15    0.00    0.00   clock clk (rise edge)
                          0.00    0.00   clock network delay (ideal)
                  0.15    0.00    0.00 ^ _3211_/CLK (sky130_fd_sc_hd__dfxtp_1)
     2    0.00    0.06    0.33    0.33 ^ _3211_/Q (sky130_fd_sc_hd__dfxtp_1)
                                         user_peripheral.secure_lock[30] (net)
                  0.06    0.00    0.33 ^ _1693_/A1 (sky130_fd_sc_hd__a21oi_1)
     1    0.00    0.04    0.05    0.38 v _1693_/Y (sky130_fd_sc_hd__a21oi_1)
                                         _1358_ (net)
                  0.04    0.00    0.38 v _1694_/B (sky130_fd_sc_hd__nor2_1)
     1    0.00    0.06    0.07    0.45 ^ _1694_/Y (sky130_fd_sc_hd__nor2_1)
                                         _0032_ (net)
                  0.06    0.00    0.45 ^ _3211_/D (sky130_fd_sc_hd__dfxtp_1)
                                  0.45   data arrival time

                  0.15    0.00    0.00   clock clk (rise edge)
                          0.00    0.00   clock network delay (ideal)
                          0.25    0.25   clock uncertainty
                          0.00    0.25   clock reconvergence pessimism
                                  0.25 ^ _3211_/CLK (sky130_fd_sc_hd__dfxtp_1)
                         -0.02    0.23   library hold time
                                  0.23   data required time
-----------------------------------------------------------------------------
                                  0.23   data required time
                                 -0.45   data arrival time
-----------------------------------------------------------------------------
                                  0.22   slack (MET)


Startpoint: _3193_ (rising edge-triggered flip-flop clocked by clk)
Endpoint: _3193_ (rising edge-triggered flip-flop clocked by clk)
Path Group: clk
Path Type: min

Fanout     Cap    Slew   Delay    Time   Description
-----------------------------------------------------------------------------
                  0.15    0.00    0.00   clock clk (rise edge)
                          0.00    0.00   clock network delay (ideal)
                  0.15    0.00    0.00 ^ _3193_/CLK (sky130_fd_sc_hd__dfxtp_1)
     2    0.00    0.05    0.33    0.33 ^ _3193_/Q (sky130_fd_sc_hd__dfxtp_1)
                                         user_peripheral.secure_lock[12] (net)
                  0.05    0.00    0.33 ^ _1656_/A1 (sky130_fd_sc_hd__a21oi_1)
     1    0.00    0.04    0.05    0.38 v _1656_/Y (sky130_fd_sc_hd__a21oi_1)
                                         _1339_ (net)
                  0.04    0.00    0.38 v _1657_/B (sky130_fd_sc_hd__nor2_1)
     1    0.00    0.07    0.07    0.45 ^ _1657_/Y (sky130_fd_sc_hd__nor2_1)
                                         _0014_ (net)
                  0.07    0.00    0.45 ^ _3193_/D (sky130_fd_sc_hd__dfxtp_1)
                                  0.45   data arrival time

                  0.15    0.00    0.00   clock clk (rise edge)
                          0.00    0.00   clock network delay (ideal)
                          0.25    0.25   clock uncertainty
                          0.00    0.25   clock reconvergence pessimism
                                  0.25 ^ _3193_/CLK (sky130_fd_sc_hd__dfxtp_1)
                         -0.02    0.23   library hold time
                                  0.23   data required time
-----------------------------------------------------------------------------
                                  0.23   data required time
                                 -0.45   data arrival time
-----------------------------------------------------------------------------
                                  0.22   slack (MET)


Startpoint: _3212_ (rising edge-triggered flip-flop clocked by clk)
Endpoint: _3212_ (rising edge-triggered flip-flop clocked by clk)
Path Group: clk
Path Type: min

Fanout     Cap    Slew   Delay    Time   Description
-----------------------------------------------------------------------------
                  0.15    0.00    0.00   clock clk (rise edge)
                          0.00    0.00   clock network delay (ideal)
                  0.15    0.00    0.00 ^ _3212_/CLK (sky130_fd_sc_hd__dfxtp_1)
     2    0.00    0.06    0.33    0.33 ^ _3212_/Q (sky130_fd_sc_hd__dfxtp_1)
                                         user_peripheral.secure_lock[31] (net)
                  0.06    0.00    0.33 ^ _1695_/A1 (sky130_fd_sc_hd__a21oi_1)
     1    0.00    0.04    0.05    0.39 v _1695_/Y (sky130_fd_sc_hd__a21oi_1)
                                         _1359_ (net)
                  0.04    0.00    0.39 v _1696_/B (sky130_fd_sc_hd__nor2_1)
     1    0.00    0.06    0.06    0.45 ^ _1696_/Y (sky130_fd_sc_hd__nor2_1)
                                         _0033_ (net)
                  0.06    0.00    0.45 ^ _3212_/D (sky130_fd_sc_hd__dfxtp_1)
                                  0.45   data arrival time

                  0.15    0.00    0.00   clock clk (rise edge)
                          0.00    0.00   clock network delay (ideal)
                          0.25    0.25   clock uncertainty
                          0.00    0.25   clock reconvergence pessimism
                                  0.25 ^ _3212_/CLK (sky130_fd_sc_hd__dfxtp_1)
                         -0.02    0.23   library hold time
                                  0.23   data required time
-----------------------------------------------------------------------------
                                  0.23   data required time
                                 -0.45   data arrival time
-----------------------------------------------------------------------------
                                  0.22   slack (MET)


Startpoint: _3233_ (rising edge-triggered flip-flop clocked by clk)
Endpoint: _3233_ (rising edge-triggered flip-flop clocked by clk)
Path Group: clk
Path Type: min

Fanout     Cap    Slew   Delay    Time   Description
-----------------------------------------------------------------------------
                  0.15    0.00    0.00   clock clk (rise edge)
                          0.00    0.00   clock network delay (ideal)
                  0.15    0.00    0.00 ^ _3233_/CLK (sky130_fd_sc_hd__dfxtp_1)
     5    0.02    0.08    0.36    0.36 v _3233_/Q (sky130_fd_sc_hd__dfxtp_1)
                                         user_peripheral.bit_cnt[0] (net)
                  0.08    0.00    0.36 v _1884_/A (sky130_fd_sc_hd__inv_2)
     1    0.00    0.03    0.05    0.41 ^ _1884_/Y (sky130_fd_sc_hd__inv_2)
                                         _1527_ (net)
                  0.03    0.00    0.41 ^ _1895_/A1 (sky130_fd_sc_hd__a21oi_1)
     1    0.00    0.02    0.04    0.45 v _1895_/Y (sky130_fd_sc_hd__a21oi_1)
                                         _0054_ (net)
                  0.02    0.00    0.45 v _3233_/D (sky130_fd_sc_hd__dfxtp_1)
                                  0.45   data arrival time

                  0.15    0.00    0.00   clock clk (rise edge)
                          0.00    0.00   clock network delay (ideal)
                          0.25    0.25   clock uncertainty
                          0.00    0.25   clock reconvergence pessimism
                                  0.25 ^ _3233_/CLK (sky130_fd_sc_hd__dfxtp_1)
                         -0.02    0.23   library hold time
                                  0.23   data required time
-----------------------------------------------------------------------------
                                  0.23   data required time
                                 -0.45   data arrival time
-----------------------------------------------------------------------------
                                  0.22   slack (MET)


Startpoint: _3199_ (rising edge-triggered flip-flop clocked by clk)
Endpoint: _3199_ (rising edge-triggered flip-flop clocked by clk)
Path Group: clk
Path Type: min

Fanout     Cap    Slew   Delay    Time   Description
-----------------------------------------------------------------------------
                  0.15    0.00    0.00   clock clk (rise edge)
                          0.00    0.00   clock network delay (ideal)
                  0.15    0.00    0.00 ^ _3199_/CLK (sky130_fd_sc_hd__dfxtp_1)
     2    0.00    0.06    0.33    0.33 ^ _3199_/Q (sky130_fd_sc_hd__dfxtp_1)
                                         user_peripheral.secure_lock[18] (net)
                  0.06    0.00    0.33 ^ _1668_/A1 (sky130_fd_sc_hd__a21oi_1)
     1    0.00    0.04    0.05    0.39 v _1668_/Y (sky130_fd_sc_hd__a21oi_1)
                                         _1345_ (net)
                  0.04    0.00    0.39 v _1669_/B (sky130_fd_sc_hd__nor2_1)
     1    0.00    0.06    0.07    0.45 ^ _1669_/Y (sky130_fd_sc_hd__nor2_1)
                                         _0020_ (net)
                  0.06    0.00    0.45 ^ _3199_/D (sky130_fd_sc_hd__dfxtp_1)
                                  0.45   data arrival time

                  0.15    0.00    0.00   clock clk (rise edge)
                          0.00    0.00   clock network delay (ideal)
                          0.25    0.25   clock uncertainty
                          0.00    0.25   clock reconvergence pessimism
                                  0.25 ^ _3199_/CLK (sky130_fd_sc_hd__dfxtp_1)
                         -0.02    0.23   library hold time
                                  0.23   data required time
-----------------------------------------------------------------------------
                                  0.23   data required time
                                 -0.45   data arrival time
-----------------------------------------------------------------------------
                                  0.22   slack (MET)


Startpoint: _3201_ (rising edge-triggered flip-flop clocked by clk)
Endpoint: _3201_ (rising edge-triggered flip-flop clocked by clk)
Path Group: clk
Path Type: min

Fanout     Cap    Slew   Delay    Time   Description
-----------------------------------------------------------------------------
                  0.15    0.00    0.00   clock clk (rise edge)
                          0.00    0.00   clock network delay (ideal)
                  0.15    0.00    0.00 ^ _3201_/CLK (sky130_fd_sc_hd__dfxtp_1)
     2    0.00    0.06    0.33    0.33 ^ _3201_/Q (sky130_fd_sc_hd__dfxtp_1)
                                         user_peripheral.secure_lock[20] (net)
                  0.06    0.00    0.33 ^ _1672_/A1 (sky130_fd_sc_hd__a21oi_1)
     1    0.00    0.04    0.05    0.39 v _1672_/Y (sky130_fd_sc_hd__a21oi_1)
                                         _1347_ (net)
                  0.04    0.00    0.39 v _1673_/B (sky130_fd_sc_hd__nor2_1)
     1    0.00    0.06    0.07    0.45 ^ _1673_/Y (sky130_fd_sc_hd__nor2_1)
                                         _0022_ (net)
                  0.06    0.00    0.45 ^ _3201_/D (sky130_fd_sc_hd__dfxtp_1)
                                  0.45   data arrival time

                  0.15    0.00    0.00   clock clk (rise edge)
                          0.00    0.00   clock network delay (ideal)
                          0.25    0.25   clock uncertainty
                          0.00    0.25   clock reconvergence pessimism
                                  0.25 ^ _3201_/CLK (sky130_fd_sc_hd__dfxtp_1)
                         -0.02    0.23   library hold time
                                  0.23   data required time
-----------------------------------------------------------------------------
                                  0.23   data required time
                                 -0.45   data arrival time
-----------------------------------------------------------------------------
                                  0.22   slack (MET)


Startpoint: _3200_ (rising edge-triggered flip-flop clocked by clk)
Endpoint: _3200_ (rising edge-triggered flip-flop clocked by clk)
Path Group: clk
Path Type: min

Fanout     Cap    Slew   Delay    Time   Description
-----------------------------------------------------------------------------
                  0.15    0.00    0.00   clock clk (rise edge)
                          0.00    0.00   clock network delay (ideal)
                  0.15    0.00    0.00 ^ _3200_/CLK (sky130_fd_sc_hd__dfxtp_1)
     2    0.00    0.06    0.33    0.33 ^ _3200_/Q (sky130_fd_sc_hd__dfxtp_1)
                                         user_peripheral.secure_lock[19] (net)
                  0.06    0.00    0.33 ^ _1670_/A1 (sky130_fd_sc_hd__a21oi_1)
     1    0.00    0.04    0.05    0.39 v _1670_/Y (sky130_fd_sc_hd__a21oi_1)
                                         _1346_ (net)
                  0.04    0.00    0.39 v _1671_/B (sky130_fd_sc_hd__nor2_1)
     1    0.00    0.06    0.07    0.45 ^ _1671_/Y (sky130_fd_sc_hd__nor2_1)
                                         _0021_ (net)
                  0.06    0.00    0.45 ^ _3200_/D (sky130_fd_sc_hd__dfxtp_1)
                                  0.45   data arrival time

                  0.15    0.00    0.00   clock clk (rise edge)
                          0.00    0.00   clock network delay (ideal)
                          0.25    0.25   clock uncertainty
                          0.00    0.25   clock reconvergence pessimism
                                  0.25 ^ _3200_/CLK (sky130_fd_sc_hd__dfxtp_1)
                         -0.02    0.23   library hold time
                                  0.23   data required time
-----------------------------------------------------------------------------
                                  0.23   data required time
                                 -0.45   data arrival time
-----------------------------------------------------------------------------
                                  0.22   slack (MET)


Startpoint: _3194_ (rising edge-triggered flip-flop clocked by clk)
Endpoint: _3194_ (rising edge-triggered flip-flop clocked by clk)
Path Group: clk
Path Type: min

Fanout     Cap    Slew   Delay    Time   Description
-----------------------------------------------------------------------------
                  0.15    0.00    0.00   clock clk (rise edge)
                          0.00    0.00   clock network delay (ideal)
                  0.15    0.00    0.00 ^ _3194_/CLK (sky130_fd_sc_hd__dfxtp_1)
     2    0.00    0.06    0.33    0.33 ^ _3194_/Q (sky130_fd_sc_hd__dfxtp_1)
                                         user_peripheral.secure_lock[13] (net)
                  0.06    0.00    0.33 ^ _1658_/A1 (sky130_fd_sc_hd__a21oi_1)
     1    0.00    0.04    0.05    0.39 v _1658_/Y (sky130_fd_sc_hd__a21oi_1)
                                         _1340_ (net)
                  0.04    0.00    0.39 v _1659_/B (sky130_fd_sc_hd__nor2_1)
     1    0.00    0.06    0.07    0.45 ^ _1659_/Y (sky130_fd_sc_hd__nor2_1)
                                         _0015_ (net)
                  0.06    0.00    0.45 ^ _3194_/D (sky130_fd_sc_hd__dfxtp_1)
                                  0.45   data arrival time

                  0.15    0.00    0.00   clock clk (rise edge)
                          0.00    0.00   clock network delay (ideal)
                          0.25    0.25   clock uncertainty
                          0.00    0.25   clock reconvergence pessimism
                                  0.25 ^ _3194_/CLK (sky130_fd_sc_hd__dfxtp_1)
                         -0.02    0.23   library hold time
                                  0.23   data required time
-----------------------------------------------------------------------------
                                  0.23   data required time
                                 -0.45   data arrival time
-----------------------------------------------------------------------------
                                  0.22   slack (MET)


Startpoint: _3208_ (rising edge-triggered flip-flop clocked by clk)
Endpoint: _3208_ (rising edge-triggered flip-flop clocked by clk)
Path Group: clk
Path Type: min

Fanout     Cap    Slew   Delay    Time   Description
-----------------------------------------------------------------------------
                  0.15    0.00    0.00   clock clk (rise edge)
                          0.00    0.00   clock network delay (ideal)
                  0.15    0.00    0.00 ^ _3208_/CLK (sky130_fd_sc_hd__dfxtp_1)
     2    0.00    0.06    0.33    0.33 ^ _3208_/Q (sky130_fd_sc_hd__dfxtp_1)
                                         user_peripheral.secure_lock[27] (net)
                  0.06    0.00    0.33 ^ _1687_/A1 (sky130_fd_sc_hd__a21oi_1)
     1    0.00    0.04    0.05    0.39 v _1687_/Y (sky130_fd_sc_hd__a21oi_1)
                                         _1355_ (net)
                  0.04    0.00    0.39 v _1688_/B (sky130_fd_sc_hd__nor2_1)
     1    0.00    0.06    0.07    0.45 ^ _1688_/Y (sky130_fd_sc_hd__nor2_1)
                                         _0029_ (net)
                  0.06    0.00    0.45 ^ _3208_/D (sky130_fd_sc_hd__dfxtp_1)
                                  0.45   data arrival time

                  0.15    0.00    0.00   clock clk (rise edge)
                          0.00    0.00   clock network delay (ideal)
                          0.25    0.25   clock uncertainty
                          0.00    0.25   clock reconvergence pessimism
                                  0.25 ^ _3208_/CLK (sky130_fd_sc_hd__dfxtp_1)
                         -0.02    0.23   library hold time
                                  0.23   data required time
-----------------------------------------------------------------------------
                                  0.23   data required time
                                 -0.45   data arrival time
-----------------------------------------------------------------------------
                                  0.22   slack (MET)


Startpoint: _3190_ (rising edge-triggered flip-flop clocked by clk)
Endpoint: _3190_ (rising edge-triggered flip-flop clocked by clk)
Path Group: clk
Path Type: min

Fanout     Cap    Slew   Delay    Time   Description
-----------------------------------------------------------------------------
                  0.15    0.00    0.00   clock clk (rise edge)
                          0.00    0.00   clock network delay (ideal)
                  0.15    0.00    0.00 ^ _3190_/CLK (sky130_fd_sc_hd__dfxtp_1)
     2    0.00    0.06    0.33    0.33 ^ _3190_/Q (sky130_fd_sc_hd__dfxtp_1)
                                         user_peripheral.secure_lock[9] (net)
                  0.06    0.00    0.33 ^ _1650_/A1 (sky130_fd_sc_hd__a21oi_1)
     1    0.00    0.04    0.05    0.39 v _1650_/Y (sky130_fd_sc_hd__a21oi_1)
                                         _1336_ (net)
                  0.04    0.00    0.39 v _1651_/B (sky130_fd_sc_hd__nor2_1)
     1    0.00    0.07    0.07    0.45 ^ _1651_/Y (sky130_fd_sc_hd__nor2_1)
                                         _0011_ (net)
                  0.07    0.00    0.45 ^ _3190_/D (sky130_fd_sc_hd__dfxtp_1)
                                  0.45   data arrival time

                  0.15    0.00    0.00   clock clk (rise edge)
                          0.00    0.00   clock network delay (ideal)
                          0.25    0.25   clock uncertainty
                          0.00    0.25   clock reconvergence pessimism
                                  0.25 ^ _3190_/CLK (sky130_fd_sc_hd__dfxtp_1)
                         -0.02    0.23   library hold time
                                  0.23   data required time
-----------------------------------------------------------------------------
                                  0.23   data required time
                                 -0.45   data arrival time
-----------------------------------------------------------------------------
                                  0.23   slack (MET)


Startpoint: _3202_ (rising edge-triggered flip-flop clocked by clk)
Endpoint: _3202_ (rising edge-triggered flip-flop clocked by clk)
Path Group: clk
Path Type: min

Fanout     Cap    Slew   Delay    Time   Description
-----------------------------------------------------------------------------
                  0.15    0.00    0.00   clock clk (rise edge)
                          0.00    0.00   clock network delay (ideal)
                  0.15    0.00    0.00 ^ _3202_/CLK (sky130_fd_sc_hd__dfxtp_1)
     2    0.00    0.06    0.33    0.33 ^ _3202_/Q (sky130_fd_sc_hd__dfxtp_1)
                                         user_peripheral.secure_lock[21] (net)
                  0.06    0.00    0.33 ^ _1675_/A1 (sky130_fd_sc_hd__a21oi_1)
     1    0.00    0.04    0.05    0.39 v _1675_/Y (sky130_fd_sc_hd__a21oi_1)
                                         _1349_ (net)
                  0.04    0.00    0.39 v _1676_/B (sky130_fd_sc_hd__nor2_1)
     1    0.00    0.07    0.07    0.45 ^ _1676_/Y (sky130_fd_sc_hd__nor2_1)
                                         _0023_ (net)
                  0.07    0.00    0.45 ^ _3202_/D (sky130_fd_sc_hd__dfxtp_1)
                                  0.45   data arrival time

                  0.15    0.00    0.00   clock clk (rise edge)
                          0.00    0.00   clock network delay (ideal)
                          0.25    0.25   clock uncertainty
                          0.00    0.25   clock reconvergence pessimism
                                  0.25 ^ _3202_/CLK (sky130_fd_sc_hd__dfxtp_1)
                         -0.02    0.23   library hold time
                                  0.23   data required time
-----------------------------------------------------------------------------
                                  0.23   data required time
                                 -0.45   data arrival time
-----------------------------------------------------------------------------
                                  0.23   slack (MET)


Startpoint: _3192_ (rising edge-triggered flip-flop clocked by clk)
Endpoint: _3192_ (rising edge-triggered flip-flop clocked by clk)
Path Group: clk
Path Type: min

Fanout     Cap    Slew   Delay    Time   Description
-----------------------------------------------------------------------------
                  0.15    0.00    0.00   clock clk (rise edge)
                          0.00    0.00   clock network delay (ideal)
                  0.15    0.00    0.00 ^ _3192_/CLK (sky130_fd_sc_hd__dfxtp_1)
     2    0.00    0.06    0.33    0.33 ^ _3192_/Q (sky130_fd_sc_hd__dfxtp_1)
                                         user_peripheral.secure_lock[11] (net)
                  0.06    0.00    0.33 ^ _1654_/A1 (sky130_fd_sc_hd__a21oi_1)
     1    0.00    0.04    0.06    0.39 v _1654_/Y (sky130_fd_sc_hd__a21oi_1)
                                         _1338_ (net)
                  0.04    0.00    0.39 v _1655_/B (sky130_fd_sc_hd__nor2_1)
     1    0.00    0.06    0.07    0.46 ^ _1655_/Y (sky130_fd_sc_hd__nor2_1)
                                         _0013_ (net)
                  0.06    0.00    0.46 ^ _3192_/D (sky130_fd_sc_hd__dfxtp_1)
                                  0.46   data arrival time

                  0.15    0.00    0.00   clock clk (rise edge)
                          0.00    0.00   clock network delay (ideal)
                          0.25    0.25   clock uncertainty
                          0.00    0.25   clock reconvergence pessimism
                                  0.25 ^ _3192_/CLK (sky130_fd_sc_hd__dfxtp_1)
                         -0.02    0.23   library hold time
                                  0.23   data required time
-----------------------------------------------------------------------------
                                  0.23   data required time
                                 -0.46   data arrival time
-----------------------------------------------------------------------------
                                  0.23   slack (MET)


Startpoint: _3241_ (rising edge-triggered flip-flop clocked by clk)
Endpoint: _3241_ (rising edge-triggered flip-flop clocked by clk)
Path Group: clk
Path Type: min

Fanout     Cap    Slew   Delay    Time   Description
-----------------------------------------------------------------------------
                  0.15    0.00    0.00   clock clk (rise edge)
                          0.00    0.00   clock network delay (ideal)
                  0.15    0.00    0.00 ^ _3241_/CLK (sky130_fd_sc_hd__dfxtp_1)
     3    0.01    0.07    0.34    0.34 ^ _3241_/Q (sky130_fd_sc_hd__dfxtp_1)
                                         user_peripheral.div_cnt[3] (net)
                  0.07    0.00    0.34 ^ _1941_/A1 (sky130_fd_sc_hd__a22o_1)
     1    0.00    0.04    0.12    0.46 ^ _1941_/X (sky130_fd_sc_hd__a22o_1)
                                         _0062_ (net)
                  0.04    0.00    0.46 ^ _3241_/D (sky130_fd_sc_hd__dfxtp_1)
                                  0.46   data arrival time

                  0.15    0.00    0.00   clock clk (rise edge)
                          0.00    0.00   clock network delay (ideal)
                          0.25    0.25   clock uncertainty
                          0.00    0.25   clock reconvergence pessimism
                                  0.25 ^ _3241_/CLK (sky130_fd_sc_hd__dfxtp_1)
                         -0.02    0.23   library hold time
                                  0.23   data required time
-----------------------------------------------------------------------------
                                  0.23   data required time
                                 -0.46   data arrival time
-----------------------------------------------------------------------------
                                  0.23   slack (MET)


Startpoint: _3198_ (rising edge-triggered flip-flop clocked by clk)
Endpoint: _3198_ (rising edge-triggered flip-flop clocked by clk)
Path Group: clk
Path Type: min

Fanout     Cap    Slew   Delay    Time   Description
-----------------------------------------------------------------------------
                  0.15    0.00    0.00   clock clk (rise edge)
                          0.00    0.00   clock network delay (ideal)
                  0.15    0.00    0.00 ^ _3198_/CLK (sky130_fd_sc_hd__dfxtp_1)
     2    0.01    0.06    0.34    0.34 ^ _3198_/Q (sky130_fd_sc_hd__dfxtp_1)
                                         user_peripheral.secure_lock[17] (net)
                  0.06    0.00    0.34 ^ _1666_/A1 (sky130_fd_sc_hd__a21oi_1)
     1    0.00    0.04    0.06    0.39 v _1666_/Y (sky130_fd_sc_hd__a21oi_1)
                                         _1344_ (net)
                  0.04    0.00    0.39 v _1667_/B (sky130_fd_sc_hd__nor2_1)
     1    0.00    0.06    0.07    0.46 ^ _1667_/Y (sky130_fd_sc_hd__nor2_1)
                                         _0019_ (net)
                  0.06    0.00    0.46 ^ _3198_/D (sky130_fd_sc_hd__dfxtp_1)
                                  0.46   data arrival time

                  0.15    0.00    0.00   clock clk (rise edge)
                          0.00    0.00   clock network delay (ideal)
                          0.25    0.25   clock uncertainty
                          0.00    0.25   clock reconvergence pessimism
                                  0.25 ^ _3198_/CLK (sky130_fd_sc_hd__dfxtp_1)
                         -0.02    0.23   library hold time
                                  0.23   data required time
-----------------------------------------------------------------------------
                                  0.23   data required time
                                 -0.46   data arrival time
-----------------------------------------------------------------------------
                                  0.23   slack (MET)


Startpoint: _3214_ (rising edge-triggered flip-flop clocked by clk)
Endpoint: _3214_ (rising edge-triggered flip-flop clocked by clk)
Path Group: clk
Path Type: min

Fanout     Cap    Slew   Delay    Time   Description
-----------------------------------------------------------------------------
                  0.15    0.00    0.00   clock clk (rise edge)
                          0.00    0.00   clock network delay (ideal)
                  0.15    0.00    0.00 ^ _3214_/CLK (sky130_fd_sc_hd__dfxtp_1)
     5    0.01    0.06    0.34    0.34 v _3214_/Q (sky130_fd_sc_hd__dfxtp_1)
                                         user_peripheral.sleep_timer[0] (net)
                  0.06    0.00    0.34 v _1759_/A1 (sky130_fd_sc_hd__o21ai_1)
     1    0.00    0.06    0.11    0.46 ^ _1759_/Y (sky130_fd_sc_hd__o21ai_1)
                                         _0035_ (net)
                  0.06    0.00    0.46 ^ _3214_/D (sky130_fd_sc_hd__dfxtp_1)
                                  0.46   data arrival time

                  0.15    0.00    0.00   clock clk (rise edge)
                          0.00    0.00   clock network delay (ideal)
                          0.25    0.25   clock uncertainty
                          0.00    0.25   clock reconvergence pessimism
                                  0.25 ^ _3214_/CLK (sky130_fd_sc_hd__dfxtp_1)
                         -0.02    0.23   library hold time
                                  0.23   data required time
-----------------------------------------------------------------------------
                                  0.23   data required time
                                 -0.46   data arrival time
-----------------------------------------------------------------------------
                                  0.23   slack (MET)


Startpoint: _3203_ (rising edge-triggered flip-flop clocked by clk)
Endpoint: _3203_ (rising edge-triggered flip-flop clocked by clk)
Path Group: clk
Path Type: min

Fanout     Cap    Slew   Delay    Time   Description
-----------------------------------------------------------------------------
                  0.15    0.00    0.00   clock clk (rise edge)
                          0.00    0.00   clock network delay (ideal)
                  0.15    0.00    0.00 ^ _3203_/CLK (sky130_fd_sc_hd__dfxtp_1)
     2    0.01    0.06    0.34    0.34 ^ _3203_/Q (sky130_fd_sc_hd__dfxtp_1)
                                         user_peripheral.secure_lock[22] (net)
                  0.06    0.00    0.34 ^ _1677_/A1 (sky130_fd_sc_hd__a21oi_1)
     1    0.00    0.04    0.06    0.39 v _1677_/Y (sky130_fd_sc_hd__a21oi_1)
                                         _1350_ (net)
                  0.04    0.00    0.39 v _1678_/B (sky130_fd_sc_hd__nor2_1)
     1    0.00    0.06    0.07    0.46 ^ _1678_/Y (sky130_fd_sc_hd__nor2_1)
                                         _0024_ (net)
                  0.06    0.00    0.46 ^ _3203_/D (sky130_fd_sc_hd__dfxtp_1)
                                  0.46   data arrival time

                  0.15    0.00    0.00   clock clk (rise edge)
                          0.00    0.00   clock network delay (ideal)
                          0.25    0.25   clock uncertainty
                          0.00    0.25   clock reconvergence pessimism
                                  0.25 ^ _3203_/CLK (sky130_fd_sc_hd__dfxtp_1)
                         -0.02    0.23   library hold time
                                  0.23   data required time
-----------------------------------------------------------------------------
                                  0.23   data required time
                                 -0.46   data arrival time
-----------------------------------------------------------------------------
                                  0.23   slack (MET)


Startpoint: _3206_ (rising edge-triggered flip-flop clocked by clk)
Endpoint: _3206_ (rising edge-triggered flip-flop clocked by clk)
Path Group: clk
Path Type: min

Fanout     Cap    Slew   Delay    Time   Description
-----------------------------------------------------------------------------
                  0.15    0.00    0.00   clock clk (rise edge)
                          0.00    0.00   clock network delay (ideal)
                  0.15    0.00    0.00 ^ _3206_/CLK (sky130_fd_sc_hd__dfxtp_1)
     2    0.00    0.06    0.33    0.33 ^ _3206_/Q (sky130_fd_sc_hd__dfxtp_1)
                                         user_peripheral.secure_lock[25] (net)
                  0.06    0.00    0.33 ^ _1683_/A1 (sky130_fd_sc_hd__a21oi_1)
     1    0.00    0.04    0.05    0.39 v _1683_/Y (sky130_fd_sc_hd__a21oi_1)
                                         _1353_ (net)
                  0.04    0.00    0.39 v _1684_/B (sky130_fd_sc_hd__nor2_1)
     1    0.00    0.07    0.07    0.46 ^ _1684_/Y (sky130_fd_sc_hd__nor2_1)
                                         _0027_ (net)
                  0.07    0.00    0.46 ^ _3206_/D (sky130_fd_sc_hd__dfxtp_1)
                                  0.46   data arrival time

                  0.15    0.00    0.00   clock clk (rise edge)
                          0.00    0.00   clock network delay (ideal)
                          0.25    0.25   clock uncertainty
                          0.00    0.25   clock reconvergence pessimism
                                  0.25 ^ _3206_/CLK (sky130_fd_sc_hd__dfxtp_1)
                         -0.02    0.23   library hold time
                                  0.23   data required time
-----------------------------------------------------------------------------
                                  0.23   data required time
                                 -0.46   data arrival time
-----------------------------------------------------------------------------
                                  0.23   slack (MET)


Startpoint: _3196_ (rising edge-triggered flip-flop clocked by clk)
Endpoint: _3196_ (rising edge-triggered flip-flop clocked by clk)
Path Group: clk
Path Type: min

Fanout     Cap    Slew   Delay    Time   Description
-----------------------------------------------------------------------------
                  0.15    0.00    0.00   clock clk (rise edge)
                          0.00    0.00   clock network delay (ideal)
                  0.15    0.00    0.00 ^ _3196_/CLK (sky130_fd_sc_hd__dfxtp_1)
     2    0.01    0.06    0.34    0.34 ^ _3196_/Q (sky130_fd_sc_hd__dfxtp_1)
                                         user_peripheral.secure_lock[15] (net)
                  0.06    0.00    0.34 ^ _1662_/A1 (sky130_fd_sc_hd__a21oi_1)
     1    0.00    0.04    0.05    0.39 v _1662_/Y (sky130_fd_sc_hd__a21oi_1)
                                         _1342_ (net)
                  0.04    0.00    0.39 v _1663_/B (sky130_fd_sc_hd__nor2_1)
     1    0.00    0.07    0.07    0.46 ^ _1663_/Y (sky130_fd_sc_hd__nor2_1)
                                         _0017_ (net)
                  0.07    0.00    0.46 ^ _3196_/D (sky130_fd_sc_hd__dfxtp_1)
                                  0.46   data arrival time

                  0.15    0.00    0.00   clock clk (rise edge)
                          0.00    0.00   clock network delay (ideal)
                          0.25    0.25   clock uncertainty
                          0.00    0.25   clock reconvergence pessimism
                                  0.25 ^ _3196_/CLK (sky130_fd_sc_hd__dfxtp_1)
                         -0.02    0.23   library hold time
                                  0.23   data required time
-----------------------------------------------------------------------------
                                  0.23   data required time
                                 -0.46   data arrival time
-----------------------------------------------------------------------------
                                  0.23   slack (MET)


Startpoint: _3334_ (rising edge-triggered flip-flop clocked by clk)
Endpoint: _3334_ (rising edge-triggered flip-flop clocked by clk)
Path Group: clk
Path Type: min

Fanout     Cap    Slew   Delay    Time   Description
-----------------------------------------------------------------------------
                  0.15    0.00    0.00   clock clk (rise edge)
                          0.00    0.00   clock network delay (ideal)
                  0.15    0.00    0.00 ^ _3334_/CLK (sky130_fd_sc_hd__dfxtp_1)
     2    0.00    0.06    0.33    0.33 ^ _3334_/Q (sky130_fd_sc_hd__dfxtp_1)
                                         user_peripheral.tx_shift[4] (net)
                  0.06    0.00    0.33 ^ _2349_/A1 (sky130_fd_sc_hd__o211a_1)
     1    0.00    0.04    0.14    0.47 ^ _2349_/X (sky130_fd_sc_hd__o211a_1)
                                         _0155_ (net)
                  0.04    0.00    0.47 ^ _3334_/D (sky130_fd_sc_hd__dfxtp_1)
                                  0.47   data arrival time

                  0.15    0.00    0.00   clock clk (rise edge)
                          0.00    0.00   clock network delay (ideal)
                          0.25    0.25   clock uncertainty
                          0.00    0.25   clock reconvergence pessimism
                                  0.25 ^ _3334_/CLK (sky130_fd_sc_hd__dfxtp_1)
                         -0.02    0.23   library hold time
                                  0.23   data required time
-----------------------------------------------------------------------------
                                  0.23   data required time
                                 -0.47   data arrival time
-----------------------------------------------------------------------------
                                  0.23   slack (MET)


Startpoint: _3268_ (rising edge-triggered flip-flop clocked by clk)
Endpoint: _3268_ (rising edge-triggered flip-flop clocked by clk)
Path Group: clk
Path Type: min

Fanout     Cap    Slew   Delay    Time   Description
-----------------------------------------------------------------------------
                  0.15    0.00    0.00   clock clk (rise edge)
                          0.00    0.00   clock network delay (ideal)
                  0.15    0.00    0.00 ^ _3268_/CLK (sky130_fd_sc_hd__dfxtp_1)
     2    0.00    0.06    0.33    0.33 ^ _3268_/Q (sky130_fd_sc_hd__dfxtp_1)
                                         user_peripheral.rx_hold[2] (net)
                  0.06    0.00    0.33 ^ _2059_/A1 (sky130_fd_sc_hd__o211a_1)
     1    0.00    0.04    0.13    0.47 ^ _2059_/X (sky130_fd_sc_hd__o211a_1)
                                         _0089_ (net)
                  0.04    0.00    0.47 ^ _3268_/D (sky130_fd_sc_hd__dfxtp_1)
                                  0.47   data arrival time

                  0.15    0.00    0.00   clock clk (rise edge)
                          0.00    0.00   clock network delay (ideal)
                          0.25    0.25   clock uncertainty
                          0.00    0.25   clock reconvergence pessimism
                                  0.25 ^ _3268_/CLK (sky130_fd_sc_hd__dfxtp_1)
                         -0.02    0.23   library hold time
                                  0.23   data required time
-----------------------------------------------------------------------------
                                  0.23   data required time
                                 -0.47   data arrival time
-----------------------------------------------------------------------------
                                  0.23   slack (MET)


Startpoint: _3348_ (rising edge-triggered flip-flop clocked by clk)
Endpoint: _3348_ (rising edge-triggered flip-flop clocked by clk)
Path Group: clk
Path Type: min

Fanout     Cap    Slew   Delay    Time   Description
-----------------------------------------------------------------------------
                  0.15    0.00    0.00   clock clk (rise edge)
                          0.00    0.00   clock network delay (ideal)
                  0.15    0.00    0.00 ^ _3348_/CLK (sky130_fd_sc_hd__dfxtp_1)
     2    0.00    0.06    0.33    0.33 ^ _3348_/Q (sky130_fd_sc_hd__dfxtp_1)
                                         user_peripheral.tx_shift[18] (net)
                  0.06    0.00    0.33 ^ _2539_/A1 (sky130_fd_sc_hd__o211a_1)
     1    0.00    0.04    0.14    0.47 ^ _2539_/X (sky130_fd_sc_hd__o211a_1)
                                         _0169_ (net)
                  0.04    0.00    0.47 ^ _3348_/D (sky130_fd_sc_hd__dfxtp_1)
                                  0.47   data arrival time

                  0.15    0.00    0.00   clock clk (rise edge)
                          0.00    0.00   clock network delay (ideal)
                          0.25    0.25   clock uncertainty
                          0.00    0.25   clock reconvergence pessimism
                                  0.25 ^ _3348_/CLK (sky130_fd_sc_hd__dfxtp_1)
                         -0.02    0.23   library hold time
                                  0.23   data required time
-----------------------------------------------------------------------------
                                  0.23   data required time
                                 -0.47   data arrival time
-----------------------------------------------------------------------------
                                  0.23   slack (MET)


Startpoint: _3259_ (rising edge-triggered flip-flop clocked by clk)
Endpoint: _3259_ (rising edge-triggered flip-flop clocked by clk)
Path Group: clk
Path Type: min

Fanout     Cap    Slew   Delay    Time   Description
-----------------------------------------------------------------------------
                  0.15    0.00    0.00   clock clk (rise edge)
                          0.00    0.00   clock network delay (ideal)
                  0.15    0.00    0.00 ^ _3259_/CLK (sky130_fd_sc_hd__dfxtp_1)
     3    0.01    0.09    0.36    0.36 ^ _3259_/Q (sky130_fd_sc_hd__dfxtp_1)
                                         user_peripheral.crc_reg[9] (net)
                  0.09    0.00    0.36 ^ _2002_/A1 (sky130_fd_sc_hd__a211o_1)
     1    0.00    0.03    0.11    0.47 ^ _2002_/X (sky130_fd_sc_hd__a211o_1)
                                         _0080_ (net)
                  0.03    0.00    0.47 ^ _3259_/D (sky130_fd_sc_hd__dfxtp_1)
                                  0.47   data arrival time

                  0.15    0.00    0.00   clock clk (rise edge)
                          0.00    0.00   clock network delay (ideal)
                          0.25    0.25   clock uncertainty
                          0.00    0.25   clock reconvergence pessimism
                                  0.25 ^ _3259_/CLK (sky130_fd_sc_hd__dfxtp_1)
                         -0.01    0.24   library hold time
                                  0.24   data required time
-----------------------------------------------------------------------------
                                  0.24   data required time
                                 -0.47   data arrival time
-----------------------------------------------------------------------------
                                  0.23   slack (MET)


Startpoint: _3462_ (rising edge-triggered flip-flop clocked by clk)
Endpoint: _3462_ (rising edge-triggered flip-flop clocked by clk)
Path Group: clk
Path Type: min

Fanout     Cap    Slew   Delay    Time   Description
-----------------------------------------------------------------------------
                  0.15    0.00    0.00   clock clk (rise edge)
                          0.00    0.00   clock network delay (ideal)
                  0.15    0.00    0.00 ^ _3462_/CLK (sky130_fd_sc_hd__dfrtp_1)
     4    0.01    0.11    0.39    0.39 ^ _3462_/Q (sky130_fd_sc_hd__dfrtp_1)
                                         i_spi_reg.buffer_counter[3] (net)
                  0.11    0.00    0.39 ^ _3029_/A (sky130_fd_sc_hd__xnor2_1)
     1    0.00    0.03    0.08    0.47 v _3029_/Y (sky130_fd_sc_hd__xnor2_1)
                                         _0274_ (net)
                  0.03    0.00    0.47 v _3462_/D (sky130_fd_sc_hd__dfrtp_1)
                                  0.47   data arrival time

                  0.15    0.00    0.00   clock clk (rise edge)
                          0.00    0.00   clock network delay (ideal)
                          0.25    0.25   clock uncertainty
                          0.00    0.25   clock reconvergence pessimism
                                  0.25 ^ _3462_/CLK (sky130_fd_sc_hd__dfrtp_1)
                         -0.02    0.23   library hold time
                                  0.23   data required time
-----------------------------------------------------------------------------
                                  0.23   data required time
                                 -0.47   data arrival time
-----------------------------------------------------------------------------
                                  0.23   slack (MET)


Startpoint: _3271_ (rising edge-triggered flip-flop clocked by clk)
Endpoint: _3271_ (rising edge-triggered flip-flop clocked by clk)
Path Group: clk
Path Type: min

Fanout     Cap    Slew   Delay    Time   Description
-----------------------------------------------------------------------------
                  0.15    0.00    0.00   clock clk (rise edge)
                          0.00    0.00   clock network delay (ideal)
                  0.15    0.00    0.00 ^ _3271_/CLK (sky130_fd_sc_hd__dfxtp_1)
     2    0.01    0.06    0.33    0.33 ^ _3271_/Q (sky130_fd_sc_hd__dfxtp_1)
                                         user_peripheral.rx_hold[5] (net)
                  0.06    0.00    0.33 ^ _2078_/A1 (sky130_fd_sc_hd__o211a_1)
     1    0.00    0.04    0.13    0.47 ^ _2078_/X (sky130_fd_sc_hd__o211a_1)
                                         _0092_ (net)
                  0.04    0.00    0.47 ^ _3271_/D (sky130_fd_sc_hd__dfxtp_1)
                                  0.47   data arrival time

                  0.15    0.00    0.00   clock clk (rise edge)
                          0.00    0.00   clock network delay (ideal)
                          0.25    0.25   clock uncertainty
                          0.00    0.25   clock reconvergence pessimism
                                  0.25 ^ _3271_/CLK (sky130_fd_sc_hd__dfxtp_1)
                         -0.02    0.23   library hold time
                                  0.23   data required time
-----------------------------------------------------------------------------
                                  0.23   data required time
                                 -0.47   data arrival time
-----------------------------------------------------------------------------
                                  0.23   slack (MET)


Startpoint: _3341_ (rising edge-triggered flip-flop clocked by clk)
Endpoint: _3341_ (rising edge-triggered flip-flop clocked by clk)
Path Group: clk
Path Type: min

Fanout     Cap    Slew   Delay    Time   Description
-----------------------------------------------------------------------------
                  0.15    0.00    0.00   clock clk (rise edge)
                          0.00    0.00   clock network delay (ideal)
                  0.15    0.00    0.00 ^ _3341_/CLK (sky130_fd_sc_hd__dfxtp_1)
     2    0.01    0.06    0.34    0.34 ^ _3341_/Q (sky130_fd_sc_hd__dfxtp_1)
                                         user_peripheral.tx_shift[11] (net)
                  0.06    0.00    0.34 ^ _2438_/A1 (sky130_fd_sc_hd__o211a_1)
     1    0.00    0.04    0.13    0.47 ^ _2438_/X (sky130_fd_sc_hd__o211a_1)
                                         _0162_ (net)
                  0.04    0.00    0.47 ^ _3341_/D (sky130_fd_sc_hd__dfxtp_1)
                                  0.47   data arrival time

                  0.15    0.00    0.00   clock clk (rise edge)
                          0.00    0.00   clock network delay (ideal)
                          0.25    0.25   clock uncertainty
                          0.00    0.25   clock reconvergence pessimism
                                  0.25 ^ _3341_/CLK (sky130_fd_sc_hd__dfxtp_1)
                         -0.02    0.23   library hold time
                                  0.23   data required time
-----------------------------------------------------------------------------
                                  0.23   data required time
                                 -0.47   data arrival time
-----------------------------------------------------------------------------
                                  0.24   slack (MET)


Startpoint: _3250_ (rising edge-triggered flip-flop clocked by clk)
Endpoint: _3250_ (rising edge-triggered flip-flop clocked by clk)
Path Group: clk
Path Type: min

Fanout     Cap    Slew   Delay    Time   Description
-----------------------------------------------------------------------------
                  0.15    0.00    0.00   clock clk (rise edge)
                          0.00    0.00   clock network delay (ideal)
                  0.15    0.00    0.00 ^ _3250_/CLK (sky130_fd_sc_hd__dfxtp_1)
     3    0.01    0.09    0.36    0.36 ^ _3250_/Q (sky130_fd_sc_hd__dfxtp_1)
                                         user_peripheral.crc_reg[0] (net)
                  0.09    0.00    0.36 ^ _1980_/A1 (sky130_fd_sc_hd__a211o_1)
     1    0.00    0.03    0.11    0.47 ^ _1980_/X (sky130_fd_sc_hd__a211o_1)
                                         _0071_ (net)
                  0.03    0.00    0.47 ^ _3250_/D (sky130_fd_sc_hd__dfxtp_1)
                                  0.47   data arrival time

                  0.15    0.00    0.00   clock clk (rise edge)
                          0.00    0.00   clock network delay (ideal)
                          0.25    0.25   clock uncertainty
                          0.00    0.25   clock reconvergence pessimism
                                  0.25 ^ _3250_/CLK (sky130_fd_sc_hd__dfxtp_1)
                         -0.01    0.24   library hold time
                                  0.24   data required time
-----------------------------------------------------------------------------
                                  0.24   data required time
                                 -0.47   data arrival time
-----------------------------------------------------------------------------
                                  0.24   slack (MET)


Startpoint: _3262_ (rising edge-triggered flip-flop clocked by clk)
Endpoint: _3262_ (rising edge-triggered flip-flop clocked by clk)
Path Group: clk
Path Type: min

Fanout     Cap    Slew   Delay    Time   Description
-----------------------------------------------------------------------------
                  0.15    0.00    0.00   clock clk (rise edge)
                          0.00    0.00   clock network delay (ideal)
                  0.15    0.00    0.00 ^ _3262_/CLK (sky130_fd_sc_hd__dfxtp_1)
     3    0.01    0.09    0.36    0.36 ^ _3262_/Q (sky130_fd_sc_hd__dfxtp_1)
                                         user_peripheral.crc_reg[12] (net)
                  0.09    0.00    0.36 ^ _2010_/A1 (sky130_fd_sc_hd__a211o_1)
     1    0.00    0.03    0.11    0.47 ^ _2010_/X (sky130_fd_sc_hd__a211o_1)
                                         _0083_ (net)
                  0.03    0.00    0.47 ^ _3262_/D (sky130_fd_sc_hd__dfxtp_1)
                                  0.47   data arrival time

                  0.15    0.00    0.00   clock clk (rise edge)
                          0.00    0.00   clock network delay (ideal)
                          0.25    0.25   clock uncertainty
                          0.00    0.25   clock reconvergence pessimism
                                  0.25 ^ _3262_/CLK (sky130_fd_sc_hd__dfxtp_1)
                         -0.01    0.24   library hold time
                                  0.24   data required time
-----------------------------------------------------------------------------
                                  0.24   data required time
                                 -0.47   data arrival time
-----------------------------------------------------------------------------
                                  0.24   slack (MET)


Startpoint: _3263_ (rising edge-triggered flip-flop clocked by clk)
Endpoint: _3263_ (rising edge-triggered flip-flop clocked by clk)
Path Group: clk
Path Type: min

Fanout     Cap    Slew   Delay    Time   Description
-----------------------------------------------------------------------------
                  0.15    0.00    0.00   clock clk (rise edge)
                          0.00    0.00   clock network delay (ideal)
                  0.15    0.00    0.00 ^ _3263_/CLK (sky130_fd_sc_hd__dfxtp_1)
     3    0.01    0.10    0.36    0.36 ^ _3263_/Q (sky130_fd_sc_hd__dfxtp_1)
                                         user_peripheral.crc_reg[13] (net)
                  0.10    0.00    0.36 ^ _2012_/A1 (sky130_fd_sc_hd__a211o_1)
     1    0.00    0.03    0.11    0.47 ^ _2012_/X (sky130_fd_sc_hd__a211o_1)
                                         _0084_ (net)
                  0.03    0.00    0.47 ^ _3263_/D (sky130_fd_sc_hd__dfxtp_1)
                                  0.47   data arrival time

                  0.15    0.00    0.00   clock clk (rise edge)
                          0.00    0.00   clock network delay (ideal)
                          0.25    0.25   clock uncertainty
                          0.00    0.25   clock reconvergence pessimism
                                  0.25 ^ _3263_/CLK (sky130_fd_sc_hd__dfxtp_1)
                         -0.01    0.24   library hold time
                                  0.24   data required time
-----------------------------------------------------------------------------
                                  0.24   data required time
                                 -0.47   data arrival time
-----------------------------------------------------------------------------
                                  0.24   slack (MET)


Startpoint: _3264_ (rising edge-triggered flip-flop clocked by clk)
Endpoint: _3264_ (rising edge-triggered flip-flop clocked by clk)
Path Group: clk
Path Type: min

Fanout     Cap    Slew   Delay    Time   Description
-----------------------------------------------------------------------------
                  0.15    0.00    0.00   clock clk (rise edge)
                          0.00    0.00   clock network delay (ideal)
                  0.15    0.00    0.00 ^ _3264_/CLK (sky130_fd_sc_hd__dfxtp_1)
     3    0.01    0.10    0.36    0.36 ^ _3264_/Q (sky130_fd_sc_hd__dfxtp_1)
                                         user_peripheral.crc_reg[14] (net)
                  0.10    0.00    0.36 ^ _2014_/A1 (sky130_fd_sc_hd__a211o_1)
     1    0.00    0.03    0.11    0.47 ^ _2014_/X (sky130_fd_sc_hd__a211o_1)
                                         _0085_ (net)
                  0.03    0.00    0.47 ^ _3264_/D (sky130_fd_sc_hd__dfxtp_1)
                                  0.47   data arrival time

                  0.15    0.00    0.00   clock clk (rise edge)
                          0.00    0.00   clock network delay (ideal)
                          0.25    0.25   clock uncertainty
                          0.00    0.25   clock reconvergence pessimism
                                  0.25 ^ _3264_/CLK (sky130_fd_sc_hd__dfxtp_1)
                         -0.01    0.24   library hold time
                                  0.24   data required time
-----------------------------------------------------------------------------
                                  0.24   data required time
                                 -0.47   data arrival time
-----------------------------------------------------------------------------
                                  0.24   slack (MET)


Startpoint: _3273_ (rising edge-triggered flip-flop clocked by clk)
Endpoint: _3273_ (rising edge-triggered flip-flop clocked by clk)
Path Group: clk
Path Type: min

Fanout     Cap    Slew   Delay    Time   Description
-----------------------------------------------------------------------------
                  0.15    0.00    0.00   clock clk (rise edge)
                          0.00    0.00   clock network delay (ideal)
                  0.15    0.00    0.00 ^ _3273_/CLK (sky130_fd_sc_hd__dfxtp_1)
     2    0.01    0.06    0.34    0.34 ^ _3273_/Q (sky130_fd_sc_hd__dfxtp_1)
                                         user_peripheral.rx_hold[7] (net)
                  0.06    0.00    0.34 ^ _2090_/A1 (sky130_fd_sc_hd__o211a_1)
     1    0.00    0.04    0.14    0.47 ^ _2090_/X (sky130_fd_sc_hd__o211a_1)
                                         _0094_ (net)
                  0.04    0.00    0.47 ^ _3273_/D (sky130_fd_sc_hd__dfxtp_1)
                                  0.47   data arrival time

                  0.15    0.00    0.00   clock clk (rise edge)
                          0.00    0.00   clock network delay (ideal)
                          0.25    0.25   clock uncertainty
                          0.00    0.25   clock reconvergence pessimism
                                  0.25 ^ _3273_/CLK (sky130_fd_sc_hd__dfxtp_1)
                         -0.02    0.23   library hold time
                                  0.23   data required time
-----------------------------------------------------------------------------
                                  0.23   data required time
                                 -0.47   data arrival time
-----------------------------------------------------------------------------
                                  0.24   slack (MET)


Startpoint: _3343_ (rising edge-triggered flip-flop clocked by clk)
Endpoint: _3343_ (rising edge-triggered flip-flop clocked by clk)
Path Group: clk
Path Type: min

Fanout     Cap    Slew   Delay    Time   Description
-----------------------------------------------------------------------------
                  0.15    0.00    0.00   clock clk (rise edge)
                          0.00    0.00   clock network delay (ideal)
                  0.15    0.00    0.00 ^ _3343_/CLK (sky130_fd_sc_hd__dfxtp_1)
     2    0.01    0.07    0.34    0.34 ^ _3343_/Q (sky130_fd_sc_hd__dfxtp_1)
                                         user_peripheral.tx_shift[13] (net)
                  0.07    0.00    0.34 ^ _2467_/A1 (sky130_fd_sc_hd__o211a_1)
     1    0.00    0.04    0.14    0.47 ^ _2467_/X (sky130_fd_sc_hd__o211a_1)
                                         _0164_ (net)
                  0.04    0.00    0.47 ^ _3343_/D (sky130_fd_sc_hd__dfxtp_1)
                                  0.47   data arrival time

                  0.15    0.00    0.00   clock clk (rise edge)
                          0.00    0.00   clock network delay (ideal)
                          0.25    0.25   clock uncertainty
                          0.00    0.25   clock reconvergence pessimism
                                  0.25 ^ _3343_/CLK (sky130_fd_sc_hd__dfxtp_1)
                         -0.02    0.23   library hold time
                                  0.23   data required time
-----------------------------------------------------------------------------
                                  0.23   data required time
                                 -0.47   data arrival time
-----------------------------------------------------------------------------
                                  0.24   slack (MET)


Startpoint: _3297_ (rising edge-triggered flip-flop clocked by clk)
Endpoint: _3297_ (rising edge-triggered flip-flop clocked by clk)
Path Group: clk
Path Type: min

Fanout     Cap    Slew   Delay    Time   Description
-----------------------------------------------------------------------------
                  0.15    0.00    0.00   clock clk (rise edge)
                          0.00    0.00   clock network delay (ideal)
                  0.15    0.00    0.00 ^ _3297_/CLK (sky130_fd_sc_hd__dfxtp_1)
     2    0.01    0.07    0.34    0.34 ^ _3297_/Q (sky130_fd_sc_hd__dfxtp_1)
                                         user_peripheral.rx_hold[31] (net)
                  0.07    0.00    0.34 ^ _2181_/A1 (sky130_fd_sc_hd__o211a_1)
     1    0.00    0.03    0.14    0.47 ^ _2181_/X (sky130_fd_sc_hd__o211a_1)
                                         _0118_ (net)
                  0.03    0.00    0.47 ^ _3297_/D (sky130_fd_sc_hd__dfxtp_1)
                                  0.47   data arrival time

                  0.15    0.00    0.00   clock clk (rise edge)
                          0.00    0.00   clock network delay (ideal)
                          0.25    0.25   clock uncertainty
                          0.00    0.25   clock reconvergence pessimism
                                  0.25 ^ _3297_/CLK (sky130_fd_sc_hd__dfxtp_1)
                         -0.02    0.23   library hold time
                                  0.23   data required time
-----------------------------------------------------------------------------
                                  0.23   data required time
                                 -0.47   data arrival time
-----------------------------------------------------------------------------
                                  0.24   slack (MET)


Startpoint: _3256_ (rising edge-triggered flip-flop clocked by clk)
Endpoint: _3256_ (rising edge-triggered flip-flop clocked by clk)
Path Group: clk
Path Type: min

Fanout     Cap    Slew   Delay    Time   Description
-----------------------------------------------------------------------------
                  0.15    0.00    0.00   clock clk (rise edge)
                          0.00    0.00   clock network delay (ideal)
                  0.15    0.00    0.00 ^ _3256_/CLK (sky130_fd_sc_hd__dfxtp_1)
     3    0.01    0.10    0.36    0.36 ^ _3256_/Q (sky130_fd_sc_hd__dfxtp_1)
                                         user_peripheral.crc_reg[6] (net)
                  0.10    0.00    0.36 ^ _1996_/A1 (sky130_fd_sc_hd__a211o_1)
     1    0.00    0.03    0.11    0.47 ^ _1996_/X (sky130_fd_sc_hd__a211o_1)
                                         _0077_ (net)
                  0.03    0.00    0.48 ^ _3256_/D (sky130_fd_sc_hd__dfxtp_1)
                                  0.48   data arrival time

                  0.15    0.00    0.00   clock clk (rise edge)
                          0.00    0.00   clock network delay (ideal)
                          0.25    0.25   clock uncertainty
                          0.00    0.25   clock reconvergence pessimism
                                  0.25 ^ _3256_/CLK (sky130_fd_sc_hd__dfxtp_1)
                         -0.01    0.24   library hold time
                                  0.24   data required time
-----------------------------------------------------------------------------
                                  0.24   data required time
                                 -0.48   data arrival time
-----------------------------------------------------------------------------
                                  0.24   slack (MET)


Startpoint: _3344_ (rising edge-triggered flip-flop clocked by clk)
Endpoint: _3344_ (rising edge-triggered flip-flop clocked by clk)
Path Group: clk
Path Type: min

Fanout     Cap    Slew   Delay    Time   Description
-----------------------------------------------------------------------------
                  0.15    0.00    0.00   clock clk (rise edge)
                          0.00    0.00   clock network delay (ideal)
                  0.15    0.00    0.00 ^ _3344_/CLK (sky130_fd_sc_hd__dfxtp_1)
     2    0.01    0.06    0.34    0.34 ^ _3344_/Q (sky130_fd_sc_hd__dfxtp_1)
                                         user_peripheral.tx_shift[14] (net)
                  0.06    0.00    0.34 ^ _2479_/A1 (sky130_fd_sc_hd__o211a_1)
     1    0.00    0.04    0.14    0.47 ^ _2479_/X (sky130_fd_sc_hd__o211a_1)
                                         _0165_ (net)
                  0.04    0.00    0.47 ^ _3344_/D (sky130_fd_sc_hd__dfxtp_1)
                                  0.47   data arrival time

                  0.15    0.00    0.00   clock clk (rise edge)
                          0.00    0.00   clock network delay (ideal)
                          0.25    0.25   clock uncertainty
                          0.00    0.25   clock reconvergence pessimism
                                  0.25 ^ _3344_/CLK (sky130_fd_sc_hd__dfxtp_1)
                         -0.02    0.23   library hold time
                                  0.23   data required time
-----------------------------------------------------------------------------
                                  0.23   data required time
                                 -0.47   data arrival time
-----------------------------------------------------------------------------
                                  0.24   slack (MET)


Startpoint: _3332_ (rising edge-triggered flip-flop clocked by clk)
Endpoint: _3332_ (rising edge-triggered flip-flop clocked by clk)
Path Group: clk
Path Type: min

Fanout     Cap    Slew   Delay    Time   Description
-----------------------------------------------------------------------------
                  0.15    0.00    0.00   clock clk (rise edge)
                          0.00    0.00   clock network delay (ideal)
                  0.15    0.00    0.00 ^ _3332_/CLK (sky130_fd_sc_hd__dfxtp_1)
     2    0.01    0.07    0.34    0.34 ^ _3332_/Q (sky130_fd_sc_hd__dfxtp_1)
                                         user_peripheral.tx_shift[2] (net)
                  0.07    0.00    0.34 ^ _2320_/A1 (sky130_fd_sc_hd__o211a_1)
     1    0.00    0.04    0.14    0.47 ^ _2320_/X (sky130_fd_sc_hd__o211a_1)
                                         _0153_ (net)
                  0.04    0.00    0.47 ^ _3332_/D (sky130_fd_sc_hd__dfxtp_1)
                                  0.47   data arrival time

                  0.15    0.00    0.00   clock clk (rise edge)
                          0.00    0.00   clock network delay (ideal)
                          0.25    0.25   clock uncertainty
                          0.00    0.25   clock reconvergence pessimism
                                  0.25 ^ _3332_/CLK (sky130_fd_sc_hd__dfxtp_1)
                         -0.02    0.23   library hold time
                                  0.23   data required time
-----------------------------------------------------------------------------
                                  0.23   data required time
                                 -0.47   data arrival time
-----------------------------------------------------------------------------
                                  0.24   slack (MET)


Startpoint: _3339_ (rising edge-triggered flip-flop clocked by clk)
Endpoint: _3339_ (rising edge-triggered flip-flop clocked by clk)
Path Group: clk
Path Type: min

Fanout     Cap    Slew   Delay    Time   Description
-----------------------------------------------------------------------------
                  0.15    0.00    0.00   clock clk (rise edge)
                          0.00    0.00   clock network delay (ideal)
                  0.15    0.00    0.00 ^ _3339_/CLK (sky130_fd_sc_hd__dfxtp_1)
     2    0.01    0.07    0.34    0.34 ^ _3339_/Q (sky130_fd_sc_hd__dfxtp_1)
                                         user_peripheral.tx_shift[9] (net)
                  0.07    0.00    0.34 ^ _2411_/A1 (sky130_fd_sc_hd__o211a_1)
     1    0.00    0.04    0.14    0.47 ^ _2411_/X (sky130_fd_sc_hd__o211a_1)
                                         _0160_ (net)
                  0.04    0.00    0.47 ^ _3339_/D (sky130_fd_sc_hd__dfxtp_1)
                                  0.47   data arrival time

                  0.15    0.00    0.00   clock clk (rise edge)
                          0.00    0.00   clock network delay (ideal)
                          0.25    0.25   clock uncertainty
                          0.00    0.25   clock reconvergence pessimism
                                  0.25 ^ _3339_/CLK (sky130_fd_sc_hd__dfxtp_1)
                         -0.02    0.23   library hold time
                                  0.23   data required time
-----------------------------------------------------------------------------
                                  0.23   data required time
                                 -0.47   data arrival time
-----------------------------------------------------------------------------
                                  0.24   slack (MET)


Startpoint: _3277_ (rising edge-triggered flip-flop clocked by clk)
Endpoint: _3277_ (rising edge-triggered flip-flop clocked by clk)
Path Group: clk
Path Type: min

Fanout     Cap    Slew   Delay    Time   Description
-----------------------------------------------------------------------------
                  0.15    0.00    0.00   clock clk (rise edge)
                          0.00    0.00   clock network delay (ideal)
                  0.15    0.00    0.00 ^ _3277_/CLK (sky130_fd_sc_hd__dfxtp_1)
     2    0.01    0.07    0.34    0.34 ^ _3277_/Q (sky130_fd_sc_hd__dfxtp_1)
                                         user_peripheral.rx_hold[11] (net)
                  0.07    0.00    0.34 ^ _2109_/A1 (sky130_fd_sc_hd__o211a_1)
     1    0.00    0.04    0.14    0.47 ^ _2109_/X (sky130_fd_sc_hd__o211a_1)
                                         _0098_ (net)
                  0.04    0.00    0.47 ^ _3277_/D (sky130_fd_sc_hd__dfxtp_1)
                                  0.47   data arrival time

                  0.15    0.00    0.00   clock clk (rise edge)
                          0.00    0.00   clock network delay (ideal)
                          0.25    0.25   clock uncertainty
                          0.00    0.25   clock reconvergence pessimism
                                  0.25 ^ _3277_/CLK (sky130_fd_sc_hd__dfxtp_1)
                         -0.02    0.23   library hold time
                                  0.23   data required time
-----------------------------------------------------------------------------
                                  0.23   data required time
                                 -0.47   data arrival time
-----------------------------------------------------------------------------
                                  0.24   slack (MET)


Startpoint: _3272_ (rising edge-triggered flip-flop clocked by clk)
Endpoint: _3272_ (rising edge-triggered flip-flop clocked by clk)
Path Group: clk
Path Type: min

Fanout     Cap    Slew   Delay    Time   Description
-----------------------------------------------------------------------------
                  0.15    0.00    0.00   clock clk (rise edge)
                          0.00    0.00   clock network delay (ideal)
                  0.15    0.00    0.00 ^ _3272_/CLK (sky130_fd_sc_hd__dfxtp_1)
     2    0.01    0.07    0.34    0.34 ^ _3272_/Q (sky130_fd_sc_hd__dfxtp_1)
                                         user_peripheral.rx_hold[6] (net)
                  0.07    0.00    0.34 ^ _2084_/A1 (sky130_fd_sc_hd__o211a_1)
     1    0.00    0.04    0.14    0.47 ^ _2084_/X (sky130_fd_sc_hd__o211a_1)
                                         _0093_ (net)
                  0.04    0.00    0.47 ^ _3272_/D (sky130_fd_sc_hd__dfxtp_1)
                                  0.47   data arrival time

                  0.15    0.00    0.00   clock clk (rise edge)
                          0.00    0.00   clock network delay (ideal)
                          0.25    0.25   clock uncertainty
                          0.00    0.25   clock reconvergence pessimism
                                  0.25 ^ _3272_/CLK (sky130_fd_sc_hd__dfxtp_1)
                         -0.02    0.23   library hold time
                                  0.23   data required time
-----------------------------------------------------------------------------
                                  0.23   data required time
                                 -0.47   data arrival time
-----------------------------------------------------------------------------
                                  0.24   slack (MET)


Startpoint: _3274_ (rising edge-triggered flip-flop clocked by clk)
Endpoint: _3274_ (rising edge-triggered flip-flop clocked by clk)
Path Group: clk
Path Type: min

Fanout     Cap    Slew   Delay    Time   Description
-----------------------------------------------------------------------------
                  0.15    0.00    0.00   clock clk (rise edge)
                          0.00    0.00   clock network delay (ideal)
                  0.15    0.00    0.00 ^ _3274_/CLK (sky130_fd_sc_hd__dfxtp_1)
     2    0.01    0.06    0.34    0.34 ^ _3274_/Q (sky130_fd_sc_hd__dfxtp_1)
                                         user_peripheral.rx_hold[8] (net)
                  0.06    0.00    0.34 ^ _2095_/A1 (sky130_fd_sc_hd__o211a_1)
     1    0.00    0.04    0.14    0.47 ^ _2095_/X (sky130_fd_sc_hd__o211a_1)
                                         _0095_ (net)
                  0.04    0.00    0.47 ^ _3274_/D (sky130_fd_sc_hd__dfxtp_1)
                                  0.47   data arrival time

                  0.15    0.00    0.00   clock clk (rise edge)
                          0.00    0.00   clock network delay (ideal)
                          0.25    0.25   clock uncertainty
                          0.00    0.25   clock reconvergence pessimism
                                  0.25 ^ _3274_/CLK (sky130_fd_sc_hd__dfxtp_1)
                         -0.02    0.23   library hold time
                                  0.23   data required time
-----------------------------------------------------------------------------
                                  0.23   data required time
                                 -0.47   data arrival time
-----------------------------------------------------------------------------
                                  0.24   slack (MET)


Startpoint: _3296_ (rising edge-triggered flip-flop clocked by clk)
Endpoint: _3296_ (rising edge-triggered flip-flop clocked by clk)
Path Group: clk
Path Type: min

Fanout     Cap    Slew   Delay    Time   Description
-----------------------------------------------------------------------------
                  0.15    0.00    0.00   clock clk (rise edge)
                          0.00    0.00   clock network delay (ideal)
                  0.15    0.00    0.00 ^ _3296_/CLK (sky130_fd_sc_hd__dfxtp_1)
     2    0.01    0.07    0.34    0.34 ^ _3296_/Q (sky130_fd_sc_hd__dfxtp_1)
                                         user_peripheral.rx_hold[30] (net)
                  0.07    0.00    0.34 ^ _2178_/A1 (sky130_fd_sc_hd__o211a_1)
     1    0.00    0.04    0.14    0.47 ^ _2178_/X (sky130_fd_sc_hd__o211a_1)
                                         _0117_ (net)
                  0.04    0.00    0.47 ^ _3296_/D (sky130_fd_sc_hd__dfxtp_1)
                                  0.47   data arrival time

                  0.15    0.00    0.00   clock clk (rise edge)
                          0.00    0.00   clock network delay (ideal)
                          0.25    0.25   clock uncertainty
                          0.00    0.25   clock reconvergence pessimism
                                  0.25 ^ _3296_/CLK (sky130_fd_sc_hd__dfxtp_1)
                         -0.02    0.23   library hold time
                                  0.23   data required time
-----------------------------------------------------------------------------
                                  0.23   data required time
                                 -0.47   data arrival time
-----------------------------------------------------------------------------
                                  0.24   slack (MET)


Startpoint: _3464_ (rising edge-triggered flip-flop clocked by clk)
Endpoint: _3464_ (rising edge-triggered flip-flop clocked by clk)
Path Group: clk
Path Type: min

Fanout     Cap    Slew   Delay    Time   Description
-----------------------------------------------------------------------------
                  0.15    0.00    0.00   clock clk (rise edge)
                          0.00    0.00   clock network delay (ideal)
                  0.15    0.00    0.00 ^ _3464_/CLK (sky130_fd_sc_hd__dfrtp_1)
     4    0.01    0.12    0.40    0.40 ^ _3464_/Q (sky130_fd_sc_hd__dfrtp_1)
                                         i_spi_reg.buffer_counter[5] (net)
                  0.12    0.00    0.40 ^ _3036_/A1 (sky130_fd_sc_hd__o21ai_1)
     1    0.00    0.03    0.08    0.47 v _3036_/Y (sky130_fd_sc_hd__o21ai_1)
                                         _0276_ (net)
                  0.03    0.00    0.47 v _3464_/D (sky130_fd_sc_hd__dfrtp_1)
                                  0.47   data arrival time

                  0.15    0.00    0.00   clock clk (rise edge)
                          0.00    0.00   clock network delay (ideal)
                          0.25    0.25   clock uncertainty
                          0.00    0.25   clock reconvergence pessimism
                                  0.25 ^ _3464_/CLK (sky130_fd_sc_hd__dfrtp_1)
                         -0.02    0.23   library hold time
                                  0.23   data required time
-----------------------------------------------------------------------------
                                  0.23   data required time
                                 -0.47   data arrival time
-----------------------------------------------------------------------------
                                  0.24   slack (MET)


Startpoint: _3345_ (rising edge-triggered flip-flop clocked by clk)
Endpoint: _3345_ (rising edge-triggered flip-flop clocked by clk)
Path Group: clk
Path Type: min

Fanout     Cap    Slew   Delay    Time   Description
-----------------------------------------------------------------------------
                  0.15    0.00    0.00   clock clk (rise edge)
                          0.00    0.00   clock network delay (ideal)
                  0.15    0.00    0.00 ^ _3345_/CLK (sky130_fd_sc_hd__dfxtp_1)
     2    0.01    0.07    0.34    0.34 ^ _3345_/Q (sky130_fd_sc_hd__dfxtp_1)
                                         user_peripheral.tx_shift[15] (net)
                  0.07    0.00    0.34 ^ _2492_/A1 (sky130_fd_sc_hd__o211a_1)
     1    0.00    0.04    0.14    0.48 ^ _2492_/X (sky130_fd_sc_hd__o211a_1)
                                         _0166_ (net)
                  0.04    0.00    0.48 ^ _3345_/D (sky130_fd_sc_hd__dfxtp_1)
                                  0.48   data arrival time

                  0.15    0.00    0.00   clock clk (rise edge)
                          0.00    0.00   clock network delay (ideal)
                          0.25    0.25   clock uncertainty
                          0.00    0.25   clock reconvergence pessimism
                                  0.25 ^ _3345_/CLK (sky130_fd_sc_hd__dfxtp_1)
                         -0.02    0.23   library hold time
                                  0.23   data required time
-----------------------------------------------------------------------------
                                  0.23   data required time
                                 -0.48   data arrival time
-----------------------------------------------------------------------------
                                  0.24   slack (MET)


Startpoint: _3340_ (rising edge-triggered flip-flop clocked by clk)
Endpoint: _3340_ (rising edge-triggered flip-flop clocked by clk)
Path Group: clk
Path Type: min

Fanout     Cap    Slew   Delay    Time   Description
-----------------------------------------------------------------------------
                  0.15    0.00    0.00   clock clk (rise edge)
                          0.00    0.00   clock network delay (ideal)
                  0.15    0.00    0.00 ^ _3340_/CLK (sky130_fd_sc_hd__dfxtp_1)
     2    0.01    0.07    0.34    0.34 ^ _3340_/Q (sky130_fd_sc_hd__dfxtp_1)
                                         user_peripheral.tx_shift[10] (net)
                  0.07    0.00    0.34 ^ _2424_/A1 (sky130_fd_sc_hd__o211a_1)
     1    0.00    0.04    0.14    0.48 ^ _2424_/X (sky130_fd_sc_hd__o211a_1)
                                         _0161_ (net)
                  0.04    0.00    0.48 ^ _3340_/D (sky130_fd_sc_hd__dfxtp_1)
                                  0.48   data arrival time

                  0.15    0.00    0.00   clock clk (rise edge)
                          0.00    0.00   clock network delay (ideal)
                          0.25    0.25   clock uncertainty
                          0.00    0.25   clock reconvergence pessimism
                                  0.25 ^ _3340_/CLK (sky130_fd_sc_hd__dfxtp_1)
                         -0.02    0.23   library hold time
                                  0.23   data required time
-----------------------------------------------------------------------------
                                  0.23   data required time
                                 -0.48   data arrival time
-----------------------------------------------------------------------------
                                  0.24   slack (MET)


Startpoint: _3275_ (rising edge-triggered flip-flop clocked by clk)
Endpoint: _3275_ (rising edge-triggered flip-flop clocked by clk)
Path Group: clk
Path Type: min

Fanout     Cap    Slew   Delay    Time   Description
-----------------------------------------------------------------------------
                  0.15    0.00    0.00   clock clk (rise edge)
                          0.00    0.00   clock network delay (ideal)
                  0.15    0.00    0.00 ^ _3275_/CLK (sky130_fd_sc_hd__dfxtp_1)
     2    0.01    0.07    0.34    0.34 ^ _3275_/Q (sky130_fd_sc_hd__dfxtp_1)
                                         user_peripheral.rx_hold[9] (net)
                  0.07    0.00    0.34 ^ _2100_/A1 (sky130_fd_sc_hd__o211a_1)
     1    0.00    0.04    0.14    0.48 ^ _2100_/X (sky130_fd_sc_hd__o211a_1)
                                         _0096_ (net)
                  0.04    0.00    0.48 ^ _3275_/D (sky130_fd_sc_hd__dfxtp_1)
                                  0.48   data arrival time

                  0.15    0.00    0.00   clock clk (rise edge)
                          0.00    0.00   clock network delay (ideal)
                          0.25    0.25   clock uncertainty
                          0.00    0.25   clock reconvergence pessimism
                                  0.25 ^ _3275_/CLK (sky130_fd_sc_hd__dfxtp_1)
                         -0.02    0.23   library hold time
                                  0.23   data required time
-----------------------------------------------------------------------------
                                  0.23   data required time
                                 -0.48   data arrival time
-----------------------------------------------------------------------------
                                  0.24   slack (MET)


Startpoint: _3270_ (rising edge-triggered flip-flop clocked by clk)
Endpoint: _3270_ (rising edge-triggered flip-flop clocked by clk)
Path Group: clk
Path Type: min

Fanout     Cap    Slew   Delay    Time   Description
-----------------------------------------------------------------------------
                  0.15    0.00    0.00   clock clk (rise edge)
                          0.00    0.00   clock network delay (ideal)
                  0.15    0.00    0.00 ^ _3270_/CLK (sky130_fd_sc_hd__dfxtp_1)
     2    0.01    0.07    0.34    0.34 ^ _3270_/Q (sky130_fd_sc_hd__dfxtp_1)
                                         user_peripheral.rx_hold[4] (net)
                  0.07    0.00    0.34 ^ _2072_/A1 (sky130_fd_sc_hd__o211a_1)
     1    0.00    0.03    0.14    0.48 ^ _2072_/X (sky130_fd_sc_hd__o211a_1)
                                         _0091_ (net)
                  0.03    0.00    0.48 ^ _3270_/D (sky130_fd_sc_hd__dfxtp_1)
                                  0.48   data arrival time

                  0.15    0.00    0.00   clock clk (rise edge)
                          0.00    0.00   clock network delay (ideal)
                          0.25    0.25   clock uncertainty
                          0.00    0.25   clock reconvergence pessimism
                                  0.25 ^ _3270_/CLK (sky130_fd_sc_hd__dfxtp_1)
                         -0.02    0.23   library hold time
                                  0.23   data required time
-----------------------------------------------------------------------------
                                  0.23   data required time
                                 -0.48   data arrival time
-----------------------------------------------------------------------------
                                  0.24   slack (MET)


Startpoint: _3292_ (rising edge-triggered flip-flop clocked by clk)
Endpoint: _3292_ (rising edge-triggered flip-flop clocked by clk)
Path Group: clk
Path Type: min

Fanout     Cap    Slew   Delay    Time   Description
-----------------------------------------------------------------------------
                  0.15    0.00    0.00   clock clk (rise edge)
                          0.00    0.00   clock network delay (ideal)
                  0.15    0.00    0.00 ^ _3292_/CLK (sky130_fd_sc_hd__dfxtp_1)
     2    0.01    0.07    0.34    0.34 ^ _3292_/Q (sky130_fd_sc_hd__dfxtp_1)
                                         user_peripheral.rx_hold[26] (net)
                  0.07    0.00    0.34 ^ _2165_/A1 (sky130_fd_sc_hd__o211a_1)
     1    0.00    0.04    0.14    0.48 ^ _2165_/X (sky130_fd_sc_hd__o211a_1)
                                         _0113_ (net)
                  0.04    0.00    0.48 ^ _3292_/D (sky130_fd_sc_hd__dfxtp_1)
                                  0.48   data arrival time

                  0.15    0.00    0.00   clock clk (rise edge)
                          0.00    0.00   clock network delay (ideal)
                          0.25    0.25   clock uncertainty
                          0.00    0.25   clock reconvergence pessimism
                                  0.25 ^ _3292_/CLK (sky130_fd_sc_hd__dfxtp_1)
                         -0.02    0.23   library hold time
                                  0.23   data required time
-----------------------------------------------------------------------------
                                  0.23   data required time
                                 -0.48   data arrival time
-----------------------------------------------------------------------------
                                  0.24   slack (MET)


Startpoint: _3260_ (rising edge-triggered flip-flop clocked by clk)
Endpoint: _3260_ (rising edge-triggered flip-flop clocked by clk)
Path Group: clk
Path Type: min

Fanout     Cap    Slew   Delay    Time   Description
-----------------------------------------------------------------------------
                  0.15    0.00    0.00   clock clk (rise edge)
                          0.00    0.00   clock network delay (ideal)
                  0.15    0.00    0.00 ^ _3260_/CLK (sky130_fd_sc_hd__dfxtp_1)
     3    0.01    0.10    0.36    0.36 ^ _3260_/Q (sky130_fd_sc_hd__dfxtp_1)
                                         user_peripheral.crc_reg[10] (net)
                  0.10    0.00    0.36 ^ _2004_/A1 (sky130_fd_sc_hd__a211o_1)
     1    0.00    0.03    0.11    0.48 ^ _2004_/X (sky130_fd_sc_hd__a211o_1)
                                         _0081_ (net)
                  0.03    0.00    0.48 ^ _3260_/D (sky130_fd_sc_hd__dfxtp_1)
                                  0.48   data arrival time

                  0.15    0.00    0.00   clock clk (rise edge)
                          0.00    0.00   clock network delay (ideal)
                          0.25    0.25   clock uncertainty
                          0.00    0.25   clock reconvergence pessimism
                                  0.25 ^ _3260_/CLK (sky130_fd_sc_hd__dfxtp_1)
                         -0.01    0.24   library hold time
                                  0.24   data required time
-----------------------------------------------------------------------------
                                  0.24   data required time
                                 -0.48   data arrival time
-----------------------------------------------------------------------------
                                  0.24   slack (MET)


Startpoint: _3331_ (rising edge-triggered flip-flop clocked by clk)
Endpoint: _3331_ (rising edge-triggered flip-flop clocked by clk)
Path Group: clk
Path Type: min

Fanout     Cap    Slew   Delay    Time   Description
-----------------------------------------------------------------------------
                  0.15    0.00    0.00   clock clk (rise edge)
                          0.00    0.00   clock network delay (ideal)
                  0.15    0.00    0.00 ^ _3331_/CLK (sky130_fd_sc_hd__dfxtp_1)
     2    0.01    0.07    0.34    0.34 ^ _3331_/Q (sky130_fd_sc_hd__dfxtp_1)
                                         user_peripheral.tx_shift[1] (net)
                  0.07    0.00    0.34 ^ _2301_/A1 (sky130_fd_sc_hd__o211a_1)
     1    0.00    0.04    0.14    0.48 ^ _2301_/X (sky130_fd_sc_hd__o211a_1)
                                         _0152_ (net)
                  0.04    0.00    0.48 ^ _3331_/D (sky130_fd_sc_hd__dfxtp_1)
                                  0.48   data arrival time

                  0.15    0.00    0.00   clock clk (rise edge)
                          0.00    0.00   clock network delay (ideal)
                          0.25    0.25   clock uncertainty
                          0.00    0.25   clock reconvergence pessimism
                                  0.25 ^ _3331_/CLK (sky130_fd_sc_hd__dfxtp_1)
                         -0.02    0.23   library hold time
                                  0.23   data required time
-----------------------------------------------------------------------------
                                  0.23   data required time
                                 -0.48   data arrival time
-----------------------------------------------------------------------------
                                  0.24   slack (MET)


Startpoint: _3258_ (rising edge-triggered flip-flop clocked by clk)
Endpoint: _3258_ (rising edge-triggered flip-flop clocked by clk)
Path Group: clk
Path Type: min

Fanout     Cap    Slew   Delay    Time   Description
-----------------------------------------------------------------------------
                  0.15    0.00    0.00   clock clk (rise edge)
                          0.00    0.00   clock network delay (ideal)
                  0.15    0.00    0.00 ^ _3258_/CLK (sky130_fd_sc_hd__dfxtp_1)
     3    0.01    0.10    0.36    0.36 ^ _3258_/Q (sky130_fd_sc_hd__dfxtp_1)
                                         user_peripheral.crc_reg[8] (net)
                  0.10    0.00    0.36 ^ _2000_/A1 (sky130_fd_sc_hd__a211o_1)
     1    0.00    0.03    0.11    0.48 ^ _2000_/X (sky130_fd_sc_hd__a211o_1)
                                         _0079_ (net)
                  0.03    0.00    0.48 ^ _3258_/D (sky130_fd_sc_hd__dfxtp_1)
                                  0.48   data arrival time

                  0.15    0.00    0.00   clock clk (rise edge)
                          0.00    0.00   clock network delay (ideal)
                          0.25    0.25   clock uncertainty
                          0.00    0.25   clock reconvergence pessimism
                                  0.25 ^ _3258_/CLK (sky130_fd_sc_hd__dfxtp_1)
                         -0.01    0.24   library hold time
                                  0.24   data required time
-----------------------------------------------------------------------------
                                  0.24   data required time
                                 -0.48   data arrival time
-----------------------------------------------------------------------------
                                  0.24   slack (MET)


Startpoint: _3342_ (rising edge-triggered flip-flop clocked by clk)
Endpoint: _3342_ (rising edge-triggered flip-flop clocked by clk)
Path Group: clk
Path Type: min

Fanout     Cap    Slew   Delay    Time   Description
-----------------------------------------------------------------------------
                  0.15    0.00    0.00   clock clk (rise edge)
                          0.00    0.00   clock network delay (ideal)
                  0.15    0.00    0.00 ^ _3342_/CLK (sky130_fd_sc_hd__dfxtp_1)
     2    0.01    0.06    0.34    0.34 ^ _3342_/Q (sky130_fd_sc_hd__dfxtp_1)
                                         user_peripheral.tx_shift[12] (net)
                  0.06    0.00    0.34 ^ _2453_/A1 (sky130_fd_sc_hd__o211a_1)
     1    0.00    0.04    0.14    0.48 ^ _2453_/X (sky130_fd_sc_hd__o211a_1)
                                         _0163_ (net)
                  0.04    0.00    0.48 ^ _3342_/D (sky130_fd_sc_hd__dfxtp_1)
                                  0.48   data arrival time

                  0.15    0.00    0.00   clock clk (rise edge)
                          0.00    0.00   clock network delay (ideal)
                          0.25    0.25   clock uncertainty
                          0.00    0.25   clock reconvergence pessimism
                                  0.25 ^ _3342_/CLK (sky130_fd_sc_hd__dfxtp_1)
                         -0.02    0.23   library hold time
                                  0.23   data required time
-----------------------------------------------------------------------------
                                  0.23   data required time
                                 -0.48   data arrival time
-----------------------------------------------------------------------------
                                  0.24   slack (MET)


Startpoint: _3330_ (rising edge-triggered flip-flop clocked by clk)
Endpoint: _3330_ (rising edge-triggered flip-flop clocked by clk)
Path Group: clk
Path Type: min

Fanout     Cap    Slew   Delay    Time   Description
-----------------------------------------------------------------------------
                  0.15    0.00    0.00   clock clk (rise edge)
                          0.00    0.00   clock network delay (ideal)
                  0.15    0.00    0.00 ^ _3330_/CLK (sky130_fd_sc_hd__dfxtp_1)
     2    0.01    0.07    0.34    0.34 ^ _3330_/Q (sky130_fd_sc_hd__dfxtp_1)
                                         user_peripheral.tx_shift[0] (net)
                  0.07    0.00    0.34 ^ _2271_/A1 (sky130_fd_sc_hd__o211a_1)
     1    0.00    0.04    0.14    0.48 ^ _2271_/X (sky130_fd_sc_hd__o211a_1)
                                         _0151_ (net)
                  0.04    0.00    0.48 ^ _3330_/D (sky130_fd_sc_hd__dfxtp_1)
                                  0.48   data arrival time

                  0.15    0.00    0.00   clock clk (rise edge)
                          0.00    0.00   clock network delay (ideal)
                          0.25    0.25   clock uncertainty
                          0.00    0.25   clock reconvergence pessimism
                                  0.25 ^ _3330_/CLK (sky130_fd_sc_hd__dfxtp_1)
                         -0.02    0.23   library hold time
                                  0.23   data required time
-----------------------------------------------------------------------------
                                  0.23   data required time
                                 -0.48   data arrival time
-----------------------------------------------------------------------------
                                  0.24   slack (MET)


Startpoint: _3352_ (rising edge-triggered flip-flop clocked by clk)
Endpoint: _3352_ (rising edge-triggered flip-flop clocked by clk)
Path Group: clk
Path Type: min

Fanout     Cap    Slew   Delay    Time   Description
-----------------------------------------------------------------------------
                  0.15    0.00    0.00   clock clk (rise edge)
                          0.00    0.00   clock network delay (ideal)
                  0.15    0.00    0.00 ^ _3352_/CLK (sky130_fd_sc_hd__dfxtp_1)
     2    0.01    0.07    0.34    0.34 ^ _3352_/Q (sky130_fd_sc_hd__dfxtp_1)
                                         user_peripheral.tx_shift[22] (net)
                  0.07    0.00    0.34 ^ _2602_/A1 (sky130_fd_sc_hd__o211a_1)
     1    0.00    0.04    0.14    0.48 ^ _2602_/X (sky130_fd_sc_hd__o211a_1)
                                         _0173_ (net)
                  0.04    0.00    0.48 ^ _3352_/D (sky130_fd_sc_hd__dfxtp_1)
                                  0.48   data arrival time

                  0.15    0.00    0.00   clock clk (rise edge)
                          0.00    0.00   clock network delay (ideal)
                          0.25    0.25   clock uncertainty
                          0.00    0.25   clock reconvergence pessimism
                                  0.25 ^ _3352_/CLK (sky130_fd_sc_hd__dfxtp_1)
                         -0.02    0.23   library hold time
                                  0.23   data required time
-----------------------------------------------------------------------------
                                  0.23   data required time
                                 -0.48   data arrival time
-----------------------------------------------------------------------------
                                  0.24   slack (MET)


Startpoint: _3295_ (rising edge-triggered flip-flop clocked by clk)
Endpoint: _3295_ (rising edge-triggered flip-flop clocked by clk)
Path Group: clk
Path Type: min

Fanout     Cap    Slew   Delay    Time   Description
-----------------------------------------------------------------------------
                  0.15    0.00    0.00   clock clk (rise edge)
                          0.00    0.00   clock network delay (ideal)
                  0.15    0.00    0.00 ^ _3295_/CLK (sky130_fd_sc_hd__dfxtp_1)
     2    0.01    0.07    0.34    0.34 ^ _3295_/Q (sky130_fd_sc_hd__dfxtp_1)
                                         user_peripheral.rx_hold[29] (net)
                  0.07    0.00    0.34 ^ _2175_/A1 (sky130_fd_sc_hd__o211a_1)
     1    0.00    0.04    0.14    0.48 ^ _2175_/X (sky130_fd_sc_hd__o211a_1)
                                         _0116_ (net)
                  0.04    0.00    0.48 ^ _3295_/D (sky130_fd_sc_hd__dfxtp_1)
                                  0.48   data arrival time

                  0.15    0.00    0.00   clock clk (rise edge)
                          0.00    0.00   clock network delay (ideal)
                          0.25    0.25   clock uncertainty
                          0.00    0.25   clock reconvergence pessimism
                                  0.25 ^ _3295_/CLK (sky130_fd_sc_hd__dfxtp_1)
                         -0.02    0.23   library hold time
                                  0.23   data required time
-----------------------------------------------------------------------------
                                  0.23   data required time
                                 -0.48   data arrival time
-----------------------------------------------------------------------------
                                  0.24   slack (MET)


Startpoint: _3269_ (rising edge-triggered flip-flop clocked by clk)
Endpoint: _3269_ (rising edge-triggered flip-flop clocked by clk)
Path Group: clk
Path Type: min

Fanout     Cap    Slew   Delay    Time   Description
-----------------------------------------------------------------------------
                  0.15    0.00    0.00   clock clk (rise edge)
                          0.00    0.00   clock network delay (ideal)
                  0.15    0.00    0.00 ^ _3269_/CLK (sky130_fd_sc_hd__dfxtp_1)
     2    0.01    0.07    0.34    0.34 ^ _3269_/Q (sky130_fd_sc_hd__dfxtp_1)
                                         user_peripheral.rx_hold[3] (net)
                  0.07    0.00    0.34 ^ _2066_/A1 (sky130_fd_sc_hd__o211a_1)
     1    0.00    0.04    0.14    0.48 ^ _2066_/X (sky130_fd_sc_hd__o211a_1)
                                         _0090_ (net)
                  0.04    0.00    0.48 ^ _3269_/D (sky130_fd_sc_hd__dfxtp_1)
                                  0.48   data arrival time

                  0.15    0.00    0.00   clock clk (rise edge)
                          0.00    0.00   clock network delay (ideal)
                          0.25    0.25   clock uncertainty
                          0.00    0.25   clock reconvergence pessimism
                                  0.25 ^ _3269_/CLK (sky130_fd_sc_hd__dfxtp_1)
                         -0.02    0.23   library hold time
                                  0.23   data required time
-----------------------------------------------------------------------------
                                  0.23   data required time
                                 -0.48   data arrival time
-----------------------------------------------------------------------------
                                  0.24   slack (MET)


Startpoint: _3282_ (rising edge-triggered flip-flop clocked by clk)
Endpoint: _3282_ (rising edge-triggered flip-flop clocked by clk)
Path Group: clk
Path Type: min

Fanout     Cap    Slew   Delay    Time   Description
-----------------------------------------------------------------------------
                  0.15    0.00    0.00   clock clk (rise edge)
                          0.00    0.00   clock network delay (ideal)
                  0.15    0.00    0.00 ^ _3282_/CLK (sky130_fd_sc_hd__dfxtp_1)
     2    0.01    0.07    0.34    0.34 ^ _3282_/Q (sky130_fd_sc_hd__dfxtp_1)
                                         user_peripheral.rx_hold[16] (net)
                  0.07    0.00    0.34 ^ _2131_/A1 (sky130_fd_sc_hd__o211a_1)
     1    0.00    0.04    0.14    0.48 ^ _2131_/X (sky130_fd_sc_hd__o211a_1)
                                         _0103_ (net)
                  0.04    0.00    0.48 ^ _3282_/D (sky130_fd_sc_hd__dfxtp_1)
                                  0.48   data arrival time

                  0.15    0.00    0.00   clock clk (rise edge)
                          0.00    0.00   clock network delay (ideal)
                          0.25    0.25   clock uncertainty
                          0.00    0.25   clock reconvergence pessimism
                                  0.25 ^ _3282_/CLK (sky130_fd_sc_hd__dfxtp_1)
                         -0.02    0.23   library hold time
                                  0.23   data required time
-----------------------------------------------------------------------------
                                  0.23   data required time
                                 -0.48   data arrival time
-----------------------------------------------------------------------------
                                  0.24   slack (MET)


Startpoint: _3337_ (rising edge-triggered flip-flop clocked by clk)
Endpoint: _3337_ (rising edge-triggered flip-flop clocked by clk)
Path Group: clk
Path Type: min

Fanout     Cap    Slew   Delay    Time   Description
-----------------------------------------------------------------------------
                  0.15    0.00    0.00   clock clk (rise edge)
                          0.00    0.00   clock network delay (ideal)
                  0.15    0.00    0.00 ^ _3337_/CLK (sky130_fd_sc_hd__dfxtp_1)
     2    0.01    0.07    0.34    0.34 ^ _3337_/Q (sky130_fd_sc_hd__dfxtp_1)
                                         user_peripheral.tx_shift[7] (net)
                  0.07    0.00    0.34 ^ _2384_/A1 (sky130_fd_sc_hd__o211a_1)
     1    0.00    0.04    0.14    0.48 ^ _2384_/X (sky130_fd_sc_hd__o211a_1)
                                         _0158_ (net)
                  0.04    0.00    0.48 ^ _3337_/D (sky130_fd_sc_hd__dfxtp_1)
                                  0.48   data arrival time

                  0.15    0.00    0.00   clock clk (rise edge)
                          0.00    0.00   clock network delay (ideal)
                          0.25    0.25   clock uncertainty
                          0.00    0.25   clock reconvergence pessimism
                                  0.25 ^ _3337_/CLK (sky130_fd_sc_hd__dfxtp_1)
                         -0.02    0.23   library hold time
                                  0.23   data required time
-----------------------------------------------------------------------------
                                  0.23   data required time
                                 -0.48   data arrival time
-----------------------------------------------------------------------------
                                  0.24   slack (MET)


Startpoint: _3290_ (rising edge-triggered flip-flop clocked by clk)
Endpoint: _3290_ (rising edge-triggered flip-flop clocked by clk)
Path Group: clk
Path Type: min

Fanout     Cap    Slew   Delay    Time   Description
-----------------------------------------------------------------------------
                  0.15    0.00    0.00   clock clk (rise edge)
                          0.00    0.00   clock network delay (ideal)
                  0.15    0.00    0.00 ^ _3290_/CLK (sky130_fd_sc_hd__dfxtp_1)
     2    0.01    0.07    0.34    0.34 ^ _3290_/Q (sky130_fd_sc_hd__dfxtp_1)
                                         user_peripheral.rx_hold[24] (net)
                  0.07    0.00    0.34 ^ _2159_/A1 (sky130_fd_sc_hd__o211a_1)
     1    0.00    0.03    0.14    0.48 ^ _2159_/X (sky130_fd_sc_hd__o211a_1)
                                         _0111_ (net)
                  0.03    0.00    0.48 ^ _3290_/D (sky130_fd_sc_hd__dfxtp_1)
                                  0.48   data arrival time

                  0.15    0.00    0.00   clock clk (rise edge)
                          0.00    0.00   clock network delay (ideal)
                          0.25    0.25   clock uncertainty
                          0.00    0.25   clock reconvergence pessimism
                                  0.25 ^ _3290_/CLK (sky130_fd_sc_hd__dfxtp_1)
                         -0.02    0.23   library hold time
                                  0.23   data required time
-----------------------------------------------------------------------------
                                  0.23   data required time
                                 -0.48   data arrival time
-----------------------------------------------------------------------------
                                  0.24   slack (MET)


Startpoint: _3267_ (rising edge-triggered flip-flop clocked by clk)
Endpoint: _3267_ (rising edge-triggered flip-flop clocked by clk)
Path Group: clk
Path Type: min

Fanout     Cap    Slew   Delay    Time   Description
-----------------------------------------------------------------------------
                  0.15    0.00    0.00   clock clk (rise edge)
                          0.00    0.00   clock network delay (ideal)
                  0.15    0.00    0.00 ^ _3267_/CLK (sky130_fd_sc_hd__dfxtp_1)
     2    0.01    0.07    0.34    0.34 ^ _3267_/Q (sky130_fd_sc_hd__dfxtp_1)
                                         user_peripheral.rx_hold[1] (net)
                  0.07    0.00    0.34 ^ _2053_/A1 (sky130_fd_sc_hd__o211a_1)
     1    0.00    0.04    0.14    0.48 ^ _2053_/X (sky130_fd_sc_hd__o211a_1)
                                         _0088_ (net)
                  0.04    0.00    0.48 ^ _3267_/D (sky130_fd_sc_hd__dfxtp_1)
                                  0.48   data arrival time

                  0.15    0.00    0.00   clock clk (rise edge)
                          0.00    0.00   clock network delay (ideal)
                          0.25    0.25   clock uncertainty
                          0.00    0.25   clock reconvergence pessimism
                                  0.25 ^ _3267_/CLK (sky130_fd_sc_hd__dfxtp_1)
                         -0.02    0.23   library hold time
                                  0.23   data required time
-----------------------------------------------------------------------------
                                  0.23   data required time
                                 -0.48   data arrival time
-----------------------------------------------------------------------------
                                  0.24   slack (MET)


Startpoint: _3294_ (rising edge-triggered flip-flop clocked by clk)
Endpoint: _3294_ (rising edge-triggered flip-flop clocked by clk)
Path Group: clk
Path Type: min

Fanout     Cap    Slew   Delay    Time   Description
-----------------------------------------------------------------------------
                  0.15    0.00    0.00   clock clk (rise edge)
                          0.00    0.00   clock network delay (ideal)
                  0.15    0.00    0.00 ^ _3294_/CLK (sky130_fd_sc_hd__dfxtp_1)
     2    0.01    0.07    0.34    0.34 ^ _3294_/Q (sky130_fd_sc_hd__dfxtp_1)
                                         user_peripheral.rx_hold[28] (net)
                  0.07    0.00    0.34 ^ _2171_/A1 (sky130_fd_sc_hd__o211a_1)
     1    0.00    0.04    0.14    0.48 ^ _2171_/X (sky130_fd_sc_hd__o211a_1)
                                         _0115_ (net)
                  0.04    0.00    0.48 ^ _3294_/D (sky130_fd_sc_hd__dfxtp_1)
                                  0.48   data arrival time

                  0.15    0.00    0.00   clock clk (rise edge)
                          0.00    0.00   clock network delay (ideal)
                          0.25    0.25   clock uncertainty
                          0.00    0.25   clock reconvergence pessimism
                                  0.25 ^ _3294_/CLK (sky130_fd_sc_hd__dfxtp_1)
                         -0.02    0.23   library hold time
                                  0.23   data required time
-----------------------------------------------------------------------------
                                  0.23   data required time
                                 -0.48   data arrival time
-----------------------------------------------------------------------------
                                  0.24   slack (MET)


Startpoint: _3289_ (rising edge-triggered flip-flop clocked by clk)
Endpoint: _3289_ (rising edge-triggered flip-flop clocked by clk)
Path Group: clk
Path Type: min

Fanout     Cap    Slew   Delay    Time   Description
-----------------------------------------------------------------------------
                  0.15    0.00    0.00   clock clk (rise edge)
                          0.00    0.00   clock network delay (ideal)
                  0.15    0.00    0.00 ^ _3289_/CLK (sky130_fd_sc_hd__dfxtp_1)
     2    0.01    0.07    0.34    0.34 ^ _3289_/Q (sky130_fd_sc_hd__dfxtp_1)
                                         user_peripheral.rx_hold[23] (net)
                  0.07    0.00    0.34 ^ _2156_/A1 (sky130_fd_sc_hd__o211a_1)
     1    0.00    0.04    0.14    0.48 ^ _2156_/X (sky130_fd_sc_hd__o211a_1)
                                         _0110_ (net)
                  0.04    0.00    0.48 ^ _3289_/D (sky130_fd_sc_hd__dfxtp_1)
                                  0.48   data arrival time

                  0.15    0.00    0.00   clock clk (rise edge)
                          0.00    0.00   clock network delay (ideal)
                          0.25    0.25   clock uncertainty
                          0.00    0.25   clock reconvergence pessimism
                                  0.25 ^ _3289_/CLK (sky130_fd_sc_hd__dfxtp_1)
                         -0.02    0.23   library hold time
                                  0.23   data required time
-----------------------------------------------------------------------------
                                  0.23   data required time
                                 -0.48   data arrival time
-----------------------------------------------------------------------------
                                  0.24   slack (MET)


Startpoint: _3291_ (rising edge-triggered flip-flop clocked by clk)
Endpoint: _3291_ (rising edge-triggered flip-flop clocked by clk)
Path Group: clk
Path Type: min

Fanout     Cap    Slew   Delay    Time   Description
-----------------------------------------------------------------------------
                  0.15    0.00    0.00   clock clk (rise edge)
                          0.00    0.00   clock network delay (ideal)
                  0.15    0.00    0.00 ^ _3291_/CLK (sky130_fd_sc_hd__dfxtp_1)
     2    0.01    0.07    0.34    0.34 ^ _3291_/Q (sky130_fd_sc_hd__dfxtp_1)
                                         user_peripheral.rx_hold[25] (net)
                  0.07    0.00    0.34 ^ _2162_/A1 (sky130_fd_sc_hd__o211a_1)
     1    0.00    0.04    0.14    0.48 ^ _2162_/X (sky130_fd_sc_hd__o211a_1)
                                         _0112_ (net)
                  0.04    0.00    0.48 ^ _3291_/D (sky130_fd_sc_hd__dfxtp_1)
                                  0.48   data arrival time

                  0.15    0.00    0.00   clock clk (rise edge)
                          0.00    0.00   clock network delay (ideal)
                          0.25    0.25   clock uncertainty
                          0.00    0.25   clock reconvergence pessimism
                                  0.25 ^ _3291_/CLK (sky130_fd_sc_hd__dfxtp_1)
                         -0.02    0.23   library hold time
                                  0.23   data required time
-----------------------------------------------------------------------------
                                  0.23   data required time
                                 -0.48   data arrival time
-----------------------------------------------------------------------------
                                  0.25   slack (MET)


Startpoint: _3245_ (rising edge-triggered flip-flop clocked by clk)
Endpoint: _3245_ (rising edge-triggered flip-flop clocked by clk)
Path Group: clk
Path Type: min

Fanout     Cap    Slew   Delay    Time   Description
-----------------------------------------------------------------------------
                  0.15    0.00    0.00   clock clk (rise edge)
                          0.00    0.00   clock network delay (ideal)
                  0.15    0.00    0.00 ^ _3245_/CLK (sky130_fd_sc_hd__dfxtp_1)
     3    0.01    0.11    0.37    0.37 ^ _3245_/Q (sky130_fd_sc_hd__dfxtp_1)
                                         user_peripheral.clk_div[1] (net)
                  0.11    0.00    0.37 ^ _1955_/A1 (sky130_fd_sc_hd__a21o_1)
     1    0.00    0.03    0.11    0.48 ^ _1955_/X (sky130_fd_sc_hd__a21o_1)
                                         _0066_ (net)
                  0.03    0.00    0.48 ^ _3245_/D (sky130_fd_sc_hd__dfxtp_1)
                                  0.48   data arrival time

                  0.15    0.00    0.00   clock clk (rise edge)
                          0.00    0.00   clock network delay (ideal)
                          0.25    0.25   clock uncertainty
                          0.00    0.25   clock reconvergence pessimism
                                  0.25 ^ _3245_/CLK (sky130_fd_sc_hd__dfxtp_1)
                         -0.01    0.24   library hold time
                                  0.24   data required time
-----------------------------------------------------------------------------
                                  0.24   data required time
                                 -0.48   data arrival time
-----------------------------------------------------------------------------
                                  0.25   slack (MET)


Startpoint: _3336_ (rising edge-triggered flip-flop clocked by clk)
Endpoint: _3336_ (rising edge-triggered flip-flop clocked by clk)
Path Group: clk
Path Type: min

Fanout     Cap    Slew   Delay    Time   Description
-----------------------------------------------------------------------------
                  0.15    0.00    0.00   clock clk (rise edge)
                          0.00    0.00   clock network delay (ideal)
                  0.15    0.00    0.00 ^ _3336_/CLK (sky130_fd_sc_hd__dfxtp_1)
     2    0.01    0.07    0.34    0.34 ^ _3336_/Q (sky130_fd_sc_hd__dfxtp_1)
                                         user_peripheral.tx_shift[6] (net)
                  0.07    0.00    0.34 ^ _2372_/A1 (sky130_fd_sc_hd__o211a_1)
     1    0.00    0.04    0.14    0.48 ^ _2372_/X (sky130_fd_sc_hd__o211a_1)
                                         _0157_ (net)
                  0.04    0.00    0.48 ^ _3336_/D (sky130_fd_sc_hd__dfxtp_1)
                                  0.48   data arrival time

                  0.15    0.00    0.00   clock clk (rise edge)
                          0.00    0.00   clock network delay (ideal)
                          0.25    0.25   clock uncertainty
                          0.00    0.25   clock reconvergence pessimism
                                  0.25 ^ _3336_/CLK (sky130_fd_sc_hd__dfxtp_1)
                         -0.02    0.23   library hold time
                                  0.23   data required time
-----------------------------------------------------------------------------
                                  0.23   data required time
                                 -0.48   data arrival time
-----------------------------------------------------------------------------
                                  0.25   slack (MET)


Startpoint: _3257_ (rising edge-triggered flip-flop clocked by clk)
Endpoint: _3257_ (rising edge-triggered flip-flop clocked by clk)
Path Group: clk
Path Type: min

Fanout     Cap    Slew   Delay    Time   Description
-----------------------------------------------------------------------------
                  0.15    0.00    0.00   clock clk (rise edge)
                          0.00    0.00   clock network delay (ideal)
                  0.15    0.00    0.00 ^ _3257_/CLK (sky130_fd_sc_hd__dfxtp_1)
     3    0.01    0.10    0.37    0.37 ^ _3257_/Q (sky130_fd_sc_hd__dfxtp_1)
                                         user_peripheral.crc_reg[7] (net)
                  0.10    0.00    0.37 ^ _1998_/A1 (sky130_fd_sc_hd__a211o_1)
     1    0.00    0.03    0.12    0.48 ^ _1998_/X (sky130_fd_sc_hd__a211o_1)
                                         _0078_ (net)
                  0.03    0.00    0.48 ^ _3257_/D (sky130_fd_sc_hd__dfxtp_1)
                                  0.48   data arrival time

                  0.15    0.00    0.00   clock clk (rise edge)
                          0.00    0.00   clock network delay (ideal)
                          0.25    0.25   clock uncertainty
                          0.00    0.25   clock reconvergence pessimism
                                  0.25 ^ _3257_/CLK (sky130_fd_sc_hd__dfxtp_1)
                         -0.01    0.24   library hold time
                                  0.24   data required time
-----------------------------------------------------------------------------
                                  0.24   data required time
                                 -0.48   data arrival time
-----------------------------------------------------------------------------
                                  0.25   slack (MET)


Startpoint: _3278_ (rising edge-triggered flip-flop clocked by clk)
Endpoint: _3278_ (rising edge-triggered flip-flop clocked by clk)
Path Group: clk
Path Type: min

Fanout     Cap    Slew   Delay    Time   Description
-----------------------------------------------------------------------------
                  0.15    0.00    0.00   clock clk (rise edge)
                          0.00    0.00   clock network delay (ideal)
                  0.15    0.00    0.00 ^ _3278_/CLK (sky130_fd_sc_hd__dfxtp_1)
     2    0.01    0.07    0.34    0.34 ^ _3278_/Q (sky130_fd_sc_hd__dfxtp_1)
                                         user_peripheral.rx_hold[12] (net)
                  0.07    0.00    0.34 ^ _2113_/A1 (sky130_fd_sc_hd__o211a_1)
     1    0.00    0.04    0.14    0.48 ^ _2113_/X (sky130_fd_sc_hd__o211a_1)
                                         _0099_ (net)
                  0.04    0.00    0.48 ^ _3278_/D (sky130_fd_sc_hd__dfxtp_1)
                                  0.48   data arrival time

                  0.15    0.00    0.00   clock clk (rise edge)
                          0.00    0.00   clock network delay (ideal)
                          0.25    0.25   clock uncertainty
                          0.00    0.25   clock reconvergence pessimism
                                  0.25 ^ _3278_/CLK (sky130_fd_sc_hd__dfxtp_1)
                         -0.02    0.23   library hold time
                                  0.23   data required time
-----------------------------------------------------------------------------
                                  0.23   data required time
                                 -0.48   data arrival time
-----------------------------------------------------------------------------
                                  0.25   slack (MET)


Startpoint: _3284_ (rising edge-triggered flip-flop clocked by clk)
Endpoint: _3284_ (rising edge-triggered flip-flop clocked by clk)
Path Group: clk
Path Type: min

Fanout     Cap    Slew   Delay    Time   Description
-----------------------------------------------------------------------------
                  0.15    0.00    0.00   clock clk (rise edge)
                          0.00    0.00   clock network delay (ideal)
                  0.15    0.00    0.00 ^ _3284_/CLK (sky130_fd_sc_hd__dfxtp_1)
     2    0.01    0.07    0.34    0.34 ^ _3284_/Q (sky130_fd_sc_hd__dfxtp_1)
                                         user_peripheral.rx_hold[18] (net)
                  0.07    0.00    0.34 ^ _2138_/A1 (sky130_fd_sc_hd__o211a_1)
     1    0.00    0.04    0.14    0.48 ^ _2138_/X (sky130_fd_sc_hd__o211a_1)
                                         _0105_ (net)
                  0.04    0.00    0.48 ^ _3284_/D (sky130_fd_sc_hd__dfxtp_1)
                                  0.48   data arrival time

                  0.15    0.00    0.00   clock clk (rise edge)
                          0.00    0.00   clock network delay (ideal)
                          0.25    0.25   clock uncertainty
                          0.00    0.25   clock reconvergence pessimism
                                  0.25 ^ _3284_/CLK (sky130_fd_sc_hd__dfxtp_1)
                         -0.02    0.23   library hold time
                                  0.23   data required time
-----------------------------------------------------------------------------
                                  0.23   data required time
                                 -0.48   data arrival time
-----------------------------------------------------------------------------
                                  0.25   slack (MET)


Startpoint: _3285_ (rising edge-triggered flip-flop clocked by clk)
Endpoint: _3285_ (rising edge-triggered flip-flop clocked by clk)
Path Group: clk
Path Type: min

Fanout     Cap    Slew   Delay    Time   Description
-----------------------------------------------------------------------------
                  0.15    0.00    0.00   clock clk (rise edge)
                          0.00    0.00   clock network delay (ideal)
                  0.15    0.00    0.00 ^ _3285_/CLK (sky130_fd_sc_hd__dfxtp_1)
     2    0.01    0.07    0.34    0.34 ^ _3285_/Q (sky130_fd_sc_hd__dfxtp_1)
                                         user_peripheral.rx_hold[19] (net)
                  0.07    0.00    0.34 ^ _2142_/A1 (sky130_fd_sc_hd__o211a_1)
     1    0.00    0.04    0.14    0.48 ^ _2142_/X (sky130_fd_sc_hd__o211a_1)
                                         _0106_ (net)
                  0.04    0.00    0.48 ^ _3285_/D (sky130_fd_sc_hd__dfxtp_1)
                                  0.48   data arrival time

                  0.15    0.00    0.00   clock clk (rise edge)
                          0.00    0.00   clock network delay (ideal)
                          0.25    0.25   clock uncertainty
                          0.00    0.25   clock reconvergence pessimism
                                  0.25 ^ _3285_/CLK (sky130_fd_sc_hd__dfxtp_1)
                         -0.02    0.23   library hold time
                                  0.23   data required time
-----------------------------------------------------------------------------
                                  0.23   data required time
                                 -0.48   data arrival time
-----------------------------------------------------------------------------
                                  0.25   slack (MET)


Startpoint: _3240_ (rising edge-triggered flip-flop clocked by clk)
Endpoint: _3240_ (rising edge-triggered flip-flop clocked by clk)
Path Group: clk
Path Type: min

Fanout     Cap    Slew   Delay    Time   Description
-----------------------------------------------------------------------------
                  0.15    0.00    0.00   clock clk (rise edge)
                          0.00    0.00   clock network delay (ideal)
                  0.15    0.00    0.00 ^ _3240_/CLK (sky130_fd_sc_hd__dfxtp_1)
     3    0.01    0.08    0.35    0.35 ^ _3240_/Q (sky130_fd_sc_hd__dfxtp_1)
                                         user_peripheral.div_cnt[2] (net)
                  0.08    0.00    0.35 ^ _1937_/A1 (sky130_fd_sc_hd__o22a_1)
     1    0.00    0.04    0.13    0.48 ^ _1937_/X (sky130_fd_sc_hd__o22a_1)
                                         _0061_ (net)
                  0.04    0.00    0.48 ^ _3240_/D (sky130_fd_sc_hd__dfxtp_1)
                                  0.48   data arrival time

                  0.15    0.00    0.00   clock clk (rise edge)
                          0.00    0.00   clock network delay (ideal)
                          0.25    0.25   clock uncertainty
                          0.00    0.25   clock reconvergence pessimism
                                  0.25 ^ _3240_/CLK (sky130_fd_sc_hd__dfxtp_1)
                         -0.02    0.23   library hold time
                                  0.23   data required time
-----------------------------------------------------------------------------
                                  0.23   data required time
                                 -0.48   data arrival time
-----------------------------------------------------------------------------
                                  0.25   slack (MET)


Startpoint: _3288_ (rising edge-triggered flip-flop clocked by clk)
Endpoint: _3288_ (rising edge-triggered flip-flop clocked by clk)
Path Group: clk
Path Type: min

Fanout     Cap    Slew   Delay    Time   Description
-----------------------------------------------------------------------------
                  0.15    0.00    0.00   clock clk (rise edge)
                          0.00    0.00   clock network delay (ideal)
                  0.15    0.00    0.00 ^ _3288_/CLK (sky130_fd_sc_hd__dfxtp_1)
     2    0.01    0.07    0.34    0.34 ^ _3288_/Q (sky130_fd_sc_hd__dfxtp_1)
                                         user_peripheral.rx_hold[22] (net)
                  0.07    0.00    0.34 ^ _2153_/A1 (sky130_fd_sc_hd__o211a_1)
     1    0.00    0.04    0.14    0.48 ^ _2153_/X (sky130_fd_sc_hd__o211a_1)
                                         _0109_ (net)
                  0.04    0.00    0.48 ^ _3288_/D (sky130_fd_sc_hd__dfxtp_1)
                                  0.48   data arrival time

                  0.15    0.00    0.00   clock clk (rise edge)
                          0.00    0.00   clock network delay (ideal)
                          0.25    0.25   clock uncertainty
                          0.00    0.25   clock reconvergence pessimism
                                  0.25 ^ _3288_/CLK (sky130_fd_sc_hd__dfxtp_1)
                         -0.02    0.23   library hold time
                                  0.23   data required time
-----------------------------------------------------------------------------
                                  0.23   data required time
                                 -0.48   data arrival time
-----------------------------------------------------------------------------
                                  0.25   slack (MET)


Startpoint: _3244_ (rising edge-triggered flip-flop clocked by clk)
Endpoint: _3244_ (rising edge-triggered flip-flop clocked by clk)
Path Group: clk
Path Type: min

Fanout     Cap    Slew   Delay    Time   Description
-----------------------------------------------------------------------------
                  0.15    0.00    0.00   clock clk (rise edge)
                          0.00    0.00   clock network delay (ideal)
                  0.15    0.00    0.00 ^ _3244_/CLK (sky130_fd_sc_hd__dfxtp_1)
     3    0.01    0.12    0.37    0.37 ^ _3244_/Q (sky130_fd_sc_hd__dfxtp_1)
                                         user_peripheral.clk_div[0] (net)
                  0.12    0.00    0.37 ^ _1953_/A1 (sky130_fd_sc_hd__a21o_1)
     1    0.00    0.03    0.11    0.48 ^ _1953_/X (sky130_fd_sc_hd__a21o_1)
                                         _0065_ (net)
                  0.03    0.00    0.48 ^ _3244_/D (sky130_fd_sc_hd__dfxtp_1)
                                  0.48   data arrival time

                  0.15    0.00    0.00   clock clk (rise edge)
                          0.00    0.00   clock network delay (ideal)
                          0.25    0.25   clock uncertainty
                          0.00    0.25   clock reconvergence pessimism
                                  0.25 ^ _3244_/CLK (sky130_fd_sc_hd__dfxtp_1)
                         -0.01    0.24   library hold time
                                  0.24   data required time
-----------------------------------------------------------------------------
                                  0.24   data required time
                                 -0.48   data arrival time
-----------------------------------------------------------------------------
                                  0.25   slack (MET)


Startpoint: _3293_ (rising edge-triggered flip-flop clocked by clk)
Endpoint: _3293_ (rising edge-triggered flip-flop clocked by clk)
Path Group: clk
Path Type: min

Fanout     Cap    Slew   Delay    Time   Description
-----------------------------------------------------------------------------
                  0.15    0.00    0.00   clock clk (rise edge)
                          0.00    0.00   clock network delay (ideal)
                  0.15    0.00    0.00 ^ _3293_/CLK (sky130_fd_sc_hd__dfxtp_1)
     2    0.01    0.07    0.34    0.34 ^ _3293_/Q (sky130_fd_sc_hd__dfxtp_1)
                                         user_peripheral.rx_hold[27] (net)
                  0.07    0.00    0.34 ^ _2168_/A1 (sky130_fd_sc_hd__o211a_1)
     1    0.00    0.04    0.14    0.48 ^ _2168_/X (sky130_fd_sc_hd__o211a_1)
                                         _0114_ (net)
                  0.04    0.00    0.48 ^ _3293_/D (sky130_fd_sc_hd__dfxtp_1)
                                  0.48   data arrival time

                  0.15    0.00    0.00   clock clk (rise edge)
                          0.00    0.00   clock network delay (ideal)
                          0.25    0.25   clock uncertainty
                          0.00    0.25   clock reconvergence pessimism
                                  0.25 ^ _3293_/CLK (sky130_fd_sc_hd__dfxtp_1)
                         -0.02    0.23   library hold time
                                  0.23   data required time
-----------------------------------------------------------------------------
                                  0.23   data required time
                                 -0.48   data arrival time
-----------------------------------------------------------------------------
                                  0.25   slack (MET)


Startpoint: _3283_ (rising edge-triggered flip-flop clocked by clk)
Endpoint: _3283_ (rising edge-triggered flip-flop clocked by clk)
Path Group: clk
Path Type: min

Fanout     Cap    Slew   Delay    Time   Description
-----------------------------------------------------------------------------
                  0.15    0.00    0.00   clock clk (rise edge)
                          0.00    0.00   clock network delay (ideal)
                  0.15    0.00    0.00 ^ _3283_/CLK (sky130_fd_sc_hd__dfxtp_1)
     2    0.01    0.07    0.34    0.34 ^ _3283_/Q (sky130_fd_sc_hd__dfxtp_1)
                                         user_peripheral.rx_hold[17] (net)
                  0.07    0.00    0.34 ^ _2134_/A1 (sky130_fd_sc_hd__o211a_1)
     1    0.00    0.04    0.14    0.48 ^ _2134_/X (sky130_fd_sc_hd__o211a_1)
                                         _0104_ (net)
                  0.04    0.00    0.48 ^ _3283_/D (sky130_fd_sc_hd__dfxtp_1)
                                  0.48   data arrival time

                  0.15    0.00    0.00   clock clk (rise edge)
                          0.00    0.00   clock network delay (ideal)
                          0.25    0.25   clock uncertainty
                          0.00    0.25   clock reconvergence pessimism
                                  0.25 ^ _3283_/CLK (sky130_fd_sc_hd__dfxtp_1)
                         -0.02    0.23   library hold time
                                  0.23   data required time
-----------------------------------------------------------------------------
                                  0.23   data required time
                                 -0.48   data arrival time
-----------------------------------------------------------------------------
                                  0.25   slack (MET)


Startpoint: _3286_ (rising edge-triggered flip-flop clocked by clk)
Endpoint: _3286_ (rising edge-triggered flip-flop clocked by clk)
Path Group: clk
Path Type: min

Fanout     Cap    Slew   Delay    Time   Description
-----------------------------------------------------------------------------
                  0.15    0.00    0.00   clock clk (rise edge)
                          0.00    0.00   clock network delay (ideal)
                  0.15    0.00    0.00 ^ _3286_/CLK (sky130_fd_sc_hd__dfxtp_1)
     2    0.01    0.07    0.34    0.34 ^ _3286_/Q (sky130_fd_sc_hd__dfxtp_1)
                                         user_peripheral.rx_hold[20] (net)
                  0.07    0.00    0.34 ^ _2146_/A1 (sky130_fd_sc_hd__o211a_1)
     1    0.00    0.04    0.14    0.48 ^ _2146_/X (sky130_fd_sc_hd__o211a_1)
                                         _0107_ (net)
                  0.04    0.00    0.48 ^ _3286_/D (sky130_fd_sc_hd__dfxtp_1)
                                  0.48   data arrival time

                  0.15    0.00    0.00   clock clk (rise edge)
                          0.00    0.00   clock network delay (ideal)
                          0.25    0.25   clock uncertainty
                          0.00    0.25   clock reconvergence pessimism
                                  0.25 ^ _3286_/CLK (sky130_fd_sc_hd__dfxtp_1)
                         -0.02    0.23   library hold time
                                  0.23   data required time
-----------------------------------------------------------------------------
                                  0.23   data required time
                                 -0.48   data arrival time
-----------------------------------------------------------------------------
                                  0.25   slack (MET)


Startpoint: _3280_ (rising edge-triggered flip-flop clocked by clk)
Endpoint: _3280_ (rising edge-triggered flip-flop clocked by clk)
Path Group: clk
Path Type: min

Fanout     Cap    Slew   Delay    Time   Description
-----------------------------------------------------------------------------
                  0.15    0.00    0.00   clock clk (rise edge)
                          0.00    0.00   clock network delay (ideal)
                  0.15    0.00    0.00 ^ _3280_/CLK (sky130_fd_sc_hd__dfxtp_1)
     2    0.01    0.07    0.34    0.34 ^ _3280_/Q (sky130_fd_sc_hd__dfxtp_1)
                                         user_peripheral.rx_hold[14] (net)
                  0.07    0.00    0.34 ^ _2122_/A1 (sky130_fd_sc_hd__o211a_1)
     1    0.00    0.04    0.14    0.48 ^ _2122_/X (sky130_fd_sc_hd__o211a_1)
                                         _0101_ (net)
                  0.04    0.00    0.48 ^ _3280_/D (sky130_fd_sc_hd__dfxtp_1)
                                  0.48   data arrival time

                  0.15    0.00    0.00   clock clk (rise edge)
                          0.00    0.00   clock network delay (ideal)
                          0.25    0.25   clock uncertainty
                          0.00    0.25   clock reconvergence pessimism
                                  0.25 ^ _3280_/CLK (sky130_fd_sc_hd__dfxtp_1)
                         -0.02    0.23   library hold time
                                  0.23   data required time
-----------------------------------------------------------------------------
                                  0.23   data required time
                                 -0.48   data arrival time
-----------------------------------------------------------------------------
                                  0.25   slack (MET)


Startpoint: _3338_ (rising edge-triggered flip-flop clocked by clk)
Endpoint: _3338_ (rising edge-triggered flip-flop clocked by clk)
Path Group: clk
Path Type: min

Fanout     Cap    Slew   Delay    Time   Description
-----------------------------------------------------------------------------
                  0.15    0.00    0.00   clock clk (rise edge)
                          0.00    0.00   clock network delay (ideal)
                  0.15    0.00    0.00 ^ _3338_/CLK (sky130_fd_sc_hd__dfxtp_1)
     2    0.01    0.07    0.34    0.34 ^ _3338_/Q (sky130_fd_sc_hd__dfxtp_1)
                                         user_peripheral.tx_shift[8] (net)
                  0.07    0.00    0.34 ^ _2398_/A1 (sky130_fd_sc_hd__o211a_1)
     1    0.00    0.04    0.14    0.48 ^ _2398_/X (sky130_fd_sc_hd__o211a_1)
                                         _0159_ (net)
                  0.04    0.00    0.48 ^ _3338_/D (sky130_fd_sc_hd__dfxtp_1)
                                  0.48   data arrival time

                  0.15    0.00    0.00   clock clk (rise edge)
                          0.00    0.00   clock network delay (ideal)
                          0.25    0.25   clock uncertainty
                          0.00    0.25   clock reconvergence pessimism
                                  0.25 ^ _3338_/CLK (sky130_fd_sc_hd__dfxtp_1)
                         -0.02    0.23   library hold time
                                  0.23   data required time
-----------------------------------------------------------------------------
                                  0.23   data required time
                                 -0.48   data arrival time
-----------------------------------------------------------------------------
                                  0.25   slack (MET)


Startpoint: _3358_ (rising edge-triggered flip-flop clocked by clk)
Endpoint: _3358_ (rising edge-triggered flip-flop clocked by clk)
Path Group: clk
Path Type: min

Fanout     Cap    Slew   Delay    Time   Description
-----------------------------------------------------------------------------
                  0.15    0.00    0.00   clock clk (rise edge)
                          0.00    0.00   clock network delay (ideal)
                  0.15    0.00    0.00 ^ _3358_/CLK (sky130_fd_sc_hd__dfxtp_1)
     2    0.00    0.04    0.32    0.32 v _3358_/Q (sky130_fd_sc_hd__dfxtp_1)
                                         user_peripheral.tx_shift[28] (net)
                  0.04    0.00    0.32 v _2709_/A1 (sky130_fd_sc_hd__o21ai_1)
     1    0.00    0.08    0.11    0.44 ^ _2709_/Y (sky130_fd_sc_hd__o21ai_1)
                                         _0949_ (net)
                  0.08    0.00    0.44 ^ _2710_/B1 (sky130_fd_sc_hd__a21oi_1)
     1    0.00    0.03    0.04    0.47 v _2710_/Y (sky130_fd_sc_hd__a21oi_1)
                                         _0179_ (net)
                  0.03    0.00    0.47 v _3358_/D (sky130_fd_sc_hd__dfxtp_1)
                                  0.47   data arrival time

                  0.15    0.00    0.00   clock clk (rise edge)
                          0.00    0.00   clock network delay (ideal)
                          0.25    0.25   clock uncertainty
                          0.00    0.25   clock reconvergence pessimism
                                  0.25 ^ _3358_/CLK (sky130_fd_sc_hd__dfxtp_1)
                         -0.02    0.23   library hold time
                                  0.23   data required time
-----------------------------------------------------------------------------
                                  0.23   data required time
                                 -0.47   data arrival time
-----------------------------------------------------------------------------
                                  0.25   slack (MET)


Startpoint: _3346_ (rising edge-triggered flip-flop clocked by clk)
Endpoint: _3346_ (rising edge-triggered flip-flop clocked by clk)
Path Group: clk
Path Type: min

Fanout     Cap    Slew   Delay    Time   Description
-----------------------------------------------------------------------------
                  0.15    0.00    0.00   clock clk (rise edge)
                          0.00    0.00   clock network delay (ideal)
                  0.15    0.00    0.00 ^ _3346_/CLK (sky130_fd_sc_hd__dfxtp_1)
     2    0.01    0.07    0.34    0.34 ^ _3346_/Q (sky130_fd_sc_hd__dfxtp_1)
                                         user_peripheral.tx_shift[16] (net)
                  0.07    0.00    0.34 ^ _2506_/A1 (sky130_fd_sc_hd__o211a_1)
     1    0.00    0.04    0.14    0.48 ^ _2506_/X (sky130_fd_sc_hd__o211a_1)
                                         _0167_ (net)
                  0.04    0.00    0.48 ^ _3346_/D (sky130_fd_sc_hd__dfxtp_1)
                                  0.48   data arrival time

                  0.15    0.00    0.00   clock clk (rise edge)
                          0.00    0.00   clock network delay (ideal)
                          0.25    0.25   clock uncertainty
                          0.00    0.25   clock reconvergence pessimism
                                  0.25 ^ _3346_/CLK (sky130_fd_sc_hd__dfxtp_1)
                         -0.02    0.23   library hold time
                                  0.23   data required time
-----------------------------------------------------------------------------
                                  0.23   data required time
                                 -0.48   data arrival time
-----------------------------------------------------------------------------
                                  0.25   slack (MET)


Startpoint: _3359_ (rising edge-triggered flip-flop clocked by clk)
Endpoint: _3359_ (rising edge-triggered flip-flop clocked by clk)
Path Group: clk
Path Type: min

Fanout     Cap    Slew   Delay    Time   Description
-----------------------------------------------------------------------------
                  0.15    0.00    0.00   clock clk (rise edge)
                          0.00    0.00   clock network delay (ideal)
                  0.15    0.00    0.00 ^ _3359_/CLK (sky130_fd_sc_hd__dfxtp_1)
     2    0.01    0.07    0.34    0.34 ^ _3359_/Q (sky130_fd_sc_hd__dfxtp_1)
                                         user_peripheral.tx_shift[29] (net)
                  0.07    0.00    0.34 ^ _2727_/A1 (sky130_fd_sc_hd__o211a_1)
     1    0.00    0.04    0.14    0.48 ^ _2727_/X (sky130_fd_sc_hd__o211a_1)
                                         _0180_ (net)
                  0.04    0.00    0.48 ^ _3359_/D (sky130_fd_sc_hd__dfxtp_1)
                                  0.48   data arrival time

                  0.15    0.00    0.00   clock clk (rise edge)
                          0.00    0.00   clock network delay (ideal)
                          0.25    0.25   clock uncertainty
                          0.00    0.25   clock reconvergence pessimism
                                  0.25 ^ _3359_/CLK (sky130_fd_sc_hd__dfxtp_1)
                         -0.02    0.23   library hold time
                                  0.23   data required time
-----------------------------------------------------------------------------
                                  0.23   data required time
                                 -0.48   data arrival time
-----------------------------------------------------------------------------
                                  0.25   slack (MET)


Startpoint: _3353_ (rising edge-triggered flip-flop clocked by clk)
Endpoint: _3353_ (rising edge-triggered flip-flop clocked by clk)
Path Group: clk
Path Type: min

Fanout     Cap    Slew   Delay    Time   Description
-----------------------------------------------------------------------------
                  0.15    0.00    0.00   clock clk (rise edge)
                          0.00    0.00   clock network delay (ideal)
                  0.15    0.00    0.00 ^ _3353_/CLK (sky130_fd_sc_hd__dfxtp_1)
     2    0.01    0.07    0.34    0.34 ^ _3353_/Q (sky130_fd_sc_hd__dfxtp_1)
                                         user_peripheral.tx_shift[23] (net)
                  0.07    0.00    0.34 ^ _2617_/A1 (sky130_fd_sc_hd__o211a_1)
     1    0.00    0.04    0.14    0.48 ^ _2617_/X (sky130_fd_sc_hd__o211a_1)
                                         _0174_ (net)
                  0.04    0.00    0.48 ^ _3353_/D (sky130_fd_sc_hd__dfxtp_1)
                                  0.48   data arrival time

                  0.15    0.00    0.00   clock clk (rise edge)
                          0.00    0.00   clock network delay (ideal)
                          0.25    0.25   clock uncertainty
                          0.00    0.25   clock reconvergence pessimism
                                  0.25 ^ _3353_/CLK (sky130_fd_sc_hd__dfxtp_1)
                         -0.02    0.23   library hold time
                                  0.23   data required time
-----------------------------------------------------------------------------
                                  0.23   data required time
                                 -0.48   data arrival time
-----------------------------------------------------------------------------
                                  0.25   slack (MET)


Startpoint: _3279_ (rising edge-triggered flip-flop clocked by clk)
Endpoint: _3279_ (rising edge-triggered flip-flop clocked by clk)
Path Group: clk
Path Type: min

Fanout     Cap    Slew   Delay    Time   Description
-----------------------------------------------------------------------------
                  0.15    0.00    0.00   clock clk (rise edge)
                          0.00    0.00   clock network delay (ideal)
                  0.15    0.00    0.00 ^ _3279_/CLK (sky130_fd_sc_hd__dfxtp_1)
     2    0.01    0.07    0.34    0.34 ^ _3279_/Q (sky130_fd_sc_hd__dfxtp_1)
                                         user_peripheral.rx_hold[13] (net)
                  0.07    0.00    0.34 ^ _2117_/A1 (sky130_fd_sc_hd__o211a_1)
     1    0.00    0.04    0.14    0.48 ^ _2117_/X (sky130_fd_sc_hd__o211a_1)
                                         _0100_ (net)
                  0.04    0.00    0.48 ^ _3279_/D (sky130_fd_sc_hd__dfxtp_1)
                                  0.48   data arrival time

                  0.15    0.00    0.00   clock clk (rise edge)
                          0.00    0.00   clock network delay (ideal)
                          0.25    0.25   clock uncertainty
                          0.00    0.25   clock reconvergence pessimism
                                  0.25 ^ _3279_/CLK (sky130_fd_sc_hd__dfxtp_1)
                         -0.02    0.23   library hold time
                                  0.23   data required time
-----------------------------------------------------------------------------
                                  0.23   data required time
                                 -0.48   data arrival time
-----------------------------------------------------------------------------
                                  0.25   slack (MET)


Startpoint: _3287_ (rising edge-triggered flip-flop clocked by clk)
Endpoint: _3287_ (rising edge-triggered flip-flop clocked by clk)
Path Group: clk
Path Type: min

Fanout     Cap    Slew   Delay    Time   Description
-----------------------------------------------------------------------------
                  0.15    0.00    0.00   clock clk (rise edge)
                          0.00    0.00   clock network delay (ideal)
                  0.15    0.00    0.00 ^ _3287_/CLK (sky130_fd_sc_hd__dfxtp_1)
     2    0.01    0.07    0.34    0.34 ^ _3287_/Q (sky130_fd_sc_hd__dfxtp_1)
                                         user_peripheral.rx_hold[21] (net)
                  0.07    0.00    0.34 ^ _2149_/A1 (sky130_fd_sc_hd__o211a_1)
     1    0.00    0.04    0.14    0.48 ^ _2149_/X (sky130_fd_sc_hd__o211a_1)
                                         _0108_ (net)
                  0.04    0.00    0.48 ^ _3287_/D (sky130_fd_sc_hd__dfxtp_1)
                                  0.48   data arrival time

                  0.15    0.00    0.00   clock clk (rise edge)
                          0.00    0.00   clock network delay (ideal)
                          0.25    0.25   clock uncertainty
                          0.00    0.25   clock reconvergence pessimism
                                  0.25 ^ _3287_/CLK (sky130_fd_sc_hd__dfxtp_1)
                         -0.02    0.23   library hold time
                                  0.23   data required time
-----------------------------------------------------------------------------
                                  0.23   data required time
                                 -0.48   data arrival time
-----------------------------------------------------------------------------
                                  0.25   slack (MET)


Startpoint: _3276_ (rising edge-triggered flip-flop clocked by clk)
Endpoint: _3276_ (rising edge-triggered flip-flop clocked by clk)
Path Group: clk
Path Type: min

Fanout     Cap    Slew   Delay    Time   Description
-----------------------------------------------------------------------------
                  0.15    0.00    0.00   clock clk (rise edge)
                          0.00    0.00   clock network delay (ideal)
                  0.15    0.00    0.00 ^ _3276_/CLK (sky130_fd_sc_hd__dfxtp_1)
     2    0.01    0.07    0.35    0.35 ^ _3276_/Q (sky130_fd_sc_hd__dfxtp_1)
                                         user_peripheral.rx_hold[10] (net)
                  0.07    0.00    0.35 ^ _2105_/A1 (sky130_fd_sc_hd__o211a_1)
     1    0.00    0.04    0.14    0.48 ^ _2105_/X (sky130_fd_sc_hd__o211a_1)
                                         _0097_ (net)
                  0.04    0.00    0.48 ^ _3276_/D (sky130_fd_sc_hd__dfxtp_1)
                                  0.48   data arrival time

                  0.15    0.00    0.00   clock clk (rise edge)
                          0.00    0.00   clock network delay (ideal)
                          0.25    0.25   clock uncertainty
                          0.00    0.25   clock reconvergence pessimism
                                  0.25 ^ _3276_/CLK (sky130_fd_sc_hd__dfxtp_1)
                         -0.02    0.23   library hold time
                                  0.23   data required time
-----------------------------------------------------------------------------
                                  0.23   data required time
                                 -0.48   data arrival time
-----------------------------------------------------------------------------
                                  0.25   slack (MET)


Startpoint: _3281_ (rising edge-triggered flip-flop clocked by clk)
Endpoint: _3281_ (rising edge-triggered flip-flop clocked by clk)
Path Group: clk
Path Type: min

Fanout     Cap    Slew   Delay    Time   Description
-----------------------------------------------------------------------------
                  0.15    0.00    0.00   clock clk (rise edge)
                          0.00    0.00   clock network delay (ideal)
                  0.15    0.00    0.00 ^ _3281_/CLK (sky130_fd_sc_hd__dfxtp_1)
     2    0.01    0.08    0.35    0.35 ^ _3281_/Q (sky130_fd_sc_hd__dfxtp_1)
                                         user_peripheral.rx_hold[15] (net)
                  0.08    0.00    0.35 ^ _2126_/A1 (sky130_fd_sc_hd__o211a_1)
     1    0.00    0.04    0.14    0.48 ^ _2126_/X (sky130_fd_sc_hd__o211a_1)
                                         _0102_ (net)
                  0.04    0.00    0.48 ^ _3281_/D (sky130_fd_sc_hd__dfxtp_1)
                                  0.48   data arrival time

                  0.15    0.00    0.00   clock clk (rise edge)
                          0.00    0.00   clock network delay (ideal)
                          0.25    0.25   clock uncertainty
                          0.00    0.25   clock reconvergence pessimism
                                  0.25 ^ _3281_/CLK (sky130_fd_sc_hd__dfxtp_1)
                         -0.02    0.23   library hold time
                                  0.23   data required time
-----------------------------------------------------------------------------
                                  0.23   data required time
                                 -0.48   data arrival time
-----------------------------------------------------------------------------
                                  0.25   slack (MET)


Startpoint: _3349_ (rising edge-triggered flip-flop clocked by clk)
Endpoint: _3349_ (rising edge-triggered flip-flop clocked by clk)
Path Group: clk
Path Type: min

Fanout     Cap    Slew   Delay    Time   Description
-----------------------------------------------------------------------------
                  0.15    0.00    0.00   clock clk (rise edge)
                          0.00    0.00   clock network delay (ideal)
                  0.15    0.00    0.00 ^ _3349_/CLK (sky130_fd_sc_hd__dfxtp_1)
     2    0.01    0.07    0.34    0.34 ^ _3349_/Q (sky130_fd_sc_hd__dfxtp_1)
                                         user_peripheral.tx_shift[19] (net)
                  0.07    0.00    0.34 ^ _2555_/A1 (sky130_fd_sc_hd__o211a_1)
     1    0.00    0.04    0.14    0.48 ^ _2555_/X (sky130_fd_sc_hd__o211a_1)
                                         _0170_ (net)
                  0.04    0.00    0.48 ^ _3349_/D (sky130_fd_sc_hd__dfxtp_1)
                                  0.48   data arrival time

                  0.15    0.00    0.00   clock clk (rise edge)
                          0.00    0.00   clock network delay (ideal)
                          0.25    0.25   clock uncertainty
                          0.00    0.25   clock reconvergence pessimism
                                  0.25 ^ _3349_/CLK (sky130_fd_sc_hd__dfxtp_1)
                         -0.02    0.23   library hold time
                                  0.23   data required time
-----------------------------------------------------------------------------
                                  0.23   data required time
                                 -0.48   data arrival time
-----------------------------------------------------------------------------
                                  0.25   slack (MET)


Startpoint: _3347_ (rising edge-triggered flip-flop clocked by clk)
Endpoint: _3347_ (rising edge-triggered flip-flop clocked by clk)
Path Group: clk
Path Type: min

Fanout     Cap    Slew   Delay    Time   Description
-----------------------------------------------------------------------------
                  0.15    0.00    0.00   clock clk (rise edge)
                          0.00    0.00   clock network delay (ideal)
                  0.15    0.00    0.00 ^ _3347_/CLK (sky130_fd_sc_hd__dfxtp_1)
     2    0.01    0.07    0.35    0.35 ^ _3347_/Q (sky130_fd_sc_hd__dfxtp_1)
                                         user_peripheral.tx_shift[17] (net)
                  0.07    0.00    0.35 ^ _2523_/A1 (sky130_fd_sc_hd__o211a_1)
     1    0.00    0.04    0.14    0.49 ^ _2523_/X (sky130_fd_sc_hd__o211a_1)
                                         _0168_ (net)
                  0.04    0.00    0.49 ^ _3347_/D (sky130_fd_sc_hd__dfxtp_1)
                                  0.49   data arrival time

                  0.15    0.00    0.00   clock clk (rise edge)
                          0.00    0.00   clock network delay (ideal)
                          0.25    0.25   clock uncertainty
                          0.00    0.25   clock reconvergence pessimism
                                  0.25 ^ _3347_/CLK (sky130_fd_sc_hd__dfxtp_1)
                         -0.02    0.23   library hold time
                                  0.23   data required time
-----------------------------------------------------------------------------
                                  0.23   data required time
                                 -0.49   data arrival time
-----------------------------------------------------------------------------
                                  0.25   slack (MET)


Startpoint: _3242_ (rising edge-triggered flip-flop clocked by clk)
Endpoint: _3242_ (rising edge-triggered flip-flop clocked by clk)
Path Group: clk
Path Type: min

Fanout     Cap    Slew   Delay    Time   Description
-----------------------------------------------------------------------------
                  0.15    0.00    0.00   clock clk (rise edge)
                          0.00    0.00   clock network delay (ideal)
                  0.15    0.00    0.00 ^ _3242_/CLK (sky130_fd_sc_hd__dfxtp_1)
     4    0.01    0.10    0.36    0.36 ^ _3242_/Q (sky130_fd_sc_hd__dfxtp_1)
                                         user_peripheral.div_cnt[4] (net)
                  0.10    0.00    0.36 ^ _1945_/A1 (sky130_fd_sc_hd__a22o_1)
     1    0.00    0.04    0.12    0.49 ^ _1945_/X (sky130_fd_sc_hd__a22o_1)
                                         _0063_ (net)
                  0.04    0.00    0.49 ^ _3242_/D (sky130_fd_sc_hd__dfxtp_1)
                                  0.49   data arrival time

                  0.15    0.00    0.00   clock clk (rise edge)
                          0.00    0.00   clock network delay (ideal)
                          0.25    0.25   clock uncertainty
                          0.00    0.25   clock reconvergence pessimism
                                  0.25 ^ _3242_/CLK (sky130_fd_sc_hd__dfxtp_1)
                         -0.02    0.23   library hold time
                                  0.23   data required time
-----------------------------------------------------------------------------
                                  0.23   data required time
                                 -0.49   data arrival time
-----------------------------------------------------------------------------
                                  0.25   slack (MET)


Startpoint: _3421_ (rising edge-triggered flip-flop clocked by clk)
Endpoint: _3222_ (rising edge-triggered flip-flop clocked by clk)
Path Group: clk
Path Type: min

Fanout     Cap    Slew   Delay    Time   Description
-----------------------------------------------------------------------------
                  0.15    0.00    0.00   clock clk (rise edge)
                          0.00    0.00   clock network delay (ideal)
                  0.15    0.00    0.00 ^ _3421_/CLK (sky130_fd_sc_hd__dfxtp_1)
     3    0.01    0.08    0.35    0.35 ^ _3421_/Q (sky130_fd_sc_hd__dfxtp_1)
                                         user_peripheral.timer_period[8] (net)
                  0.08    0.00    0.35 ^ _1804_/A1 (sky130_fd_sc_hd__a22oi_1)
     1    0.00    0.05    0.08    0.43 v _1804_/Y (sky130_fd_sc_hd__a22oi_1)
                                         _1458_ (net)
                  0.05    0.00    0.43 v _1805_/B1 (sky130_fd_sc_hd__o21ai_1)
     1    0.00    0.06    0.06    0.48 ^ _1805_/Y (sky130_fd_sc_hd__o21ai_1)
                                         _0043_ (net)
                  0.06    0.00    0.48 ^ _3222_/D (sky130_fd_sc_hd__dfxtp_1)
                                  0.48   data arrival time

                  0.15    0.00    0.00   clock clk (rise edge)
                          0.00    0.00   clock network delay (ideal)
                          0.25    0.25   clock uncertainty
                          0.00    0.25   clock reconvergence pessimism
                                  0.25 ^ _3222_/CLK (sky130_fd_sc_hd__dfxtp_1)
                         -0.02    0.23   library hold time
                                  0.23   data required time
-----------------------------------------------------------------------------
                                  0.23   data required time
                                 -0.48   data arrival time
-----------------------------------------------------------------------------
                                  0.26   slack (MET)


Startpoint: _3251_ (rising edge-triggered flip-flop clocked by clk)
Endpoint: _3251_ (rising edge-triggered flip-flop clocked by clk)
Path Group: clk
Path Type: min

Fanout     Cap    Slew   Delay    Time   Description
-----------------------------------------------------------------------------
                  0.15    0.00    0.00   clock clk (rise edge)
                          0.00    0.00   clock network delay (ideal)
                  0.15    0.00    0.00 ^ _3251_/CLK (sky130_fd_sc_hd__dfxtp_1)
     3    0.01    0.12    0.37    0.37 ^ _3251_/Q (sky130_fd_sc_hd__dfxtp_1)
                                         user_peripheral.crc_reg[1] (net)
                  0.12    0.00    0.37 ^ _1984_/A1 (sky130_fd_sc_hd__a211o_1)
     1    0.00    0.03    0.12    0.49 ^ _1984_/X (sky130_fd_sc_hd__a211o_1)
                                         _0072_ (net)
                  0.03    0.00    0.49 ^ _3251_/D (sky130_fd_sc_hd__dfxtp_1)
                                  0.49   data arrival time

                  0.15    0.00    0.00   clock clk (rise edge)
                          0.00    0.00   clock network delay (ideal)
                          0.25    0.25   clock uncertainty
                          0.00    0.25   clock reconvergence pessimism
                                  0.25 ^ _3251_/CLK (sky130_fd_sc_hd__dfxtp_1)
                         -0.01    0.24   library hold time
                                  0.24   data required time
-----------------------------------------------------------------------------
                                  0.24   data required time
                                 -0.49   data arrival time
-----------------------------------------------------------------------------
                                  0.26   slack (MET)


Startpoint: _3266_ (rising edge-triggered flip-flop clocked by clk)
Endpoint: _3266_ (rising edge-triggered flip-flop clocked by clk)
Path Group: clk
Path Type: min

Fanout     Cap    Slew   Delay    Time   Description
-----------------------------------------------------------------------------
                  0.15    0.00    0.00   clock clk (rise edge)
                          0.00    0.00   clock network delay (ideal)
                  0.15    0.00    0.00 ^ _3266_/CLK (sky130_fd_sc_hd__dfxtp_1)
     2    0.01    0.08    0.35    0.35 ^ _3266_/Q (sky130_fd_sc_hd__dfxtp_1)
                                         user_peripheral.rx_hold[0] (net)
                  0.08    0.00    0.35 ^ _2045_/A1 (sky130_fd_sc_hd__o211a_1)
     1    0.00    0.04    0.14    0.49 ^ _2045_/X (sky130_fd_sc_hd__o211a_1)
                                         _0087_ (net)
                  0.04    0.00    0.49 ^ _3266_/D (sky130_fd_sc_hd__dfxtp_1)
                                  0.49   data arrival time

                  0.15    0.00    0.00   clock clk (rise edge)
                          0.00    0.00   clock network delay (ideal)
                          0.25    0.25   clock uncertainty
                          0.00    0.25   clock reconvergence pessimism
                                  0.25 ^ _3266_/CLK (sky130_fd_sc_hd__dfxtp_1)
                         -0.02    0.23   library hold time
                                  0.23   data required time
-----------------------------------------------------------------------------
                                  0.23   data required time
                                 -0.49   data arrival time
-----------------------------------------------------------------------------
                                  0.26   slack (MET)


Startpoint: _3252_ (rising edge-triggered flip-flop clocked by clk)
Endpoint: _3252_ (rising edge-triggered flip-flop clocked by clk)
Path Group: clk
Path Type: min

Fanout     Cap    Slew   Delay    Time   Description
-----------------------------------------------------------------------------
                  0.15    0.00    0.00   clock clk (rise edge)
                          0.00    0.00   clock network delay (ideal)
                  0.15    0.00    0.00 ^ _3252_/CLK (sky130_fd_sc_hd__dfxtp_1)
     3    0.01    0.12    0.38    0.38 ^ _3252_/Q (sky130_fd_sc_hd__dfxtp_1)
                                         user_peripheral.crc_reg[2] (net)
                  0.12    0.00    0.38 ^ _1986_/A1 (sky130_fd_sc_hd__a211o_1)
     1    0.00    0.03    0.12    0.50 ^ _1986_/X (sky130_fd_sc_hd__a211o_1)
                                         _0073_ (net)
                  0.03    0.00    0.50 ^ _3252_/D (sky130_fd_sc_hd__dfxtp_1)
                                  0.50   data arrival time

                  0.15    0.00    0.00   clock clk (rise edge)
                          0.00    0.00   clock network delay (ideal)
                          0.25    0.25   clock uncertainty
                          0.00    0.25   clock reconvergence pessimism
                                  0.25 ^ _3252_/CLK (sky130_fd_sc_hd__dfxtp_1)
                         -0.01    0.24   library hold time
                                  0.24   data required time
-----------------------------------------------------------------------------
                                  0.24   data required time
                                 -0.50   data arrival time
-----------------------------------------------------------------------------
                                  0.26   slack (MET)


Startpoint: _3261_ (rising edge-triggered flip-flop clocked by clk)
Endpoint: _3261_ (rising edge-triggered flip-flop clocked by clk)
Path Group: clk
Path Type: min

Fanout     Cap    Slew   Delay    Time   Description
-----------------------------------------------------------------------------
                  0.15    0.00    0.00   clock clk (rise edge)
                          0.00    0.00   clock network delay (ideal)
                  0.15    0.00    0.00 ^ _3261_/CLK (sky130_fd_sc_hd__dfxtp_1)
     4    0.01    0.12    0.38    0.38 ^ _3261_/Q (sky130_fd_sc_hd__dfxtp_1)
                                         user_peripheral.crc_reg[11] (net)
                  0.12    0.00    0.38 ^ _2006_/A1 (sky130_fd_sc_hd__a211o_1)
     1    0.00    0.03    0.12    0.50 ^ _2006_/X (sky130_fd_sc_hd__a211o_1)
                                         _0082_ (net)
                  0.03    0.00    0.50 ^ _3261_/D (sky130_fd_sc_hd__dfxtp_1)
                                  0.50   data arrival time

                  0.15    0.00    0.00   clock clk (rise edge)
                          0.00    0.00   clock network delay (ideal)
                          0.25    0.25   clock uncertainty
                          0.00    0.25   clock reconvergence pessimism
                                  0.25 ^ _3261_/CLK (sky130_fd_sc_hd__dfxtp_1)
                         -0.01    0.24   library hold time
                                  0.24   data required time
-----------------------------------------------------------------------------
                                  0.24   data required time
                                 -0.50   data arrival time
-----------------------------------------------------------------------------
                                  0.26   slack (MET)


Startpoint: _3253_ (rising edge-triggered flip-flop clocked by clk)
Endpoint: _3253_ (rising edge-triggered flip-flop clocked by clk)
Path Group: clk
Path Type: min

Fanout     Cap    Slew   Delay    Time   Description
-----------------------------------------------------------------------------
                  0.15    0.00    0.00   clock clk (rise edge)
                          0.00    0.00   clock network delay (ideal)
                  0.15    0.00    0.00 ^ _3253_/CLK (sky130_fd_sc_hd__dfxtp_1)
     3    0.01    0.12    0.38    0.38 ^ _3253_/Q (sky130_fd_sc_hd__dfxtp_1)
                                         user_peripheral.crc_reg[3] (net)
                  0.12    0.00    0.38 ^ _1988_/A1 (sky130_fd_sc_hd__a211o_1)
     1    0.00    0.03    0.12    0.50 ^ _1988_/X (sky130_fd_sc_hd__a211o_1)
                                         _0074_ (net)
                  0.03    0.00    0.50 ^ _3253_/D (sky130_fd_sc_hd__dfxtp_1)
                                  0.50   data arrival time

                  0.15    0.00    0.00   clock clk (rise edge)
                          0.00    0.00   clock network delay (ideal)
                          0.25    0.25   clock uncertainty
                          0.00    0.25   clock reconvergence pessimism
                                  0.25 ^ _3253_/CLK (sky130_fd_sc_hd__dfxtp_1)
                         -0.01    0.24   library hold time
                                  0.24   data required time
-----------------------------------------------------------------------------
                                  0.24   data required time
                                 -0.50   data arrival time
-----------------------------------------------------------------------------
                                  0.26   slack (MET)


Startpoint: _3333_ (rising edge-triggered flip-flop clocked by clk)
Endpoint: _3333_ (rising edge-triggered flip-flop clocked by clk)
Path Group: clk
Path Type: min

Fanout     Cap    Slew   Delay    Time   Description
-----------------------------------------------------------------------------
                  0.15    0.00    0.00   clock clk (rise edge)
                          0.00    0.00   clock network delay (ideal)
                  0.15    0.00    0.00 ^ _3333_/CLK (sky130_fd_sc_hd__dfxtp_1)
     2    0.01    0.09    0.36    0.36 ^ _3333_/Q (sky130_fd_sc_hd__dfxtp_1)
                                         user_peripheral.tx_shift[3] (net)
                  0.09    0.00    0.36 ^ _2334_/A1 (sky130_fd_sc_hd__o211a_1)
     1    0.00    0.04    0.14    0.50 ^ _2334_/X (sky130_fd_sc_hd__o211a_1)
                                         _0154_ (net)
                  0.04    0.00    0.50 ^ _3333_/D (sky130_fd_sc_hd__dfxtp_1)
                                  0.50   data arrival time

                  0.15    0.00    0.00   clock clk (rise edge)
                          0.00    0.00   clock network delay (ideal)
                          0.25    0.25   clock uncertainty
                          0.00    0.25   clock reconvergence pessimism
                                  0.25 ^ _3333_/CLK (sky130_fd_sc_hd__dfxtp_1)
                         -0.02    0.23   library hold time
                                  0.23   data required time
-----------------------------------------------------------------------------
                                  0.23   data required time
                                 -0.50   data arrival time
-----------------------------------------------------------------------------
                                  0.27   slack (MET)


Startpoint: _3460_ (rising edge-triggered flip-flop clocked by clk)
Endpoint: _3460_ (rising edge-triggered flip-flop clocked by clk)
Path Group: clk
Path Type: min

Fanout     Cap    Slew   Delay    Time   Description
-----------------------------------------------------------------------------
                  0.15    0.00    0.00   clock clk (rise edge)
                          0.00    0.00   clock network delay (ideal)
                  0.15    0.00    0.00 ^ _3460_/CLK (sky130_fd_sc_hd__dfrtp_1)
     4    0.01    0.10    0.38    0.38 ^ _3460_/Q (sky130_fd_sc_hd__dfrtp_1)
                                         i_spi_reg.buffer_counter[1] (net)
                  0.10    0.00    0.38 ^ _3023_/B1 (sky130_fd_sc_hd__a21oi_1)
     1    0.00    0.04    0.04    0.42 v _3023_/Y (sky130_fd_sc_hd__a21oi_1)
                                         _1170_ (net)
                  0.04    0.00    0.42 v _3024_/B (sky130_fd_sc_hd__nor2_1)
     1    0.00    0.07    0.07    0.49 ^ _3024_/Y (sky130_fd_sc_hd__nor2_1)
                                         _0272_ (net)
                  0.07    0.00    0.49 ^ _3460_/D (sky130_fd_sc_hd__dfrtp_1)
                                  0.49   data arrival time

                  0.15    0.00    0.00   clock clk (rise edge)
                          0.00    0.00   clock network delay (ideal)
                          0.25    0.25   clock uncertainty
                          0.00    0.25   clock reconvergence pessimism
                                  0.25 ^ _3460_/CLK (sky130_fd_sc_hd__dfrtp_1)
                         -0.03    0.22   library hold time
                                  0.22   data required time
-----------------------------------------------------------------------------
                                  0.22   data required time
                                 -0.49   data arrival time
-----------------------------------------------------------------------------
                                  0.27   slack (MET)


Startpoint: _3255_ (rising edge-triggered flip-flop clocked by clk)
Endpoint: _3255_ (rising edge-triggered flip-flop clocked by clk)
Path Group: clk
Path Type: min

Fanout     Cap    Slew   Delay    Time   Description
-----------------------------------------------------------------------------
                  0.15    0.00    0.00   clock clk (rise edge)
                          0.00    0.00   clock network delay (ideal)
                  0.15    0.00    0.00 ^ _3255_/CLK (sky130_fd_sc_hd__dfxtp_1)
     3    0.01    0.13    0.38    0.38 ^ _3255_/Q (sky130_fd_sc_hd__dfxtp_1)
                                         user_peripheral.crc_reg[5] (net)
                  0.13    0.00    0.38 ^ _1994_/A1 (sky130_fd_sc_hd__a211o_1)
     1    0.00    0.03    0.12    0.50 ^ _1994_/X (sky130_fd_sc_hd__a211o_1)
                                         _0076_ (net)
                  0.03    0.00    0.50 ^ _3255_/D (sky130_fd_sc_hd__dfxtp_1)
                                  0.50   data arrival time

                  0.15    0.00    0.00   clock clk (rise edge)
                          0.00    0.00   clock network delay (ideal)
                          0.25    0.25   clock uncertainty
                          0.00    0.25   clock reconvergence pessimism
                                  0.25 ^ _3255_/CLK (sky130_fd_sc_hd__dfxtp_1)
                         -0.01    0.24   library hold time
                                  0.24   data required time
-----------------------------------------------------------------------------
                                  0.24   data required time
                                 -0.50   data arrival time
-----------------------------------------------------------------------------
                                  0.27   slack (MET)


Startpoint: _3423_ (rising edge-triggered flip-flop clocked by clk)
Endpoint: _3224_ (rising edge-triggered flip-flop clocked by clk)
Path Group: clk
Path Type: min

Fanout     Cap    Slew   Delay    Time   Description
-----------------------------------------------------------------------------
                  0.15    0.00    0.00   clock clk (rise edge)
                          0.00    0.00   clock network delay (ideal)
                  0.15    0.00    0.00 ^ _3423_/CLK (sky130_fd_sc_hd__dfxtp_1)
     3    0.01    0.09    0.36    0.36 ^ _3423_/Q (sky130_fd_sc_hd__dfxtp_1)
                                         user_peripheral.timer_period[10] (net)
                  0.09    0.00    0.36 ^ _1819_/A1 (sky130_fd_sc_hd__a22oi_1)
     1    0.00    0.05    0.08    0.44 v _1819_/Y (sky130_fd_sc_hd__a22oi_1)
                                         _1471_ (net)
                  0.05    0.00    0.44 v _1820_/B1 (sky130_fd_sc_hd__o21ai_1)
     1    0.00    0.06    0.06    0.50 ^ _1820_/Y (sky130_fd_sc_hd__o21ai_1)
                                         _0045_ (net)
                  0.06    0.00    0.50 ^ _3224_/D (sky130_fd_sc_hd__dfxtp_1)
                                  0.50   data arrival time

                  0.15    0.00    0.00   clock clk (rise edge)
                          0.00    0.00   clock network delay (ideal)
                          0.25    0.25   clock uncertainty
                          0.00    0.25   clock reconvergence pessimism
                                  0.25 ^ _3224_/CLK (sky130_fd_sc_hd__dfxtp_1)
                         -0.02    0.23   library hold time
                                  0.23   data required time
-----------------------------------------------------------------------------
                                  0.23   data required time
                                 -0.50   data arrival time
-----------------------------------------------------------------------------
                                  0.27   slack (MET)


Startpoint: _3350_ (rising edge-triggered flip-flop clocked by clk)
Endpoint: _3350_ (rising edge-triggered flip-flop clocked by clk)
Path Group: clk
Path Type: min

Fanout     Cap    Slew   Delay    Time   Description
-----------------------------------------------------------------------------
                  0.15    0.00    0.00   clock clk (rise edge)
                          0.00    0.00   clock network delay (ideal)
                  0.15    0.00    0.00 ^ _3350_/CLK (sky130_fd_sc_hd__dfxtp_1)
     2    0.01    0.07    0.34    0.34 ^ _3350_/Q (sky130_fd_sc_hd__dfxtp_1)
                                         user_peripheral.tx_shift[20] (net)
                  0.07    0.00    0.34 ^ _2570_/A1 (sky130_fd_sc_hd__o221a_1)
     1    0.00    0.05    0.17    0.50 ^ _2570_/X (sky130_fd_sc_hd__o221a_1)
                                         _0171_ (net)
                  0.05    0.00    0.50 ^ _3350_/D (sky130_fd_sc_hd__dfxtp_1)
                                  0.50   data arrival time

                  0.15    0.00    0.00   clock clk (rise edge)
                          0.00    0.00   clock network delay (ideal)
                          0.25    0.25   clock uncertainty
                          0.00    0.25   clock reconvergence pessimism
                                  0.25 ^ _3350_/CLK (sky130_fd_sc_hd__dfxtp_1)
                         -0.02    0.23   library hold time
                                  0.23   data required time
-----------------------------------------------------------------------------
                                  0.23   data required time
                                 -0.50   data arrival time
-----------------------------------------------------------------------------
                                  0.27   slack (MET)


Startpoint: _3249_ (rising edge-triggered flip-flop clocked by clk)
Endpoint: _3249_ (rising edge-triggered flip-flop clocked by clk)
Path Group: clk
Path Type: min

Fanout     Cap    Slew   Delay    Time   Description
-----------------------------------------------------------------------------
                  0.15    0.00    0.00   clock clk (rise edge)
                          0.00    0.00   clock network delay (ideal)
                  0.15    0.00    0.00 ^ _3249_/CLK (sky130_fd_sc_hd__dfxtp_1)
     3    0.01    0.10    0.36    0.36 ^ _3249_/Q (sky130_fd_sc_hd__dfxtp_1)
                                         user_peripheral.clk_div[5] (net)
                  0.10    0.00    0.36 ^ _1971_/A1 (sky130_fd_sc_hd__o211a_1)
     1    0.00    0.04    0.14    0.51 ^ _1971_/X (sky130_fd_sc_hd__o211a_1)
                                         _0070_ (net)
                  0.04    0.00    0.51 ^ _3249_/D (sky130_fd_sc_hd__dfxtp_1)
                                  0.51   data arrival time

                  0.15    0.00    0.00   clock clk (rise edge)
                          0.00    0.00   clock network delay (ideal)
                          0.25    0.25   clock uncertainty
                          0.00    0.25   clock reconvergence pessimism
                                  0.25 ^ _3249_/CLK (sky130_fd_sc_hd__dfxtp_1)
                         -0.02    0.23   library hold time
                                  0.23   data required time
-----------------------------------------------------------------------------
                                  0.23   data required time
                                 -0.51   data arrival time
-----------------------------------------------------------------------------
                                  0.27   slack (MET)


Startpoint: _3335_ (rising edge-triggered flip-flop clocked by clk)
Endpoint: _3335_ (rising edge-triggered flip-flop clocked by clk)
Path Group: clk
Path Type: min

Fanout     Cap    Slew   Delay    Time   Description
-----------------------------------------------------------------------------
                  0.15    0.00    0.00   clock clk (rise edge)
                          0.00    0.00   clock network delay (ideal)
                  0.15    0.00    0.00 ^ _3335_/CLK (sky130_fd_sc_hd__dfxtp_1)
     2    0.01    0.07    0.34    0.34 ^ _3335_/Q (sky130_fd_sc_hd__dfxtp_1)
                                         user_peripheral.tx_shift[5] (net)
                  0.07    0.00    0.34 ^ _2361_/A1 (sky130_fd_sc_hd__o221a_1)
     1    0.00    0.05    0.17    0.51 ^ _2361_/X (sky130_fd_sc_hd__o221a_1)
                                         _0156_ (net)
                  0.05    0.00    0.51 ^ _3335_/D (sky130_fd_sc_hd__dfxtp_1)
                                  0.51   data arrival time

                  0.15    0.00    0.00   clock clk (rise edge)
                          0.00    0.00   clock network delay (ideal)
                          0.25    0.25   clock uncertainty
                          0.00    0.25   clock reconvergence pessimism
                                  0.25 ^ _3335_/CLK (sky130_fd_sc_hd__dfxtp_1)
                         -0.02    0.23   library hold time
                                  0.23   data required time
-----------------------------------------------------------------------------
                                  0.23   data required time
                                 -0.51   data arrival time
-----------------------------------------------------------------------------
                                  0.28   slack (MET)


Startpoint: _3351_ (rising edge-triggered flip-flop clocked by clk)
Endpoint: _3351_ (rising edge-triggered flip-flop clocked by clk)
Path Group: clk
Path Type: min

Fanout     Cap    Slew   Delay    Time   Description
-----------------------------------------------------------------------------
                  0.15    0.00    0.00   clock clk (rise edge)
                          0.00    0.00   clock network delay (ideal)
                  0.15    0.00    0.00 ^ _3351_/CLK (sky130_fd_sc_hd__dfxtp_1)
     2    0.01    0.07    0.34    0.34 ^ _3351_/Q (sky130_fd_sc_hd__dfxtp_1)
                                         user_peripheral.tx_shift[21] (net)
                  0.07    0.00    0.34 ^ _2587_/A1 (sky130_fd_sc_hd__o221a_1)
     1    0.00    0.05    0.17    0.51 ^ _2587_/X (sky130_fd_sc_hd__o221a_1)
                                         _0172_ (net)
                  0.05    0.00    0.51 ^ _3351_/D (sky130_fd_sc_hd__dfxtp_1)
                                  0.51   data arrival time

                  0.15    0.00    0.00   clock clk (rise edge)
                          0.00    0.00   clock network delay (ideal)
                          0.25    0.25   clock uncertainty
                          0.00    0.25   clock reconvergence pessimism
                                  0.25 ^ _3351_/CLK (sky130_fd_sc_hd__dfxtp_1)
                         -0.02    0.23   library hold time
                                  0.23   data required time
-----------------------------------------------------------------------------
                                  0.23   data required time
                                 -0.51   data arrival time
-----------------------------------------------------------------------------
                                  0.28   slack (MET)


Startpoint: _3181_ (rising edge-triggered flip-flop clocked by clk)
Endpoint: _3181_ (rising edge-triggered flip-flop clocked by clk)
Path Group: clk
Path Type: min

Fanout     Cap    Slew   Delay    Time   Description
-----------------------------------------------------------------------------
                  0.15    0.00    0.00   clock clk (rise edge)
                          0.00    0.00   clock network delay (ideal)
                  0.15    0.00    0.00 ^ _3181_/CLK (sky130_fd_sc_hd__dfxtp_1)
     2    0.00    0.03    0.31    0.31 v _3181_/Q (sky130_fd_sc_hd__dfxtp_1)
                                         user_peripheral.secure_lock[0] (net)
                  0.03    0.00    0.31 v _1630_/A (sky130_fd_sc_hd__and3_1)
     1    0.00    0.03    0.12    0.44 v _1630_/X (sky130_fd_sc_hd__and3_1)
                                         _1325_ (net)
                  0.03    0.00    0.44 v _1631_/A (sky130_fd_sc_hd__clkbuf_1)
     1    0.00    0.02    0.07    0.51 v _1631_/X (sky130_fd_sc_hd__clkbuf_1)
                                         _0002_ (net)
                  0.02    0.00    0.51 v _3181_/D (sky130_fd_sc_hd__dfxtp_1)
                                  0.51   data arrival time

                  0.15    0.00    0.00   clock clk (rise edge)
                          0.00    0.00   clock network delay (ideal)
                          0.25    0.25   clock uncertainty
                          0.00    0.25   clock reconvergence pessimism
                                  0.25 ^ _3181_/CLK (sky130_fd_sc_hd__dfxtp_1)
                         -0.02    0.23   library hold time
                                  0.23   data required time
-----------------------------------------------------------------------------
                                  0.23   data required time
                                 -0.51   data arrival time
-----------------------------------------------------------------------------
                                  0.28   slack (MET)


Startpoint: _3209_ (rising edge-triggered flip-flop clocked by clk)
Endpoint: _3209_ (rising edge-triggered flip-flop clocked by clk)
Path Group: clk
Path Type: min

Fanout     Cap    Slew   Delay    Time   Description
-----------------------------------------------------------------------------
                  0.15    0.00    0.00   clock clk (rise edge)
                          0.00    0.00   clock network delay (ideal)
                  0.15    0.00    0.00 ^ _3209_/CLK (sky130_fd_sc_hd__dfxtp_1)
     2    0.00    0.03    0.32    0.32 v _3209_/Q (sky130_fd_sc_hd__dfxtp_1)
                                         user_peripheral.secure_lock[28] (net)
                  0.03    0.00    0.32 v _1689_/A (sky130_fd_sc_hd__and3_1)
     1    0.00    0.03    0.12    0.44 v _1689_/X (sky130_fd_sc_hd__and3_1)
                                         _1356_ (net)
                  0.03    0.00    0.44 v _1690_/A (sky130_fd_sc_hd__clkbuf_1)
     1    0.00    0.02    0.07    0.51 v _1690_/X (sky130_fd_sc_hd__clkbuf_1)
                                         _0030_ (net)
                  0.02    0.00    0.51 v _3209_/D (sky130_fd_sc_hd__dfxtp_1)
                                  0.51   data arrival time

                  0.15    0.00    0.00   clock clk (rise edge)
                          0.00    0.00   clock network delay (ideal)
                          0.25    0.25   clock uncertainty
                          0.00    0.25   clock reconvergence pessimism
                                  0.25 ^ _3209_/CLK (sky130_fd_sc_hd__dfxtp_1)
                         -0.02    0.23   library hold time
                                  0.23   data required time
-----------------------------------------------------------------------------
                                  0.23   data required time
                                 -0.51   data arrival time
-----------------------------------------------------------------------------
                                  0.28   slack (MET)


Startpoint: _3329_ (rising edge-triggered flip-flop clocked by clk)
Endpoint: _3329_ (rising edge-triggered flip-flop clocked by clk)
Path Group: clk
Path Type: min

Fanout     Cap    Slew   Delay    Time   Description
-----------------------------------------------------------------------------
                  0.15    0.00    0.00   clock clk (rise edge)
                          0.00    0.00   clock network delay (ideal)
                  0.15    0.00    0.00 ^ _3329_/CLK (sky130_fd_sc_hd__dfxtp_1)
     3    0.01    0.11    0.37    0.37 ^ _3329_/Q (sky130_fd_sc_hd__dfxtp_1)
                                         user_peripheral.r3_r[0] (net)
                  0.11    0.00    0.37 ^ _2257_/A1 (sky130_fd_sc_hd__o211a_1)
     1    0.00    0.04    0.15    0.52 ^ _2257_/X (sky130_fd_sc_hd__o211a_1)
                                         _0150_ (net)
                  0.04    0.00    0.52 ^ _3329_/D (sky130_fd_sc_hd__dfxtp_1)
                                  0.52   data arrival time

                  0.15    0.00    0.00   clock clk (rise edge)
                          0.00    0.00   clock network delay (ideal)
                          0.25    0.25   clock uncertainty
                          0.00    0.25   clock reconvergence pessimism
                                  0.25 ^ _3329_/CLK (sky130_fd_sc_hd__dfxtp_1)
                         -0.02    0.23   library hold time
                                  0.23   data required time
-----------------------------------------------------------------------------
                                  0.23   data required time
                                 -0.52   data arrival time
-----------------------------------------------------------------------------
                                  0.28   slack (MET)


Startpoint: _3205_ (rising edge-triggered flip-flop clocked by clk)
Endpoint: _3205_ (rising edge-triggered flip-flop clocked by clk)
Path Group: clk
Path Type: min

Fanout     Cap    Slew   Delay    Time   Description
-----------------------------------------------------------------------------
                  0.15    0.00    0.00   clock clk (rise edge)
                          0.00    0.00   clock network delay (ideal)
                  0.15    0.00    0.00 ^ _3205_/CLK (sky130_fd_sc_hd__dfxtp_1)
     2    0.00    0.03    0.31    0.31 v _3205_/Q (sky130_fd_sc_hd__dfxtp_1)
                                         user_peripheral.secure_lock[24] (net)
                  0.03    0.00    0.31 v _1681_/A (sky130_fd_sc_hd__and3_1)
     1    0.00    0.03    0.12    0.44 v _1681_/X (sky130_fd_sc_hd__and3_1)
                                         _1352_ (net)
                  0.03    0.00    0.44 v _1682_/A (sky130_fd_sc_hd__clkbuf_1)
     1    0.00    0.02    0.07    0.51 v _1682_/X (sky130_fd_sc_hd__clkbuf_1)
                                         _0026_ (net)
                  0.02    0.00    0.51 v _3205_/D (sky130_fd_sc_hd__dfxtp_1)
                                  0.51   data arrival time

                  0.15    0.00    0.00   clock clk (rise edge)
                          0.00    0.00   clock network delay (ideal)
                          0.25    0.25   clock uncertainty
                          0.00    0.25   clock reconvergence pessimism
                                  0.25 ^ _3205_/CLK (sky130_fd_sc_hd__dfxtp_1)
                         -0.02    0.23   library hold time
                                  0.23   data required time
-----------------------------------------------------------------------------
                                  0.23   data required time
                                 -0.51   data arrival time
-----------------------------------------------------------------------------
                                  0.28   slack (MET)


Startpoint: _3207_ (rising edge-triggered flip-flop clocked by clk)
Endpoint: _3207_ (rising edge-triggered flip-flop clocked by clk)
Path Group: clk
Path Type: min

Fanout     Cap    Slew   Delay    Time   Description
-----------------------------------------------------------------------------
                  0.15    0.00    0.00   clock clk (rise edge)
                          0.00    0.00   clock network delay (ideal)
                  0.15    0.00    0.00 ^ _3207_/CLK (sky130_fd_sc_hd__dfxtp_1)
     2    0.00    0.03    0.32    0.32 v _3207_/Q (sky130_fd_sc_hd__dfxtp_1)
                                         user_peripheral.secure_lock[26] (net)
                  0.03    0.00    0.32 v _1685_/A (sky130_fd_sc_hd__and3_1)
     1    0.00    0.03    0.12    0.44 v _1685_/X (sky130_fd_sc_hd__and3_1)
                                         _1354_ (net)
                  0.03    0.00    0.44 v _1686_/A (sky130_fd_sc_hd__clkbuf_1)
     1    0.00    0.02    0.07    0.51 v _1686_/X (sky130_fd_sc_hd__clkbuf_1)
                                         _0028_ (net)
                  0.02    0.00    0.51 v _3207_/D (sky130_fd_sc_hd__dfxtp_1)
                                  0.51   data arrival time

                  0.15    0.00    0.00   clock clk (rise edge)
                          0.00    0.00   clock network delay (ideal)
                          0.25    0.25   clock uncertainty
                          0.00    0.25   clock reconvergence pessimism
                                  0.25 ^ _3207_/CLK (sky130_fd_sc_hd__dfxtp_1)
                         -0.02    0.23   library hold time
                                  0.23   data required time
-----------------------------------------------------------------------------
                                  0.23   data required time
                                 -0.51   data arrival time
-----------------------------------------------------------------------------
                                  0.28   slack (MET)


Startpoint: _3197_ (rising edge-triggered flip-flop clocked by clk)
Endpoint: _3197_ (rising edge-triggered flip-flop clocked by clk)
Path Group: clk
Path Type: min

Fanout     Cap    Slew   Delay    Time   Description
-----------------------------------------------------------------------------
                  0.15    0.00    0.00   clock clk (rise edge)
                          0.00    0.00   clock network delay (ideal)
                  0.15    0.00    0.00 ^ _3197_/CLK (sky130_fd_sc_hd__dfxtp_1)
     2    0.00    0.03    0.31    0.31 v _3197_/Q (sky130_fd_sc_hd__dfxtp_1)
                                         user_peripheral.secure_lock[16] (net)
                  0.03    0.00    0.31 v _1664_/A (sky130_fd_sc_hd__and3_1)
     1    0.00    0.03    0.12    0.44 v _1664_/X (sky130_fd_sc_hd__and3_1)
                                         _1343_ (net)
                  0.03    0.00    0.44 v _1665_/A (sky130_fd_sc_hd__clkbuf_1)
     1    0.00    0.02    0.07    0.51 v _1665_/X (sky130_fd_sc_hd__clkbuf_1)
                                         _0018_ (net)
                  0.02    0.00    0.51 v _3197_/D (sky130_fd_sc_hd__dfxtp_1)
                                  0.51   data arrival time

                  0.15    0.00    0.00   clock clk (rise edge)
                          0.00    0.00   clock network delay (ideal)
                          0.25    0.25   clock uncertainty
                          0.00    0.25   clock reconvergence pessimism
                                  0.25 ^ _3197_/CLK (sky130_fd_sc_hd__dfxtp_1)
                         -0.02    0.23   library hold time
                                  0.23   data required time
-----------------------------------------------------------------------------
                                  0.23   data required time
                                 -0.51   data arrival time
-----------------------------------------------------------------------------
                                  0.28   slack (MET)


Startpoint: _3189_ (rising edge-triggered flip-flop clocked by clk)
Endpoint: _3189_ (rising edge-triggered flip-flop clocked by clk)
Path Group: clk
Path Type: min

Fanout     Cap    Slew   Delay    Time   Description
-----------------------------------------------------------------------------
                  0.15    0.00    0.00   clock clk (rise edge)
                          0.00    0.00   clock network delay (ideal)
                  0.15    0.00    0.00 ^ _3189_/CLK (sky130_fd_sc_hd__dfxtp_1)
     2    0.00    0.03    0.32    0.32 v _3189_/Q (sky130_fd_sc_hd__dfxtp_1)
                                         user_peripheral.secure_lock[8] (net)
                  0.03    0.00    0.32 v _1643_/A (sky130_fd_sc_hd__and3_1)
     1    0.00    0.03    0.12    0.44 v _1643_/X (sky130_fd_sc_hd__and3_1)
                                         _1330_ (net)
                  0.03    0.00    0.44 v _1644_/A (sky130_fd_sc_hd__clkbuf_1)
     1    0.00    0.02    0.07    0.51 v _1644_/X (sky130_fd_sc_hd__clkbuf_1)
                                         _0010_ (net)
                  0.02    0.00    0.51 v _3189_/D (sky130_fd_sc_hd__dfxtp_1)
                                  0.51   data arrival time

                  0.15    0.00    0.00   clock clk (rise edge)
                          0.00    0.00   clock network delay (ideal)
                          0.25    0.25   clock uncertainty
                          0.00    0.25   clock reconvergence pessimism
                                  0.25 ^ _3189_/CLK (sky130_fd_sc_hd__dfxtp_1)
                         -0.02    0.23   library hold time
                                  0.23   data required time
-----------------------------------------------------------------------------
                                  0.23   data required time
                                 -0.51   data arrival time
-----------------------------------------------------------------------------
                                  0.28   slack (MET)


Startpoint: _3187_ (rising edge-triggered flip-flop clocked by clk)
Endpoint: _3187_ (rising edge-triggered flip-flop clocked by clk)
Path Group: clk
Path Type: min

Fanout     Cap    Slew   Delay    Time   Description
-----------------------------------------------------------------------------
                  0.15    0.00    0.00   clock clk (rise edge)
                          0.00    0.00   clock network delay (ideal)
                  0.15    0.00    0.00 ^ _3187_/CLK (sky130_fd_sc_hd__dfxtp_1)
     2    0.00    0.03    0.32    0.32 v _3187_/Q (sky130_fd_sc_hd__dfxtp_1)
                                         user_peripheral.secure_lock[6] (net)
                  0.03    0.00    0.32 v _1639_/A (sky130_fd_sc_hd__and3_1)
     1    0.00    0.03    0.12    0.44 v _1639_/X (sky130_fd_sc_hd__and3_1)
                                         _1328_ (net)
                  0.03    0.00    0.44 v _1640_/A (sky130_fd_sc_hd__clkbuf_1)
     1    0.00    0.02    0.07    0.51 v _1640_/X (sky130_fd_sc_hd__clkbuf_1)
                                         _0008_ (net)
                  0.02    0.00    0.51 v _3187_/D (sky130_fd_sc_hd__dfxtp_1)
                                  0.51   data arrival time

                  0.15    0.00    0.00   clock clk (rise edge)
                          0.00    0.00   clock network delay (ideal)
                          0.25    0.25   clock uncertainty
                          0.00    0.25   clock reconvergence pessimism
                                  0.25 ^ _3187_/CLK (sky130_fd_sc_hd__dfxtp_1)
                         -0.02    0.23   library hold time
                                  0.23   data required time
-----------------------------------------------------------------------------
                                  0.23   data required time
                                 -0.51   data arrival time
-----------------------------------------------------------------------------
                                  0.28   slack (MET)


Startpoint: _3210_ (rising edge-triggered flip-flop clocked by clk)
Endpoint: _3210_ (rising edge-triggered flip-flop clocked by clk)
Path Group: clk
Path Type: min

Fanout     Cap    Slew   Delay    Time   Description
-----------------------------------------------------------------------------
                  0.15    0.00    0.00   clock clk (rise edge)
                          0.00    0.00   clock network delay (ideal)
                  0.15    0.00    0.00 ^ _3210_/CLK (sky130_fd_sc_hd__dfxtp_1)
     2    0.00    0.03    0.31    0.31 v _3210_/Q (sky130_fd_sc_hd__dfxtp_1)
                                         user_peripheral.secure_lock[29] (net)
                  0.03    0.00    0.31 v _1691_/A (sky130_fd_sc_hd__and3_1)
     1    0.00    0.03    0.12    0.44 v _1691_/X (sky130_fd_sc_hd__and3_1)
                                         _1357_ (net)
                  0.03    0.00    0.44 v _1692_/A (sky130_fd_sc_hd__clkbuf_1)
     1    0.00    0.02    0.08    0.51 v _1692_/X (sky130_fd_sc_hd__clkbuf_1)
                                         _0031_ (net)
                  0.02    0.00    0.51 v _3210_/D (sky130_fd_sc_hd__dfxtp_1)
                                  0.51   data arrival time

                  0.15    0.00    0.00   clock clk (rise edge)
                          0.00    0.00   clock network delay (ideal)
                          0.25    0.25   clock uncertainty
                          0.00    0.25   clock reconvergence pessimism
                                  0.25 ^ _3210_/CLK (sky130_fd_sc_hd__dfxtp_1)
                         -0.02    0.23   library hold time
                                  0.23   data required time
-----------------------------------------------------------------------------
                                  0.23   data required time
                                 -0.51   data arrival time
-----------------------------------------------------------------------------
                                  0.28   slack (MET)


Startpoint: _3254_ (rising edge-triggered flip-flop clocked by clk)
Endpoint: _3254_ (rising edge-triggered flip-flop clocked by clk)
Path Group: clk
Path Type: min

Fanout     Cap    Slew   Delay    Time   Description
-----------------------------------------------------------------------------
                  0.15    0.00    0.00   clock clk (rise edge)
                          0.00    0.00   clock network delay (ideal)
                  0.15    0.00    0.00 ^ _3254_/CLK (sky130_fd_sc_hd__dfxtp_1)
     4    0.01    0.15    0.39    0.39 ^ _3254_/Q (sky130_fd_sc_hd__dfxtp_1)
                                         user_peripheral.crc_reg[4] (net)
                  0.15    0.00    0.39 ^ _1990_/A1 (sky130_fd_sc_hd__a211o_1)
     1    0.00    0.03    0.13    0.52 ^ _1990_/X (sky130_fd_sc_hd__a211o_1)
                                         _0075_ (net)
                  0.03    0.00    0.52 ^ _3254_/D (sky130_fd_sc_hd__dfxtp_1)
                                  0.52   data arrival time

                  0.15    0.00    0.00   clock clk (rise edge)
                          0.00    0.00   clock network delay (ideal)
                          0.25    0.25   clock uncertainty
                          0.00    0.25   clock reconvergence pessimism
                                  0.25 ^ _3254_/CLK (sky130_fd_sc_hd__dfxtp_1)
                         -0.01    0.24   library hold time
                                  0.24   data required time
-----------------------------------------------------------------------------
                                  0.24   data required time
                                 -0.52   data arrival time
-----------------------------------------------------------------------------
                                  0.28   slack (MET)


Startpoint: _3246_ (rising edge-triggered flip-flop clocked by clk)
Endpoint: _3246_ (rising edge-triggered flip-flop clocked by clk)
Path Group: clk
Path Type: min

Fanout     Cap    Slew   Delay    Time   Description
-----------------------------------------------------------------------------
                  0.15    0.00    0.00   clock clk (rise edge)
                          0.00    0.00   clock network delay (ideal)
                  0.15    0.00    0.00 ^ _3246_/CLK (sky130_fd_sc_hd__dfxtp_1)
     3    0.01    0.11    0.37    0.37 ^ _3246_/Q (sky130_fd_sc_hd__dfxtp_1)
                                         user_peripheral.clk_div[2] (net)
                  0.11    0.00    0.37 ^ _1960_/A1 (sky130_fd_sc_hd__o211a_1)
     1    0.00    0.04    0.15    0.52 ^ _1960_/X (sky130_fd_sc_hd__o211a_1)
                                         _0067_ (net)
                  0.04    0.00    0.52 ^ _3246_/D (sky130_fd_sc_hd__dfxtp_1)
                                  0.52   data arrival time

                  0.15    0.00    0.00   clock clk (rise edge)
                          0.00    0.00   clock network delay (ideal)
                          0.25    0.25   clock uncertainty
                          0.00    0.25   clock reconvergence pessimism
                                  0.25 ^ _3246_/CLK (sky130_fd_sc_hd__dfxtp_1)
                         -0.02    0.23   library hold time
                                  0.23   data required time
-----------------------------------------------------------------------------
                                  0.23   data required time
                                 -0.52   data arrival time
-----------------------------------------------------------------------------
                                  0.28   slack (MET)


Startpoint: _3239_ (rising edge-triggered flip-flop clocked by clk)
Endpoint: _3239_ (rising edge-triggered flip-flop clocked by clk)
Path Group: clk
Path Type: min

Fanout     Cap    Slew   Delay    Time   Description
-----------------------------------------------------------------------------
                  0.15    0.00    0.00   clock clk (rise edge)
                          0.00    0.00   clock network delay (ideal)
                  0.15    0.00    0.00 ^ _3239_/CLK (sky130_fd_sc_hd__dfxtp_1)
     4    0.01    0.13    0.38    0.38 ^ _3239_/Q (sky130_fd_sc_hd__dfxtp_1)
                                         user_peripheral.div_cnt[1] (net)
                  0.13    0.00    0.38 ^ _1933_/A1 (sky130_fd_sc_hd__a22o_1)
     1    0.00    0.04    0.14    0.52 ^ _1933_/X (sky130_fd_sc_hd__a22o_1)
                                         _0060_ (net)
                  0.04    0.00    0.52 ^ _3239_/D (sky130_fd_sc_hd__dfxtp_1)
                                  0.52   data arrival time

                  0.15    0.00    0.00   clock clk (rise edge)
                          0.00    0.00   clock network delay (ideal)
                          0.25    0.25   clock uncertainty
                          0.00    0.25   clock reconvergence pessimism
                                  0.25 ^ _3239_/CLK (sky130_fd_sc_hd__dfxtp_1)
                         -0.02    0.23   library hold time
                                  0.23   data required time
-----------------------------------------------------------------------------
                                  0.23   data required time
                                 -0.52   data arrival time
-----------------------------------------------------------------------------
                                  0.28   slack (MET)


Startpoint: _3195_ (rising edge-triggered flip-flop clocked by clk)
Endpoint: _3195_ (rising edge-triggered flip-flop clocked by clk)
Path Group: clk
Path Type: min

Fanout     Cap    Slew   Delay    Time   Description
-----------------------------------------------------------------------------
                  0.15    0.00    0.00   clock clk (rise edge)
                          0.00    0.00   clock network delay (ideal)
                  0.15    0.00    0.00 ^ _3195_/CLK (sky130_fd_sc_hd__dfxtp_1)
     2    0.00    0.03    0.32    0.32 v _3195_/Q (sky130_fd_sc_hd__dfxtp_1)
                                         user_peripheral.secure_lock[14] (net)
                  0.03    0.00    0.32 v _1660_/A (sky130_fd_sc_hd__and3_1)
     1    0.00    0.03    0.13    0.44 v _1660_/X (sky130_fd_sc_hd__and3_1)
                                         _1341_ (net)
                  0.03    0.00    0.44 v _1661_/A (sky130_fd_sc_hd__clkbuf_1)
     1    0.00    0.02    0.07    0.51 v _1661_/X (sky130_fd_sc_hd__clkbuf_1)
                                         _0016_ (net)
                  0.02    0.00    0.51 v _3195_/D (sky130_fd_sc_hd__dfxtp_1)
                                  0.51   data arrival time

                  0.15    0.00    0.00   clock clk (rise edge)
                          0.00    0.00   clock network delay (ideal)
                          0.25    0.25   clock uncertainty
                          0.00    0.25   clock reconvergence pessimism
                                  0.25 ^ _3195_/CLK (sky130_fd_sc_hd__dfxtp_1)
                         -0.02    0.23   library hold time
                                  0.23   data required time
-----------------------------------------------------------------------------
                                  0.23   data required time
                                 -0.51   data arrival time
-----------------------------------------------------------------------------
                                  0.29   slack (MET)


Startpoint: _3247_ (rising edge-triggered flip-flop clocked by clk)
Endpoint: _3247_ (rising edge-triggered flip-flop clocked by clk)
Path Group: clk
Path Type: min

Fanout     Cap    Slew   Delay    Time   Description
-----------------------------------------------------------------------------
                  0.15    0.00    0.00   clock clk (rise edge)
                          0.00    0.00   clock network delay (ideal)
                  0.15    0.00    0.00 ^ _3247_/CLK (sky130_fd_sc_hd__dfxtp_1)
     3    0.01    0.11    0.37    0.37 ^ _3247_/Q (sky130_fd_sc_hd__dfxtp_1)
                                         user_peripheral.clk_div[3] (net)
                  0.11    0.00    0.37 ^ _1964_/A1 (sky130_fd_sc_hd__o211a_1)
     1    0.00    0.04    0.15    0.52 ^ _1964_/X (sky130_fd_sc_hd__o211a_1)
                                         _0068_ (net)
                  0.04    0.00    0.52 ^ _3247_/D (sky130_fd_sc_hd__dfxtp_1)
                                  0.52   data arrival time

                  0.15    0.00    0.00   clock clk (rise edge)
                          0.00    0.00   clock network delay (ideal)
                          0.25    0.25   clock uncertainty
                          0.00    0.25   clock reconvergence pessimism
                                  0.25 ^ _3247_/CLK (sky130_fd_sc_hd__dfxtp_1)
                         -0.02    0.23   library hold time
                                  0.23   data required time
-----------------------------------------------------------------------------
                                  0.23   data required time
                                 -0.52   data arrival time
-----------------------------------------------------------------------------
                                  0.29   slack (MET)


Startpoint: _3191_ (rising edge-triggered flip-flop clocked by clk)
Endpoint: _3191_ (rising edge-triggered flip-flop clocked by clk)
Path Group: clk
Path Type: min

Fanout     Cap    Slew   Delay    Time   Description
-----------------------------------------------------------------------------
                  0.15    0.00    0.00   clock clk (rise edge)
                          0.00    0.00   clock network delay (ideal)
                  0.15    0.00    0.00 ^ _3191_/CLK (sky130_fd_sc_hd__dfxtp_1)
     2    0.00    0.03    0.32    0.32 v _3191_/Q (sky130_fd_sc_hd__dfxtp_1)
                                         user_peripheral.secure_lock[10] (net)
                  0.03    0.00    0.32 v _1652_/A (sky130_fd_sc_hd__and3_1)
     1    0.00    0.03    0.13    0.44 v _1652_/X (sky130_fd_sc_hd__and3_1)
                                         _1337_ (net)
                  0.03    0.00    0.44 v _1653_/A (sky130_fd_sc_hd__clkbuf_1)
     1    0.00    0.02    0.07    0.52 v _1653_/X (sky130_fd_sc_hd__clkbuf_1)
                                         _0012_ (net)
                  0.02    0.00    0.52 v _3191_/D (sky130_fd_sc_hd__dfxtp_1)
                                  0.52   data arrival time

                  0.15    0.00    0.00   clock clk (rise edge)
                          0.00    0.00   clock network delay (ideal)
                          0.25    0.25   clock uncertainty
                          0.00    0.25   clock reconvergence pessimism
                                  0.25 ^ _3191_/CLK (sky130_fd_sc_hd__dfxtp_1)
                         -0.02    0.23   library hold time
                                  0.23   data required time
-----------------------------------------------------------------------------
                                  0.23   data required time
                                 -0.52   data arrival time
-----------------------------------------------------------------------------
                                  0.29   slack (MET)


Startpoint: _3439_ (rising edge-triggered flip-flop clocked by clk)
Endpoint: _3439_ (rising edge-triggered flip-flop clocked by clk)
Path Group: clk
Path Type: min

Fanout     Cap    Slew   Delay    Time   Description
-----------------------------------------------------------------------------
                  0.15    0.00    0.00   clock clk (rise edge)
                          0.00    0.00   clock network delay (ideal)
                  0.15    0.00    0.00 ^ _3439_/CLK (sky130_fd_sc_hd__dfxtp_1)
     4    0.01    0.15    0.40    0.40 ^ _3439_/Q (sky130_fd_sc_hd__dfxtp_1)
                                         user_peripheral.access_violation (net)
                  0.15    0.00    0.40 ^ _2975_/A1 (sky130_fd_sc_hd__o21a_1)
     1    0.00    0.04    0.13    0.52 ^ _2975_/X (sky130_fd_sc_hd__o21a_1)
                                         _0260_ (net)
                  0.04    0.00    0.52 ^ _3439_/D (sky130_fd_sc_hd__dfxtp_1)
                                  0.52   data arrival time

                  0.15    0.00    0.00   clock clk (rise edge)
                          0.00    0.00   clock network delay (ideal)
                          0.25    0.25   clock uncertainty
                          0.00    0.25   clock reconvergence pessimism
                                  0.25 ^ _3439_/CLK (sky130_fd_sc_hd__dfxtp_1)
                         -0.02    0.23   library hold time
                                  0.23   data required time
-----------------------------------------------------------------------------
                                  0.23   data required time
                                 -0.52   data arrival time
-----------------------------------------------------------------------------
                                  0.29   slack (MET)


Startpoint: _3248_ (rising edge-triggered flip-flop clocked by clk)
Endpoint: _3248_ (rising edge-triggered flip-flop clocked by clk)
Path Group: clk
Path Type: min

Fanout     Cap    Slew   Delay    Time   Description
-----------------------------------------------------------------------------
                  0.15    0.00    0.00   clock clk (rise edge)
                          0.00    0.00   clock network delay (ideal)
                  0.15    0.00    0.00 ^ _3248_/CLK (sky130_fd_sc_hd__dfxtp_1)
     3    0.01    0.12    0.37    0.37 ^ _3248_/Q (sky130_fd_sc_hd__dfxtp_1)
                                         user_peripheral.clk_div[4] (net)
                  0.12    0.00    0.37 ^ _1967_/A1 (sky130_fd_sc_hd__o211a_1)
     1    0.00    0.04    0.15    0.52 ^ _1967_/X (sky130_fd_sc_hd__o211a_1)
                                         _0069_ (net)
                  0.04    0.00    0.52 ^ _3248_/D (sky130_fd_sc_hd__dfxtp_1)
                                  0.52   data arrival time

                  0.15    0.00    0.00   clock clk (rise edge)
                          0.00    0.00   clock network delay (ideal)
                          0.25    0.25   clock uncertainty
                          0.00    0.25   clock reconvergence pessimism
                                  0.25 ^ _3248_/CLK (sky130_fd_sc_hd__dfxtp_1)
                         -0.02    0.23   library hold time
                                  0.23   data required time
-----------------------------------------------------------------------------
                                  0.23   data required time
                                 -0.52   data arrival time
-----------------------------------------------------------------------------
                                  0.29   slack (MET)


Startpoint: _3318_ (rising edge-triggered flip-flop clocked by clk)
Endpoint: _3318_ (rising edge-triggered flip-flop clocked by clk)
Path Group: clk
Path Type: min

Fanout     Cap    Slew   Delay    Time   Description
-----------------------------------------------------------------------------
                  0.15    0.00    0.00   clock clk (rise edge)
                          0.00    0.00   clock network delay (ideal)
                  0.15    0.00    0.00 ^ _3318_/CLK (sky130_fd_sc_hd__dfxtp_1)
     4    0.01    0.12    0.38    0.38 ^ _3318_/Q (sky130_fd_sc_hd__dfxtp_1)
                                         user_peripheral.r2_r[3] (net)
                  0.12    0.00    0.38 ^ _2234_/A1 (sky130_fd_sc_hd__o211a_1)
     1    0.00    0.04    0.15    0.53 ^ _2234_/X (sky130_fd_sc_hd__o211a_1)
                                         _0139_ (net)
                  0.04    0.00    0.53 ^ _3318_/D (sky130_fd_sc_hd__dfxtp_1)
                                  0.53   data arrival time

                  0.15    0.00    0.00   clock clk (rise edge)
                          0.00    0.00   clock network delay (ideal)
                          0.25    0.25   clock uncertainty
                          0.00    0.25   clock reconvergence pessimism
                                  0.25 ^ _3318_/CLK (sky130_fd_sc_hd__dfxtp_1)
                         -0.02    0.23   library hold time
                                  0.23   data required time
-----------------------------------------------------------------------------
                                  0.23   data required time
                                 -0.53   data arrival time
-----------------------------------------------------------------------------
                                  0.30   slack (MET)


Startpoint: _3328_ (rising edge-triggered flip-flop clocked by clk)
Endpoint: _3328_ (rising edge-triggered flip-flop clocked by clk)
Path Group: clk
Path Type: min

Fanout     Cap    Slew   Delay    Time   Description
-----------------------------------------------------------------------------
                  0.15    0.00    0.00   clock clk (rise edge)
                          0.00    0.00   clock network delay (ideal)
                  0.15    0.00    0.00 ^ _3328_/CLK (sky130_fd_sc_hd__dfxtp_1)
     4    0.01    0.13    0.38    0.38 ^ _3328_/Q (sky130_fd_sc_hd__dfxtp_1)
                                         user_peripheral.r3_r[1] (net)
                  0.13    0.00    0.38 ^ _2255_/A1 (sky130_fd_sc_hd__o211a_1)
     1    0.00    0.04    0.15    0.53 ^ _2255_/X (sky130_fd_sc_hd__o211a_1)
                                         _0149_ (net)
                  0.04    0.00    0.53 ^ _3328_/D (sky130_fd_sc_hd__dfxtp_1)
                                  0.53   data arrival time

                  0.15    0.00    0.00   clock clk (rise edge)
                          0.00    0.00   clock network delay (ideal)
                          0.25    0.25   clock uncertainty
                          0.00    0.25   clock reconvergence pessimism
                                  0.25 ^ _3328_/CLK (sky130_fd_sc_hd__dfxtp_1)
                         -0.02    0.23   library hold time
                                  0.23   data required time
-----------------------------------------------------------------------------
                                  0.23   data required time
                                 -0.53   data arrival time
-----------------------------------------------------------------------------
                                  0.30   slack (MET)


Startpoint: _3317_ (rising edge-triggered flip-flop clocked by clk)
Endpoint: _3317_ (rising edge-triggered flip-flop clocked by clk)
Path Group: clk
Path Type: min

Fanout     Cap    Slew   Delay    Time   Description
-----------------------------------------------------------------------------
                  0.15    0.00    0.00   clock clk (rise edge)
                          0.00    0.00   clock network delay (ideal)
                  0.15    0.00    0.00 ^ _3317_/CLK (sky130_fd_sc_hd__dfxtp_1)
     4    0.01    0.13    0.38    0.38 ^ _3317_/Q (sky130_fd_sc_hd__dfxtp_1)
                                         user_peripheral.r2_r[4] (net)
                  0.13    0.00    0.38 ^ _2230_/A1 (sky130_fd_sc_hd__o211a_1)
     1    0.00    0.04    0.15    0.53 ^ _2230_/X (sky130_fd_sc_hd__o211a_1)
                                         _0138_ (net)
                  0.04    0.00    0.53 ^ _3317_/D (sky130_fd_sc_hd__dfxtp_1)
                                  0.53   data arrival time

                  0.15    0.00    0.00   clock clk (rise edge)
                          0.00    0.00   clock network delay (ideal)
                          0.25    0.25   clock uncertainty
                          0.00    0.25   clock reconvergence pessimism
                                  0.25 ^ _3317_/CLK (sky130_fd_sc_hd__dfxtp_1)
                         -0.02    0.23   library hold time
                                  0.23   data required time
-----------------------------------------------------------------------------
                                  0.23   data required time
                                 -0.53   data arrival time
-----------------------------------------------------------------------------
                                  0.30   slack (MET)


Startpoint: _3238_ (rising edge-triggered flip-flop clocked by clk)
Endpoint: _3238_ (rising edge-triggered flip-flop clocked by clk)
Path Group: clk
Path Type: min

Fanout     Cap    Slew   Delay    Time   Description
-----------------------------------------------------------------------------
                  0.15    0.00    0.00   clock clk (rise edge)
                          0.00    0.00   clock network delay (ideal)
                  0.15    0.00    0.00 ^ _3238_/CLK (sky130_fd_sc_hd__dfxtp_1)
     5    0.02    0.15    0.40    0.40 ^ _3238_/Q (sky130_fd_sc_hd__dfxtp_1)
                                         user_peripheral.div_cnt[0] (net)
                  0.15    0.00    0.40 ^ _1930_/B2 (sky130_fd_sc_hd__a32o_1)
     1    0.00    0.05    0.13    0.53 ^ _1930_/X (sky130_fd_sc_hd__a32o_1)
                                         _0059_ (net)
                  0.05    0.00    0.53 ^ _3238_/D (sky130_fd_sc_hd__dfxtp_1)
                                  0.53   data arrival time

                  0.15    0.00    0.00   clock clk (rise edge)
                          0.00    0.00   clock network delay (ideal)
                          0.25    0.25   clock uncertainty
                          0.00    0.25   clock reconvergence pessimism
                                  0.25 ^ _3238_/CLK (sky130_fd_sc_hd__dfxtp_1)
                         -0.02    0.23   library hold time
                                  0.23   data required time
-----------------------------------------------------------------------------
                                  0.23   data required time
                                 -0.53   data arrival time
-----------------------------------------------------------------------------
                                  0.30   slack (MET)


Startpoint: _3319_ (rising edge-triggered flip-flop clocked by clk)
Endpoint: _3319_ (rising edge-triggered flip-flop clocked by clk)
Path Group: clk
Path Type: min

Fanout     Cap    Slew   Delay    Time   Description
-----------------------------------------------------------------------------
                  0.15    0.00    0.00   clock clk (rise edge)
                          0.00    0.00   clock network delay (ideal)
                  0.15    0.00    0.00 ^ _3319_/CLK (sky130_fd_sc_hd__dfxtp_1)
     4    0.01    0.13    0.38    0.38 ^ _3319_/Q (sky130_fd_sc_hd__dfxtp_1)
                                         user_peripheral.r2_r[2] (net)
                  0.13    0.00    0.38 ^ _2237_/A1 (sky130_fd_sc_hd__o211a_1)
     1    0.00    0.04    0.15    0.54 ^ _2237_/X (sky130_fd_sc_hd__o211a_1)
                                         _0140_ (net)
                  0.04    0.00    0.54 ^ _3319_/D (sky130_fd_sc_hd__dfxtp_1)
                                  0.54   data arrival time

                  0.15    0.00    0.00   clock clk (rise edge)
                          0.00    0.00   clock network delay (ideal)
                          0.25    0.25   clock uncertainty
                          0.00    0.25   clock reconvergence pessimism
                                  0.25 ^ _3319_/CLK (sky130_fd_sc_hd__dfxtp_1)
                         -0.02    0.23   library hold time
                                  0.23   data required time
-----------------------------------------------------------------------------
                                  0.23   data required time
                                 -0.54   data arrival time
-----------------------------------------------------------------------------
                                  0.30   slack (MET)


Startpoint: _3327_ (rising edge-triggered flip-flop clocked by clk)
Endpoint: _3327_ (rising edge-triggered flip-flop clocked by clk)
Path Group: clk
Path Type: min

Fanout     Cap    Slew   Delay    Time   Description
-----------------------------------------------------------------------------
                  0.15    0.00    0.00   clock clk (rise edge)
                          0.00    0.00   clock network delay (ideal)
                  0.15    0.00    0.00 ^ _3327_/CLK (sky130_fd_sc_hd__dfxtp_1)
     4    0.01    0.13    0.39    0.39 ^ _3327_/Q (sky130_fd_sc_hd__dfxtp_1)
                                         user_peripheral.r3_r[2] (net)
                  0.13    0.00    0.39 ^ _2253_/A1 (sky130_fd_sc_hd__o211a_1)
     1    0.00    0.04    0.15    0.54 ^ _2253_/X (sky130_fd_sc_hd__o211a_1)
                                         _0148_ (net)
                  0.04    0.00    0.54 ^ _3327_/D (sky130_fd_sc_hd__dfxtp_1)
                                  0.54   data arrival time

                  0.15    0.00    0.00   clock clk (rise edge)
                          0.00    0.00   clock network delay (ideal)
                          0.25    0.25   clock uncertainty
                          0.00    0.25   clock reconvergence pessimism
                                  0.25 ^ _3327_/CLK (sky130_fd_sc_hd__dfxtp_1)
                         -0.02    0.23   library hold time
                                  0.23   data required time
-----------------------------------------------------------------------------
                                  0.23   data required time
                                 -0.54   data arrival time
-----------------------------------------------------------------------------
                                  0.30   slack (MET)


Startpoint: _3315_ (rising edge-triggered flip-flop clocked by clk)
Endpoint: _3315_ (rising edge-triggered flip-flop clocked by clk)
Path Group: clk
Path Type: min

Fanout     Cap    Slew   Delay    Time   Description
-----------------------------------------------------------------------------
                  0.15    0.00    0.00   clock clk (rise edge)
                          0.00    0.00   clock network delay (ideal)
                  0.15    0.00    0.00 ^ _3315_/CLK (sky130_fd_sc_hd__dfxtp_1)
     4    0.01    0.13    0.38    0.38 ^ _3315_/Q (sky130_fd_sc_hd__dfxtp_1)
                                         user_peripheral.r2_r[6] (net)
                  0.13    0.00    0.38 ^ _2225_/A1 (sky130_fd_sc_hd__o211a_1)
     1    0.00    0.04    0.15    0.54 ^ _2225_/X (sky130_fd_sc_hd__o211a_1)
                                         _0136_ (net)
                  0.04    0.00    0.54 ^ _3315_/D (sky130_fd_sc_hd__dfxtp_1)
                                  0.54   data arrival time

                  0.15    0.00    0.00   clock clk (rise edge)
                          0.00    0.00   clock network delay (ideal)
                          0.25    0.25   clock uncertainty
                          0.00    0.25   clock reconvergence pessimism
                                  0.25 ^ _3315_/CLK (sky130_fd_sc_hd__dfxtp_1)
                         -0.02    0.23   library hold time
                                  0.23   data required time
-----------------------------------------------------------------------------
                                  0.23   data required time
                                 -0.54   data arrival time
-----------------------------------------------------------------------------
                                  0.30   slack (MET)


Startpoint: _3321_ (rising edge-triggered flip-flop clocked by clk)
Endpoint: _3321_ (rising edge-triggered flip-flop clocked by clk)
Path Group: clk
Path Type: min

Fanout     Cap    Slew   Delay    Time   Description
-----------------------------------------------------------------------------
                  0.15    0.00    0.00   clock clk (rise edge)
                          0.00    0.00   clock network delay (ideal)
                  0.15    0.00    0.00 ^ _3321_/CLK (sky130_fd_sc_hd__dfxtp_1)
     4    0.01    0.13    0.39    0.39 ^ _3321_/Q (sky130_fd_sc_hd__dfxtp_1)
                                         user_peripheral.r2_r[0] (net)
                  0.13    0.00    0.39 ^ _2241_/A1 (sky130_fd_sc_hd__o211a_1)
     1    0.00    0.04    0.15    0.54 ^ _2241_/X (sky130_fd_sc_hd__o211a_1)
                                         _0142_ (net)
                  0.04    0.00    0.54 ^ _3321_/D (sky130_fd_sc_hd__dfxtp_1)
                                  0.54   data arrival time

                  0.15    0.00    0.00   clock clk (rise edge)
                          0.00    0.00   clock network delay (ideal)
                          0.25    0.25   clock uncertainty
                          0.00    0.25   clock reconvergence pessimism
                                  0.25 ^ _3321_/CLK (sky130_fd_sc_hd__dfxtp_1)
                         -0.02    0.23   library hold time
                                  0.23   data required time
-----------------------------------------------------------------------------
                                  0.23   data required time
                                 -0.54   data arrival time
-----------------------------------------------------------------------------
                                  0.30   slack (MET)


Startpoint: _3357_ (rising edge-triggered flip-flop clocked by clk)
Endpoint: _3357_ (rising edge-triggered flip-flop clocked by clk)
Path Group: clk
Path Type: min

Fanout     Cap    Slew   Delay    Time   Description
-----------------------------------------------------------------------------
                  0.15    0.00    0.00   clock clk (rise edge)
                          0.00    0.00   clock network delay (ideal)
                  0.15    0.00    0.00 ^ _3357_/CLK (sky130_fd_sc_hd__dfxtp_1)
     2    0.00    0.06    0.33    0.33 ^ _3357_/Q (sky130_fd_sc_hd__dfxtp_1)
                                         user_peripheral.tx_shift[27] (net)
                  0.06    0.00    0.33 ^ _2693_/A (sky130_fd_sc_hd__or2_1)
     1    0.00    0.04    0.09    0.42 ^ _2693_/X (sky130_fd_sc_hd__or2_1)
                                         _0934_ (net)
                  0.04    0.00    0.42 ^ _2694_/B1 (sky130_fd_sc_hd__o211a_1)
     1    0.00    0.03    0.12    0.54 ^ _2694_/X (sky130_fd_sc_hd__o211a_1)
                                         _0178_ (net)
                  0.03    0.00    0.54 ^ _3357_/D (sky130_fd_sc_hd__dfxtp_1)
                                  0.54   data arrival time

                  0.15    0.00    0.00   clock clk (rise edge)
                          0.00    0.00   clock network delay (ideal)
                          0.25    0.25   clock uncertainty
                          0.00    0.25   clock reconvergence pessimism
                                  0.25 ^ _3357_/CLK (sky130_fd_sc_hd__dfxtp_1)
                         -0.02    0.23   library hold time
                                  0.23   data required time
-----------------------------------------------------------------------------
                                  0.23   data required time
                                 -0.54   data arrival time
-----------------------------------------------------------------------------
                                  0.31   slack (MET)


Startpoint: _3265_ (rising edge-triggered flip-flop clocked by clk)
Endpoint: _3265_ (rising edge-triggered flip-flop clocked by clk)
Path Group: clk
Path Type: min

Fanout     Cap    Slew   Delay    Time   Description
-----------------------------------------------------------------------------
                  0.15    0.00    0.00   clock clk (rise edge)
                          0.00    0.00   clock network delay (ideal)
                  0.15    0.00    0.00 ^ _3265_/CLK (sky130_fd_sc_hd__dfxtp_1)
     3    0.02    0.17    0.41    0.41 ^ _3265_/Q (sky130_fd_sc_hd__dfxtp_1)
                                         user_peripheral.crc_reg[15] (net)
                  0.17    0.00    0.41 ^ _2016_/A1 (sky130_fd_sc_hd__a211o_1)
     1    0.00    0.03    0.13    0.54 ^ _2016_/X (sky130_fd_sc_hd__a211o_1)
                                         _0086_ (net)
                  0.03    0.00    0.54 ^ _3265_/D (sky130_fd_sc_hd__dfxtp_1)
                                  0.54   data arrival time

                  0.15    0.00    0.00   clock clk (rise edge)
                          0.00    0.00   clock network delay (ideal)
                          0.25    0.25   clock uncertainty
                          0.00    0.25   clock reconvergence pessimism
                                  0.25 ^ _3265_/CLK (sky130_fd_sc_hd__dfxtp_1)
                         -0.01    0.24   library hold time
                                  0.24   data required time
-----------------------------------------------------------------------------
                                  0.24   data required time
                                 -0.54   data arrival time
-----------------------------------------------------------------------------
                                  0.31   slack (MET)


Startpoint: _3355_ (rising edge-triggered flip-flop clocked by clk)
Endpoint: _3355_ (rising edge-triggered flip-flop clocked by clk)
Path Group: clk
Path Type: min

Fanout     Cap    Slew   Delay    Time   Description
-----------------------------------------------------------------------------
                  0.15    0.00    0.00   clock clk (rise edge)
                          0.00    0.00   clock network delay (ideal)
                  0.15    0.00    0.00 ^ _3355_/CLK (sky130_fd_sc_hd__dfxtp_1)
     2    0.00    0.06    0.33    0.33 ^ _3355_/Q (sky130_fd_sc_hd__dfxtp_1)
                                         user_peripheral.tx_shift[25] (net)
                  0.06    0.00    0.33 ^ _2656_/A (sky130_fd_sc_hd__or2_1)
     1    0.00    0.04    0.09    0.42 ^ _2656_/X (sky130_fd_sc_hd__or2_1)
                                         _0899_ (net)
                  0.04    0.00    0.42 ^ _2657_/B1 (sky130_fd_sc_hd__o211a_1)
     1    0.00    0.04    0.12    0.54 ^ _2657_/X (sky130_fd_sc_hd__o211a_1)
                                         _0176_ (net)
                  0.04    0.00    0.54 ^ _3355_/D (sky130_fd_sc_hd__dfxtp_1)
                                  0.54   data arrival time

                  0.15    0.00    0.00   clock clk (rise edge)
                          0.00    0.00   clock network delay (ideal)
                          0.25    0.25   clock uncertainty
                          0.00    0.25   clock reconvergence pessimism
                                  0.25 ^ _3355_/CLK (sky130_fd_sc_hd__dfxtp_1)
                         -0.02    0.23   library hold time
                                  0.23   data required time
-----------------------------------------------------------------------------
                                  0.23   data required time
                                 -0.54   data arrival time
-----------------------------------------------------------------------------
                                  0.31   slack (MET)


Startpoint: _3326_ (rising edge-triggered flip-flop clocked by clk)
Endpoint: _3326_ (rising edge-triggered flip-flop clocked by clk)
Path Group: clk
Path Type: min

Fanout     Cap    Slew   Delay    Time   Description
-----------------------------------------------------------------------------
                  0.15    0.00    0.00   clock clk (rise edge)
                          0.00    0.00   clock network delay (ideal)
                  0.15    0.00    0.00 ^ _3326_/CLK (sky130_fd_sc_hd__dfxtp_1)
     4    0.01    0.14    0.39    0.39 ^ _3326_/Q (sky130_fd_sc_hd__dfxtp_1)
                                         user_peripheral.r3_r[3] (net)
                  0.14    0.00    0.39 ^ _2251_/A1 (sky130_fd_sc_hd__o211a_1)
     1    0.00    0.04    0.15    0.54 ^ _2251_/X (sky130_fd_sc_hd__o211a_1)
                                         _0147_ (net)
                  0.04    0.00    0.54 ^ _3326_/D (sky130_fd_sc_hd__dfxtp_1)
                                  0.54   data arrival time

                  0.15    0.00    0.00   clock clk (rise edge)
                          0.00    0.00   clock network delay (ideal)
                          0.25    0.25   clock uncertainty
                          0.00    0.25   clock reconvergence pessimism
                                  0.25 ^ _3326_/CLK (sky130_fd_sc_hd__dfxtp_1)
                         -0.02    0.23   library hold time
                                  0.23   data required time
-----------------------------------------------------------------------------
                                  0.23   data required time
                                 -0.54   data arrival time
-----------------------------------------------------------------------------
                                  0.31   slack (MET)


Startpoint: _3314_ (rising edge-triggered flip-flop clocked by clk)
Endpoint: _3314_ (rising edge-triggered flip-flop clocked by clk)
Path Group: clk
Path Type: min

Fanout     Cap    Slew   Delay    Time   Description
-----------------------------------------------------------------------------
                  0.15    0.00    0.00   clock clk (rise edge)
                          0.00    0.00   clock network delay (ideal)
                  0.15    0.00    0.00 ^ _3314_/CLK (sky130_fd_sc_hd__dfxtp_1)
     4    0.01    0.14    0.39    0.39 ^ _3314_/Q (sky130_fd_sc_hd__dfxtp_1)
                                         user_peripheral.r2_r[7] (net)
                  0.14    0.00    0.39 ^ _2223_/A1 (sky130_fd_sc_hd__o211a_1)
     1    0.00    0.04    0.15    0.54 ^ _2223_/X (sky130_fd_sc_hd__o211a_1)
                                         _0135_ (net)
                  0.04    0.00    0.54 ^ _3314_/D (sky130_fd_sc_hd__dfxtp_1)
                                  0.54   data arrival time

                  0.15    0.00    0.00   clock clk (rise edge)
                          0.00    0.00   clock network delay (ideal)
                          0.25    0.25   clock uncertainty
                          0.00    0.25   clock reconvergence pessimism
                                  0.25 ^ _3314_/CLK (sky130_fd_sc_hd__dfxtp_1)
                         -0.02    0.23   library hold time
                                  0.23   data required time
-----------------------------------------------------------------------------
                                  0.23   data required time
                                 -0.54   data arrival time
-----------------------------------------------------------------------------
                                  0.31   slack (MET)


Startpoint: _3316_ (rising edge-triggered flip-flop clocked by clk)
Endpoint: _3316_ (rising edge-triggered flip-flop clocked by clk)
Path Group: clk
Path Type: min

Fanout     Cap    Slew   Delay    Time   Description
-----------------------------------------------------------------------------
                  0.15    0.00    0.00   clock clk (rise edge)
                          0.00    0.00   clock network delay (ideal)
                  0.15    0.00    0.00 ^ _3316_/CLK (sky130_fd_sc_hd__dfxtp_1)
     4    0.01    0.14    0.39    0.39 ^ _3316_/Q (sky130_fd_sc_hd__dfxtp_1)
                                         user_peripheral.r2_r[5] (net)
                  0.14    0.00    0.39 ^ _2227_/A1 (sky130_fd_sc_hd__o211a_1)
     1    0.00    0.04    0.15    0.54 ^ _2227_/X (sky130_fd_sc_hd__o211a_1)
                                         _0137_ (net)
                  0.04    0.00    0.54 ^ _3316_/D (sky130_fd_sc_hd__dfxtp_1)
                                  0.54   data arrival time

                  0.15    0.00    0.00   clock clk (rise edge)
                          0.00    0.00   clock network delay (ideal)
                          0.25    0.25   clock uncertainty
                          0.00    0.25   clock reconvergence pessimism
                                  0.25 ^ _3316_/CLK (sky130_fd_sc_hd__dfxtp_1)
                         -0.02    0.23   library hold time
                                  0.23   data required time
-----------------------------------------------------------------------------
                                  0.23   data required time
                                 -0.54   data arrival time
-----------------------------------------------------------------------------
                                  0.31   slack (MET)


Startpoint: _3356_ (rising edge-triggered flip-flop clocked by clk)
Endpoint: _3356_ (rising edge-triggered flip-flop clocked by clk)
Path Group: clk
Path Type: min

Fanout     Cap    Slew   Delay    Time   Description
-----------------------------------------------------------------------------
                  0.15    0.00    0.00   clock clk (rise edge)
                          0.00    0.00   clock network delay (ideal)
                  0.15    0.00    0.00 ^ _3356_/CLK (sky130_fd_sc_hd__dfxtp_1)
     2    0.00    0.06    0.33    0.33 ^ _3356_/Q (sky130_fd_sc_hd__dfxtp_1)
                                         user_peripheral.tx_shift[26] (net)
                  0.06    0.00    0.33 ^ _2674_/A (sky130_fd_sc_hd__or2_1)
     1    0.00    0.04    0.09    0.42 ^ _2674_/X (sky130_fd_sc_hd__or2_1)
                                         _0916_ (net)
                  0.04    0.00    0.42 ^ _2675_/B1 (sky130_fd_sc_hd__o211a_1)
     1    0.00    0.04    0.12    0.54 ^ _2675_/X (sky130_fd_sc_hd__o211a_1)
                                         _0177_ (net)
                  0.04    0.00    0.54 ^ _3356_/D (sky130_fd_sc_hd__dfxtp_1)
                                  0.54   data arrival time

                  0.15    0.00    0.00   clock clk (rise edge)
                          0.00    0.00   clock network delay (ideal)
                          0.25    0.25   clock uncertainty
                          0.00    0.25   clock reconvergence pessimism
                                  0.25 ^ _3356_/CLK (sky130_fd_sc_hd__dfxtp_1)
                         -0.02    0.23   library hold time
                                  0.23   data required time
-----------------------------------------------------------------------------
                                  0.23   data required time
                                 -0.54   data arrival time
-----------------------------------------------------------------------------
                                  0.31   slack (MET)


Startpoint: _3354_ (rising edge-triggered flip-flop clocked by clk)
Endpoint: _3354_ (rising edge-triggered flip-flop clocked by clk)
Path Group: clk
Path Type: min

Fanout     Cap    Slew   Delay    Time   Description
-----------------------------------------------------------------------------
                  0.15    0.00    0.00   clock clk (rise edge)
                          0.00    0.00   clock network delay (ideal)
                  0.15    0.00    0.00 ^ _3354_/CLK (sky130_fd_sc_hd__dfxtp_1)
     2    0.00    0.06    0.33    0.33 ^ _3354_/Q (sky130_fd_sc_hd__dfxtp_1)
                                         user_peripheral.tx_shift[24] (net)
                  0.06    0.00    0.33 ^ _2638_/A (sky130_fd_sc_hd__or2_1)
     1    0.00    0.04    0.09    0.42 ^ _2638_/X (sky130_fd_sc_hd__or2_1)
                                         _0882_ (net)
                  0.04    0.00    0.42 ^ _2639_/B1 (sky130_fd_sc_hd__o211a_1)
     1    0.00    0.04    0.12    0.54 ^ _2639_/X (sky130_fd_sc_hd__o211a_1)
                                         _0175_ (net)
                  0.04    0.00    0.54 ^ _3354_/D (sky130_fd_sc_hd__dfxtp_1)
                                  0.54   data arrival time

                  0.15    0.00    0.00   clock clk (rise edge)
                          0.00    0.00   clock network delay (ideal)
                          0.25    0.25   clock uncertainty
                          0.00    0.25   clock reconvergence pessimism
                                  0.25 ^ _3354_/CLK (sky130_fd_sc_hd__dfxtp_1)
                         -0.02    0.23   library hold time
                                  0.23   data required time
-----------------------------------------------------------------------------
                                  0.23   data required time
                                 -0.54   data arrival time
-----------------------------------------------------------------------------
                                  0.31   slack (MET)


Startpoint: _3325_ (rising edge-triggered flip-flop clocked by clk)
Endpoint: _3325_ (rising edge-triggered flip-flop clocked by clk)
Path Group: clk
Path Type: min

Fanout     Cap    Slew   Delay    Time   Description
-----------------------------------------------------------------------------
                  0.15    0.00    0.00   clock clk (rise edge)
                          0.00    0.00   clock network delay (ideal)
                  0.15    0.00    0.00 ^ _3325_/CLK (sky130_fd_sc_hd__dfxtp_1)
     4    0.01    0.14    0.39    0.39 ^ _3325_/Q (sky130_fd_sc_hd__dfxtp_1)
                                         user_peripheral.r3_r[4] (net)
                  0.14    0.00    0.39 ^ _2249_/A1 (sky130_fd_sc_hd__o211a_1)
     1    0.00    0.04    0.15    0.54 ^ _2249_/X (sky130_fd_sc_hd__o211a_1)
                                         _0146_ (net)
                  0.04    0.00    0.54 ^ _3325_/D (sky130_fd_sc_hd__dfxtp_1)
                                  0.54   data arrival time

                  0.15    0.00    0.00   clock clk (rise edge)
                          0.00    0.00   clock network delay (ideal)
                          0.25    0.25   clock uncertainty
                          0.00    0.25   clock reconvergence pessimism
                                  0.25 ^ _3325_/CLK (sky130_fd_sc_hd__dfxtp_1)
                         -0.02    0.23   library hold time
                                  0.23   data required time
-----------------------------------------------------------------------------
                                  0.23   data required time
                                 -0.54   data arrival time
-----------------------------------------------------------------------------
                                  0.31   slack (MET)


Startpoint: _3361_ (rising edge-triggered flip-flop clocked by clk)
Endpoint: _3361_ (rising edge-triggered flip-flop clocked by clk)
Path Group: clk
Path Type: min

Fanout     Cap    Slew   Delay    Time   Description
-----------------------------------------------------------------------------
                  0.15    0.00    0.00   clock clk (rise edge)
                          0.00    0.00   clock network delay (ideal)
                  0.15    0.00    0.00 ^ _3361_/CLK (sky130_fd_sc_hd__dfxtp_1)
     2    0.00    0.06    0.33    0.33 ^ _3361_/Q (sky130_fd_sc_hd__dfxtp_1)
                                         user_peripheral.tx_shift[31] (net)
                  0.06    0.00    0.33 ^ _2764_/A (sky130_fd_sc_hd__or2_1)
     1    0.00    0.04    0.09    0.42 ^ _2764_/X (sky130_fd_sc_hd__or2_1)
                                         _1001_ (net)
                  0.04    0.00    0.42 ^ _2766_/B1 (sky130_fd_sc_hd__o211a_1)
     1    0.00    0.04    0.12    0.54 ^ _2766_/X (sky130_fd_sc_hd__o211a_1)
                                         _0182_ (net)
                  0.04    0.00    0.54 ^ _3361_/D (sky130_fd_sc_hd__dfxtp_1)
                                  0.54   data arrival time

                  0.15    0.00    0.00   clock clk (rise edge)
                          0.00    0.00   clock network delay (ideal)
                          0.25    0.25   clock uncertainty
                          0.00    0.25   clock reconvergence pessimism
                                  0.25 ^ _3361_/CLK (sky130_fd_sc_hd__dfxtp_1)
                         -0.02    0.23   library hold time
                                  0.23   data required time
-----------------------------------------------------------------------------
                                  0.23   data required time
                                 -0.54   data arrival time
-----------------------------------------------------------------------------
                                  0.31   slack (MET)


Startpoint: _3429_ (rising edge-triggered flip-flop clocked by clk)
Endpoint: _3213_ (rising edge-triggered flip-flop clocked by clk)
Path Group: clk
Path Type: min

Fanout     Cap    Slew   Delay    Time   Description
-----------------------------------------------------------------------------
                  0.15    0.00    0.00   clock clk (rise edge)
                          0.00    0.00   clock network delay (ideal)
                  0.15    0.00    0.00 ^ _3429_/CLK (sky130_fd_sc_hd__dfxtp_1)
     3    0.01    0.12    0.38    0.38 ^ _3429_/Q (sky130_fd_sc_hd__dfxtp_1)
                                         user_peripheral.auto_en (net)
                  0.12    0.00    0.38 ^ _1720_/A1 (sky130_fd_sc_hd__o21a_1)
     1    0.00    0.04    0.13    0.51 ^ _1720_/X (sky130_fd_sc_hd__o21a_1)
                                         _1383_ (net)
                  0.04    0.00    0.51 ^ _1721_/B (sky130_fd_sc_hd__nor2_1)
     1    0.00    0.02    0.03    0.54 v _1721_/Y (sky130_fd_sc_hd__nor2_1)
                                         _0034_ (net)
                  0.02    0.00    0.54 v _3213_/D (sky130_fd_sc_hd__dfxtp_1)
                                  0.54   data arrival time

                  0.15    0.00    0.00   clock clk (rise edge)
                          0.00    0.00   clock network delay (ideal)
                          0.25    0.25   clock uncertainty
                          0.00    0.25   clock reconvergence pessimism
                                  0.25 ^ _3213_/CLK (sky130_fd_sc_hd__dfxtp_1)
                         -0.02    0.23   library hold time
                                  0.23   data required time
-----------------------------------------------------------------------------
                                  0.23   data required time
                                 -0.54   data arrival time
-----------------------------------------------------------------------------
                                  0.31   slack (MET)


Startpoint: _3309_ (rising edge-triggered flip-flop clocked by clk)
Endpoint: _3309_ (rising edge-triggered flip-flop clocked by clk)
Path Group: clk
Path Type: min

Fanout     Cap    Slew   Delay    Time   Description
-----------------------------------------------------------------------------
                  0.15    0.00    0.00   clock clk (rise edge)
                          0.00    0.00   clock network delay (ideal)
                  0.15    0.00    0.00 ^ _3309_/CLK (sky130_fd_sc_hd__dfxtp_1)
     5    0.01    0.14    0.39    0.39 ^ _3309_/Q (sky130_fd_sc_hd__dfxtp_1)
                                         user_peripheral.r1_r[4] (net)
                  0.14    0.00    0.39 ^ _2213_/A1 (sky130_fd_sc_hd__o211a_1)
     1    0.00    0.04    0.15    0.55 ^ _2213_/X (sky130_fd_sc_hd__o211a_1)
                                         _0130_ (net)
                  0.04    0.00    0.55 ^ _3309_/D (sky130_fd_sc_hd__dfxtp_1)
                                  0.55   data arrival time

                  0.15    0.00    0.00   clock clk (rise edge)
                          0.00    0.00   clock network delay (ideal)
                          0.25    0.25   clock uncertainty
                          0.00    0.25   clock reconvergence pessimism
                                  0.25 ^ _3309_/CLK (sky130_fd_sc_hd__dfxtp_1)
                         -0.02    0.23   library hold time
                                  0.23   data required time
-----------------------------------------------------------------------------
                                  0.23   data required time
                                 -0.55   data arrival time
-----------------------------------------------------------------------------
                                  0.31   slack (MET)


Startpoint: _3235_ (rising edge-triggered flip-flop clocked by clk)
Endpoint: _3235_ (rising edge-triggered flip-flop clocked by clk)
Path Group: clk
Path Type: min

Fanout     Cap    Slew   Delay    Time   Description
-----------------------------------------------------------------------------
                  0.15    0.00    0.00   clock clk (rise edge)
                          0.00    0.00   clock network delay (ideal)
                  0.15    0.00    0.00 ^ _3235_/CLK (sky130_fd_sc_hd__dfxtp_1)
     3    0.01    0.08    0.35    0.35 ^ _3235_/Q (sky130_fd_sc_hd__dfxtp_1)
                                         user_peripheral.bit_cnt[2] (net)
                  0.08    0.00    0.35 ^ _1910_/B1 (sky130_fd_sc_hd__a21o_1)
     1    0.00    0.04    0.08    0.43 ^ _1910_/X (sky130_fd_sc_hd__a21o_1)
                                         _1551_ (net)
                  0.04    0.00    0.43 ^ _1911_/B1 (sky130_fd_sc_hd__o211a_1)
     1    0.00    0.04    0.12    0.55 ^ _1911_/X (sky130_fd_sc_hd__o211a_1)
                                         _0056_ (net)
                  0.04    0.00    0.55 ^ _3235_/D (sky130_fd_sc_hd__dfxtp_1)
                                  0.55   data arrival time

                  0.15    0.00    0.00   clock clk (rise edge)
                          0.00    0.00   clock network delay (ideal)
                          0.25    0.25   clock uncertainty
                          0.00    0.25   clock reconvergence pessimism
                                  0.25 ^ _3235_/CLK (sky130_fd_sc_hd__dfxtp_1)
                         -0.02    0.23   library hold time
                                  0.23   data required time
-----------------------------------------------------------------------------
                                  0.23   data required time
                                 -0.55   data arrival time
-----------------------------------------------------------------------------
                                  0.31   slack (MET)


Startpoint: _3360_ (rising edge-triggered flip-flop clocked by clk)
Endpoint: _3360_ (rising edge-triggered flip-flop clocked by clk)
Path Group: clk
Path Type: min

Fanout     Cap    Slew   Delay    Time   Description
-----------------------------------------------------------------------------
                  0.15    0.00    0.00   clock clk (rise edge)
                          0.00    0.00   clock network delay (ideal)
                  0.15    0.00    0.00 ^ _3360_/CLK (sky130_fd_sc_hd__dfxtp_1)
     2    0.01    0.06    0.34    0.34 ^ _3360_/Q (sky130_fd_sc_hd__dfxtp_1)
                                         user_peripheral.tx_shift[30] (net)
                  0.06    0.00    0.34 ^ _2747_/A (sky130_fd_sc_hd__or2_1)
     1    0.00    0.04    0.09    0.43 ^ _2747_/X (sky130_fd_sc_hd__or2_1)
                                         _0985_ (net)
                  0.04    0.00    0.43 ^ _2748_/B1 (sky130_fd_sc_hd__o211a_1)
     1    0.00    0.04    0.12    0.55 ^ _2748_/X (sky130_fd_sc_hd__o211a_1)
                                         _0181_ (net)
                  0.04    0.00    0.55 ^ _3360_/D (sky130_fd_sc_hd__dfxtp_1)
                                  0.55   data arrival time

                  0.15    0.00    0.00   clock clk (rise edge)
                          0.00    0.00   clock network delay (ideal)
                          0.25    0.25   clock uncertainty
                          0.00    0.25   clock reconvergence pessimism
                                  0.25 ^ _3360_/CLK (sky130_fd_sc_hd__dfxtp_1)
                         -0.02    0.23   library hold time
                                  0.23   data required time
-----------------------------------------------------------------------------
                                  0.23   data required time
                                 -0.55   data arrival time
-----------------------------------------------------------------------------
                                  0.31   slack (MET)


Startpoint: _3237_ (rising edge-triggered flip-flop clocked by clk)
Endpoint: _3237_ (rising edge-triggered flip-flop clocked by clk)
Path Group: clk
Path Type: min

Fanout     Cap    Slew   Delay    Time   Description
-----------------------------------------------------------------------------
                  0.15    0.00    0.00   clock clk (rise edge)
                          0.00    0.00   clock network delay (ideal)
                  0.15    0.00    0.00 ^ _3237_/CLK (sky130_fd_sc_hd__dfxtp_1)
     3    0.01    0.08    0.35    0.35 ^ _3237_/Q (sky130_fd_sc_hd__dfxtp_1)
                                         user_peripheral.bit_cnt[4] (net)
                  0.08    0.00    0.35 ^ _1923_/B1 (sky130_fd_sc_hd__a21o_1)
     1    0.00    0.04    0.08    0.43 ^ _1923_/X (sky130_fd_sc_hd__a21o_1)
                                         _1562_ (net)
                  0.04    0.00    0.43 ^ _1924_/B1 (sky130_fd_sc_hd__o211a_1)
     1    0.00    0.04    0.12    0.55 ^ _1924_/X (sky130_fd_sc_hd__o211a_1)
                                         _0058_ (net)
                  0.04    0.00    0.55 ^ _3237_/D (sky130_fd_sc_hd__dfxtp_1)
                                  0.55   data arrival time

                  0.15    0.00    0.00   clock clk (rise edge)
                          0.00    0.00   clock network delay (ideal)
                          0.25    0.25   clock uncertainty
                          0.00    0.25   clock reconvergence pessimism
                                  0.25 ^ _3237_/CLK (sky130_fd_sc_hd__dfxtp_1)
                         -0.02    0.23   library hold time
                                  0.23   data required time
-----------------------------------------------------------------------------
                                  0.23   data required time
                                 -0.55   data arrival time
-----------------------------------------------------------------------------
                                  0.32   slack (MET)


Startpoint: _3301_ (rising edge-triggered flip-flop clocked by clk)
Endpoint: _3301_ (rising edge-triggered flip-flop clocked by clk)
Path Group: clk
Path Type: min

Fanout     Cap    Slew   Delay    Time   Description
-----------------------------------------------------------------------------
                  0.15    0.00    0.00   clock clk (rise edge)
                          0.00    0.00   clock network delay (ideal)
                  0.15    0.00    0.00 ^ _3301_/CLK (sky130_fd_sc_hd__dfxtp_1)
     4    0.02    0.15    0.40    0.40 ^ _3301_/Q (sky130_fd_sc_hd__dfxtp_1)
                                         user_peripheral.r0_r[4] (net)
                  0.15    0.00    0.40 ^ _2193_/A1 (sky130_fd_sc_hd__o211a_1)
     1    0.00    0.03    0.15    0.55 ^ _2193_/X (sky130_fd_sc_hd__o211a_1)
                                         _0122_ (net)
                  0.03    0.00    0.55 ^ _3301_/D (sky130_fd_sc_hd__dfxtp_1)
                                  0.55   data arrival time

                  0.15    0.00    0.00   clock clk (rise edge)
                          0.00    0.00   clock network delay (ideal)
                          0.25    0.25   clock uncertainty
                          0.00    0.25   clock reconvergence pessimism
                                  0.25 ^ _3301_/CLK (sky130_fd_sc_hd__dfxtp_1)
                         -0.02    0.23   library hold time
                                  0.23   data required time
-----------------------------------------------------------------------------
                                  0.23   data required time
                                 -0.55   data arrival time
-----------------------------------------------------------------------------
                                  0.32   slack (MET)


Startpoint: _3320_ (rising edge-triggered flip-flop clocked by clk)
Endpoint: _3320_ (rising edge-triggered flip-flop clocked by clk)
Path Group: clk
Path Type: min

Fanout     Cap    Slew   Delay    Time   Description
-----------------------------------------------------------------------------
                  0.15    0.00    0.00   clock clk (rise edge)
                          0.00    0.00   clock network delay (ideal)
                  0.15    0.00    0.00 ^ _3320_/CLK (sky130_fd_sc_hd__dfxtp_1)
     4    0.01    0.14    0.39    0.39 ^ _3320_/Q (sky130_fd_sc_hd__dfxtp_1)
                                         user_peripheral.r2_r[1] (net)
                  0.14    0.00    0.39 ^ _2239_/A1 (sky130_fd_sc_hd__o211a_1)
     1    0.00    0.04    0.16    0.55 ^ _2239_/X (sky130_fd_sc_hd__o211a_1)
                                         _0141_ (net)
                  0.04    0.00    0.55 ^ _3320_/D (sky130_fd_sc_hd__dfxtp_1)
                                  0.55   data arrival time

                  0.15    0.00    0.00   clock clk (rise edge)
                          0.00    0.00   clock network delay (ideal)
                          0.25    0.25   clock uncertainty
                          0.00    0.25   clock reconvergence pessimism
                                  0.25 ^ _3320_/CLK (sky130_fd_sc_hd__dfxtp_1)
                         -0.02    0.23   library hold time
                                  0.23   data required time
-----------------------------------------------------------------------------
                                  0.23   data required time
                                 -0.55   data arrival time
-----------------------------------------------------------------------------
                                  0.32   slack (MET)


Startpoint: _3324_ (rising edge-triggered flip-flop clocked by clk)
Endpoint: _3324_ (rising edge-triggered flip-flop clocked by clk)
Path Group: clk
Path Type: min

Fanout     Cap    Slew   Delay    Time   Description
-----------------------------------------------------------------------------
                  0.15    0.00    0.00   clock clk (rise edge)
                          0.00    0.00   clock network delay (ideal)
                  0.15    0.00    0.00 ^ _3324_/CLK (sky130_fd_sc_hd__dfxtp_1)
     4    0.01    0.15    0.39    0.39 ^ _3324_/Q (sky130_fd_sc_hd__dfxtp_1)
                                         user_peripheral.r3_r[5] (net)
                  0.15    0.00    0.39 ^ _2247_/A1 (sky130_fd_sc_hd__o211a_1)
     1    0.00    0.04    0.16    0.55 ^ _2247_/X (sky130_fd_sc_hd__o211a_1)
                                         _0145_ (net)
                  0.04    0.00    0.55 ^ _3324_/D (sky130_fd_sc_hd__dfxtp_1)
                                  0.55   data arrival time

                  0.15    0.00    0.00   clock clk (rise edge)
                          0.00    0.00   clock network delay (ideal)
                          0.25    0.25   clock uncertainty
                          0.00    0.25   clock reconvergence pessimism
                                  0.25 ^ _3324_/CLK (sky130_fd_sc_hd__dfxtp_1)
                         -0.02    0.23   library hold time
                                  0.23   data required time
-----------------------------------------------------------------------------
                                  0.23   data required time
                                 -0.55   data arrival time
-----------------------------------------------------------------------------
                                  0.32   slack (MET)


Startpoint: _3300_ (rising edge-triggered flip-flop clocked by clk)
Endpoint: _3300_ (rising edge-triggered flip-flop clocked by clk)
Path Group: clk
Path Type: min

Fanout     Cap    Slew   Delay    Time   Description
-----------------------------------------------------------------------------
                  0.15    0.00    0.00   clock clk (rise edge)
                          0.00    0.00   clock network delay (ideal)
                  0.15    0.00    0.00 ^ _3300_/CLK (sky130_fd_sc_hd__dfxtp_1)
     4    0.02    0.15    0.40    0.40 ^ _3300_/Q (sky130_fd_sc_hd__dfxtp_1)
                                         user_peripheral.r0_r[5] (net)
                  0.15    0.00    0.40 ^ _2191_/A1 (sky130_fd_sc_hd__o211a_1)
     1    0.00    0.04    0.16    0.55 ^ _2191_/X (sky130_fd_sc_hd__o211a_1)
                                         _0121_ (net)
                  0.04    0.00    0.55 ^ _3300_/D (sky130_fd_sc_hd__dfxtp_1)
                                  0.55   data arrival time

                  0.15    0.00    0.00   clock clk (rise edge)
                          0.00    0.00   clock network delay (ideal)
                          0.25    0.25   clock uncertainty
                          0.00    0.25   clock reconvergence pessimism
                                  0.25 ^ _3300_/CLK (sky130_fd_sc_hd__dfxtp_1)
                         -0.02    0.23   library hold time
                                  0.23   data required time
-----------------------------------------------------------------------------
                                  0.23   data required time
                                 -0.55   data arrival time
-----------------------------------------------------------------------------
                                  0.32   slack (MET)


Startpoint: _3236_ (rising edge-triggered flip-flop clocked by clk)
Endpoint: _3236_ (rising edge-triggered flip-flop clocked by clk)
Path Group: clk
Path Type: min

Fanout     Cap    Slew   Delay    Time   Description
-----------------------------------------------------------------------------
                  0.15    0.00    0.00   clock clk (rise edge)
                          0.00    0.00   clock network delay (ideal)
                  0.15    0.00    0.00 ^ _3236_/CLK (sky130_fd_sc_hd__dfxtp_1)
     3    0.01    0.08    0.35    0.35 ^ _3236_/Q (sky130_fd_sc_hd__dfxtp_1)
                                         user_peripheral.bit_cnt[3] (net)
                  0.08    0.00    0.35 ^ _1917_/B1 (sky130_fd_sc_hd__a21o_1)
     1    0.00    0.04    0.08    0.43 ^ _1917_/X (sky130_fd_sc_hd__a21o_1)
                                         _1557_ (net)
                  0.04    0.00    0.43 ^ _1918_/B1 (sky130_fd_sc_hd__o211a_1)
     1    0.00    0.04    0.12    0.55 ^ _1918_/X (sky130_fd_sc_hd__o211a_1)
                                         _0057_ (net)
                  0.04    0.00    0.55 ^ _3236_/D (sky130_fd_sc_hd__dfxtp_1)
                                  0.55   data arrival time

                  0.15    0.00    0.00   clock clk (rise edge)
                          0.00    0.00   clock network delay (ideal)
                          0.25    0.25   clock uncertainty
                          0.00    0.25   clock reconvergence pessimism
                                  0.25 ^ _3236_/CLK (sky130_fd_sc_hd__dfxtp_1)
                         -0.02    0.23   library hold time
                                  0.23   data required time
-----------------------------------------------------------------------------
                                  0.23   data required time
                                 -0.55   data arrival time
-----------------------------------------------------------------------------
                                  0.32   slack (MET)


Startpoint: _3323_ (rising edge-triggered flip-flop clocked by clk)
Endpoint: _3323_ (rising edge-triggered flip-flop clocked by clk)
Path Group: clk
Path Type: min

Fanout     Cap    Slew   Delay    Time   Description
-----------------------------------------------------------------------------
                  0.15    0.00    0.00   clock clk (rise edge)
                          0.00    0.00   clock network delay (ideal)
                  0.15    0.00    0.00 ^ _3323_/CLK (sky130_fd_sc_hd__dfxtp_1)
     4    0.02    0.15    0.40    0.40 ^ _3323_/Q (sky130_fd_sc_hd__dfxtp_1)
                                         user_peripheral.r3_r[6] (net)
                  0.15    0.00    0.40 ^ _2245_/A1 (sky130_fd_sc_hd__o211a_1)
     1    0.00    0.04    0.16    0.55 ^ _2245_/X (sky130_fd_sc_hd__o211a_1)
                                         _0144_ (net)
                  0.04    0.00    0.55 ^ _3323_/D (sky130_fd_sc_hd__dfxtp_1)
                                  0.55   data arrival time

                  0.15    0.00    0.00   clock clk (rise edge)
                          0.00    0.00   clock network delay (ideal)
                          0.25    0.25   clock uncertainty
                          0.00    0.25   clock reconvergence pessimism
                                  0.25 ^ _3323_/CLK (sky130_fd_sc_hd__dfxtp_1)
                         -0.02    0.23   library hold time
                                  0.23   data required time
-----------------------------------------------------------------------------
                                  0.23   data required time
                                 -0.55   data arrival time
-----------------------------------------------------------------------------
                                  0.32   slack (MET)


Startpoint: _3435_ (rising edge-triggered flip-flop clocked by clk)
Endpoint: _3435_ (rising edge-triggered flip-flop clocked by clk)
Path Group: clk
Path Type: min

Fanout     Cap    Slew   Delay    Time   Description
-----------------------------------------------------------------------------
                  0.15    0.00    0.00   clock clk (rise edge)
                          0.00    0.00   clock network delay (ideal)
                  0.15    0.00    0.00 ^ _3435_/CLK (sky130_fd_sc_hd__dfxtp_1)
     2    0.01    0.07    0.34    0.34 ^ _3435_/Q (sky130_fd_sc_hd__dfxtp_1)
                                         user_peripheral.cfg_mcs (net)
                  0.07    0.00    0.34 ^ _2967_/A (sky130_fd_sc_hd__or2_1)
     1    0.00    0.04    0.09    0.43 ^ _2967_/X (sky130_fd_sc_hd__or2_1)
                                         _1130_ (net)
                  0.04    0.00    0.43 ^ _2968_/B1 (sky130_fd_sc_hd__o211a_1)
     1    0.00    0.04    0.12    0.55 ^ _2968_/X (sky130_fd_sc_hd__o211a_1)
                                         _0256_ (net)
                  0.04    0.00    0.55 ^ _3435_/D (sky130_fd_sc_hd__dfxtp_1)
                                  0.55   data arrival time

                  0.15    0.00    0.00   clock clk (rise edge)
                          0.00    0.00   clock network delay (ideal)
                          0.25    0.25   clock uncertainty
                          0.00    0.25   clock reconvergence pessimism
                                  0.25 ^ _3435_/CLK (sky130_fd_sc_hd__dfxtp_1)
                         -0.02    0.23   library hold time
                                  0.23   data required time
-----------------------------------------------------------------------------
                                  0.23   data required time
                                 -0.55   data arrival time
-----------------------------------------------------------------------------
                                  0.32   slack (MET)


Startpoint: _3310_ (rising edge-triggered flip-flop clocked by clk)
Endpoint: _3310_ (rising edge-triggered flip-flop clocked by clk)
Path Group: clk
Path Type: min

Fanout     Cap    Slew   Delay    Time   Description
-----------------------------------------------------------------------------
                  0.15    0.00    0.00   clock clk (rise edge)
                          0.00    0.00   clock network delay (ideal)
                  0.15    0.00    0.00 ^ _3310_/CLK (sky130_fd_sc_hd__dfxtp_1)
     5    0.02    0.15    0.40    0.40 ^ _3310_/Q (sky130_fd_sc_hd__dfxtp_1)
                                         user_peripheral.r1_r[3] (net)
                  0.15    0.00    0.40 ^ _2215_/A1 (sky130_fd_sc_hd__o211a_1)
     1    0.00    0.04    0.16    0.56 ^ _2215_/X (sky130_fd_sc_hd__o211a_1)
                                         _0131_ (net)
                  0.04    0.00    0.56 ^ _3310_/D (sky130_fd_sc_hd__dfxtp_1)
                                  0.56   data arrival time

                  0.15    0.00    0.00   clock clk (rise edge)
                          0.00    0.00   clock network delay (ideal)
                          0.25    0.25   clock uncertainty
                          0.00    0.25   clock reconvergence pessimism
                                  0.25 ^ _3310_/CLK (sky130_fd_sc_hd__dfxtp_1)
                         -0.02    0.23   library hold time
                                  0.23   data required time
-----------------------------------------------------------------------------
                                  0.23   data required time
                                 -0.56   data arrival time
-----------------------------------------------------------------------------
                                  0.32   slack (MET)


Startpoint: _3457_ (rising edge-triggered flip-flop clocked by clk)
Endpoint: _3457_ (rising edge-triggered flip-flop clocked by clk)
Path Group: clk
Path Type: min

Fanout     Cap    Slew   Delay    Time   Description
-----------------------------------------------------------------------------
                  0.15    0.00    0.00   clock clk (rise edge)
                          0.00    0.00   clock network delay (ideal)
                  0.15    0.00    0.00 ^ _3457_/CLK (sky130_fd_sc_hd__dfrtp_1)
     3    0.01    0.08    0.36    0.36 ^ _3457_/Q (sky130_fd_sc_hd__dfrtp_1)
                                         i_spi_reg.addr[4] (net)
                  0.08    0.00    0.36 ^ _3012_/A1 (sky130_fd_sc_hd__mux2_1)
     1    0.00    0.04    0.12    0.48 ^ _3012_/X (sky130_fd_sc_hd__mux2_1)
                                         _1162_ (net)
                  0.04    0.00    0.48 ^ _3013_/A (sky130_fd_sc_hd__clkbuf_1)
     1    0.00    0.04    0.07    0.55 ^ _3013_/X (sky130_fd_sc_hd__clkbuf_1)
                                         _0269_ (net)
                  0.04    0.00    0.55 ^ _3457_/D (sky130_fd_sc_hd__dfrtp_1)
                                  0.55   data arrival time

                  0.15    0.00    0.00   clock clk (rise edge)
                          0.00    0.00   clock network delay (ideal)
                          0.25    0.25   clock uncertainty
                          0.00    0.25   clock reconvergence pessimism
                                  0.25 ^ _3457_/CLK (sky130_fd_sc_hd__dfrtp_1)
                         -0.02    0.23   library hold time
                                  0.23   data required time
-----------------------------------------------------------------------------
                                  0.23   data required time
                                 -0.55   data arrival time
-----------------------------------------------------------------------------
                                  0.32   slack (MET)


Startpoint: _3311_ (rising edge-triggered flip-flop clocked by clk)
Endpoint: _3311_ (rising edge-triggered flip-flop clocked by clk)
Path Group: clk
Path Type: min

Fanout     Cap    Slew   Delay    Time   Description
-----------------------------------------------------------------------------
                  0.15    0.00    0.00   clock clk (rise edge)
                          0.00    0.00   clock network delay (ideal)
                  0.15    0.00    0.00 ^ _3311_/CLK (sky130_fd_sc_hd__dfxtp_1)
     5    0.02    0.15    0.40    0.40 ^ _3311_/Q (sky130_fd_sc_hd__dfxtp_1)
                                         user_peripheral.r1_r[2] (net)
                  0.15    0.00    0.40 ^ _2217_/A1 (sky130_fd_sc_hd__o211a_1)
     1    0.00    0.04    0.16    0.56 ^ _2217_/X (sky130_fd_sc_hd__o211a_1)
                                         _0132_ (net)
                  0.04    0.00    0.56 ^ _3311_/D (sky130_fd_sc_hd__dfxtp_1)
                                  0.56   data arrival time

                  0.15    0.00    0.00   clock clk (rise edge)
                          0.00    0.00   clock network delay (ideal)
                          0.25    0.25   clock uncertainty
                          0.00    0.25   clock reconvergence pessimism
                                  0.25 ^ _3311_/CLK (sky130_fd_sc_hd__dfxtp_1)
                         -0.02    0.23   library hold time
                                  0.23   data required time
-----------------------------------------------------------------------------
                                  0.23   data required time
                                 -0.56   data arrival time
-----------------------------------------------------------------------------
                                  0.32   slack (MET)


Startpoint: _3299_ (rising edge-triggered flip-flop clocked by clk)
Endpoint: _3299_ (rising edge-triggered flip-flop clocked by clk)
Path Group: clk
Path Type: min

Fanout     Cap    Slew   Delay    Time   Description
-----------------------------------------------------------------------------
                  0.15    0.00    0.00   clock clk (rise edge)
                          0.00    0.00   clock network delay (ideal)
                  0.15    0.00    0.00 ^ _3299_/CLK (sky130_fd_sc_hd__dfxtp_1)
     4    0.02    0.15    0.40    0.40 ^ _3299_/Q (sky130_fd_sc_hd__dfxtp_1)
                                         user_peripheral.r0_r[6] (net)
                  0.15    0.00    0.40 ^ _2189_/A1 (sky130_fd_sc_hd__o211a_1)
     1    0.00    0.04    0.16    0.56 ^ _2189_/X (sky130_fd_sc_hd__o211a_1)
                                         _0120_ (net)
                  0.04    0.00    0.56 ^ _3299_/D (sky130_fd_sc_hd__dfxtp_1)
                                  0.56   data arrival time

                  0.15    0.00    0.00   clock clk (rise edge)
                          0.00    0.00   clock network delay (ideal)
                          0.25    0.25   clock uncertainty
                          0.00    0.25   clock reconvergence pessimism
                                  0.25 ^ _3299_/CLK (sky130_fd_sc_hd__dfxtp_1)
                         -0.02    0.23   library hold time
                                  0.23   data required time
-----------------------------------------------------------------------------
                                  0.23   data required time
                                 -0.56   data arrival time
-----------------------------------------------------------------------------
                                  0.32   slack (MET)


Startpoint: _3308_ (rising edge-triggered flip-flop clocked by clk)
Endpoint: _3308_ (rising edge-triggered flip-flop clocked by clk)
Path Group: clk
Path Type: min

Fanout     Cap    Slew   Delay    Time   Description
-----------------------------------------------------------------------------
                  0.15    0.00    0.00   clock clk (rise edge)
                          0.00    0.00   clock network delay (ideal)
                  0.15    0.00    0.00 ^ _3308_/CLK (sky130_fd_sc_hd__dfxtp_1)
     5    0.02    0.16    0.40    0.40 ^ _3308_/Q (sky130_fd_sc_hd__dfxtp_1)
                                         user_peripheral.r1_r[5] (net)
                  0.16    0.00    0.40 ^ _2210_/A1 (sky130_fd_sc_hd__o211a_1)
     1    0.00    0.04    0.16    0.56 ^ _2210_/X (sky130_fd_sc_hd__o211a_1)
                                         _0129_ (net)
                  0.04    0.00    0.56 ^ _3308_/D (sky130_fd_sc_hd__dfxtp_1)
                                  0.56   data arrival time

                  0.15    0.00    0.00   clock clk (rise edge)
                          0.00    0.00   clock network delay (ideal)
                          0.25    0.25   clock uncertainty
                          0.00    0.25   clock reconvergence pessimism
                                  0.25 ^ _3308_/CLK (sky130_fd_sc_hd__dfxtp_1)
                         -0.02    0.23   library hold time
                                  0.23   data required time
-----------------------------------------------------------------------------
                                  0.23   data required time
                                 -0.56   data arrival time
-----------------------------------------------------------------------------
                                  0.32   slack (MET)


Startpoint: _3322_ (rising edge-triggered flip-flop clocked by clk)
Endpoint: _3322_ (rising edge-triggered flip-flop clocked by clk)
Path Group: clk
Path Type: min

Fanout     Cap    Slew   Delay    Time   Description
-----------------------------------------------------------------------------
                  0.15    0.00    0.00   clock clk (rise edge)
                          0.00    0.00   clock network delay (ideal)
                  0.15    0.00    0.00 ^ _3322_/CLK (sky130_fd_sc_hd__dfxtp_1)
     4    0.02    0.16    0.40    0.40 ^ _3322_/Q (sky130_fd_sc_hd__dfxtp_1)
                                         user_peripheral.r3_r[7] (net)
                  0.16    0.00    0.40 ^ _2243_/A1 (sky130_fd_sc_hd__o211a_1)
     1    0.00    0.04    0.16    0.56 ^ _2243_/X (sky130_fd_sc_hd__o211a_1)
                                         _0143_ (net)
                  0.04    0.00    0.56 ^ _3322_/D (sky130_fd_sc_hd__dfxtp_1)
                                  0.56   data arrival time

                  0.15    0.00    0.00   clock clk (rise edge)
                          0.00    0.00   clock network delay (ideal)
                          0.25    0.25   clock uncertainty
                          0.00    0.25   clock reconvergence pessimism
                                  0.25 ^ _3322_/CLK (sky130_fd_sc_hd__dfxtp_1)
                         -0.02    0.23   library hold time
                                  0.23   data required time
-----------------------------------------------------------------------------
                                  0.23   data required time
                                 -0.56   data arrival time
-----------------------------------------------------------------------------
                                  0.32   slack (MET)


Startpoint: _3438_ (rising edge-triggered flip-flop clocked by clk)
Endpoint: _3438_ (rising edge-triggered flip-flop clocked by clk)
Path Group: clk
Path Type: min

Fanout     Cap    Slew   Delay    Time   Description
-----------------------------------------------------------------------------
                  0.15    0.00    0.00   clock clk (rise edge)
                          0.00    0.00   clock network delay (ideal)
                  0.15    0.00    0.00 ^ _3438_/CLK (sky130_fd_sc_hd__dfxtp_1)
     2    0.01    0.08    0.34    0.34 ^ _3438_/Q (sky130_fd_sc_hd__dfxtp_1)
                                         user_peripheral.cfg_cpol (net)
                  0.08    0.00    0.34 ^ _2973_/A (sky130_fd_sc_hd__or2_1)
     1    0.00    0.04    0.09    0.44 ^ _2973_/X (sky130_fd_sc_hd__or2_1)
                                         _1133_ (net)
                  0.04    0.00    0.44 ^ _2974_/B1 (sky130_fd_sc_hd__o211a_1)
     1    0.00    0.04    0.12    0.56 ^ _2974_/X (sky130_fd_sc_hd__o211a_1)
                                         _0259_ (net)
                  0.04    0.00    0.56 ^ _3438_/D (sky130_fd_sc_hd__dfxtp_1)
                                  0.56   data arrival time

                  0.15    0.00    0.00   clock clk (rise edge)
                          0.00    0.00   clock network delay (ideal)
                          0.25    0.25   clock uncertainty
                          0.00    0.25   clock reconvergence pessimism
                                  0.25 ^ _3438_/CLK (sky130_fd_sc_hd__dfxtp_1)
                         -0.02    0.23   library hold time
                                  0.23   data required time
-----------------------------------------------------------------------------
                                  0.23   data required time
                                 -0.56   data arrival time
-----------------------------------------------------------------------------
                                  0.32   slack (MET)


Startpoint: _3394_ (rising edge-triggered flip-flop clocked by clk)
Endpoint: _3394_ (rising edge-triggered flip-flop clocked by clk)
Path Group: clk
Path Type: min

Fanout     Cap    Slew   Delay    Time   Description
-----------------------------------------------------------------------------
                  0.15    0.00    0.00   clock clk (rise edge)
                          0.00    0.00   clock network delay (ideal)
                  0.15    0.00    0.00 ^ _3394_/CLK (sky130_fd_sc_hd__dfxtp_1)
     2    0.01    0.07    0.34    0.34 ^ _3394_/Q (sky130_fd_sc_hd__dfxtp_1)
                                         user_peripheral.thresh_low[0] (net)
                  0.07    0.00    0.34 ^ _2848_/A (sky130_fd_sc_hd__or2_1)
     1    0.00    0.04    0.09    0.44 ^ _2848_/X (sky130_fd_sc_hd__or2_1)
                                         _1052_ (net)
                  0.04    0.00    0.44 ^ _2849_/B1 (sky130_fd_sc_hd__o211a_1)
     1    0.00    0.04    0.12    0.56 ^ _2849_/X (sky130_fd_sc_hd__o211a_1)
                                         _0215_ (net)
                  0.04    0.00    0.56 ^ _3394_/D (sky130_fd_sc_hd__dfxtp_1)
                                  0.56   data arrival time

                  0.15    0.00    0.00   clock clk (rise edge)
                          0.00    0.00   clock network delay (ideal)
                          0.25    0.25   clock uncertainty
                          0.00    0.25   clock reconvergence pessimism
                                  0.25 ^ _3394_/CLK (sky130_fd_sc_hd__dfxtp_1)
                         -0.02    0.23   library hold time
                                  0.23   data required time
-----------------------------------------------------------------------------
                                  0.23   data required time
                                 -0.56   data arrival time
-----------------------------------------------------------------------------
                                  0.32   slack (MET)


Startpoint: _3312_ (rising edge-triggered flip-flop clocked by clk)
Endpoint: _3312_ (rising edge-triggered flip-flop clocked by clk)
Path Group: clk
Path Type: min

Fanout     Cap    Slew   Delay    Time   Description
-----------------------------------------------------------------------------
                  0.15    0.00    0.00   clock clk (rise edge)
                          0.00    0.00   clock network delay (ideal)
                  0.15    0.00    0.00 ^ _3312_/CLK (sky130_fd_sc_hd__dfxtp_1)
     5    0.02    0.16    0.40    0.40 ^ _3312_/Q (sky130_fd_sc_hd__dfxtp_1)
                                         user_peripheral.r1_r[1] (net)
                  0.16    0.00    0.40 ^ _2219_/A1 (sky130_fd_sc_hd__o211a_1)
     1    0.00    0.04    0.16    0.56 ^ _2219_/X (sky130_fd_sc_hd__o211a_1)
                                         _0133_ (net)
                  0.04    0.00    0.56 ^ _3312_/D (sky130_fd_sc_hd__dfxtp_1)
                                  0.56   data arrival time

                  0.15    0.00    0.00   clock clk (rise edge)
                          0.00    0.00   clock network delay (ideal)
                          0.25    0.25   clock uncertainty
                          0.00    0.25   clock reconvergence pessimism
                                  0.25 ^ _3312_/CLK (sky130_fd_sc_hd__dfxtp_1)
                         -0.02    0.23   library hold time
                                  0.23   data required time
-----------------------------------------------------------------------------
                                  0.23   data required time
                                 -0.56   data arrival time
-----------------------------------------------------------------------------
                                  0.33   slack (MET)


Startpoint: _3302_ (rising edge-triggered flip-flop clocked by clk)
Endpoint: _3302_ (rising edge-triggered flip-flop clocked by clk)
Path Group: clk
Path Type: min

Fanout     Cap    Slew   Delay    Time   Description
-----------------------------------------------------------------------------
                  0.15    0.00    0.00   clock clk (rise edge)
                          0.00    0.00   clock network delay (ideal)
                  0.15    0.00    0.00 ^ _3302_/CLK (sky130_fd_sc_hd__dfxtp_1)
     4    0.02    0.16    0.40    0.40 ^ _3302_/Q (sky130_fd_sc_hd__dfxtp_1)
                                         user_peripheral.r0_r[3] (net)
                  0.16    0.00    0.40 ^ _2195_/A1 (sky130_fd_sc_hd__o211a_1)
     1    0.00    0.04    0.16    0.56 ^ _2195_/X (sky130_fd_sc_hd__o211a_1)
                                         _0123_ (net)
                  0.04    0.00    0.56 ^ _3302_/D (sky130_fd_sc_hd__dfxtp_1)
                                  0.56   data arrival time

                  0.15    0.00    0.00   clock clk (rise edge)
                          0.00    0.00   clock network delay (ideal)
                          0.25    0.25   clock uncertainty
                          0.00    0.25   clock reconvergence pessimism
                                  0.25 ^ _3302_/CLK (sky130_fd_sc_hd__dfxtp_1)
                         -0.02    0.23   library hold time
                                  0.23   data required time
-----------------------------------------------------------------------------
                                  0.23   data required time
                                 -0.56   data arrival time
-----------------------------------------------------------------------------
                                  0.33   slack (MET)


Startpoint: _3415_ (rising edge-triggered flip-flop clocked by clk)
Endpoint: _3415_ (rising edge-triggered flip-flop clocked by clk)
Path Group: clk
Path Type: min

Fanout     Cap    Slew   Delay    Time   Description
-----------------------------------------------------------------------------
                  0.15    0.00    0.00   clock clk (rise edge)
                          0.00    0.00   clock network delay (ideal)
                  0.15    0.00    0.00 ^ _3415_/CLK (sky130_fd_sc_hd__dfxtp_1)
     3    0.01    0.08    0.35    0.35 ^ _3415_/Q (sky130_fd_sc_hd__dfxtp_1)
                                         user_peripheral.timer_period[2] (net)
                  0.08    0.00    0.35 ^ _2918_/A (sky130_fd_sc_hd__or2_1)
     1    0.00    0.04    0.10    0.44 ^ _2918_/X (sky130_fd_sc_hd__or2_1)
                                         _1101_ (net)
                  0.04    0.00    0.44 ^ _2919_/B1 (sky130_fd_sc_hd__o211a_1)
     1    0.00    0.04    0.12    0.56 ^ _2919_/X (sky130_fd_sc_hd__o211a_1)
                                         _0236_ (net)
                  0.04    0.00    0.56 ^ _3415_/D (sky130_fd_sc_hd__dfxtp_1)
                                  0.56   data arrival time

                  0.15    0.00    0.00   clock clk (rise edge)
                          0.00    0.00   clock network delay (ideal)
                          0.25    0.25   clock uncertainty
                          0.00    0.25   clock reconvergence pessimism
                                  0.25 ^ _3415_/CLK (sky130_fd_sc_hd__dfxtp_1)
                         -0.02    0.23   library hold time
                                  0.23   data required time
-----------------------------------------------------------------------------
                                  0.23   data required time
                                 -0.56   data arrival time
-----------------------------------------------------------------------------
                                  0.33   slack (MET)


Startpoint: _3416_ (rising edge-triggered flip-flop clocked by clk)
Endpoint: _3416_ (rising edge-triggered flip-flop clocked by clk)
Path Group: clk
Path Type: min

Fanout     Cap    Slew   Delay    Time   Description
-----------------------------------------------------------------------------
                  0.15    0.00    0.00   clock clk (rise edge)
                          0.00    0.00   clock network delay (ideal)
                  0.15    0.00    0.00 ^ _3416_/CLK (sky130_fd_sc_hd__dfxtp_1)
     3    0.01    0.08    0.35    0.35 ^ _3416_/Q (sky130_fd_sc_hd__dfxtp_1)
                                         user_peripheral.timer_period[3] (net)
                  0.08    0.00    0.35 ^ _2920_/A (sky130_fd_sc_hd__or2_1)
     1    0.00    0.04    0.10    0.44 ^ _2920_/X (sky130_fd_sc_hd__or2_1)
                                         _1102_ (net)
                  0.04    0.00    0.44 ^ _2921_/B1 (sky130_fd_sc_hd__o211a_1)
     1    0.00    0.04    0.12    0.56 ^ _2921_/X (sky130_fd_sc_hd__o211a_1)
                                         _0237_ (net)
                  0.04    0.00    0.56 ^ _3416_/D (sky130_fd_sc_hd__dfxtp_1)
                                  0.56   data arrival time

                  0.15    0.00    0.00   clock clk (rise edge)
                          0.00    0.00   clock network delay (ideal)
                          0.25    0.25   clock uncertainty
                          0.00    0.25   clock reconvergence pessimism
                                  0.25 ^ _3416_/CLK (sky130_fd_sc_hd__dfxtp_1)
                         -0.02    0.23   library hold time
                                  0.23   data required time
-----------------------------------------------------------------------------
                                  0.23   data required time
                                 -0.56   data arrival time
-----------------------------------------------------------------------------
                                  0.33   slack (MET)


Startpoint: _3313_ (rising edge-triggered flip-flop clocked by clk)
Endpoint: _3313_ (rising edge-triggered flip-flop clocked by clk)
Path Group: clk
Path Type: min

Fanout     Cap    Slew   Delay    Time   Description
-----------------------------------------------------------------------------
                  0.15    0.00    0.00   clock clk (rise edge)
                          0.00    0.00   clock network delay (ideal)
                  0.15    0.00    0.00 ^ _3313_/CLK (sky130_fd_sc_hd__dfxtp_1)
     5    0.02    0.16    0.41    0.41 ^ _3313_/Q (sky130_fd_sc_hd__dfxtp_1)
                                         user_peripheral.r1_r[0] (net)
                  0.16    0.00    0.41 ^ _2221_/A1 (sky130_fd_sc_hd__o211a_1)
     1    0.00    0.04    0.16    0.56 ^ _2221_/X (sky130_fd_sc_hd__o211a_1)
                                         _0134_ (net)
                  0.04    0.00    0.56 ^ _3313_/D (sky130_fd_sc_hd__dfxtp_1)
                                  0.56   data arrival time

                  0.15    0.00    0.00   clock clk (rise edge)
                          0.00    0.00   clock network delay (ideal)
                          0.25    0.25   clock uncertainty
                          0.00    0.25   clock reconvergence pessimism
                                  0.25 ^ _3313_/CLK (sky130_fd_sc_hd__dfxtp_1)
                         -0.02    0.23   library hold time
                                  0.23   data required time
-----------------------------------------------------------------------------
                                  0.23   data required time
                                 -0.56   data arrival time
-----------------------------------------------------------------------------
                                  0.33   slack (MET)


Startpoint: _3458_ (rising edge-triggered flip-flop clocked by clk)
Endpoint: _3458_ (rising edge-triggered flip-flop clocked by clk)
Path Group: clk
Path Type: min

Fanout     Cap    Slew   Delay    Time   Description
-----------------------------------------------------------------------------
                  0.15    0.00    0.00   clock clk (rise edge)
                          0.00    0.00   clock network delay (ideal)
                  0.15    0.00    0.00 ^ _3458_/CLK (sky130_fd_sc_hd__dfrtp_1)
     3    0.01    0.08    0.37    0.37 ^ _3458_/Q (sky130_fd_sc_hd__dfrtp_1)
                                         i_spi_reg.addr[5] (net)
                  0.08    0.00    0.37 ^ _3014_/A1 (sky130_fd_sc_hd__mux2_1)
     1    0.00    0.04    0.12    0.49 ^ _3014_/X (sky130_fd_sc_hd__mux2_1)
                                         _1163_ (net)
                  0.04    0.00    0.49 ^ _3015_/A (sky130_fd_sc_hd__clkbuf_1)
     1    0.00    0.04    0.07    0.56 ^ _3015_/X (sky130_fd_sc_hd__clkbuf_1)
                                         _0270_ (net)
                  0.04    0.00    0.56 ^ _3458_/D (sky130_fd_sc_hd__dfrtp_1)
                                  0.56   data arrival time

                  0.15    0.00    0.00   clock clk (rise edge)
                          0.00    0.00   clock network delay (ideal)
                          0.25    0.25   clock uncertainty
                          0.00    0.25   clock reconvergence pessimism
                                  0.25 ^ _3458_/CLK (sky130_fd_sc_hd__dfrtp_1)
                         -0.02    0.23   library hold time
                                  0.23   data required time
-----------------------------------------------------------------------------
                                  0.23   data required time
                                 -0.56   data arrival time
-----------------------------------------------------------------------------
                                  0.33   slack (MET)


Startpoint: _3307_ (rising edge-triggered flip-flop clocked by clk)
Endpoint: _3307_ (rising edge-triggered flip-flop clocked by clk)
Path Group: clk
Path Type: min

Fanout     Cap    Slew   Delay    Time   Description
-----------------------------------------------------------------------------
                  0.15    0.00    0.00   clock clk (rise edge)
                          0.00    0.00   clock network delay (ideal)
                  0.15    0.00    0.00 ^ _3307_/CLK (sky130_fd_sc_hd__dfxtp_1)
     5    0.02    0.16    0.41    0.41 ^ _3307_/Q (sky130_fd_sc_hd__dfxtp_1)
                                         user_peripheral.r1_r[6] (net)
                  0.16    0.00    0.41 ^ _2206_/A1 (sky130_fd_sc_hd__o211a_1)
     1    0.00    0.04    0.16    0.56 ^ _2206_/X (sky130_fd_sc_hd__o211a_1)
                                         _0128_ (net)
                  0.04    0.00    0.56 ^ _3307_/D (sky130_fd_sc_hd__dfxtp_1)
                                  0.56   data arrival time

                  0.15    0.00    0.00   clock clk (rise edge)
                          0.00    0.00   clock network delay (ideal)
                          0.25    0.25   clock uncertainty
                          0.00    0.25   clock reconvergence pessimism
                                  0.25 ^ _3307_/CLK (sky130_fd_sc_hd__dfxtp_1)
                         -0.02    0.23   library hold time
                                  0.23   data required time
-----------------------------------------------------------------------------
                                  0.23   data required time
                                 -0.56   data arrival time
-----------------------------------------------------------------------------
                                  0.33   slack (MET)


Startpoint: _3306_ (rising edge-triggered flip-flop clocked by clk)
Endpoint: _3306_ (rising edge-triggered flip-flop clocked by clk)
Path Group: clk
Path Type: min

Fanout     Cap    Slew   Delay    Time   Description
-----------------------------------------------------------------------------
                  0.15    0.00    0.00   clock clk (rise edge)
                          0.00    0.00   clock network delay (ideal)
                  0.15    0.00    0.00 ^ _3306_/CLK (sky130_fd_sc_hd__dfxtp_1)
     5    0.02    0.16    0.41    0.41 ^ _3306_/Q (sky130_fd_sc_hd__dfxtp_1)
                                         user_peripheral.r1_r[7] (net)
                  0.16    0.00    0.41 ^ _2203_/A1 (sky130_fd_sc_hd__o211a_1)
     1    0.00    0.04    0.16    0.57 ^ _2203_/X (sky130_fd_sc_hd__o211a_1)
                                         _0127_ (net)
                  0.04    0.00    0.57 ^ _3306_/D (sky130_fd_sc_hd__dfxtp_1)
                                  0.57   data arrival time

                  0.15    0.00    0.00   clock clk (rise edge)
                          0.00    0.00   clock network delay (ideal)
                          0.25    0.25   clock uncertainty
                          0.00    0.25   clock reconvergence pessimism
                                  0.25 ^ _3306_/CLK (sky130_fd_sc_hd__dfxtp_1)
                         -0.02    0.23   library hold time
                                  0.23   data required time
-----------------------------------------------------------------------------
                                  0.23   data required time
                                 -0.57   data arrival time
-----------------------------------------------------------------------------
                                  0.33   slack (MET)


Startpoint: _3418_ (rising edge-triggered flip-flop clocked by clk)
Endpoint: _3418_ (rising edge-triggered flip-flop clocked by clk)
Path Group: clk
Path Type: min

Fanout     Cap    Slew   Delay    Time   Description
-----------------------------------------------------------------------------
                  0.15    0.00    0.00   clock clk (rise edge)
                          0.00    0.00   clock network delay (ideal)
                  0.15    0.00    0.00 ^ _3418_/CLK (sky130_fd_sc_hd__dfxtp_1)
     3    0.01    0.08    0.35    0.35 ^ _3418_/Q (sky130_fd_sc_hd__dfxtp_1)
                                         user_peripheral.timer_period[5] (net)
                  0.08    0.00    0.35 ^ _2924_/A (sky130_fd_sc_hd__or2_1)
     1    0.00    0.04    0.10    0.44 ^ _2924_/X (sky130_fd_sc_hd__or2_1)
                                         _1104_ (net)
                  0.04    0.00    0.44 ^ _2925_/B1 (sky130_fd_sc_hd__o211a_1)
     1    0.00    0.04    0.12    0.57 ^ _2925_/X (sky130_fd_sc_hd__o211a_1)
                                         _0239_ (net)
                  0.04    0.00    0.57 ^ _3418_/D (sky130_fd_sc_hd__dfxtp_1)
                                  0.57   data arrival time

                  0.15    0.00    0.00   clock clk (rise edge)
                          0.00    0.00   clock network delay (ideal)
                          0.25    0.25   clock uncertainty
                          0.00    0.25   clock reconvergence pessimism
                                  0.25 ^ _3418_/CLK (sky130_fd_sc_hd__dfxtp_1)
                         -0.02    0.23   library hold time
                                  0.23   data required time
-----------------------------------------------------------------------------
                                  0.23   data required time
                                 -0.57   data arrival time
-----------------------------------------------------------------------------
                                  0.33   slack (MET)


Startpoint: _3417_ (rising edge-triggered flip-flop clocked by clk)
Endpoint: _3417_ (rising edge-triggered flip-flop clocked by clk)
Path Group: clk
Path Type: min

Fanout     Cap    Slew   Delay    Time   Description
-----------------------------------------------------------------------------
                  0.15    0.00    0.00   clock clk (rise edge)
                          0.00    0.00   clock network delay (ideal)
                  0.15    0.00    0.00 ^ _3417_/CLK (sky130_fd_sc_hd__dfxtp_1)
     3    0.01    0.08    0.35    0.35 ^ _3417_/Q (sky130_fd_sc_hd__dfxtp_1)
                                         user_peripheral.timer_period[4] (net)
                  0.08    0.00    0.35 ^ _2922_/A (sky130_fd_sc_hd__or2_1)
     1    0.00    0.04    0.10    0.45 ^ _2922_/X (sky130_fd_sc_hd__or2_1)
                                         _1103_ (net)
                  0.04    0.00    0.45 ^ _2923_/B1 (sky130_fd_sc_hd__o211a_1)
     1    0.00    0.03    0.12    0.57 ^ _2923_/X (sky130_fd_sc_hd__o211a_1)
                                         _0238_ (net)
                  0.03    0.00    0.57 ^ _3417_/D (sky130_fd_sc_hd__dfxtp_1)
                                  0.57   data arrival time

                  0.15    0.00    0.00   clock clk (rise edge)
                          0.00    0.00   clock network delay (ideal)
                          0.25    0.25   clock uncertainty
                          0.00    0.25   clock reconvergence pessimism
                                  0.25 ^ _3417_/CLK (sky130_fd_sc_hd__dfxtp_1)
                         -0.02    0.23   library hold time
                                  0.23   data required time
-----------------------------------------------------------------------------
                                  0.23   data required time
                                 -0.57   data arrival time
-----------------------------------------------------------------------------
                                  0.33   slack (MET)


Startpoint: _3303_ (rising edge-triggered flip-flop clocked by clk)
Endpoint: _3303_ (rising edge-triggered flip-flop clocked by clk)
Path Group: clk
Path Type: min

Fanout     Cap    Slew   Delay    Time   Description
-----------------------------------------------------------------------------
                  0.15    0.00    0.00   clock clk (rise edge)
                          0.00    0.00   clock network delay (ideal)
                  0.15    0.00    0.00 ^ _3303_/CLK (sky130_fd_sc_hd__dfxtp_1)
     4    0.02    0.16    0.41    0.41 ^ _3303_/Q (sky130_fd_sc_hd__dfxtp_1)
                                         user_peripheral.r0_r[2] (net)
                  0.16    0.00    0.41 ^ _2197_/A1 (sky130_fd_sc_hd__o211a_1)
     1    0.00    0.04    0.16    0.57 ^ _2197_/X (sky130_fd_sc_hd__o211a_1)
                                         _0124_ (net)
                  0.04    0.00    0.57 ^ _3303_/D (sky130_fd_sc_hd__dfxtp_1)
                                  0.57   data arrival time

                  0.15    0.00    0.00   clock clk (rise edge)
                          0.00    0.00   clock network delay (ideal)
                          0.25    0.25   clock uncertainty
                          0.00    0.25   clock reconvergence pessimism
                                  0.25 ^ _3303_/CLK (sky130_fd_sc_hd__dfxtp_1)
                         -0.02    0.23   library hold time
                                  0.23   data required time
-----------------------------------------------------------------------------
                                  0.23   data required time
                                 -0.57   data arrival time
-----------------------------------------------------------------------------
                                  0.33   slack (MET)


Startpoint: _3425_ (rising edge-triggered flip-flop clocked by clk)
Endpoint: _3425_ (rising edge-triggered flip-flop clocked by clk)
Path Group: clk
Path Type: min

Fanout     Cap    Slew   Delay    Time   Description
-----------------------------------------------------------------------------
                  0.15    0.00    0.00   clock clk (rise edge)
                          0.00    0.00   clock network delay (ideal)
                  0.15    0.00    0.00 ^ _3425_/CLK (sky130_fd_sc_hd__dfxtp_1)
     3    0.01    0.08    0.35    0.35 ^ _3425_/Q (sky130_fd_sc_hd__dfxtp_1)
                                         user_peripheral.timer_period[12] (net)
                  0.08    0.00    0.35 ^ _2939_/A (sky130_fd_sc_hd__or2_1)
     1    0.00    0.04    0.10    0.45 ^ _2939_/X (sky130_fd_sc_hd__or2_1)
                                         _1112_ (net)
                  0.04    0.00    0.45 ^ _2940_/B1 (sky130_fd_sc_hd__o211a_1)
     1    0.00    0.04    0.12    0.57 ^ _2940_/X (sky130_fd_sc_hd__o211a_1)
                                         _0246_ (net)
                  0.04    0.00    0.57 ^ _3425_/D (sky130_fd_sc_hd__dfxtp_1)
                                  0.57   data arrival time

                  0.15    0.00    0.00   clock clk (rise edge)
                          0.00    0.00   clock network delay (ideal)
                          0.25    0.25   clock uncertainty
                          0.00    0.25   clock reconvergence pessimism
                                  0.25 ^ _3425_/CLK (sky130_fd_sc_hd__dfxtp_1)
                         -0.02    0.23   library hold time
                                  0.23   data required time
-----------------------------------------------------------------------------
                                  0.23   data required time
                                 -0.57   data arrival time
-----------------------------------------------------------------------------
                                  0.33   slack (MET)


Startpoint: _3421_ (rising edge-triggered flip-flop clocked by clk)
Endpoint: _3421_ (rising edge-triggered flip-flop clocked by clk)
Path Group: clk
Path Type: min

Fanout     Cap    Slew   Delay    Time   Description
-----------------------------------------------------------------------------
                  0.15    0.00    0.00   clock clk (rise edge)
                          0.00    0.00   clock network delay (ideal)
                  0.15    0.00    0.00 ^ _3421_/CLK (sky130_fd_sc_hd__dfxtp_1)
     3    0.01    0.08    0.35    0.35 ^ _3421_/Q (sky130_fd_sc_hd__dfxtp_1)
                                         user_peripheral.timer_period[8] (net)
                  0.08    0.00    0.35 ^ _2930_/A (sky130_fd_sc_hd__or2_1)
     1    0.00    0.04    0.10    0.44 ^ _2930_/X (sky130_fd_sc_hd__or2_1)
                                         _1107_ (net)
                  0.04    0.00    0.44 ^ _2931_/B1 (sky130_fd_sc_hd__o211a_1)
     1    0.00    0.04    0.12    0.57 ^ _2931_/X (sky130_fd_sc_hd__o211a_1)
                                         _0242_ (net)
                  0.04    0.00    0.57 ^ _3421_/D (sky130_fd_sc_hd__dfxtp_1)
                                  0.57   data arrival time

                  0.15    0.00    0.00   clock clk (rise edge)
                          0.00    0.00   clock network delay (ideal)
                          0.25    0.25   clock uncertainty
                          0.00    0.25   clock reconvergence pessimism
                                  0.25 ^ _3421_/CLK (sky130_fd_sc_hd__dfxtp_1)
                         -0.02    0.23   library hold time
                                  0.23   data required time
-----------------------------------------------------------------------------
                                  0.23   data required time
                                 -0.57   data arrival time
-----------------------------------------------------------------------------
                                  0.33   slack (MET)


Startpoint: _3305_ (rising edge-triggered flip-flop clocked by clk)
Endpoint: _3305_ (rising edge-triggered flip-flop clocked by clk)
Path Group: clk
Path Type: min

Fanout     Cap    Slew   Delay    Time   Description
-----------------------------------------------------------------------------
                  0.15    0.00    0.00   clock clk (rise edge)
                          0.00    0.00   clock network delay (ideal)
                  0.15    0.00    0.00 ^ _3305_/CLK (sky130_fd_sc_hd__dfxtp_1)
     4    0.02    0.16    0.41    0.41 ^ _3305_/Q (sky130_fd_sc_hd__dfxtp_1)
                                         user_peripheral.r0_r[0] (net)
                  0.16    0.00    0.41 ^ _2201_/A1 (sky130_fd_sc_hd__o211a_1)
     1    0.00    0.04    0.16    0.57 ^ _2201_/X (sky130_fd_sc_hd__o211a_1)
                                         _0126_ (net)
                  0.04    0.00    0.57 ^ _3305_/D (sky130_fd_sc_hd__dfxtp_1)
                                  0.57   data arrival time

                  0.15    0.00    0.00   clock clk (rise edge)
                          0.00    0.00   clock network delay (ideal)
                          0.25    0.25   clock uncertainty
                          0.00    0.25   clock reconvergence pessimism
                                  0.25 ^ _3305_/CLK (sky130_fd_sc_hd__dfxtp_1)
                         -0.02    0.23   library hold time
                                  0.23   data required time
-----------------------------------------------------------------------------
                                  0.23   data required time
                                 -0.57   data arrival time
-----------------------------------------------------------------------------
                                  0.33   slack (MET)


Startpoint: _3304_ (rising edge-triggered flip-flop clocked by clk)
Endpoint: _3304_ (rising edge-triggered flip-flop clocked by clk)
Path Group: clk
Path Type: min

Fanout     Cap    Slew   Delay    Time   Description
-----------------------------------------------------------------------------
                  0.15    0.00    0.00   clock clk (rise edge)
                          0.00    0.00   clock network delay (ideal)
                  0.15    0.00    0.00 ^ _3304_/CLK (sky130_fd_sc_hd__dfxtp_1)
     4    0.02    0.17    0.41    0.41 ^ _3304_/Q (sky130_fd_sc_hd__dfxtp_1)
                                         user_peripheral.r0_r[1] (net)
                  0.17    0.00    0.41 ^ _2199_/A1 (sky130_fd_sc_hd__o211a_1)
     1    0.00    0.04    0.16    0.57 ^ _2199_/X (sky130_fd_sc_hd__o211a_1)
                                         _0125_ (net)
                  0.04    0.00    0.57 ^ _3304_/D (sky130_fd_sc_hd__dfxtp_1)
                                  0.57   data arrival time

                  0.15    0.00    0.00   clock clk (rise edge)
                          0.00    0.00   clock network delay (ideal)
                          0.25    0.25   clock uncertainty
                          0.00    0.25   clock reconvergence pessimism
                                  0.25 ^ _3304_/CLK (sky130_fd_sc_hd__dfxtp_1)
                         -0.02    0.23   library hold time
                                  0.23   data required time
-----------------------------------------------------------------------------
                                  0.23   data required time
                                 -0.57   data arrival time
-----------------------------------------------------------------------------
                                  0.33   slack (MET)


Startpoint: _3227_ (rising edge-triggered flip-flop clocked by clk)
Endpoint: _3227_ (rising edge-triggered flip-flop clocked by clk)
Path Group: clk
Path Type: min

Fanout     Cap    Slew   Delay    Time   Description
-----------------------------------------------------------------------------
                  0.15    0.00    0.00   clock clk (rise edge)
                          0.00    0.00   clock network delay (ideal)
                  0.15    0.00    0.00 ^ _3227_/CLK (sky130_fd_sc_hd__dfxtp_1)
     4    0.01    0.09    0.36    0.36 ^ _3227_/Q (sky130_fd_sc_hd__dfxtp_1)
                                         user_peripheral.sleep_timer[13] (net)
                  0.09    0.00    0.36 ^ _1838_/A1 (sky130_fd_sc_hd__mux2_1)
     1    0.00    0.04    0.13    0.48 ^ _1838_/X (sky130_fd_sc_hd__mux2_1)
                                         _1487_ (net)
                  0.04    0.00    0.48 ^ _1848_/A2 (sky130_fd_sc_hd__o21a_1)
     1    0.00    0.03    0.09    0.57 ^ _1848_/X (sky130_fd_sc_hd__o21a_1)
                                         _0048_ (net)
                  0.03    0.00    0.57 ^ _3227_/D (sky130_fd_sc_hd__dfxtp_1)
                                  0.57   data arrival time

                  0.15    0.00    0.00   clock clk (rise edge)
                          0.00    0.00   clock network delay (ideal)
                          0.25    0.25   clock uncertainty
                          0.00    0.25   clock reconvergence pessimism
                                  0.25 ^ _3227_/CLK (sky130_fd_sc_hd__dfxtp_1)
                         -0.02    0.23   library hold time
                                  0.23   data required time
-----------------------------------------------------------------------------
                                  0.23   data required time
                                 -0.57   data arrival time
-----------------------------------------------------------------------------
                                  0.34   slack (MET)


Startpoint: _3414_ (rising edge-triggered flip-flop clocked by clk)
Endpoint: _3414_ (rising edge-triggered flip-flop clocked by clk)
Path Group: clk
Path Type: min

Fanout     Cap    Slew   Delay    Time   Description
-----------------------------------------------------------------------------
                  0.15    0.00    0.00   clock clk (rise edge)
                          0.00    0.00   clock network delay (ideal)
                  0.15    0.00    0.00 ^ _3414_/CLK (sky130_fd_sc_hd__dfxtp_1)
     3    0.01    0.08    0.35    0.35 ^ _3414_/Q (sky130_fd_sc_hd__dfxtp_1)
                                         user_peripheral.timer_period[1] (net)
                  0.08    0.00    0.35 ^ _2916_/A (sky130_fd_sc_hd__or2_1)
     1    0.00    0.04    0.10    0.45 ^ _2916_/X (sky130_fd_sc_hd__or2_1)
                                         _1100_ (net)
                  0.04    0.00    0.45 ^ _2917_/B1 (sky130_fd_sc_hd__o211a_1)
     1    0.00    0.04    0.12    0.57 ^ _2917_/X (sky130_fd_sc_hd__o211a_1)
                                         _0235_ (net)
                  0.04    0.00    0.57 ^ _3414_/D (sky130_fd_sc_hd__dfxtp_1)
                                  0.57   data arrival time

                  0.15    0.00    0.00   clock clk (rise edge)
                          0.00    0.00   clock network delay (ideal)
                          0.25    0.25   clock uncertainty
                          0.00    0.25   clock reconvergence pessimism
                                  0.25 ^ _3414_/CLK (sky130_fd_sc_hd__dfxtp_1)
                         -0.02    0.23   library hold time
                                  0.23   data required time
-----------------------------------------------------------------------------
                                  0.23   data required time
                                 -0.57   data arrival time
-----------------------------------------------------------------------------
                                  0.34   slack (MET)


Startpoint: _3419_ (rising edge-triggered flip-flop clocked by clk)
Endpoint: _3419_ (rising edge-triggered flip-flop clocked by clk)
Path Group: clk
Path Type: min

Fanout     Cap    Slew   Delay    Time   Description
-----------------------------------------------------------------------------
                  0.15    0.00    0.00   clock clk (rise edge)
                          0.00    0.00   clock network delay (ideal)
                  0.15    0.00    0.00 ^ _3419_/CLK (sky130_fd_sc_hd__dfxtp_1)
     3    0.01    0.09    0.35    0.35 ^ _3419_/Q (sky130_fd_sc_hd__dfxtp_1)
                                         user_peripheral.timer_period[6] (net)
                  0.09    0.00    0.35 ^ _2926_/A (sky130_fd_sc_hd__or2_1)
     1    0.00    0.04    0.10    0.45 ^ _2926_/X (sky130_fd_sc_hd__or2_1)
                                         _1105_ (net)
                  0.04    0.00    0.45 ^ _2927_/B1 (sky130_fd_sc_hd__o211a_1)
     1    0.00    0.04    0.12    0.57 ^ _2927_/X (sky130_fd_sc_hd__o211a_1)
                                         _0240_ (net)
                  0.04    0.00    0.57 ^ _3419_/D (sky130_fd_sc_hd__dfxtp_1)
                                  0.57   data arrival time

                  0.15    0.00    0.00   clock clk (rise edge)
                          0.00    0.00   clock network delay (ideal)
                          0.25    0.25   clock uncertainty
                          0.00    0.25   clock reconvergence pessimism
                                  0.25 ^ _3419_/CLK (sky130_fd_sc_hd__dfxtp_1)
                         -0.02    0.23   library hold time
                                  0.23   data required time
-----------------------------------------------------------------------------
                                  0.23   data required time
                                 -0.57   data arrival time
-----------------------------------------------------------------------------
                                  0.34   slack (MET)


Startpoint: _3298_ (rising edge-triggered flip-flop clocked by clk)
Endpoint: _3298_ (rising edge-triggered flip-flop clocked by clk)
Path Group: clk
Path Type: min

Fanout     Cap    Slew   Delay    Time   Description
-----------------------------------------------------------------------------
                  0.15    0.00    0.00   clock clk (rise edge)
                          0.00    0.00   clock network delay (ideal)
                  0.15    0.00    0.00 ^ _3298_/CLK (sky130_fd_sc_hd__dfxtp_1)
     4    0.02    0.17    0.41    0.41 ^ _3298_/Q (sky130_fd_sc_hd__dfxtp_1)
                                         user_peripheral.r0_r[7] (net)
                  0.17    0.00    0.41 ^ _2186_/A1 (sky130_fd_sc_hd__o211a_1)
     1    0.00    0.04    0.16    0.57 ^ _2186_/X (sky130_fd_sc_hd__o211a_1)
                                         _0119_ (net)
                  0.04    0.00    0.57 ^ _3298_/D (sky130_fd_sc_hd__dfxtp_1)
                                  0.57   data arrival time

                  0.15    0.00    0.00   clock clk (rise edge)
                          0.00    0.00   clock network delay (ideal)
                          0.25    0.25   clock uncertainty
                          0.00    0.25   clock reconvergence pessimism
                                  0.25 ^ _3298_/CLK (sky130_fd_sc_hd__dfxtp_1)
                         -0.02    0.23   library hold time
                                  0.23   data required time
-----------------------------------------------------------------------------
                                  0.23   data required time
                                 -0.57   data arrival time
-----------------------------------------------------------------------------
                                  0.34   slack (MET)


Startpoint: _3413_ (rising edge-triggered flip-flop clocked by clk)
Endpoint: _3413_ (rising edge-triggered flip-flop clocked by clk)
Path Group: clk
Path Type: min

Fanout     Cap    Slew   Delay    Time   Description
-----------------------------------------------------------------------------
                  0.15    0.00    0.00   clock clk (rise edge)
                          0.00    0.00   clock network delay (ideal)
                  0.15    0.00    0.00 ^ _3413_/CLK (sky130_fd_sc_hd__dfxtp_1)
     3    0.01    0.09    0.35    0.35 ^ _3413_/Q (sky130_fd_sc_hd__dfxtp_1)
                                         user_peripheral.timer_period[0] (net)
                  0.09    0.00    0.35 ^ _2914_/A (sky130_fd_sc_hd__or2_1)
     1    0.00    0.04    0.10    0.45 ^ _2914_/X (sky130_fd_sc_hd__or2_1)
                                         _1099_ (net)
                  0.04    0.00    0.45 ^ _2915_/B1 (sky130_fd_sc_hd__o211a_1)
     1    0.00    0.04    0.12    0.57 ^ _2915_/X (sky130_fd_sc_hd__o211a_1)
                                         _0234_ (net)
                  0.04    0.00    0.57 ^ _3413_/D (sky130_fd_sc_hd__dfxtp_1)
                                  0.57   data arrival time

                  0.15    0.00    0.00   clock clk (rise edge)
                          0.00    0.00   clock network delay (ideal)
                          0.25    0.25   clock uncertainty
                          0.00    0.25   clock reconvergence pessimism
                                  0.25 ^ _3413_/CLK (sky130_fd_sc_hd__dfxtp_1)
                         -0.02    0.23   library hold time
                                  0.23   data required time
-----------------------------------------------------------------------------
                                  0.23   data required time
                                 -0.57   data arrival time
-----------------------------------------------------------------------------
                                  0.34   slack (MET)


Startpoint: _3397_ (rising edge-triggered flip-flop clocked by clk)
Endpoint: _3397_ (rising edge-triggered flip-flop clocked by clk)
Path Group: clk
Path Type: min

Fanout     Cap    Slew   Delay    Time   Description
-----------------------------------------------------------------------------
                  0.15    0.00    0.00   clock clk (rise edge)
                          0.00    0.00   clock network delay (ideal)
                  0.15    0.00    0.00 ^ _3397_/CLK (sky130_fd_sc_hd__dfxtp_1)
     3    0.01    0.09    0.35    0.35 ^ _3397_/Q (sky130_fd_sc_hd__dfxtp_1)
                                         user_peripheral.thresh_low[3] (net)
                  0.09    0.00    0.35 ^ _2854_/A (sky130_fd_sc_hd__or2_1)
     1    0.00    0.04    0.10    0.45 ^ _2854_/X (sky130_fd_sc_hd__or2_1)
                                         _1055_ (net)
                  0.04    0.00    0.45 ^ _2855_/B1 (sky130_fd_sc_hd__o211a_1)
     1    0.00    0.04    0.12    0.58 ^ _2855_/X (sky130_fd_sc_hd__o211a_1)
                                         _0218_ (net)
                  0.04    0.00    0.58 ^ _3397_/D (sky130_fd_sc_hd__dfxtp_1)
                                  0.58   data arrival time

                  0.15    0.00    0.00   clock clk (rise edge)
                          0.00    0.00   clock network delay (ideal)
                          0.25    0.25   clock uncertainty
                          0.00    0.25   clock reconvergence pessimism
                                  0.25 ^ _3397_/CLK (sky130_fd_sc_hd__dfxtp_1)
                         -0.02    0.23   library hold time
                                  0.23   data required time
-----------------------------------------------------------------------------
                                  0.23   data required time
                                 -0.58   data arrival time
-----------------------------------------------------------------------------
                                  0.34   slack (MET)


Startpoint: _3427_ (rising edge-triggered flip-flop clocked by clk)
Endpoint: _3427_ (rising edge-triggered flip-flop clocked by clk)
Path Group: clk
Path Type: min

Fanout     Cap    Slew   Delay    Time   Description
-----------------------------------------------------------------------------
                  0.15    0.00    0.00   clock clk (rise edge)
                          0.00    0.00   clock network delay (ideal)
                  0.15    0.00    0.00 ^ _3427_/CLK (sky130_fd_sc_hd__dfxtp_1)
     3    0.01    0.09    0.36    0.36 ^ _3427_/Q (sky130_fd_sc_hd__dfxtp_1)
                                         user_peripheral.timer_period[14] (net)
                  0.09    0.00    0.36 ^ _2943_/A (sky130_fd_sc_hd__or2_1)
     1    0.00    0.04    0.10    0.46 ^ _2943_/X (sky130_fd_sc_hd__or2_1)
                                         _1114_ (net)
                  0.04    0.00    0.46 ^ _2944_/B1 (sky130_fd_sc_hd__o211a_1)
     1    0.00    0.04    0.12    0.58 ^ _2944_/X (sky130_fd_sc_hd__o211a_1)
                                         _0248_ (net)
                  0.04    0.00    0.58 ^ _3427_/D (sky130_fd_sc_hd__dfxtp_1)
                                  0.58   data arrival time

                  0.15    0.00    0.00   clock clk (rise edge)
                          0.00    0.00   clock network delay (ideal)
                          0.25    0.25   clock uncertainty
                          0.00    0.25   clock reconvergence pessimism
                                  0.25 ^ _3427_/CLK (sky130_fd_sc_hd__dfxtp_1)
                         -0.02    0.23   library hold time
                                  0.23   data required time
-----------------------------------------------------------------------------
                                  0.23   data required time
                                 -0.58   data arrival time
-----------------------------------------------------------------------------
                                  0.34   slack (MET)


Startpoint: _3398_ (rising edge-triggered flip-flop clocked by clk)
Endpoint: _3398_ (rising edge-triggered flip-flop clocked by clk)
Path Group: clk
Path Type: min

Fanout     Cap    Slew   Delay    Time   Description
-----------------------------------------------------------------------------
                  0.15    0.00    0.00   clock clk (rise edge)
                          0.00    0.00   clock network delay (ideal)
                  0.15    0.00    0.00 ^ _3398_/CLK (sky130_fd_sc_hd__dfxtp_1)
     3    0.01    0.09    0.35    0.35 ^ _3398_/Q (sky130_fd_sc_hd__dfxtp_1)
                                         user_peripheral.thresh_low[4] (net)
                  0.09    0.00    0.35 ^ _2856_/A (sky130_fd_sc_hd__or2_1)
     1    0.00    0.04    0.10    0.45 ^ _2856_/X (sky130_fd_sc_hd__or2_1)
                                         _1056_ (net)
                  0.04    0.00    0.45 ^ _2857_/B1 (sky130_fd_sc_hd__o211a_1)
     1    0.00    0.04    0.12    0.58 ^ _2857_/X (sky130_fd_sc_hd__o211a_1)
                                         _0219_ (net)
                  0.04    0.00    0.58 ^ _3398_/D (sky130_fd_sc_hd__dfxtp_1)
                                  0.58   data arrival time

                  0.15    0.00    0.00   clock clk (rise edge)
                          0.00    0.00   clock network delay (ideal)
                          0.25    0.25   clock uncertainty
                          0.00    0.25   clock reconvergence pessimism
                                  0.25 ^ _3398_/CLK (sky130_fd_sc_hd__dfxtp_1)
                         -0.02    0.23   library hold time
                                  0.23   data required time
-----------------------------------------------------------------------------
                                  0.23   data required time
                                 -0.58   data arrival time
-----------------------------------------------------------------------------
                                  0.34   slack (MET)


Startpoint: _3420_ (rising edge-triggered flip-flop clocked by clk)
Endpoint: _3420_ (rising edge-triggered flip-flop clocked by clk)
Path Group: clk
Path Type: min

Fanout     Cap    Slew   Delay    Time   Description
-----------------------------------------------------------------------------
                  0.15    0.00    0.00   clock clk (rise edge)
                          0.00    0.00   clock network delay (ideal)
                  0.15    0.00    0.00 ^ _3420_/CLK (sky130_fd_sc_hd__dfxtp_1)
     3    0.01    0.09    0.36    0.36 ^ _3420_/Q (sky130_fd_sc_hd__dfxtp_1)
                                         user_peripheral.timer_period[7] (net)
                  0.09    0.00    0.36 ^ _2928_/A (sky130_fd_sc_hd__or2_1)
     1    0.00    0.04    0.10    0.46 ^ _2928_/X (sky130_fd_sc_hd__or2_1)
                                         _1106_ (net)
                  0.04    0.00    0.46 ^ _2929_/B1 (sky130_fd_sc_hd__o211a_1)
     1    0.00    0.04    0.12    0.58 ^ _2929_/X (sky130_fd_sc_hd__o211a_1)
                                         _0241_ (net)
                  0.04    0.00    0.58 ^ _3420_/D (sky130_fd_sc_hd__dfxtp_1)
                                  0.58   data arrival time

                  0.15    0.00    0.00   clock clk (rise edge)
                          0.00    0.00   clock network delay (ideal)
                          0.25    0.25   clock uncertainty
                          0.00    0.25   clock reconvergence pessimism
                                  0.25 ^ _3420_/CLK (sky130_fd_sc_hd__dfxtp_1)
                         -0.02    0.23   library hold time
                                  0.23   data required time
-----------------------------------------------------------------------------
                                  0.23   data required time
                                 -0.58   data arrival time
-----------------------------------------------------------------------------
                                  0.34   slack (MET)


Startpoint: _3423_ (rising edge-triggered flip-flop clocked by clk)
Endpoint: _3423_ (rising edge-triggered flip-flop clocked by clk)
Path Group: clk
Path Type: min

Fanout     Cap    Slew   Delay    Time   Description
-----------------------------------------------------------------------------
                  0.15    0.00    0.00   clock clk (rise edge)
                          0.00    0.00   clock network delay (ideal)
                  0.15    0.00    0.00 ^ _3423_/CLK (sky130_fd_sc_hd__dfxtp_1)
     3    0.01    0.09    0.36    0.36 ^ _3423_/Q (sky130_fd_sc_hd__dfxtp_1)
                                         user_peripheral.timer_period[10] (net)
                  0.09    0.00    0.36 ^ _2935_/A (sky130_fd_sc_hd__or2_1)
     1    0.00    0.04    0.10    0.46 ^ _2935_/X (sky130_fd_sc_hd__or2_1)
                                         _1110_ (net)
                  0.04    0.00    0.46 ^ _2936_/B1 (sky130_fd_sc_hd__o211a_1)
     1    0.00    0.04    0.12    0.58 ^ _2936_/X (sky130_fd_sc_hd__o211a_1)
                                         _0244_ (net)
                  0.04    0.00    0.58 ^ _3423_/D (sky130_fd_sc_hd__dfxtp_1)
                                  0.58   data arrival time

                  0.15    0.00    0.00   clock clk (rise edge)
                          0.00    0.00   clock network delay (ideal)
                          0.25    0.25   clock uncertainty
                          0.00    0.25   clock reconvergence pessimism
                                  0.25 ^ _3423_/CLK (sky130_fd_sc_hd__dfxtp_1)
                         -0.02    0.23   library hold time
                                  0.23   data required time
-----------------------------------------------------------------------------
                                  0.23   data required time
                                 -0.58   data arrival time
-----------------------------------------------------------------------------
                                  0.34   slack (MET)


Startpoint: _3399_ (rising edge-triggered flip-flop clocked by clk)
Endpoint: _3399_ (rising edge-triggered flip-flop clocked by clk)
Path Group: clk
Path Type: min

Fanout     Cap    Slew   Delay    Time   Description
-----------------------------------------------------------------------------
                  0.15    0.00    0.00   clock clk (rise edge)
                          0.00    0.00   clock network delay (ideal)
                  0.15    0.00    0.00 ^ _3399_/CLK (sky130_fd_sc_hd__dfxtp_1)
     3    0.01    0.09    0.36    0.36 ^ _3399_/Q (sky130_fd_sc_hd__dfxtp_1)
                                         user_peripheral.thresh_low[5] (net)
                  0.09    0.00    0.36 ^ _2858_/A (sky130_fd_sc_hd__or2_1)
     1    0.00    0.04    0.10    0.46 ^ _2858_/X (sky130_fd_sc_hd__or2_1)
                                         _1057_ (net)
                  0.04    0.00    0.46 ^ _2859_/B1 (sky130_fd_sc_hd__o211a_1)
     1    0.00    0.04    0.12    0.58 ^ _2859_/X (sky130_fd_sc_hd__o211a_1)
                                         _0220_ (net)
                  0.04    0.00    0.58 ^ _3399_/D (sky130_fd_sc_hd__dfxtp_1)
                                  0.58   data arrival time

                  0.15    0.00    0.00   clock clk (rise edge)
                          0.00    0.00   clock network delay (ideal)
                          0.25    0.25   clock uncertainty
                          0.00    0.25   clock reconvergence pessimism
                                  0.25 ^ _3399_/CLK (sky130_fd_sc_hd__dfxtp_1)
                         -0.02    0.23   library hold time
                                  0.23   data required time
-----------------------------------------------------------------------------
                                  0.23   data required time
                                 -0.58   data arrival time
-----------------------------------------------------------------------------
                                  0.34   slack (MET)


Startpoint: _3395_ (rising edge-triggered flip-flop clocked by clk)
Endpoint: _3395_ (rising edge-triggered flip-flop clocked by clk)
Path Group: clk
Path Type: min

Fanout     Cap    Slew   Delay    Time   Description
-----------------------------------------------------------------------------
                  0.15    0.00    0.00   clock clk (rise edge)
                          0.00    0.00   clock network delay (ideal)
                  0.15    0.00    0.00 ^ _3395_/CLK (sky130_fd_sc_hd__dfxtp_1)
     3    0.01    0.09    0.36    0.36 ^ _3395_/Q (sky130_fd_sc_hd__dfxtp_1)
                                         user_peripheral.thresh_low[1] (net)
                  0.09    0.00    0.36 ^ _2850_/A (sky130_fd_sc_hd__or2_1)
     1    0.00    0.04    0.10    0.46 ^ _2850_/X (sky130_fd_sc_hd__or2_1)
                                         _1053_ (net)
                  0.04    0.00    0.46 ^ _2851_/B1 (sky130_fd_sc_hd__o211a_1)
     1    0.00    0.04    0.12    0.58 ^ _2851_/X (sky130_fd_sc_hd__o211a_1)
                                         _0216_ (net)
                  0.04    0.00    0.58 ^ _3395_/D (sky130_fd_sc_hd__dfxtp_1)
                                  0.58   data arrival time

                  0.15    0.00    0.00   clock clk (rise edge)
                          0.00    0.00   clock network delay (ideal)
                          0.25    0.25   clock uncertainty
                          0.00    0.25   clock reconvergence pessimism
                                  0.25 ^ _3395_/CLK (sky130_fd_sc_hd__dfxtp_1)
                         -0.02    0.23   library hold time
                                  0.23   data required time
-----------------------------------------------------------------------------
                                  0.23   data required time
                                 -0.58   data arrival time
-----------------------------------------------------------------------------
                                  0.34   slack (MET)


Startpoint: _3412_ (rising edge-triggered flip-flop clocked by clk)
Endpoint: _3412_ (rising edge-triggered flip-flop clocked by clk)
Path Group: clk
Path Type: min

Fanout     Cap    Slew   Delay    Time   Description
-----------------------------------------------------------------------------
                  0.15    0.00    0.00   clock clk (rise edge)
                          0.00    0.00   clock network delay (ideal)
                  0.15    0.00    0.00 ^ _3412_/CLK (sky130_fd_sc_hd__dfrtp_1)
     6    0.01    0.13    0.41    0.41 ^ _3412_/Q (sky130_fd_sc_hd__dfrtp_1)
                                         i_spi_reg.state[2] (net)
                  0.13    0.00    0.41 ^ _2892_/B (sky130_fd_sc_hd__nand2_1)
     2    0.01    0.06    0.08    0.49 v _2892_/Y (sky130_fd_sc_hd__nand2_1)
                                         _1080_ (net)
                  0.06    0.00    0.49 v _2908_/B1 (sky130_fd_sc_hd__o21a_1)
     1    0.00    0.03    0.09    0.58 v _2908_/X (sky130_fd_sc_hd__o21a_1)
                                         _0233_ (net)
                  0.03    0.00    0.58 v _3412_/D (sky130_fd_sc_hd__dfrtp_1)
                                  0.58   data arrival time

                  0.15    0.00    0.00   clock clk (rise edge)
                          0.00    0.00   clock network delay (ideal)
                          0.25    0.25   clock uncertainty
                          0.00    0.25   clock reconvergence pessimism
                                  0.25 ^ _3412_/CLK (sky130_fd_sc_hd__dfrtp_1)
                         -0.01    0.24   library hold time
                                  0.24   data required time
-----------------------------------------------------------------------------
                                  0.24   data required time
                                 -0.58   data arrival time
-----------------------------------------------------------------------------
                                  0.35   slack (MET)


Startpoint: _3400_ (rising edge-triggered flip-flop clocked by clk)
Endpoint: _3400_ (rising edge-triggered flip-flop clocked by clk)
Path Group: clk
Path Type: min

Fanout     Cap    Slew   Delay    Time   Description
-----------------------------------------------------------------------------
                  0.15    0.00    0.00   clock clk (rise edge)
                          0.00    0.00   clock network delay (ideal)
                  0.15    0.00    0.00 ^ _3400_/CLK (sky130_fd_sc_hd__dfxtp_1)
     3    0.01    0.09    0.36    0.36 ^ _3400_/Q (sky130_fd_sc_hd__dfxtp_1)
                                         user_peripheral.thresh_low[6] (net)
                  0.09    0.00    0.36 ^ _2860_/A (sky130_fd_sc_hd__or2_1)
     1    0.00    0.04    0.10    0.46 ^ _2860_/X (sky130_fd_sc_hd__or2_1)
                                         _1058_ (net)
                  0.04    0.00    0.46 ^ _2861_/B1 (sky130_fd_sc_hd__o211a_1)
     1    0.00    0.04    0.12    0.58 ^ _2861_/X (sky130_fd_sc_hd__o211a_1)
                                         _0221_ (net)
                  0.04    0.00    0.58 ^ _3400_/D (sky130_fd_sc_hd__dfxtp_1)
                                  0.58   data arrival time

                  0.15    0.00    0.00   clock clk (rise edge)
                          0.00    0.00   clock network delay (ideal)
                          0.25    0.25   clock uncertainty
                          0.00    0.25   clock reconvergence pessimism
                                  0.25 ^ _3400_/CLK (sky130_fd_sc_hd__dfxtp_1)
                         -0.02    0.23   library hold time
                                  0.23   data required time
-----------------------------------------------------------------------------
                                  0.23   data required time
                                 -0.58   data arrival time
-----------------------------------------------------------------------------
                                  0.35   slack (MET)


Startpoint: _3396_ (rising edge-triggered flip-flop clocked by clk)
Endpoint: _3396_ (rising edge-triggered flip-flop clocked by clk)
Path Group: clk
Path Type: min

Fanout     Cap    Slew   Delay    Time   Description
-----------------------------------------------------------------------------
                  0.15    0.00    0.00   clock clk (rise edge)
                          0.00    0.00   clock network delay (ideal)
                  0.15    0.00    0.00 ^ _3396_/CLK (sky130_fd_sc_hd__dfxtp_1)
     3    0.01    0.10    0.36    0.36 ^ _3396_/Q (sky130_fd_sc_hd__dfxtp_1)
                                         user_peripheral.thresh_low[2] (net)
                  0.10    0.00    0.36 ^ _2852_/A (sky130_fd_sc_hd__or2_1)
     1    0.00    0.04    0.10    0.46 ^ _2852_/X (sky130_fd_sc_hd__or2_1)
                                         _1054_ (net)
                  0.04    0.00    0.46 ^ _2853_/B1 (sky130_fd_sc_hd__o211a_1)
     1    0.00    0.04    0.12    0.58 ^ _2853_/X (sky130_fd_sc_hd__o211a_1)
                                         _0217_ (net)
                  0.04    0.00    0.58 ^ _3396_/D (sky130_fd_sc_hd__dfxtp_1)
                                  0.58   data arrival time

                  0.15    0.00    0.00   clock clk (rise edge)
                          0.00    0.00   clock network delay (ideal)
                          0.25    0.25   clock uncertainty
                          0.00    0.25   clock reconvergence pessimism
                                  0.25 ^ _3396_/CLK (sky130_fd_sc_hd__dfxtp_1)
                         -0.02    0.23   library hold time
                                  0.23   data required time
-----------------------------------------------------------------------------
                                  0.23   data required time
                                 -0.58   data arrival time
-----------------------------------------------------------------------------
                                  0.35   slack (MET)


Startpoint: _3401_ (rising edge-triggered flip-flop clocked by clk)
Endpoint: _3401_ (rising edge-triggered flip-flop clocked by clk)
Path Group: clk
Path Type: min

Fanout     Cap    Slew   Delay    Time   Description
-----------------------------------------------------------------------------
                  0.15    0.00    0.00   clock clk (rise edge)
                          0.00    0.00   clock network delay (ideal)
                  0.15    0.00    0.00 ^ _3401_/CLK (sky130_fd_sc_hd__dfxtp_1)
     3    0.01    0.09    0.36    0.36 ^ _3401_/Q (sky130_fd_sc_hd__dfxtp_1)
                                         user_peripheral.thresh_low[7] (net)
                  0.09    0.00    0.36 ^ _2862_/A (sky130_fd_sc_hd__or2_1)
     1    0.00    0.04    0.10    0.46 ^ _2862_/X (sky130_fd_sc_hd__or2_1)
                                         _1059_ (net)
                  0.04    0.00    0.46 ^ _2864_/B1 (sky130_fd_sc_hd__o211a_1)
     1    0.00    0.04    0.12    0.58 ^ _2864_/X (sky130_fd_sc_hd__o211a_1)
                                         _0222_ (net)
                  0.04    0.00    0.58 ^ _3401_/D (sky130_fd_sc_hd__dfxtp_1)
                                  0.58   data arrival time

                  0.15    0.00    0.00   clock clk (rise edge)
                          0.00    0.00   clock network delay (ideal)
                          0.25    0.25   clock uncertainty
                          0.00    0.25   clock reconvergence pessimism
                                  0.25 ^ _3401_/CLK (sky130_fd_sc_hd__dfxtp_1)
                         -0.02    0.23   library hold time
                                  0.23   data required time
-----------------------------------------------------------------------------
                                  0.23   data required time
                                 -0.58   data arrival time
-----------------------------------------------------------------------------
                                  0.35   slack (MET)


Startpoint: _3410_ (rising edge-triggered flip-flop clocked by clk)
Endpoint: _3410_ (rising edge-triggered flip-flop clocked by clk)
Path Group: clk
Path Type: min

Fanout     Cap    Slew   Delay    Time   Description
-----------------------------------------------------------------------------
                  0.15    0.00    0.00   clock clk (rise edge)
                          0.00    0.00   clock network delay (ideal)
                  0.15    0.00    0.00 ^ _3410_/CLK (sky130_fd_sc_hd__dfrtp_4)
     9    0.02    0.10    0.45    0.45 ^ _3410_/Q (sky130_fd_sc_hd__dfrtp_4)
                                         i_spi_reg.state[0] (net)
                  0.10    0.00    0.45 ^ _2897_/A1 (sky130_fd_sc_hd__a31o_1)
     1    0.00    0.04    0.13    0.58 ^ _2897_/X (sky130_fd_sc_hd__a31o_1)
                                         _0231_ (net)
                  0.04    0.00    0.58 ^ _3410_/D (sky130_fd_sc_hd__dfrtp_4)
                                  0.58   data arrival time

                  0.15    0.00    0.00   clock clk (rise edge)
                          0.00    0.00   clock network delay (ideal)
                          0.25    0.25   clock uncertainty
                          0.00    0.25   clock reconvergence pessimism
                                  0.25 ^ _3410_/CLK (sky130_fd_sc_hd__dfrtp_4)
                         -0.02    0.23   library hold time
                                  0.23   data required time
-----------------------------------------------------------------------------
                                  0.23   data required time
                                 -0.58   data arrival time
-----------------------------------------------------------------------------
                                  0.35   slack (MET)


Startpoint: _3231_ (rising edge-triggered flip-flop clocked by clk)
Endpoint: _3231_ (rising edge-triggered flip-flop clocked by clk)
Path Group: clk
Path Type: min

Fanout     Cap    Slew   Delay    Time   Description
-----------------------------------------------------------------------------
                  0.15    0.00    0.00   clock clk (rise edge)
                          0.00    0.00   clock network delay (ideal)
                  0.15    0.00    0.00 ^ _3231_/CLK (sky130_fd_sc_hd__dfxtp_1)
     4    0.02    0.16    0.40    0.40 ^ _3231_/Q (sky130_fd_sc_hd__dfxtp_1)
                                         user_peripheral.spi_clk_r (net)
                  0.16    0.00    0.40 ^ _1880_/A1 (sky130_fd_sc_hd__o221a_1)
     1    0.00    0.05    0.18    0.59 ^ _1880_/X (sky130_fd_sc_hd__o221a_1)
                                         _0052_ (net)
                  0.05    0.00    0.59 ^ _3231_/D (sky130_fd_sc_hd__dfxtp_1)
                                  0.59   data arrival time

                  0.15    0.00    0.00   clock clk (rise edge)
                          0.00    0.00   clock network delay (ideal)
                          0.25    0.25   clock uncertainty
                          0.00    0.25   clock reconvergence pessimism
                                  0.25 ^ _3231_/CLK (sky130_fd_sc_hd__dfxtp_1)
                         -0.02    0.23   library hold time
                                  0.23   data required time
-----------------------------------------------------------------------------
                                  0.23   data required time
                                 -0.59   data arrival time
-----------------------------------------------------------------------------
                                  0.36   slack (MET)


Startpoint: _3426_ (rising edge-triggered flip-flop clocked by clk)
Endpoint: _3426_ (rising edge-triggered flip-flop clocked by clk)
Path Group: clk
Path Type: min

Fanout     Cap    Slew   Delay    Time   Description
-----------------------------------------------------------------------------
                  0.15    0.00    0.00   clock clk (rise edge)
                          0.00    0.00   clock network delay (ideal)
                  0.15    0.00    0.00 ^ _3426_/CLK (sky130_fd_sc_hd__dfxtp_1)
     4    0.01    0.10    0.36    0.36 ^ _3426_/Q (sky130_fd_sc_hd__dfxtp_1)
                                         user_peripheral.timer_period[13] (net)
                  0.10    0.00    0.36 ^ _2941_/A (sky130_fd_sc_hd__or2_1)
     1    0.00    0.04    0.11    0.47 ^ _2941_/X (sky130_fd_sc_hd__or2_1)
                                         _1113_ (net)
                  0.04    0.00    0.47 ^ _2942_/B1 (sky130_fd_sc_hd__o211a_1)
     1    0.00    0.04    0.12    0.59 ^ _2942_/X (sky130_fd_sc_hd__o211a_1)
                                         _0247_ (net)
                  0.04    0.00    0.59 ^ _3426_/D (sky130_fd_sc_hd__dfxtp_1)
                                  0.59   data arrival time

                  0.15    0.00    0.00   clock clk (rise edge)
                          0.00    0.00   clock network delay (ideal)
                          0.25    0.25   clock uncertainty
                          0.00    0.25   clock reconvergence pessimism
                                  0.25 ^ _3426_/CLK (sky130_fd_sc_hd__dfxtp_1)
                         -0.02    0.23   library hold time
                                  0.23   data required time
-----------------------------------------------------------------------------
                                  0.23   data required time
                                 -0.59   data arrival time
-----------------------------------------------------------------------------
                                  0.36   slack (MET)


Startpoint: _3424_ (rising edge-triggered flip-flop clocked by clk)
Endpoint: _3424_ (rising edge-triggered flip-flop clocked by clk)
Path Group: clk
Path Type: min

Fanout     Cap    Slew   Delay    Time   Description
-----------------------------------------------------------------------------
                  0.15    0.00    0.00   clock clk (rise edge)
                          0.00    0.00   clock network delay (ideal)
                  0.15    0.00    0.00 ^ _3424_/CLK (sky130_fd_sc_hd__dfxtp_1)
     4    0.01    0.11    0.37    0.37 ^ _3424_/Q (sky130_fd_sc_hd__dfxtp_1)
                                         user_peripheral.timer_period[11] (net)
                  0.11    0.00    0.37 ^ _2937_/A (sky130_fd_sc_hd__or2_1)
     1    0.00    0.04    0.11    0.47 ^ _2937_/X (sky130_fd_sc_hd__or2_1)
                                         _1111_ (net)
                  0.04    0.00    0.47 ^ _2938_/B1 (sky130_fd_sc_hd__o211a_1)
     1    0.00    0.03    0.12    0.59 ^ _2938_/X (sky130_fd_sc_hd__o211a_1)
                                         _0245_ (net)
                  0.03    0.00    0.59 ^ _3424_/D (sky130_fd_sc_hd__dfxtp_1)
                                  0.59   data arrival time

                  0.15    0.00    0.00   clock clk (rise edge)
                          0.00    0.00   clock network delay (ideal)
                          0.25    0.25   clock uncertainty
                          0.00    0.25   clock reconvergence pessimism
                                  0.25 ^ _3424_/CLK (sky130_fd_sc_hd__dfxtp_1)
                         -0.02    0.23   library hold time
                                  0.23   data required time
-----------------------------------------------------------------------------
                                  0.23   data required time
                                 -0.59   data arrival time
-----------------------------------------------------------------------------
                                  0.36   slack (MET)


Startpoint: _3437_ (rising edge-triggered flip-flop clocked by clk)
Endpoint: _3437_ (rising edge-triggered flip-flop clocked by clk)
Path Group: clk
Path Type: min

Fanout     Cap    Slew   Delay    Time   Description
-----------------------------------------------------------------------------
                  0.15    0.00    0.00   clock clk (rise edge)
                          0.00    0.00   clock network delay (ideal)
                  0.15    0.00    0.00 ^ _3437_/CLK (sky130_fd_sc_hd__dfxtp_1)
     3    0.01    0.11    0.37    0.37 ^ _3437_/Q (sky130_fd_sc_hd__dfxtp_1)
                                         user_peripheral.cfg_cpha (net)
                  0.11    0.00    0.37 ^ _2971_/A (sky130_fd_sc_hd__or2_1)
     1    0.00    0.04    0.11    0.47 ^ _2971_/X (sky130_fd_sc_hd__or2_1)
                                         _1132_ (net)
                  0.04    0.00    0.47 ^ _2972_/B1 (sky130_fd_sc_hd__o211a_1)
     1    0.00    0.03    0.12    0.59 ^ _2972_/X (sky130_fd_sc_hd__o211a_1)
                                         _0258_ (net)
                  0.03    0.00    0.59 ^ _3437_/D (sky130_fd_sc_hd__dfxtp_1)
                                  0.59   data arrival time

                  0.15    0.00    0.00   clock clk (rise edge)
                          0.00    0.00   clock network delay (ideal)
                          0.25    0.25   clock uncertainty
                          0.00    0.25   clock reconvergence pessimism
                                  0.25 ^ _3437_/CLK (sky130_fd_sc_hd__dfxtp_1)
                         -0.02    0.23   library hold time
                                  0.23   data required time
-----------------------------------------------------------------------------
                                  0.23   data required time
                                 -0.59   data arrival time
-----------------------------------------------------------------------------
                                  0.36   slack (MET)


Startpoint: _3422_ (rising edge-triggered flip-flop clocked by clk)
Endpoint: _3422_ (rising edge-triggered flip-flop clocked by clk)
Path Group: clk
Path Type: min

Fanout     Cap    Slew   Delay    Time   Description
-----------------------------------------------------------------------------
                  0.15    0.00    0.00   clock clk (rise edge)
                          0.00    0.00   clock network delay (ideal)
                  0.15    0.00    0.00 ^ _3422_/CLK (sky130_fd_sc_hd__dfxtp_1)
     4    0.01    0.11    0.37    0.37 ^ _3422_/Q (sky130_fd_sc_hd__dfxtp_1)
                                         user_peripheral.timer_period[9] (net)
                  0.11    0.00    0.37 ^ _2932_/A (sky130_fd_sc_hd__or2_1)
     1    0.00    0.04    0.11    0.48 ^ _2932_/X (sky130_fd_sc_hd__or2_1)
                                         _1108_ (net)
                  0.04    0.00    0.48 ^ _2934_/B1 (sky130_fd_sc_hd__o211a_1)
     1    0.00    0.04    0.12    0.60 ^ _2934_/X (sky130_fd_sc_hd__o211a_1)
                                         _0243_ (net)
                  0.04    0.00    0.60 ^ _3422_/D (sky130_fd_sc_hd__dfxtp_1)
                                  0.60   data arrival time

                  0.15    0.00    0.00   clock clk (rise edge)
                          0.00    0.00   clock network delay (ideal)
                          0.25    0.25   clock uncertainty
                          0.00    0.25   clock reconvergence pessimism
                                  0.25 ^ _3422_/CLK (sky130_fd_sc_hd__dfxtp_1)
                         -0.02    0.23   library hold time
                                  0.23   data required time
-----------------------------------------------------------------------------
                                  0.23   data required time
                                 -0.60   data arrival time
-----------------------------------------------------------------------------
                                  0.37   slack (MET)


Startpoint: _3402_ (rising edge-triggered flip-flop clocked by clk)
Endpoint: _3402_ (rising edge-triggered flip-flop clocked by clk)
Path Group: clk
Path Type: min

Fanout     Cap    Slew   Delay    Time   Description
-----------------------------------------------------------------------------
                  0.15    0.00    0.00   clock clk (rise edge)
                          0.00    0.00   clock network delay (ideal)
                  0.15    0.00    0.00 ^ _3402_/CLK (sky130_fd_sc_hd__dfxtp_1)
     2    0.01    0.07    0.34    0.34 ^ _3402_/Q (sky130_fd_sc_hd__dfxtp_1)
                                         user_peripheral.thresh_high[0] (net)
                  0.07    0.00    0.34 ^ _2865_/A1 (sky130_fd_sc_hd__mux2_1)
     1    0.00    0.04    0.11    0.45 ^ _2865_/X (sky130_fd_sc_hd__mux2_1)
                                         _1061_ (net)
                  0.04    0.00    0.45 ^ _2866_/B (sky130_fd_sc_hd__or2_1)
     1    0.00    0.04    0.08    0.53 ^ _2866_/X (sky130_fd_sc_hd__or2_1)
                                         _1062_ (net)
                  0.04    0.00    0.53 ^ _2867_/A (sky130_fd_sc_hd__clkbuf_1)
     1    0.00    0.04    0.07    0.60 ^ _2867_/X (sky130_fd_sc_hd__clkbuf_1)
                                         _0223_ (net)
                  0.04    0.00    0.60 ^ _3402_/D (sky130_fd_sc_hd__dfxtp_1)
                                  0.60   data arrival time

                  0.15    0.00    0.00   clock clk (rise edge)
                          0.00    0.00   clock network delay (ideal)
                          0.25    0.25   clock uncertainty
                          0.00    0.25   clock reconvergence pessimism
                                  0.25 ^ _3402_/CLK (sky130_fd_sc_hd__dfxtp_1)
                         -0.02    0.23   library hold time
                                  0.23   data required time
-----------------------------------------------------------------------------
                                  0.23   data required time
                                 -0.60   data arrival time
-----------------------------------------------------------------------------
                                  0.37   slack (MET)


Startpoint: _3234_ (rising edge-triggered flip-flop clocked by clk)
Endpoint: _3234_ (rising edge-triggered flip-flop clocked by clk)
Path Group: clk
Path Type: min

Fanout     Cap    Slew   Delay    Time   Description
-----------------------------------------------------------------------------
                  0.15    0.00    0.00   clock clk (rise edge)
                          0.00    0.00   clock network delay (ideal)
                  0.15    0.00    0.00 ^ _3234_/CLK (sky130_fd_sc_hd__dfxtp_1)
     4    0.01    0.13    0.39    0.39 ^ _3234_/Q (sky130_fd_sc_hd__dfxtp_1)
                                         user_peripheral.bit_cnt[1] (net)
                  0.13    0.00    0.39 ^ _1903_/B1 (sky130_fd_sc_hd__a21o_1)
     1    0.00    0.04    0.09    0.48 ^ _1903_/X (sky130_fd_sc_hd__a21o_1)
                                         _1545_ (net)
                  0.04    0.00    0.48 ^ _1904_/B1 (sky130_fd_sc_hd__o211a_1)
     1    0.00    0.04    0.12    0.60 ^ _1904_/X (sky130_fd_sc_hd__o211a_1)
                                         _0055_ (net)
                  0.04    0.00    0.60 ^ _3234_/D (sky130_fd_sc_hd__dfxtp_1)
                                  0.60   data arrival time

                  0.15    0.00    0.00   clock clk (rise edge)
                          0.00    0.00   clock network delay (ideal)
                          0.25    0.25   clock uncertainty
                          0.00    0.25   clock reconvergence pessimism
                                  0.25 ^ _3234_/CLK (sky130_fd_sc_hd__dfxtp_1)
                         -0.02    0.23   library hold time
                                  0.23   data required time
-----------------------------------------------------------------------------
                                  0.23   data required time
                                 -0.60   data arrival time
-----------------------------------------------------------------------------
                                  0.37   slack (MET)


Startpoint: _3225_ (rising edge-triggered flip-flop clocked by clk)
Endpoint: _3225_ (rising edge-triggered flip-flop clocked by clk)
Path Group: clk
Path Type: min

Fanout     Cap    Slew   Delay    Time   Description
-----------------------------------------------------------------------------
                  0.15    0.00    0.00   clock clk (rise edge)
                          0.00    0.00   clock network delay (ideal)
                  0.15    0.00    0.00 ^ _3225_/CLK (sky130_fd_sc_hd__dfxtp_1)
     4    0.01    0.09    0.36    0.36 ^ _3225_/Q (sky130_fd_sc_hd__dfxtp_1)
                                         user_peripheral.sleep_timer[11] (net)
                  0.09    0.00    0.36 ^ _1822_/A1 (sky130_fd_sc_hd__mux2_1)
     1    0.00    0.04    0.13    0.49 ^ _1822_/X (sky130_fd_sc_hd__mux2_1)
                                         _1473_ (net)
                  0.04    0.00    0.49 ^ _1829_/A2 (sky130_fd_sc_hd__o211a_1)
     1    0.00    0.04    0.12    0.60 ^ _1829_/X (sky130_fd_sc_hd__o211a_1)
                                         _0046_ (net)
                  0.04    0.00    0.60 ^ _3225_/D (sky130_fd_sc_hd__dfxtp_1)
                                  0.60   data arrival time

                  0.15    0.00    0.00   clock clk (rise edge)
                          0.00    0.00   clock network delay (ideal)
                          0.25    0.25   clock uncertainty
                          0.00    0.25   clock reconvergence pessimism
                                  0.25 ^ _3225_/CLK (sky130_fd_sc_hd__dfxtp_1)
                         -0.02    0.23   library hold time
                                  0.23   data required time
-----------------------------------------------------------------------------
                                  0.23   data required time
                                 -0.60   data arrival time
-----------------------------------------------------------------------------
                                  0.37   slack (MET)


Startpoint: _3428_ (rising edge-triggered flip-flop clocked by clk)
Endpoint: _3428_ (rising edge-triggered flip-flop clocked by clk)
Path Group: clk
Path Type: min

Fanout     Cap    Slew   Delay    Time   Description
-----------------------------------------------------------------------------
                  0.15    0.00    0.00   clock clk (rise edge)
                          0.00    0.00   clock network delay (ideal)
                  0.15    0.00    0.00 ^ _3428_/CLK (sky130_fd_sc_hd__dfxtp_1)
     4    0.01    0.12    0.38    0.38 ^ _3428_/Q (sky130_fd_sc_hd__dfxtp_1)
                                         user_peripheral.timer_period[15] (net)
                  0.12    0.00    0.38 ^ _2945_/A (sky130_fd_sc_hd__or2_1)
     1    0.00    0.04    0.11    0.49 ^ _2945_/X (sky130_fd_sc_hd__or2_1)
                                         _1115_ (net)
                  0.04    0.00    0.49 ^ _2946_/B1 (sky130_fd_sc_hd__o211a_1)
     1    0.00    0.04    0.12    0.61 ^ _2946_/X (sky130_fd_sc_hd__o211a_1)
                                         _0249_ (net)
                  0.04    0.00    0.61 ^ _3428_/D (sky130_fd_sc_hd__dfxtp_1)
                                  0.61   data arrival time

                  0.15    0.00    0.00   clock clk (rise edge)
                          0.00    0.00   clock network delay (ideal)
                          0.25    0.25   clock uncertainty
                          0.00    0.25   clock reconvergence pessimism
                                  0.25 ^ _3428_/CLK (sky130_fd_sc_hd__dfxtp_1)
                         -0.02    0.23   library hold time
                                  0.23   data required time
-----------------------------------------------------------------------------
                                  0.23   data required time
                                 -0.61   data arrival time
-----------------------------------------------------------------------------
                                  0.37   slack (MET)


Startpoint: _3486_ (rising edge-triggered flip-flop clocked by clk)
Endpoint: _3383_ (rising edge-triggered flip-flop clocked by clk)
Path Group: clk
Path Type: min

Fanout     Cap    Slew   Delay    Time   Description
-----------------------------------------------------------------------------
                  0.15    0.00    0.00   clock clk (rise edge)
                          0.00    0.00   clock network delay (ideal)
                  0.15    0.00    0.00 ^ _3486_/CLK (sky130_fd_sc_hd__dfrtp_4)
     8    0.03    0.11    0.46    0.46 ^ _3486_/Q (sky130_fd_sc_hd__dfrtp_4)
                                         i_spi_reg.reg_data_o[21] (net)
                  0.11    0.00    0.46 ^ _2823_/A1 (sky130_fd_sc_hd__o211a_1)
     1    0.00    0.04    0.15    0.61 ^ _2823_/X (sky130_fd_sc_hd__o211a_1)
                                         _0204_ (net)
                  0.04    0.00    0.61 ^ _3383_/D (sky130_fd_sc_hd__dfxtp_1)
                                  0.61   data arrival time

                  0.15    0.00    0.00   clock clk (rise edge)
                          0.00    0.00   clock network delay (ideal)
                          0.25    0.25   clock uncertainty
                          0.00    0.25   clock reconvergence pessimism
                                  0.25 ^ _3383_/CLK (sky130_fd_sc_hd__dfxtp_1)
                         -0.02    0.23   library hold time
                                  0.23   data required time
-----------------------------------------------------------------------------
                                  0.23   data required time
                                 -0.61   data arrival time
-----------------------------------------------------------------------------
                                  0.37   slack (MET)


Startpoint: _3407_ (rising edge-triggered flip-flop clocked by clk)
Endpoint: _3407_ (rising edge-triggered flip-flop clocked by clk)
Path Group: clk
Path Type: min

Fanout     Cap    Slew   Delay    Time   Description
-----------------------------------------------------------------------------
                  0.15    0.00    0.00   clock clk (rise edge)
                          0.00    0.00   clock network delay (ideal)
                  0.15    0.00    0.00 ^ _3407_/CLK (sky130_fd_sc_hd__dfxtp_1)
     3    0.01    0.08    0.35    0.35 ^ _3407_/Q (sky130_fd_sc_hd__dfxtp_1)
                                         user_peripheral.thresh_high[5] (net)
                  0.08    0.00    0.35 ^ _2881_/A1 (sky130_fd_sc_hd__mux2_1)
     1    0.00    0.03    0.11    0.46 ^ _2881_/X (sky130_fd_sc_hd__mux2_1)
                                         _1072_ (net)
                  0.03    0.00    0.46 ^ _2882_/B (sky130_fd_sc_hd__or2_1)
     1    0.00    0.04    0.08    0.54 ^ _2882_/X (sky130_fd_sc_hd__or2_1)
                                         _1073_ (net)
                  0.04    0.00    0.54 ^ _2883_/A (sky130_fd_sc_hd__clkbuf_1)
     1    0.00    0.04    0.07    0.61 ^ _2883_/X (sky130_fd_sc_hd__clkbuf_1)
                                         _0228_ (net)
                  0.04    0.00    0.61 ^ _3407_/D (sky130_fd_sc_hd__dfxtp_1)
                                  0.61   data arrival time

                  0.15    0.00    0.00   clock clk (rise edge)
                          0.00    0.00   clock network delay (ideal)
                          0.25    0.25   clock uncertainty
                          0.00    0.25   clock reconvergence pessimism
                                  0.25 ^ _3407_/CLK (sky130_fd_sc_hd__dfxtp_1)
                         -0.02    0.23   library hold time
                                  0.23   data required time
-----------------------------------------------------------------------------
                                  0.23   data required time
                                 -0.61   data arrival time
-----------------------------------------------------------------------------
                                  0.37   slack (MET)


Startpoint: _3483_ (rising edge-triggered flip-flop clocked by clk)
Endpoint: _3380_ (rising edge-triggered flip-flop clocked by clk)
Path Group: clk
Path Type: min

Fanout     Cap    Slew   Delay    Time   Description
-----------------------------------------------------------------------------
                  0.15    0.00    0.00   clock clk (rise edge)
                          0.00    0.00   clock network delay (ideal)
                  0.15    0.00    0.00 ^ _3483_/CLK (sky130_fd_sc_hd__dfrtp_4)
     8    0.03    0.11    0.46    0.46 ^ _3483_/Q (sky130_fd_sc_hd__dfrtp_4)
                                         i_spi_reg.reg_data_o[18] (net)
                  0.11    0.00    0.46 ^ _2814_/A1 (sky130_fd_sc_hd__o211a_1)
     1    0.00    0.04    0.15    0.61 ^ _2814_/X (sky130_fd_sc_hd__o211a_1)
                                         _0201_ (net)
                  0.04    0.00    0.61 ^ _3380_/D (sky130_fd_sc_hd__dfxtp_1)
                                  0.61   data arrival time

                  0.15    0.00    0.00   clock clk (rise edge)
                          0.00    0.00   clock network delay (ideal)
                          0.25    0.25   clock uncertainty
                          0.00    0.25   clock reconvergence pessimism
                                  0.25 ^ _3380_/CLK (sky130_fd_sc_hd__dfxtp_1)
                         -0.02    0.23   library hold time
                                  0.23   data required time
-----------------------------------------------------------------------------
                                  0.23   data required time
                                 -0.61   data arrival time
-----------------------------------------------------------------------------
                                  0.37   slack (MET)


Startpoint: _3481_ (rising edge-triggered flip-flop clocked by clk)
Endpoint: _3378_ (rising edge-triggered flip-flop clocked by clk)
Path Group: clk
Path Type: min

Fanout     Cap    Slew   Delay    Time   Description
-----------------------------------------------------------------------------
                  0.15    0.00    0.00   clock clk (rise edge)
                          0.00    0.00   clock network delay (ideal)
                  0.15    0.00    0.00 ^ _3481_/CLK (sky130_fd_sc_hd__dfrtp_4)
     8    0.03    0.11    0.46    0.46 ^ _3481_/Q (sky130_fd_sc_hd__dfrtp_4)
                                         i_spi_reg.reg_data_o[16] (net)
                  0.11    0.00    0.46 ^ _2810_/A1 (sky130_fd_sc_hd__o211a_1)
     1    0.00    0.04    0.15    0.61 ^ _2810_/X (sky130_fd_sc_hd__o211a_1)
                                         _0199_ (net)
                  0.04    0.00    0.61 ^ _3378_/D (sky130_fd_sc_hd__dfxtp_1)
                                  0.61   data arrival time

                  0.15    0.00    0.00   clock clk (rise edge)
                          0.00    0.00   clock network delay (ideal)
                          0.25    0.25   clock uncertainty
                          0.00    0.25   clock reconvergence pessimism
                                  0.25 ^ _3378_/CLK (sky130_fd_sc_hd__dfxtp_1)
                         -0.02    0.23   library hold time
                                  0.23   data required time
-----------------------------------------------------------------------------
                                  0.23   data required time
                                 -0.61   data arrival time
-----------------------------------------------------------------------------
                                  0.38   slack (MET)


Startpoint: _3493_ (rising edge-triggered flip-flop clocked by clk)
Endpoint: _3390_ (rising edge-triggered flip-flop clocked by clk)
Path Group: clk
Path Type: min

Fanout     Cap    Slew   Delay    Time   Description
-----------------------------------------------------------------------------
                  0.15    0.00    0.00   clock clk (rise edge)
                          0.00    0.00   clock network delay (ideal)
                  0.15    0.00    0.00 ^ _3493_/CLK (sky130_fd_sc_hd__dfrtp_4)
     8    0.03    0.11    0.46    0.46 ^ _3493_/Q (sky130_fd_sc_hd__dfrtp_4)
                                         i_spi_reg.reg_data_o[28] (net)
                  0.11    0.00    0.47 ^ _2837_/A1 (sky130_fd_sc_hd__o211a_1)
     1    0.00    0.03    0.15    0.61 ^ _2837_/X (sky130_fd_sc_hd__o211a_1)
                                         _0211_ (net)
                  0.03    0.00    0.61 ^ _3390_/D (sky130_fd_sc_hd__dfxtp_1)
                                  0.61   data arrival time

                  0.15    0.00    0.00   clock clk (rise edge)
                          0.00    0.00   clock network delay (ideal)
                          0.25    0.25   clock uncertainty
                          0.00    0.25   clock reconvergence pessimism
                                  0.25 ^ _3390_/CLK (sky130_fd_sc_hd__dfxtp_1)
                         -0.02    0.23   library hold time
                                  0.23   data required time
-----------------------------------------------------------------------------
                                  0.23   data required time
                                 -0.61   data arrival time
-----------------------------------------------------------------------------
                                  0.38   slack (MET)


Startpoint: _3487_ (rising edge-triggered flip-flop clocked by clk)
Endpoint: _3384_ (rising edge-triggered flip-flop clocked by clk)
Path Group: clk
Path Type: min

Fanout     Cap    Slew   Delay    Time   Description
-----------------------------------------------------------------------------
                  0.15    0.00    0.00   clock clk (rise edge)
                          0.00    0.00   clock network delay (ideal)
                  0.15    0.00    0.00 ^ _3487_/CLK (sky130_fd_sc_hd__dfrtp_4)
     8    0.03    0.11    0.46    0.46 ^ _3487_/Q (sky130_fd_sc_hd__dfrtp_4)
                                         i_spi_reg.reg_data_o[22] (net)
                  0.11    0.00    0.46 ^ _2825_/A1 (sky130_fd_sc_hd__o211a_1)
     1    0.00    0.04    0.15    0.61 ^ _2825_/X (sky130_fd_sc_hd__o211a_1)
                                         _0205_ (net)
                  0.04    0.00    0.61 ^ _3384_/D (sky130_fd_sc_hd__dfxtp_1)
                                  0.61   data arrival time

                  0.15    0.00    0.00   clock clk (rise edge)
                          0.00    0.00   clock network delay (ideal)
                          0.25    0.25   clock uncertainty
                          0.00    0.25   clock reconvergence pessimism
                                  0.25 ^ _3384_/CLK (sky130_fd_sc_hd__dfxtp_1)
                         -0.02    0.23   library hold time
                                  0.23   data required time
-----------------------------------------------------------------------------
                                  0.23   data required time
                                 -0.61   data arrival time
-----------------------------------------------------------------------------
                                  0.38   slack (MET)


Startpoint: _3415_ (rising edge-triggered flip-flop clocked by clk)
Endpoint: _3216_ (rising edge-triggered flip-flop clocked by clk)
Path Group: clk
Path Type: min

Fanout     Cap    Slew   Delay    Time   Description
-----------------------------------------------------------------------------
                  0.15    0.00    0.00   clock clk (rise edge)
                          0.00    0.00   clock network delay (ideal)
                  0.15    0.00    0.00 ^ _3415_/CLK (sky130_fd_sc_hd__dfxtp_1)
     3    0.01    0.08    0.35    0.35 ^ _3415_/Q (sky130_fd_sc_hd__dfxtp_1)
                                         user_peripheral.timer_period[2] (net)
                  0.08    0.00    0.35 ^ _1771_/A1 (sky130_fd_sc_hd__a22o_1)
     1    0.00    0.03    0.12    0.46 ^ _1771_/X (sky130_fd_sc_hd__a22o_1)
                                         _1431_ (net)
                  0.03    0.00    0.46 ^ _1772_/B (sky130_fd_sc_hd__or2_1)
     1    0.00    0.04    0.08    0.54 ^ _1772_/X (sky130_fd_sc_hd__or2_1)
                                         _1432_ (net)
                  0.04    0.00    0.54 ^ _1773_/A (sky130_fd_sc_hd__clkbuf_1)
     1    0.00    0.04    0.07    0.61 ^ _1773_/X (sky130_fd_sc_hd__clkbuf_1)
                                         _0037_ (net)
                  0.04    0.00    0.61 ^ _3216_/D (sky130_fd_sc_hd__dfxtp_1)
                                  0.61   data arrival time

                  0.15    0.00    0.00   clock clk (rise edge)
                          0.00    0.00   clock network delay (ideal)
                          0.25    0.25   clock uncertainty
                          0.00    0.25   clock reconvergence pessimism
                                  0.25 ^ _3216_/CLK (sky130_fd_sc_hd__dfxtp_1)
                         -0.02    0.23   library hold time
                                  0.23   data required time
-----------------------------------------------------------------------------
                                  0.23   data required time
                                 -0.61   data arrival time
-----------------------------------------------------------------------------
                                  0.38   slack (MET)


Startpoint: _3405_ (rising edge-triggered flip-flop clocked by clk)
Endpoint: _3405_ (rising edge-triggered flip-flop clocked by clk)
Path Group: clk
Path Type: min

Fanout     Cap    Slew   Delay    Time   Description
-----------------------------------------------------------------------------
                  0.15    0.00    0.00   clock clk (rise edge)
                          0.00    0.00   clock network delay (ideal)
                  0.15    0.00    0.00 ^ _3405_/CLK (sky130_fd_sc_hd__dfxtp_1)
     3    0.01    0.09    0.35    0.35 ^ _3405_/Q (sky130_fd_sc_hd__dfxtp_1)
                                         user_peripheral.thresh_high[3] (net)
                  0.09    0.00    0.35 ^ _2875_/A1 (sky130_fd_sc_hd__mux2_1)
     1    0.00    0.03    0.12    0.47 ^ _2875_/X (sky130_fd_sc_hd__mux2_1)
                                         _1068_ (net)
                  0.03    0.00    0.47 ^ _2876_/B (sky130_fd_sc_hd__or2_1)
     1    0.00    0.04    0.08    0.54 ^ _2876_/X (sky130_fd_sc_hd__or2_1)
                                         _1069_ (net)
                  0.04    0.00    0.54 ^ _2877_/A (sky130_fd_sc_hd__clkbuf_1)
     1    0.00    0.04    0.07    0.61 ^ _2877_/X (sky130_fd_sc_hd__clkbuf_1)
                                         _0226_ (net)
                  0.04    0.00    0.61 ^ _3405_/D (sky130_fd_sc_hd__dfxtp_1)
                                  0.61   data arrival time

                  0.15    0.00    0.00   clock clk (rise edge)
                          0.00    0.00   clock network delay (ideal)
                          0.25    0.25   clock uncertainty
                          0.00    0.25   clock reconvergence pessimism
                                  0.25 ^ _3405_/CLK (sky130_fd_sc_hd__dfxtp_1)
                         -0.02    0.23   library hold time
                                  0.23   data required time
-----------------------------------------------------------------------------
                                  0.23   data required time
                                 -0.61   data arrival time
-----------------------------------------------------------------------------
                                  0.38   slack (MET)


Startpoint: _3485_ (rising edge-triggered flip-flop clocked by clk)
Endpoint: _3382_ (rising edge-triggered flip-flop clocked by clk)
Path Group: clk
Path Type: min

Fanout     Cap    Slew   Delay    Time   Description
-----------------------------------------------------------------------------
                  0.15    0.00    0.00   clock clk (rise edge)
                          0.00    0.00   clock network delay (ideal)
                  0.15    0.00    0.00 ^ _3485_/CLK (sky130_fd_sc_hd__dfrtp_4)
     8    0.03    0.11    0.47    0.47 ^ _3485_/Q (sky130_fd_sc_hd__dfrtp_4)
                                         i_spi_reg.reg_data_o[20] (net)
                  0.11    0.00    0.47 ^ _2821_/A1 (sky130_fd_sc_hd__o211a_1)
     1    0.00    0.04    0.15    0.61 ^ _2821_/X (sky130_fd_sc_hd__o211a_1)
                                         _0203_ (net)
                  0.04    0.00    0.61 ^ _3382_/D (sky130_fd_sc_hd__dfxtp_1)
                                  0.61   data arrival time

                  0.15    0.00    0.00   clock clk (rise edge)
                          0.00    0.00   clock network delay (ideal)
                          0.25    0.25   clock uncertainty
                          0.00    0.25   clock reconvergence pessimism
                                  0.25 ^ _3382_/CLK (sky130_fd_sc_hd__dfxtp_1)
                         -0.02    0.23   library hold time
                                  0.23   data required time
-----------------------------------------------------------------------------
                                  0.23   data required time
                                 -0.61   data arrival time
-----------------------------------------------------------------------------
                                  0.38   slack (MET)


Startpoint: _3456_ (rising edge-triggered flip-flop clocked by clk)
Endpoint: _3456_ (rising edge-triggered flip-flop clocked by clk)
Path Group: clk
Path Type: min

Fanout     Cap    Slew   Delay    Time   Description
-----------------------------------------------------------------------------
                  0.15    0.00    0.00   clock clk (rise edge)
                          0.00    0.00   clock network delay (ideal)
                  0.15    0.00    0.00 ^ _3456_/CLK (sky130_fd_sc_hd__dfrtp_1)
     7    0.01    0.13    0.40    0.40 ^ _3456_/Q (sky130_fd_sc_hd__dfrtp_1)
                                         i_spi_reg.addr[3] (net)
                  0.13    0.00    0.40 ^ _3010_/A1 (sky130_fd_sc_hd__mux2_1)
     1    0.00    0.04    0.14    0.54 ^ _3010_/X (sky130_fd_sc_hd__mux2_1)
                                         _1161_ (net)
                  0.04    0.00    0.54 ^ _3011_/A (sky130_fd_sc_hd__clkbuf_1)
     1    0.00    0.04    0.07    0.61 ^ _3011_/X (sky130_fd_sc_hd__clkbuf_1)
                                         _0268_ (net)
                  0.04    0.00    0.61 ^ _3456_/D (sky130_fd_sc_hd__dfrtp_1)
                                  0.61   data arrival time

                  0.15    0.00    0.00   clock clk (rise edge)
                          0.00    0.00   clock network delay (ideal)
                          0.25    0.25   clock uncertainty
                          0.00    0.25   clock reconvergence pessimism
                                  0.25 ^ _3456_/CLK (sky130_fd_sc_hd__dfrtp_1)
                         -0.02    0.23   library hold time
                                  0.23   data required time
-----------------------------------------------------------------------------
                                  0.23   data required time
                                 -0.61   data arrival time
-----------------------------------------------------------------------------
                                  0.38   slack (MET)


Startpoint: _3482_ (rising edge-triggered flip-flop clocked by clk)
Endpoint: _3379_ (rising edge-triggered flip-flop clocked by clk)
Path Group: clk
Path Type: min

Fanout     Cap    Slew   Delay    Time   Description
-----------------------------------------------------------------------------
                  0.15    0.00    0.00   clock clk (rise edge)
                          0.00    0.00   clock network delay (ideal)
                  0.15    0.00    0.00 ^ _3482_/CLK (sky130_fd_sc_hd__dfrtp_4)
     8    0.03    0.11    0.46    0.46 ^ _3482_/Q (sky130_fd_sc_hd__dfrtp_4)
                                         i_spi_reg.reg_data_o[17] (net)
                  0.11    0.00    0.47 ^ _2812_/A1 (sky130_fd_sc_hd__o211a_1)
     1    0.00    0.04    0.15    0.61 ^ _2812_/X (sky130_fd_sc_hd__o211a_1)
                                         _0200_ (net)
                  0.04    0.00    0.61 ^ _3379_/D (sky130_fd_sc_hd__dfxtp_1)
                                  0.61   data arrival time

                  0.15    0.00    0.00   clock clk (rise edge)
                          0.00    0.00   clock network delay (ideal)
                          0.25    0.25   clock uncertainty
                          0.00    0.25   clock reconvergence pessimism
                                  0.25 ^ _3379_/CLK (sky130_fd_sc_hd__dfxtp_1)
                         -0.02    0.23   library hold time
                                  0.23   data required time
-----------------------------------------------------------------------------
                                  0.23   data required time
                                 -0.61   data arrival time
-----------------------------------------------------------------------------
                                  0.38   slack (MET)


Startpoint: _3425_ (rising edge-triggered flip-flop clocked by clk)
Endpoint: _3226_ (rising edge-triggered flip-flop clocked by clk)
Path Group: clk
Path Type: min

Fanout     Cap    Slew   Delay    Time   Description
-----------------------------------------------------------------------------
                  0.15    0.00    0.00   clock clk (rise edge)
                          0.00    0.00   clock network delay (ideal)
                  0.15    0.00    0.00 ^ _3425_/CLK (sky130_fd_sc_hd__dfxtp_1)
     3    0.01    0.08    0.35    0.35 ^ _3425_/Q (sky130_fd_sc_hd__dfxtp_1)
                                         user_peripheral.timer_period[12] (net)
                  0.08    0.00    0.35 ^ _1833_/A1 (sky130_fd_sc_hd__a22o_1)
     1    0.00    0.04    0.12    0.47 ^ _1833_/X (sky130_fd_sc_hd__a22o_1)
                                         _1483_ (net)
                  0.04    0.00    0.47 ^ _1834_/B (sky130_fd_sc_hd__or2_1)
     1    0.00    0.04    0.08    0.55 ^ _1834_/X (sky130_fd_sc_hd__or2_1)
                                         _1484_ (net)
                  0.04    0.00    0.55 ^ _1835_/A (sky130_fd_sc_hd__clkbuf_1)
     1    0.00    0.04    0.07    0.61 ^ _1835_/X (sky130_fd_sc_hd__clkbuf_1)
                                         _0047_ (net)
                  0.04    0.00    0.61 ^ _3226_/D (sky130_fd_sc_hd__dfxtp_1)
                                  0.61   data arrival time

                  0.15    0.00    0.00   clock clk (rise edge)
                          0.00    0.00   clock network delay (ideal)
                          0.25    0.25   clock uncertainty
                          0.00    0.25   clock reconvergence pessimism
                                  0.25 ^ _3226_/CLK (sky130_fd_sc_hd__dfxtp_1)
                         -0.02    0.23   library hold time
                                  0.23   data required time
-----------------------------------------------------------------------------
                                  0.23   data required time
                                 -0.61   data arrival time
-----------------------------------------------------------------------------
                                  0.38   slack (MET)


Startpoint: _3484_ (rising edge-triggered flip-flop clocked by clk)
Endpoint: _3381_ (rising edge-triggered flip-flop clocked by clk)
Path Group: clk
Path Type: min

Fanout     Cap    Slew   Delay    Time   Description
-----------------------------------------------------------------------------
                  0.15    0.00    0.00   clock clk (rise edge)
                          0.00    0.00   clock network delay (ideal)
                  0.15    0.00    0.00 ^ _3484_/CLK (sky130_fd_sc_hd__dfrtp_4)
     8    0.03    0.11    0.47    0.47 ^ _3484_/Q (sky130_fd_sc_hd__dfrtp_4)
                                         i_spi_reg.reg_data_o[19] (net)
                  0.11    0.00    0.47 ^ _2817_/A1 (sky130_fd_sc_hd__o211a_1)
     1    0.00    0.04    0.15    0.61 ^ _2817_/X (sky130_fd_sc_hd__o211a_1)
                                         _0202_ (net)
                  0.04    0.00    0.61 ^ _3381_/D (sky130_fd_sc_hd__dfxtp_1)
                                  0.61   data arrival time

                  0.15    0.00    0.00   clock clk (rise edge)
                          0.00    0.00   clock network delay (ideal)
                          0.25    0.25   clock uncertainty
                          0.00    0.25   clock reconvergence pessimism
                                  0.25 ^ _3381_/CLK (sky130_fd_sc_hd__dfxtp_1)
                         -0.02    0.23   library hold time
                                  0.23   data required time
-----------------------------------------------------------------------------
                                  0.23   data required time
                                 -0.61   data arrival time
-----------------------------------------------------------------------------
                                  0.38   slack (MET)


Startpoint: _3459_ (rising edge-triggered flip-flop clocked by clk)
Endpoint: _3459_ (rising edge-triggered flip-flop clocked by clk)
Path Group: clk
Path Type: min

Fanout     Cap    Slew   Delay    Time   Description
-----------------------------------------------------------------------------
                  0.15    0.00    0.00   clock clk (rise edge)
                          0.00    0.00   clock network delay (ideal)
                  0.15    0.00    0.00 ^ _3459_/CLK (sky130_fd_sc_hd__dfrtp_1)
     5    0.01    0.13    0.40    0.40 ^ _3459_/Q (sky130_fd_sc_hd__dfrtp_1)
                                         i_spi_reg.buffer_counter[0] (net)
                  0.13    0.00    0.40 ^ _3019_/S (sky130_fd_sc_hd__mux2_1)
     1    0.00    0.04    0.14    0.54 ^ _3019_/X (sky130_fd_sc_hd__mux2_1)
                                         _1167_ (net)
                  0.04    0.00    0.54 ^ _3020_/A (sky130_fd_sc_hd__clkbuf_1)
     1    0.00    0.04    0.07    0.61 ^ _3020_/X (sky130_fd_sc_hd__clkbuf_1)
                                         _0271_ (net)
                  0.04    0.00    0.61 ^ _3459_/D (sky130_fd_sc_hd__dfrtp_1)
                                  0.61   data arrival time

                  0.15    0.00    0.00   clock clk (rise edge)
                          0.00    0.00   clock network delay (ideal)
                          0.25    0.25   clock uncertainty
                          0.00    0.25   clock reconvergence pessimism
                                  0.25 ^ _3459_/CLK (sky130_fd_sc_hd__dfrtp_1)
                         -0.02    0.23   library hold time
                                  0.23   data required time
-----------------------------------------------------------------------------
                                  0.23   data required time
                                 -0.61   data arrival time
-----------------------------------------------------------------------------
                                  0.38   slack (MET)


Startpoint: _3406_ (rising edge-triggered flip-flop clocked by clk)
Endpoint: _3406_ (rising edge-triggered flip-flop clocked by clk)
Path Group: clk
Path Type: min

Fanout     Cap    Slew   Delay    Time   Description
-----------------------------------------------------------------------------
                  0.15    0.00    0.00   clock clk (rise edge)
                          0.00    0.00   clock network delay (ideal)
                  0.15    0.00    0.00 ^ _3406_/CLK (sky130_fd_sc_hd__dfxtp_1)
     3    0.01    0.09    0.36    0.36 ^ _3406_/Q (sky130_fd_sc_hd__dfxtp_1)
                                         user_peripheral.thresh_high[4] (net)
                  0.09    0.00    0.36 ^ _2878_/A1 (sky130_fd_sc_hd__mux2_1)
     1    0.00    0.03    0.12    0.47 ^ _2878_/X (sky130_fd_sc_hd__mux2_1)
                                         _1070_ (net)
                  0.03    0.00    0.47 ^ _2879_/B (sky130_fd_sc_hd__or2_1)
     1    0.00    0.04    0.08    0.55 ^ _2879_/X (sky130_fd_sc_hd__or2_1)
                                         _1071_ (net)
                  0.04    0.00    0.55 ^ _2880_/A (sky130_fd_sc_hd__clkbuf_1)
     1    0.00    0.04    0.07    0.61 ^ _2880_/X (sky130_fd_sc_hd__clkbuf_1)
                                         _0227_ (net)
                  0.04    0.00    0.61 ^ _3406_/D (sky130_fd_sc_hd__dfxtp_1)
                                  0.61   data arrival time

                  0.15    0.00    0.00   clock clk (rise edge)
                          0.00    0.00   clock network delay (ideal)
                          0.25    0.25   clock uncertainty
                          0.00    0.25   clock reconvergence pessimism
                                  0.25 ^ _3406_/CLK (sky130_fd_sc_hd__dfxtp_1)
                         -0.02    0.23   library hold time
                                  0.23   data required time
-----------------------------------------------------------------------------
                                  0.23   data required time
                                 -0.61   data arrival time
-----------------------------------------------------------------------------
                                  0.38   slack (MET)


Startpoint: _3377_ (rising edge-triggered flip-flop clocked by clk)
Endpoint: _3377_ (rising edge-triggered flip-flop clocked by clk)
Path Group: clk
Path Type: min

Fanout     Cap    Slew   Delay    Time   Description
-----------------------------------------------------------------------------
                  0.15    0.00    0.00   clock clk (rise edge)
                          0.00    0.00   clock network delay (ideal)
                  0.15    0.00    0.00 ^ _3377_/CLK (sky130_fd_sc_hd__dfxtp_1)
     5    0.01    0.13    0.38    0.38 ^ _3377_/Q (sky130_fd_sc_hd__dfxtp_1)
                                         user_peripheral.a1[7] (net)
                  0.13    0.00    0.38 ^ _2807_/A (sky130_fd_sc_hd__or2_1)
     1    0.00    0.04    0.11    0.49 ^ _2807_/X (sky130_fd_sc_hd__or2_1)
                                         _1028_ (net)
                  0.04    0.00    0.49 ^ _2808_/B1 (sky130_fd_sc_hd__o211a_1)
     1    0.00    0.04    0.12    0.62 ^ _2808_/X (sky130_fd_sc_hd__o211a_1)
                                         _0198_ (net)
                  0.04    0.00    0.62 ^ _3377_/D (sky130_fd_sc_hd__dfxtp_1)
                                  0.62   data arrival time

                  0.15    0.00    0.00   clock clk (rise edge)
                          0.00    0.00   clock network delay (ideal)
                          0.25    0.25   clock uncertainty
                          0.00    0.25   clock reconvergence pessimism
                                  0.25 ^ _3377_/CLK (sky130_fd_sc_hd__dfxtp_1)
                         -0.02    0.23   library hold time
                                  0.23   data required time
-----------------------------------------------------------------------------
                                  0.23   data required time
                                 -0.62   data arrival time
-----------------------------------------------------------------------------
                                  0.38   slack (MET)


Startpoint: _3367_ (rising edge-triggered flip-flop clocked by clk)
Endpoint: _3367_ (rising edge-triggered flip-flop clocked by clk)
Path Group: clk
Path Type: min

Fanout     Cap    Slew   Delay    Time   Description
-----------------------------------------------------------------------------
                  0.15    0.00    0.00   clock clk (rise edge)
                          0.00    0.00   clock network delay (ideal)
                  0.15    0.00    0.00 ^ _3367_/CLK (sky130_fd_sc_hd__dfxtp_1)
     5    0.01    0.13    0.38    0.38 ^ _3367_/Q (sky130_fd_sc_hd__dfxtp_1)
                                         user_peripheral.a0[5] (net)
                  0.13    0.00    0.38 ^ _2784_/A (sky130_fd_sc_hd__or2_1)
     1    0.00    0.04    0.11    0.49 ^ _2784_/X (sky130_fd_sc_hd__or2_1)
                                         _1015_ (net)
                  0.04    0.00    0.49 ^ _2785_/B1 (sky130_fd_sc_hd__o211a_1)
     1    0.00    0.04    0.12    0.62 ^ _2785_/X (sky130_fd_sc_hd__o211a_1)
                                         _0188_ (net)
                  0.04    0.00    0.62 ^ _3367_/D (sky130_fd_sc_hd__dfxtp_1)
                                  0.62   data arrival time

                  0.15    0.00    0.00   clock clk (rise edge)
                          0.00    0.00   clock network delay (ideal)
                          0.25    0.25   clock uncertainty
                          0.00    0.25   clock reconvergence pessimism
                                  0.25 ^ _3367_/CLK (sky130_fd_sc_hd__dfxtp_1)
                         -0.02    0.23   library hold time
                                  0.23   data required time
-----------------------------------------------------------------------------
                                  0.23   data required time
                                 -0.62   data arrival time
-----------------------------------------------------------------------------
                                  0.38   slack (MET)


Startpoint: _3230_ (rising edge-triggered flip-flop clocked by clk)
Endpoint: _3230_ (rising edge-triggered flip-flop clocked by clk)
Path Group: clk
Path Type: min

Fanout     Cap    Slew   Delay    Time   Description
-----------------------------------------------------------------------------
                  0.15    0.00    0.00   clock clk (rise edge)
                          0.00    0.00   clock network delay (ideal)
                  0.15    0.00    0.00 ^ _3230_/CLK (sky130_fd_sc_hd__dfxtp_1)
     2    0.01    0.06    0.33    0.33 ^ _3230_/Q (sky130_fd_sc_hd__dfxtp_1)
                                         user_peripheral.cs_force (net)
                  0.06    0.00    0.33 ^ _1868_/A1 (sky130_fd_sc_hd__mux2_1)
     1    0.00    0.03    0.11    0.44 ^ _1868_/X (sky130_fd_sc_hd__mux2_1)
                                         _1514_ (net)
                  0.03    0.00    0.44 ^ _1869_/B (sky130_fd_sc_hd__and2_1)
     1    0.00    0.05    0.10    0.55 ^ _1869_/X (sky130_fd_sc_hd__and2_1)
                                         _1515_ (net)
                  0.05    0.00    0.55 ^ _1870_/A (sky130_fd_sc_hd__clkbuf_1)
     1    0.00    0.04    0.07    0.62 ^ _1870_/X (sky130_fd_sc_hd__clkbuf_1)
                                         _0051_ (net)
                  0.04    0.00    0.62 ^ _3230_/D (sky130_fd_sc_hd__dfxtp_1)
                                  0.62   data arrival time

                  0.15    0.00    0.00   clock clk (rise edge)
                          0.00    0.00   clock network delay (ideal)
                          0.25    0.25   clock uncertainty
                          0.00    0.25   clock reconvergence pessimism
                                  0.25 ^ _3230_/CLK (sky130_fd_sc_hd__dfxtp_1)
                         -0.02    0.23   library hold time
                                  0.23   data required time
-----------------------------------------------------------------------------
                                  0.23   data required time
                                 -0.62   data arrival time
-----------------------------------------------------------------------------
                                  0.38   slack (MET)


Startpoint: _3417_ (rising edge-triggered flip-flop clocked by clk)
Endpoint: _3218_ (rising edge-triggered flip-flop clocked by clk)
Path Group: clk
Path Type: min

Fanout     Cap    Slew   Delay    Time   Description
-----------------------------------------------------------------------------
                  0.15    0.00    0.00   clock clk (rise edge)
                          0.00    0.00   clock network delay (ideal)
                  0.15    0.00    0.00 ^ _3417_/CLK (sky130_fd_sc_hd__dfxtp_1)
     3    0.01    0.08    0.35    0.35 ^ _3417_/Q (sky130_fd_sc_hd__dfxtp_1)
                                         user_peripheral.timer_period[4] (net)
                  0.08    0.00    0.35 ^ _1784_/A1 (sky130_fd_sc_hd__a22o_1)
     1    0.00    0.04    0.12    0.47 ^ _1784_/X (sky130_fd_sc_hd__a22o_1)
                                         _1442_ (net)
                  0.04    0.00    0.47 ^ _1785_/B (sky130_fd_sc_hd__or2_1)
     1    0.00    0.04    0.08    0.55 ^ _1785_/X (sky130_fd_sc_hd__or2_1)
                                         _1443_ (net)
                  0.04    0.00    0.55 ^ _1786_/A (sky130_fd_sc_hd__clkbuf_1)
     1    0.00    0.04    0.07    0.62 ^ _1786_/X (sky130_fd_sc_hd__clkbuf_1)
                                         _0039_ (net)
                  0.04    0.00    0.62 ^ _3218_/D (sky130_fd_sc_hd__dfxtp_1)
                                  0.62   data arrival time

                  0.15    0.00    0.00   clock clk (rise edge)
                          0.00    0.00   clock network delay (ideal)
                          0.25    0.25   clock uncertainty
                          0.00    0.25   clock reconvergence pessimism
                                  0.25 ^ _3218_/CLK (sky130_fd_sc_hd__dfxtp_1)
                         -0.02    0.23   library hold time
                                  0.23   data required time
-----------------------------------------------------------------------------
                                  0.23   data required time
                                 -0.62   data arrival time
-----------------------------------------------------------------------------
                                  0.38   slack (MET)


Startpoint: _3463_ (rising edge-triggered flip-flop clocked by clk)
Endpoint: _3463_ (rising edge-triggered flip-flop clocked by clk)
Path Group: clk
Path Type: min

Fanout     Cap    Slew   Delay    Time   Description
-----------------------------------------------------------------------------
                  0.15    0.00    0.00   clock clk (rise edge)
                          0.00    0.00   clock network delay (ideal)
                  0.15    0.00    0.00 ^ _3463_/CLK (sky130_fd_sc_hd__dfrtp_1)
     3    0.01    0.08    0.36    0.36 ^ _3463_/Q (sky130_fd_sc_hd__dfrtp_1)
                                         i_spi_reg.buffer_counter[4] (net)
                  0.08    0.00    0.36 ^ _3030_/B1 (sky130_fd_sc_hd__a31o_1)
     1    0.00    0.03    0.08    0.44 ^ _3030_/X (sky130_fd_sc_hd__a31o_1)
                                         _1174_ (net)
                  0.03    0.00    0.44 ^ _3033_/A (sky130_fd_sc_hd__and2_1)
     1    0.00    0.04    0.10    0.54 ^ _3033_/X (sky130_fd_sc_hd__and2_1)
                                         _1177_ (net)
                  0.04    0.00    0.54 ^ _3034_/A (sky130_fd_sc_hd__clkbuf_1)
     1    0.00    0.04    0.07    0.61 ^ _3034_/X (sky130_fd_sc_hd__clkbuf_1)
                                         _0275_ (net)
                  0.04    0.00    0.61 ^ _3463_/D (sky130_fd_sc_hd__dfrtp_1)
                                  0.61   data arrival time

                  0.15    0.00    0.00   clock clk (rise edge)
                          0.00    0.00   clock network delay (ideal)
                          0.25    0.25   clock uncertainty
                          0.00    0.25   clock reconvergence pessimism
                                  0.25 ^ _3463_/CLK (sky130_fd_sc_hd__dfrtp_1)
                         -0.02    0.23   library hold time
                                  0.23   data required time
-----------------------------------------------------------------------------
                                  0.23   data required time
                                 -0.61   data arrival time
-----------------------------------------------------------------------------
                                  0.38   slack (MET)


Startpoint: _3404_ (rising edge-triggered flip-flop clocked by clk)
Endpoint: _3404_ (rising edge-triggered flip-flop clocked by clk)
Path Group: clk
Path Type: min

Fanout     Cap    Slew   Delay    Time   Description
-----------------------------------------------------------------------------
                  0.15    0.00    0.00   clock clk (rise edge)
                          0.00    0.00   clock network delay (ideal)
                  0.15    0.00    0.00 ^ _3404_/CLK (sky130_fd_sc_hd__dfxtp_1)
     3    0.01    0.09    0.35    0.35 ^ _3404_/Q (sky130_fd_sc_hd__dfxtp_1)
                                         user_peripheral.thresh_high[2] (net)
                  0.09    0.00    0.35 ^ _2872_/A1 (sky130_fd_sc_hd__mux2_1)
     1    0.00    0.04    0.12    0.47 ^ _2872_/X (sky130_fd_sc_hd__mux2_1)
                                         _1066_ (net)
                  0.04    0.00    0.47 ^ _2873_/B (sky130_fd_sc_hd__or2_1)
     1    0.00    0.04    0.08    0.55 ^ _2873_/X (sky130_fd_sc_hd__or2_1)
                                         _1067_ (net)
                  0.04    0.00    0.55 ^ _2874_/A (sky130_fd_sc_hd__clkbuf_1)
     1    0.00    0.04    0.07    0.62 ^ _2874_/X (sky130_fd_sc_hd__clkbuf_1)
                                         _0225_ (net)
                  0.04    0.00    0.62 ^ _3404_/D (sky130_fd_sc_hd__dfxtp_1)
                                  0.62   data arrival time

                  0.15    0.00    0.00   clock clk (rise edge)
                          0.00    0.00   clock network delay (ideal)
                          0.25    0.25   clock uncertainty
                          0.00    0.25   clock reconvergence pessimism
                                  0.25 ^ _3404_/CLK (sky130_fd_sc_hd__dfxtp_1)
                         -0.02    0.23   library hold time
                                  0.23   data required time
-----------------------------------------------------------------------------
                                  0.23   data required time
                                 -0.62   data arrival time
-----------------------------------------------------------------------------
                                  0.38   slack (MET)


Startpoint: _3416_ (rising edge-triggered flip-flop clocked by clk)
Endpoint: _3217_ (rising edge-triggered flip-flop clocked by clk)
Path Group: clk
Path Type: min

Fanout     Cap    Slew   Delay    Time   Description
-----------------------------------------------------------------------------
                  0.15    0.00    0.00   clock clk (rise edge)
                          0.00    0.00   clock network delay (ideal)
                  0.15    0.00    0.00 ^ _3416_/CLK (sky130_fd_sc_hd__dfxtp_1)
     3    0.01    0.08    0.35    0.35 ^ _3416_/Q (sky130_fd_sc_hd__dfxtp_1)
                                         user_peripheral.timer_period[3] (net)
                  0.08    0.00    0.35 ^ _1777_/A1 (sky130_fd_sc_hd__a22o_1)
     1    0.00    0.04    0.12    0.47 ^ _1777_/X (sky130_fd_sc_hd__a22o_1)
                                         _1436_ (net)
                  0.04    0.00    0.47 ^ _1778_/B (sky130_fd_sc_hd__or2_1)
     1    0.00    0.04    0.08    0.55 ^ _1778_/X (sky130_fd_sc_hd__or2_1)
                                         _1437_ (net)
                  0.04    0.00    0.55 ^ _1779_/A (sky130_fd_sc_hd__clkbuf_1)
     1    0.00    0.04    0.07    0.62 ^ _1779_/X (sky130_fd_sc_hd__clkbuf_1)
                                         _0038_ (net)
                  0.04    0.00    0.62 ^ _3217_/D (sky130_fd_sc_hd__dfxtp_1)
                                  0.62   data arrival time

                  0.15    0.00    0.00   clock clk (rise edge)
                          0.00    0.00   clock network delay (ideal)
                          0.25    0.25   clock uncertainty
                          0.00    0.25   clock reconvergence pessimism
                                  0.25 ^ _3217_/CLK (sky130_fd_sc_hd__dfxtp_1)
                         -0.02    0.23   library hold time
                                  0.23   data required time
-----------------------------------------------------------------------------
                                  0.23   data required time
                                 -0.62   data arrival time
-----------------------------------------------------------------------------
                                  0.38   slack (MET)


Startpoint: _3408_ (rising edge-triggered flip-flop clocked by clk)
Endpoint: _3408_ (rising edge-triggered flip-flop clocked by clk)
Path Group: clk
Path Type: min

Fanout     Cap    Slew   Delay    Time   Description
-----------------------------------------------------------------------------
                  0.15    0.00    0.00   clock clk (rise edge)
                          0.00    0.00   clock network delay (ideal)
                  0.15    0.00    0.00 ^ _3408_/CLK (sky130_fd_sc_hd__dfxtp_1)
     3    0.01    0.09    0.36    0.36 ^ _3408_/Q (sky130_fd_sc_hd__dfxtp_1)
                                         user_peripheral.thresh_high[6] (net)
                  0.09    0.00    0.36 ^ _2884_/A1 (sky130_fd_sc_hd__mux2_1)
     1    0.00    0.03    0.12    0.47 ^ _2884_/X (sky130_fd_sc_hd__mux2_1)
                                         _1074_ (net)
                  0.03    0.00    0.47 ^ _2885_/B (sky130_fd_sc_hd__or2_1)
     1    0.00    0.04    0.08    0.55 ^ _2885_/X (sky130_fd_sc_hd__or2_1)
                                         _1075_ (net)
                  0.04    0.00    0.55 ^ _2886_/A (sky130_fd_sc_hd__clkbuf_1)
     1    0.00    0.04    0.07    0.62 ^ _2886_/X (sky130_fd_sc_hd__clkbuf_1)
                                         _0229_ (net)
                  0.04    0.00    0.62 ^ _3408_/D (sky130_fd_sc_hd__dfxtp_1)
                                  0.62   data arrival time

                  0.15    0.00    0.00   clock clk (rise edge)
                          0.00    0.00   clock network delay (ideal)
                          0.25    0.25   clock uncertainty
                          0.00    0.25   clock reconvergence pessimism
                                  0.25 ^ _3408_/CLK (sky130_fd_sc_hd__dfxtp_1)
                         -0.02    0.23   library hold time
                                  0.23   data required time
-----------------------------------------------------------------------------
                                  0.23   data required time
                                 -0.62   data arrival time
-----------------------------------------------------------------------------
                                  0.38   slack (MET)


Startpoint: _3450_ (rising edge-triggered flip-flop clocked by clk)
Endpoint: _3450_ (rising edge-triggered flip-flop clocked by clk)
Path Group: clk
Path Type: min

Fanout     Cap    Slew   Delay    Time   Description
-----------------------------------------------------------------------------
                  0.15    0.00    0.00   clock clk (rise edge)
                          0.00    0.00   clock network delay (ideal)
                  0.15    0.00    0.00 ^ _3450_/CLK (sky130_fd_sc_hd__dfrtp_1)
     5    0.01    0.14    0.41    0.41 ^ _3450_/Q (sky130_fd_sc_hd__dfrtp_1)
                                         i_spi_reg.reg_rw (net)
                  0.14    0.00    0.41 ^ _2998_/A1 (sky130_fd_sc_hd__mux2_1)
     1    0.00    0.04    0.14    0.54 ^ _2998_/X (sky130_fd_sc_hd__mux2_1)
                                         _1155_ (net)
                  0.04    0.00    0.54 ^ _2999_/A (sky130_fd_sc_hd__clkbuf_1)
     1    0.00    0.04    0.07    0.62 ^ _2999_/X (sky130_fd_sc_hd__clkbuf_1)
                                         _0262_ (net)
                  0.04    0.00    0.62 ^ _3450_/D (sky130_fd_sc_hd__dfrtp_1)
                                  0.62   data arrival time

                  0.15    0.00    0.00   clock clk (rise edge)
                          0.00    0.00   clock network delay (ideal)
                          0.25    0.25   clock uncertainty
                          0.00    0.25   clock reconvergence pessimism
                                  0.25 ^ _3450_/CLK (sky130_fd_sc_hd__dfrtp_1)
                         -0.02    0.23   library hold time
                                  0.23   data required time
-----------------------------------------------------------------------------
                                  0.23   data required time
                                 -0.62   data arrival time
-----------------------------------------------------------------------------
                                  0.38   slack (MET)


Startpoint: _3375_ (rising edge-triggered flip-flop clocked by clk)
Endpoint: _3375_ (rising edge-triggered flip-flop clocked by clk)
Path Group: clk
Path Type: min

Fanout     Cap    Slew   Delay    Time   Description
-----------------------------------------------------------------------------
                  0.15    0.00    0.00   clock clk (rise edge)
                          0.00    0.00   clock network delay (ideal)
                  0.15    0.00    0.00 ^ _3375_/CLK (sky130_fd_sc_hd__dfxtp_1)
     5    0.01    0.14    0.39    0.39 ^ _3375_/Q (sky130_fd_sc_hd__dfxtp_1)
                                         user_peripheral.a1[5] (net)
                  0.14    0.00    0.39 ^ _2803_/A (sky130_fd_sc_hd__or2_1)
     1    0.00    0.04    0.11    0.50 ^ _2803_/X (sky130_fd_sc_hd__or2_1)
                                         _1026_ (net)
                  0.04    0.00    0.50 ^ _2804_/B1 (sky130_fd_sc_hd__o211a_1)
     1    0.00    0.04    0.12    0.62 ^ _2804_/X (sky130_fd_sc_hd__o211a_1)
                                         _0196_ (net)
                  0.04    0.00    0.62 ^ _3375_/D (sky130_fd_sc_hd__dfxtp_1)
                                  0.62   data arrival time

                  0.15    0.00    0.00   clock clk (rise edge)
                          0.00    0.00   clock network delay (ideal)
                          0.25    0.25   clock uncertainty
                          0.00    0.25   clock reconvergence pessimism
                                  0.25 ^ _3375_/CLK (sky130_fd_sc_hd__dfxtp_1)
                         -0.02    0.23   library hold time
                                  0.23   data required time
-----------------------------------------------------------------------------
                                  0.23   data required time
                                 -0.62   data arrival time
-----------------------------------------------------------------------------
                                  0.39   slack (MET)


Startpoint: _3427_ (rising edge-triggered flip-flop clocked by clk)
Endpoint: _3228_ (rising edge-triggered flip-flop clocked by clk)
Path Group: clk
Path Type: min

Fanout     Cap    Slew   Delay    Time   Description
-----------------------------------------------------------------------------
                  0.15    0.00    0.00   clock clk (rise edge)
                          0.00    0.00   clock network delay (ideal)
                  0.15    0.00    0.00 ^ _3427_/CLK (sky130_fd_sc_hd__dfxtp_1)
     3    0.01    0.09    0.36    0.36 ^ _3427_/Q (sky130_fd_sc_hd__dfxtp_1)
                                         user_peripheral.timer_period[14] (net)
                  0.09    0.00    0.36 ^ _1854_/A1 (sky130_fd_sc_hd__o211a_1)
     1    0.00    0.04    0.15    0.51 ^ _1854_/X (sky130_fd_sc_hd__o211a_1)
                                         _1502_ (net)
                  0.04    0.00    0.51 ^ _1859_/A2 (sky130_fd_sc_hd__o211a_1)
     1    0.00    0.04    0.11    0.62 ^ _1859_/X (sky130_fd_sc_hd__o211a_1)
                                         _0049_ (net)
                  0.04    0.00    0.62 ^ _3228_/D (sky130_fd_sc_hd__dfxtp_1)
                                  0.62   data arrival time

                  0.15    0.00    0.00   clock clk (rise edge)
                          0.00    0.00   clock network delay (ideal)
                          0.25    0.25   clock uncertainty
                          0.00    0.25   clock reconvergence pessimism
                                  0.25 ^ _3228_/CLK (sky130_fd_sc_hd__dfxtp_1)
                         -0.02    0.23   library hold time
                                  0.23   data required time
-----------------------------------------------------------------------------
                                  0.23   data required time
                                 -0.62   data arrival time
-----------------------------------------------------------------------------
                                  0.39   slack (MET)


Startpoint: _3488_ (rising edge-triggered flip-flop clocked by clk)
Endpoint: _3385_ (rising edge-triggered flip-flop clocked by clk)
Path Group: clk
Path Type: min

Fanout     Cap    Slew   Delay    Time   Description
-----------------------------------------------------------------------------
                  0.15    0.00    0.00   clock clk (rise edge)
                          0.00    0.00   clock network delay (ideal)
                  0.15    0.00    0.00 ^ _3488_/CLK (sky130_fd_sc_hd__dfrtp_4)
     8    0.03    0.12    0.47    0.47 ^ _3488_/Q (sky130_fd_sc_hd__dfrtp_4)
                                         i_spi_reg.reg_data_o[23] (net)
                  0.12    0.00    0.47 ^ _2827_/A1 (sky130_fd_sc_hd__o211a_1)
     1    0.00    0.04    0.15    0.62 ^ _2827_/X (sky130_fd_sc_hd__o211a_1)
                                         _0206_ (net)
                  0.04    0.00    0.62 ^ _3385_/D (sky130_fd_sc_hd__dfxtp_1)
                                  0.62   data arrival time

                  0.15    0.00    0.00   clock clk (rise edge)
                          0.00    0.00   clock network delay (ideal)
                          0.25    0.25   clock uncertainty
                          0.00    0.25   clock reconvergence pessimism
                                  0.25 ^ _3385_/CLK (sky130_fd_sc_hd__dfxtp_1)
                         -0.02    0.23   library hold time
                                  0.23   data required time
-----------------------------------------------------------------------------
                                  0.23   data required time
                                 -0.62   data arrival time
-----------------------------------------------------------------------------
                                  0.39   slack (MET)


Startpoint: _3362_ (rising edge-triggered flip-flop clocked by clk)
Endpoint: _3362_ (rising edge-triggered flip-flop clocked by clk)
Path Group: clk
Path Type: min

Fanout     Cap    Slew   Delay    Time   Description
-----------------------------------------------------------------------------
                  0.15    0.00    0.00   clock clk (rise edge)
                          0.00    0.00   clock network delay (ideal)
                  0.15    0.00    0.00 ^ _3362_/CLK (sky130_fd_sc_hd__dfxtp_2)
     7    0.02    0.12    0.39    0.39 ^ _3362_/Q (sky130_fd_sc_hd__dfxtp_2)
                                         user_peripheral.a0[0] (net)
                  0.12    0.00    0.39 ^ _2774_/A (sky130_fd_sc_hd__or2_1)
     1    0.00    0.04    0.11    0.50 ^ _2774_/X (sky130_fd_sc_hd__or2_1)
                                         _1010_ (net)
                  0.04    0.00    0.50 ^ _2775_/B1 (sky130_fd_sc_hd__o211a_1)
     1    0.00    0.04    0.12    0.62 ^ _2775_/X (sky130_fd_sc_hd__o211a_1)
                                         _0183_ (net)
                  0.04    0.00    0.62 ^ _3362_/D (sky130_fd_sc_hd__dfxtp_2)
                                  0.62   data arrival time

                  0.15    0.00    0.00   clock clk (rise edge)
                          0.00    0.00   clock network delay (ideal)
                          0.25    0.25   clock uncertainty
                          0.00    0.25   clock reconvergence pessimism
                                  0.25 ^ _3362_/CLK (sky130_fd_sc_hd__dfxtp_2)
                         -0.02    0.23   library hold time
                                  0.23   data required time
-----------------------------------------------------------------------------
                                  0.23   data required time
                                 -0.62   data arrival time
-----------------------------------------------------------------------------
                                  0.39   slack (MET)


Startpoint: _3414_ (rising edge-triggered flip-flop clocked by clk)
Endpoint: _3215_ (rising edge-triggered flip-flop clocked by clk)
Path Group: clk
Path Type: min

Fanout     Cap    Slew   Delay    Time   Description
-----------------------------------------------------------------------------
                  0.15    0.00    0.00   clock clk (rise edge)
                          0.00    0.00   clock network delay (ideal)
                  0.15    0.00    0.00 ^ _3414_/CLK (sky130_fd_sc_hd__dfxtp_1)
     3    0.01    0.08    0.35    0.35 ^ _3414_/Q (sky130_fd_sc_hd__dfxtp_1)
                                         user_peripheral.timer_period[1] (net)
                  0.08    0.00    0.35 ^ _1764_/A1 (sky130_fd_sc_hd__a22o_1)
     1    0.00    0.04    0.12    0.47 ^ _1764_/X (sky130_fd_sc_hd__a22o_1)
                                         _1425_ (net)
                  0.04    0.00    0.47 ^ _1765_/B (sky130_fd_sc_hd__or2_1)
     1    0.00    0.04    0.08    0.55 ^ _1765_/X (sky130_fd_sc_hd__or2_1)
                                         _1426_ (net)
                  0.04    0.00    0.55 ^ _1766_/A (sky130_fd_sc_hd__clkbuf_1)
     1    0.00    0.04    0.07    0.62 ^ _1766_/X (sky130_fd_sc_hd__clkbuf_1)
                                         _0036_ (net)
                  0.04    0.00    0.62 ^ _3215_/D (sky130_fd_sc_hd__dfxtp_1)
                                  0.62   data arrival time

                  0.15    0.00    0.00   clock clk (rise edge)
                          0.00    0.00   clock network delay (ideal)
                          0.25    0.25   clock uncertainty
                          0.00    0.25   clock reconvergence pessimism
                                  0.25 ^ _3215_/CLK (sky130_fd_sc_hd__dfxtp_1)
                         -0.02    0.23   library hold time
                                  0.23   data required time
-----------------------------------------------------------------------------
                                  0.23   data required time
                                 -0.62   data arrival time
-----------------------------------------------------------------------------
                                  0.39   slack (MET)


Startpoint: _3492_ (rising edge-triggered flip-flop clocked by clk)
Endpoint: _3389_ (rising edge-triggered flip-flop clocked by clk)
Path Group: clk
Path Type: min

Fanout     Cap    Slew   Delay    Time   Description
-----------------------------------------------------------------------------
                  0.15    0.00    0.00   clock clk (rise edge)
                          0.00    0.00   clock network delay (ideal)
                  0.15    0.00    0.00 ^ _3492_/CLK (sky130_fd_sc_hd__dfrtp_4)
     8    0.03    0.12    0.47    0.47 ^ _3492_/Q (sky130_fd_sc_hd__dfrtp_4)
                                         i_spi_reg.reg_data_o[27] (net)
                  0.12    0.00    0.47 ^ _2835_/A1 (sky130_fd_sc_hd__o211a_1)
     1    0.00    0.04    0.15    0.62 ^ _2835_/X (sky130_fd_sc_hd__o211a_1)
                                         _0210_ (net)
                  0.04    0.00    0.62 ^ _3389_/D (sky130_fd_sc_hd__dfxtp_1)
                                  0.62   data arrival time

                  0.15    0.00    0.00   clock clk (rise edge)
                          0.00    0.00   clock network delay (ideal)
                          0.25    0.25   clock uncertainty
                          0.00    0.25   clock reconvergence pessimism
                                  0.25 ^ _3389_/CLK (sky130_fd_sc_hd__dfxtp_1)
                         -0.02    0.23   library hold time
                                  0.23   data required time
-----------------------------------------------------------------------------
                                  0.23   data required time
                                 -0.62   data arrival time
-----------------------------------------------------------------------------
                                  0.39   slack (MET)


Startpoint: _3491_ (rising edge-triggered flip-flop clocked by clk)
Endpoint: _3388_ (rising edge-triggered flip-flop clocked by clk)
Path Group: clk
Path Type: min

Fanout     Cap    Slew   Delay    Time   Description
-----------------------------------------------------------------------------
                  0.15    0.00    0.00   clock clk (rise edge)
                          0.00    0.00   clock network delay (ideal)
                  0.15    0.00    0.00 ^ _3491_/CLK (sky130_fd_sc_hd__dfrtp_4)
     8    0.03    0.12    0.47    0.47 ^ _3491_/Q (sky130_fd_sc_hd__dfrtp_4)
                                         i_spi_reg.reg_data_o[26] (net)
                  0.12    0.00    0.47 ^ _2833_/A1 (sky130_fd_sc_hd__o211a_1)
     1    0.00    0.04    0.15    0.63 ^ _2833_/X (sky130_fd_sc_hd__o211a_1)
                                         _0209_ (net)
                  0.04    0.00    0.63 ^ _3388_/D (sky130_fd_sc_hd__dfxtp_1)
                                  0.63   data arrival time

                  0.15    0.00    0.00   clock clk (rise edge)
                          0.00    0.00   clock network delay (ideal)
                          0.25    0.25   clock uncertainty
                          0.00    0.25   clock reconvergence pessimism
                                  0.25 ^ _3388_/CLK (sky130_fd_sc_hd__dfxtp_1)
                         -0.02    0.23   library hold time
                                  0.23   data required time
-----------------------------------------------------------------------------
                                  0.23   data required time
                                 -0.63   data arrival time
-----------------------------------------------------------------------------
                                  0.39   slack (MET)


Startpoint: _3403_ (rising edge-triggered flip-flop clocked by clk)
Endpoint: _3403_ (rising edge-triggered flip-flop clocked by clk)
Path Group: clk
Path Type: min

Fanout     Cap    Slew   Delay    Time   Description
-----------------------------------------------------------------------------
                  0.15    0.00    0.00   clock clk (rise edge)
                          0.00    0.00   clock network delay (ideal)
                  0.15    0.00    0.00 ^ _3403_/CLK (sky130_fd_sc_hd__dfxtp_1)
     3    0.01    0.09    0.35    0.35 ^ _3403_/Q (sky130_fd_sc_hd__dfxtp_1)
                                         user_peripheral.thresh_high[1] (net)
                  0.09    0.00    0.35 ^ _2869_/A1 (sky130_fd_sc_hd__mux2_1)
     1    0.00    0.04    0.12    0.48 ^ _2869_/X (sky130_fd_sc_hd__mux2_1)
                                         _1064_ (net)
                  0.04    0.00    0.48 ^ _2870_/B (sky130_fd_sc_hd__or2_1)
     1    0.00    0.04    0.08    0.56 ^ _2870_/X (sky130_fd_sc_hd__or2_1)
                                         _1065_ (net)
                  0.04    0.00    0.56 ^ _2871_/A (sky130_fd_sc_hd__clkbuf_1)
     1    0.00    0.04    0.07    0.62 ^ _2871_/X (sky130_fd_sc_hd__clkbuf_1)
                                         _0224_ (net)
                  0.04    0.00    0.63 ^ _3403_/D (sky130_fd_sc_hd__dfxtp_1)
                                  0.63   data arrival time

                  0.15    0.00    0.00   clock clk (rise edge)
                          0.00    0.00   clock network delay (ideal)
                          0.25    0.25   clock uncertainty
                          0.00    0.25   clock reconvergence pessimism
                                  0.25 ^ _3403_/CLK (sky130_fd_sc_hd__dfxtp_1)
                         -0.02    0.23   library hold time
                                  0.23   data required time
-----------------------------------------------------------------------------
                                  0.23   data required time
                                 -0.63   data arrival time
-----------------------------------------------------------------------------
                                  0.39   slack (MET)


Startpoint: _3366_ (rising edge-triggered flip-flop clocked by clk)
Endpoint: _3366_ (rising edge-triggered flip-flop clocked by clk)
Path Group: clk
Path Type: min

Fanout     Cap    Slew   Delay    Time   Description
-----------------------------------------------------------------------------
                  0.15    0.00    0.00   clock clk (rise edge)
                          0.00    0.00   clock network delay (ideal)
                  0.15    0.00    0.00 ^ _3366_/CLK (sky130_fd_sc_hd__dfxtp_1)
     5    0.01    0.14    0.39    0.39 ^ _3366_/Q (sky130_fd_sc_hd__dfxtp_1)
                                         user_peripheral.a0[4] (net)
                  0.14    0.00    0.39 ^ _2782_/A (sky130_fd_sc_hd__or2_1)
     1    0.00    0.04    0.12    0.50 ^ _2782_/X (sky130_fd_sc_hd__or2_1)
                                         _1014_ (net)
                  0.04    0.00    0.50 ^ _2783_/B1 (sky130_fd_sc_hd__o211a_1)
     1    0.00    0.04    0.12    0.63 ^ _2783_/X (sky130_fd_sc_hd__o211a_1)
                                         _0187_ (net)
                  0.04    0.00    0.63 ^ _3366_/D (sky130_fd_sc_hd__dfxtp_1)
                                  0.63   data arrival time

                  0.15    0.00    0.00   clock clk (rise edge)
                          0.00    0.00   clock network delay (ideal)
                          0.25    0.25   clock uncertainty
                          0.00    0.25   clock reconvergence pessimism
                                  0.25 ^ _3366_/CLK (sky130_fd_sc_hd__dfxtp_1)
                         -0.02    0.23   library hold time
                                  0.23   data required time
-----------------------------------------------------------------------------
                                  0.23   data required time
                                 -0.63   data arrival time
-----------------------------------------------------------------------------
                                  0.39   slack (MET)


Startpoint: _3490_ (rising edge-triggered flip-flop clocked by clk)
Endpoint: _3387_ (rising edge-triggered flip-flop clocked by clk)
Path Group: clk
Path Type: min

Fanout     Cap    Slew   Delay    Time   Description
-----------------------------------------------------------------------------
                  0.15    0.00    0.00   clock clk (rise edge)
                          0.00    0.00   clock network delay (ideal)
                  0.15    0.00    0.00 ^ _3490_/CLK (sky130_fd_sc_hd__dfrtp_4)
     8    0.03    0.12    0.48    0.48 ^ _3490_/Q (sky130_fd_sc_hd__dfrtp_4)
                                         i_spi_reg.reg_data_o[25] (net)
                  0.12    0.00    0.48 ^ _2831_/A1 (sky130_fd_sc_hd__o211a_1)
     1    0.00    0.03    0.15    0.63 ^ _2831_/X (sky130_fd_sc_hd__o211a_1)
                                         _0208_ (net)
                  0.03    0.00    0.63 ^ _3387_/D (sky130_fd_sc_hd__dfxtp_1)
                                  0.63   data arrival time

                  0.15    0.00    0.00   clock clk (rise edge)
                          0.00    0.00   clock network delay (ideal)
                          0.25    0.25   clock uncertainty
                          0.00    0.25   clock reconvergence pessimism
                                  0.25 ^ _3387_/CLK (sky130_fd_sc_hd__dfxtp_1)
                         -0.02    0.23   library hold time
                                  0.23   data required time
-----------------------------------------------------------------------------
                                  0.23   data required time
                                 -0.63   data arrival time
-----------------------------------------------------------------------------
                                  0.39   slack (MET)


Startpoint: _3495_ (rising edge-triggered flip-flop clocked by clk)
Endpoint: _3392_ (rising edge-triggered flip-flop clocked by clk)
Path Group: clk
Path Type: min

Fanout     Cap    Slew   Delay    Time   Description
-----------------------------------------------------------------------------
                  0.15    0.00    0.00   clock clk (rise edge)
                          0.00    0.00   clock network delay (ideal)
                  0.15    0.00    0.00 ^ _3495_/CLK (sky130_fd_sc_hd__dfrtp_4)
     8    0.03    0.12    0.48    0.48 ^ _3495_/Q (sky130_fd_sc_hd__dfrtp_4)
                                         i_spi_reg.reg_data_o[30] (net)
                  0.12    0.00    0.48 ^ _2842_/A1 (sky130_fd_sc_hd__o211a_1)
     1    0.00    0.03    0.15    0.63 ^ _2842_/X (sky130_fd_sc_hd__o211a_1)
                                         _0213_ (net)
                  0.03    0.00    0.63 ^ _3392_/D (sky130_fd_sc_hd__dfxtp_1)
                                  0.63   data arrival time

                  0.15    0.00    0.00   clock clk (rise edge)
                          0.00    0.00   clock network delay (ideal)
                          0.25    0.25   clock uncertainty
                          0.00    0.25   clock reconvergence pessimism
                                  0.25 ^ _3392_/CLK (sky130_fd_sc_hd__dfxtp_1)
                         -0.02    0.23   library hold time
                                  0.23   data required time
-----------------------------------------------------------------------------
                                  0.23   data required time
                                 -0.63   data arrival time
-----------------------------------------------------------------------------
                                  0.39   slack (MET)


Startpoint: _3369_ (rising edge-triggered flip-flop clocked by clk)
Endpoint: _3369_ (rising edge-triggered flip-flop clocked by clk)
Path Group: clk
Path Type: min

Fanout     Cap    Slew   Delay    Time   Description
-----------------------------------------------------------------------------
                  0.15    0.00    0.00   clock clk (rise edge)
                          0.00    0.00   clock network delay (ideal)
                  0.15    0.00    0.00 ^ _3369_/CLK (sky130_fd_sc_hd__dfxtp_1)
     5    0.01    0.14    0.39    0.39 ^ _3369_/Q (sky130_fd_sc_hd__dfxtp_1)
                                         user_peripheral.a0[7] (net)
                  0.14    0.00    0.39 ^ _2788_/A (sky130_fd_sc_hd__or2_1)
     1    0.00    0.04    0.11    0.51 ^ _2788_/X (sky130_fd_sc_hd__or2_1)
                                         _1017_ (net)
                  0.04    0.00    0.51 ^ _2789_/B1 (sky130_fd_sc_hd__o211a_1)
     1    0.00    0.04    0.12    0.63 ^ _2789_/X (sky130_fd_sc_hd__o211a_1)
                                         _0190_ (net)
                  0.04    0.00    0.63 ^ _3369_/D (sky130_fd_sc_hd__dfxtp_1)
                                  0.63   data arrival time

                  0.15    0.00    0.00   clock clk (rise edge)
                          0.00    0.00   clock network delay (ideal)
                          0.25    0.25   clock uncertainty
                          0.00    0.25   clock reconvergence pessimism
                                  0.25 ^ _3369_/CLK (sky130_fd_sc_hd__dfxtp_1)
                         -0.02    0.23   library hold time
                                  0.23   data required time
-----------------------------------------------------------------------------
                                  0.23   data required time
                                 -0.63   data arrival time
-----------------------------------------------------------------------------
                                  0.39   slack (MET)


Startpoint: _3455_ (rising edge-triggered flip-flop clocked by clk)
Endpoint: _3455_ (rising edge-triggered flip-flop clocked by clk)
Path Group: clk
Path Type: min

Fanout     Cap    Slew   Delay    Time   Description
-----------------------------------------------------------------------------
                  0.15    0.00    0.00   clock clk (rise edge)
                          0.00    0.00   clock network delay (ideal)
                  0.15    0.00    0.00 ^ _3455_/CLK (sky130_fd_sc_hd__dfrtp_1)
     6    0.02    0.15    0.41    0.41 ^ _3455_/Q (sky130_fd_sc_hd__dfrtp_1)
                                         i_spi_reg.addr[2] (net)
                  0.15    0.00    0.41 ^ _3008_/A1 (sky130_fd_sc_hd__mux2_1)
     1    0.00    0.04    0.14    0.55 ^ _3008_/X (sky130_fd_sc_hd__mux2_1)
                                         _1160_ (net)
                  0.04    0.00    0.55 ^ _3009_/A (sky130_fd_sc_hd__clkbuf_1)
     1    0.00    0.04    0.07    0.62 ^ _3009_/X (sky130_fd_sc_hd__clkbuf_1)
                                         _0267_ (net)
                  0.04    0.00    0.62 ^ _3455_/D (sky130_fd_sc_hd__dfrtp_1)
                                  0.62   data arrival time

                  0.15    0.00    0.00   clock clk (rise edge)
                          0.00    0.00   clock network delay (ideal)
                          0.25    0.25   clock uncertainty
                          0.00    0.25   clock reconvergence pessimism
                                  0.25 ^ _3455_/CLK (sky130_fd_sc_hd__dfrtp_1)
                         -0.02    0.23   library hold time
                                  0.23   data required time
-----------------------------------------------------------------------------
                                  0.23   data required time
                                 -0.62   data arrival time
-----------------------------------------------------------------------------
                                  0.39   slack (MET)


Startpoint: _3489_ (rising edge-triggered flip-flop clocked by clk)
Endpoint: _3386_ (rising edge-triggered flip-flop clocked by clk)
Path Group: clk
Path Type: min

Fanout     Cap    Slew   Delay    Time   Description
-----------------------------------------------------------------------------
                  0.15    0.00    0.00   clock clk (rise edge)
                          0.00    0.00   clock network delay (ideal)
                  0.15    0.00    0.00 ^ _3489_/CLK (sky130_fd_sc_hd__dfrtp_4)
     8    0.03    0.12    0.48    0.48 ^ _3489_/Q (sky130_fd_sc_hd__dfrtp_4)
                                         i_spi_reg.reg_data_o[24] (net)
                  0.12    0.00    0.48 ^ _2829_/A1 (sky130_fd_sc_hd__o211a_1)
     1    0.00    0.04    0.15    0.63 ^ _2829_/X (sky130_fd_sc_hd__o211a_1)
                                         _0207_ (net)
                  0.04    0.00    0.63 ^ _3386_/D (sky130_fd_sc_hd__dfxtp_1)
                                  0.63   data arrival time

                  0.15    0.00    0.00   clock clk (rise edge)
                          0.00    0.00   clock network delay (ideal)
                          0.25    0.25   clock uncertainty
                          0.00    0.25   clock reconvergence pessimism
                                  0.25 ^ _3386_/CLK (sky130_fd_sc_hd__dfxtp_1)
                         -0.02    0.23   library hold time
                                  0.23   data required time
-----------------------------------------------------------------------------
                                  0.23   data required time
                                 -0.63   data arrival time
-----------------------------------------------------------------------------
                                  0.39   slack (MET)


Startpoint: _3223_ (rising edge-triggered flip-flop clocked by clk)
Endpoint: _3223_ (rising edge-triggered flip-flop clocked by clk)
Path Group: clk
Path Type: min

Fanout     Cap    Slew   Delay    Time   Description
-----------------------------------------------------------------------------
                  0.15    0.00    0.00   clock clk (rise edge)
                          0.00    0.00   clock network delay (ideal)
                  0.15    0.00    0.00 ^ _3223_/CLK (sky130_fd_sc_hd__dfxtp_1)
     3    0.01    0.08    0.35    0.35 ^ _3223_/Q (sky130_fd_sc_hd__dfxtp_1)
                                         user_peripheral.sleep_timer[9] (net)
                  0.08    0.00    0.35 ^ _1808_/A1 (sky130_fd_sc_hd__mux2_1)
     1    0.00    0.04    0.12    0.47 ^ _1808_/X (sky130_fd_sc_hd__mux2_1)
                                         _1461_ (net)
                  0.04    0.00    0.47 ^ _1816_/A2 (sky130_fd_sc_hd__o221a_1)
     1    0.00    0.05    0.15    0.63 ^ _1816_/X (sky130_fd_sc_hd__o221a_1)
                                         _0044_ (net)
                  0.05    0.00    0.63 ^ _3223_/D (sky130_fd_sc_hd__dfxtp_1)
                                  0.63   data arrival time

                  0.15    0.00    0.00   clock clk (rise edge)
                          0.00    0.00   clock network delay (ideal)
                          0.25    0.25   clock uncertainty
                          0.00    0.25   clock reconvergence pessimism
                                  0.25 ^ _3223_/CLK (sky130_fd_sc_hd__dfxtp_1)
                         -0.02    0.23   library hold time
                                  0.23   data required time
-----------------------------------------------------------------------------
                                  0.23   data required time
                                 -0.63   data arrival time
-----------------------------------------------------------------------------
                                  0.40   slack (MET)


Startpoint: _3409_ (rising edge-triggered flip-flop clocked by clk)
Endpoint: _3409_ (rising edge-triggered flip-flop clocked by clk)
Path Group: clk
Path Type: min

Fanout     Cap    Slew   Delay    Time   Description
-----------------------------------------------------------------------------
                  0.15    0.00    0.00   clock clk (rise edge)
                          0.00    0.00   clock network delay (ideal)
                  0.15    0.00    0.00 ^ _3409_/CLK (sky130_fd_sc_hd__dfxtp_1)
     3    0.01    0.10    0.37    0.37 ^ _3409_/Q (sky130_fd_sc_hd__dfxtp_1)
                                         user_peripheral.thresh_high[7] (net)
                  0.10    0.00    0.37 ^ _2887_/A1 (sky130_fd_sc_hd__mux2_1)
     1    0.00    0.03    0.12    0.49 ^ _2887_/X (sky130_fd_sc_hd__mux2_1)
                                         _1076_ (net)
                  0.03    0.00    0.49 ^ _2888_/B (sky130_fd_sc_hd__or2_1)
     1    0.00    0.04    0.08    0.56 ^ _2888_/X (sky130_fd_sc_hd__or2_1)
                                         _1077_ (net)
                  0.04    0.00    0.56 ^ _2889_/A (sky130_fd_sc_hd__clkbuf_1)
     1    0.00    0.04    0.07    0.63 ^ _2889_/X (sky130_fd_sc_hd__clkbuf_1)
                                         _0230_ (net)
                  0.04    0.00    0.63 ^ _3409_/D (sky130_fd_sc_hd__dfxtp_1)
                                  0.63   data arrival time

                  0.15    0.00    0.00   clock clk (rise edge)
                          0.00    0.00   clock network delay (ideal)
                          0.25    0.25   clock uncertainty
                          0.00    0.25   clock reconvergence pessimism
                                  0.25 ^ _3409_/CLK (sky130_fd_sc_hd__dfxtp_1)
                         -0.02    0.23   library hold time
                                  0.23   data required time
-----------------------------------------------------------------------------
                                  0.23   data required time
                                 -0.63   data arrival time
-----------------------------------------------------------------------------
                                  0.40   slack (MET)


Startpoint: _3292_ (rising edge-triggered flip-flop clocked by clk)
Endpoint: _3491_ (rising edge-triggered flip-flop clocked by clk)
Path Group: clk
Path Type: min

Fanout     Cap    Slew   Delay    Time   Description
-----------------------------------------------------------------------------
                  0.15    0.00    0.00   clock clk (rise edge)
                          0.00    0.00   clock network delay (ideal)
                  0.15    0.00    0.00 ^ _3292_/CLK (sky130_fd_sc_hd__dfxtp_1)
     2    0.01    0.07    0.34    0.34 ^ _3292_/Q (sky130_fd_sc_hd__dfxtp_1)
                                         user_peripheral.rx_hold[26] (net)
                  0.07    0.00    0.34 ^ _3160_/B2 (sky130_fd_sc_hd__a22o_1)
     1    0.00    0.04    0.11    0.45 ^ _3160_/X (sky130_fd_sc_hd__a22o_1)
                                         _1276_ (net)
                  0.04    0.00    0.45 ^ _3161_/A1 (sky130_fd_sc_hd__mux2_1)
     1    0.00    0.04    0.11    0.56 ^ _3161_/X (sky130_fd_sc_hd__mux2_1)
                                         _1277_ (net)
                  0.04    0.00    0.56 ^ _3162_/A (sky130_fd_sc_hd__clkbuf_1)
     1    0.00    0.04    0.07    0.63 ^ _3162_/X (sky130_fd_sc_hd__clkbuf_1)
                                         _0303_ (net)
                  0.04    0.00    0.63 ^ _3491_/D (sky130_fd_sc_hd__dfrtp_4)
                                  0.63   data arrival time

                  0.15    0.00    0.00   clock clk (rise edge)
                          0.00    0.00   clock network delay (ideal)
                          0.25    0.25   clock uncertainty
                          0.00    0.25   clock reconvergence pessimism
                                  0.25 ^ _3491_/CLK (sky130_fd_sc_hd__dfrtp_4)
                         -0.02    0.23   library hold time
                                  0.23   data required time
-----------------------------------------------------------------------------
                                  0.23   data required time
                                 -0.63   data arrival time
-----------------------------------------------------------------------------
                                  0.40   slack (MET)


Startpoint: _3296_ (rising edge-triggered flip-flop clocked by clk)
Endpoint: _3495_ (rising edge-triggered flip-flop clocked by clk)
Path Group: clk
Path Type: min

Fanout     Cap    Slew   Delay    Time   Description
-----------------------------------------------------------------------------
                  0.15    0.00    0.00   clock clk (rise edge)
                          0.00    0.00   clock network delay (ideal)
                  0.15    0.00    0.00 ^ _3296_/CLK (sky130_fd_sc_hd__dfxtp_1)
     2    0.01    0.07    0.34    0.34 ^ _3296_/Q (sky130_fd_sc_hd__dfxtp_1)
                                         user_peripheral.rx_hold[30] (net)
                  0.07    0.00    0.34 ^ _3172_/B2 (sky130_fd_sc_hd__a22o_1)
     1    0.00    0.04    0.11    0.45 ^ _3172_/X (sky130_fd_sc_hd__a22o_1)
                                         _1284_ (net)
                  0.04    0.00    0.45 ^ _3173_/A1 (sky130_fd_sc_hd__mux2_1)
     1    0.00    0.04    0.11    0.56 ^ _3173_/X (sky130_fd_sc_hd__mux2_1)
                                         _1285_ (net)
                  0.04    0.00    0.56 ^ _3174_/A (sky130_fd_sc_hd__clkbuf_1)
     1    0.00    0.04    0.07    0.63 ^ _3174_/X (sky130_fd_sc_hd__clkbuf_1)
                                         _0307_ (net)
                  0.04    0.00    0.63 ^ _3495_/D (sky130_fd_sc_hd__dfrtp_4)
                                  0.63   data arrival time

                  0.15    0.00    0.00   clock clk (rise edge)
                          0.00    0.00   clock network delay (ideal)
                          0.25    0.25   clock uncertainty
                          0.00    0.25   clock reconvergence pessimism
                                  0.25 ^ _3495_/CLK (sky130_fd_sc_hd__dfrtp_4)
                         -0.02    0.23   library hold time
                                  0.23   data required time
-----------------------------------------------------------------------------
                                  0.23   data required time
                                 -0.63   data arrival time
-----------------------------------------------------------------------------
                                  0.40   slack (MET)


Startpoint: _3297_ (rising edge-triggered flip-flop clocked by clk)
Endpoint: _3496_ (rising edge-triggered flip-flop clocked by clk)
Path Group: clk
Path Type: min

Fanout     Cap    Slew   Delay    Time   Description
-----------------------------------------------------------------------------
                  0.15    0.00    0.00   clock clk (rise edge)
                          0.00    0.00   clock network delay (ideal)
                  0.15    0.00    0.00 ^ _3297_/CLK (sky130_fd_sc_hd__dfxtp_1)
     2    0.01    0.07    0.34    0.34 ^ _3297_/Q (sky130_fd_sc_hd__dfxtp_1)
                                         user_peripheral.rx_hold[31] (net)
                  0.07    0.00    0.34 ^ _3175_/B2 (sky130_fd_sc_hd__a22o_1)
     1    0.00    0.04    0.11    0.45 ^ _3175_/X (sky130_fd_sc_hd__a22o_1)
                                         _1286_ (net)
                  0.04    0.00    0.45 ^ _3176_/A1 (sky130_fd_sc_hd__mux2_1)
     1    0.00    0.04    0.11    0.56 ^ _3176_/X (sky130_fd_sc_hd__mux2_1)
                                         _1287_ (net)
                  0.04    0.00    0.56 ^ _3177_/A (sky130_fd_sc_hd__clkbuf_1)
     1    0.00    0.04    0.07    0.63 ^ _3177_/X (sky130_fd_sc_hd__clkbuf_1)
                                         _0308_ (net)
                  0.04    0.00    0.63 ^ _3496_/D (sky130_fd_sc_hd__dfrtp_4)
                                  0.63   data arrival time

                  0.15    0.00    0.00   clock clk (rise edge)
                          0.00    0.00   clock network delay (ideal)
                          0.25    0.25   clock uncertainty
                          0.00    0.25   clock reconvergence pessimism
                                  0.25 ^ _3496_/CLK (sky130_fd_sc_hd__dfrtp_4)
                         -0.02    0.23   library hold time
                                  0.23   data required time
-----------------------------------------------------------------------------
                                  0.23   data required time
                                 -0.63   data arrival time
-----------------------------------------------------------------------------
                                  0.40   slack (MET)


Startpoint: _3374_ (rising edge-triggered flip-flop clocked by clk)
Endpoint: _3374_ (rising edge-triggered flip-flop clocked by clk)
Path Group: clk
Path Type: min

Fanout     Cap    Slew   Delay    Time   Description
-----------------------------------------------------------------------------
                  0.15    0.00    0.00   clock clk (rise edge)
                          0.00    0.00   clock network delay (ideal)
                  0.15    0.00    0.00 ^ _3374_/CLK (sky130_fd_sc_hd__dfxtp_1)
     5    0.02    0.15    0.40    0.40 ^ _3374_/Q (sky130_fd_sc_hd__dfxtp_1)
                                         user_peripheral.a1[4] (net)
                  0.15    0.00    0.40 ^ _2801_/A (sky130_fd_sc_hd__or2_1)
     1    0.00    0.04    0.12    0.51 ^ _2801_/X (sky130_fd_sc_hd__or2_1)
                                         _1025_ (net)
                  0.04    0.00    0.51 ^ _2802_/B1 (sky130_fd_sc_hd__o211a_1)
     1    0.00    0.04    0.12    0.63 ^ _2802_/X (sky130_fd_sc_hd__o211a_1)
                                         _0195_ (net)
                  0.04    0.00    0.63 ^ _3374_/D (sky130_fd_sc_hd__dfxtp_1)
                                  0.63   data arrival time

                  0.15    0.00    0.00   clock clk (rise edge)
                          0.00    0.00   clock network delay (ideal)
                          0.25    0.25   clock uncertainty
                          0.00    0.25   clock reconvergence pessimism
                                  0.25 ^ _3374_/CLK (sky130_fd_sc_hd__dfxtp_1)
                         -0.02    0.23   library hold time
                                  0.23   data required time
-----------------------------------------------------------------------------
                                  0.23   data required time
                                 -0.63   data arrival time
-----------------------------------------------------------------------------
                                  0.40   slack (MET)


Startpoint: _3295_ (rising edge-triggered flip-flop clocked by clk)
Endpoint: _3494_ (rising edge-triggered flip-flop clocked by clk)
Path Group: clk
Path Type: min

Fanout     Cap    Slew   Delay    Time   Description
-----------------------------------------------------------------------------
                  0.15    0.00    0.00   clock clk (rise edge)
                          0.00    0.00   clock network delay (ideal)
                  0.15    0.00    0.00 ^ _3295_/CLK (sky130_fd_sc_hd__dfxtp_1)
     2    0.01    0.07    0.34    0.34 ^ _3295_/Q (sky130_fd_sc_hd__dfxtp_1)
                                         user_peripheral.rx_hold[29] (net)
                  0.07    0.00    0.34 ^ _3169_/B2 (sky130_fd_sc_hd__a22o_1)
     1    0.00    0.04    0.11    0.45 ^ _3169_/X (sky130_fd_sc_hd__a22o_1)
                                         _1282_ (net)
                  0.04    0.00    0.45 ^ _3170_/A1 (sky130_fd_sc_hd__mux2_1)
     1    0.00    0.04    0.11    0.56 ^ _3170_/X (sky130_fd_sc_hd__mux2_1)
                                         _1283_ (net)
                  0.04    0.00    0.56 ^ _3171_/A (sky130_fd_sc_hd__clkbuf_1)
     1    0.00    0.04    0.07    0.63 ^ _3171_/X (sky130_fd_sc_hd__clkbuf_1)
                                         _0306_ (net)
                  0.04    0.00    0.63 ^ _3494_/D (sky130_fd_sc_hd__dfrtp_4)
                                  0.63   data arrival time

                  0.15    0.00    0.00   clock clk (rise edge)
                          0.00    0.00   clock network delay (ideal)
                          0.25    0.25   clock uncertainty
                          0.00    0.25   clock reconvergence pessimism
                                  0.25 ^ _3494_/CLK (sky130_fd_sc_hd__dfrtp_4)
                         -0.02    0.23   library hold time
                                  0.23   data required time
-----------------------------------------------------------------------------
                                  0.23   data required time
                                 -0.63   data arrival time
-----------------------------------------------------------------------------
                                  0.40   slack (MET)


Startpoint: _3294_ (rising edge-triggered flip-flop clocked by clk)
Endpoint: _3493_ (rising edge-triggered flip-flop clocked by clk)
Path Group: clk
Path Type: min

Fanout     Cap    Slew   Delay    Time   Description
-----------------------------------------------------------------------------
                  0.15    0.00    0.00   clock clk (rise edge)
                          0.00    0.00   clock network delay (ideal)
                  0.15    0.00    0.00 ^ _3294_/CLK (sky130_fd_sc_hd__dfxtp_1)
     2    0.01    0.07    0.34    0.34 ^ _3294_/Q (sky130_fd_sc_hd__dfxtp_1)
                                         user_peripheral.rx_hold[28] (net)
                  0.07    0.00    0.34 ^ _3166_/B2 (sky130_fd_sc_hd__a22o_1)
     1    0.00    0.04    0.11    0.45 ^ _3166_/X (sky130_fd_sc_hd__a22o_1)
                                         _1280_ (net)
                  0.04    0.00    0.45 ^ _3167_/A1 (sky130_fd_sc_hd__mux2_1)
     1    0.00    0.04    0.11    0.56 ^ _3167_/X (sky130_fd_sc_hd__mux2_1)
                                         _1281_ (net)
                  0.04    0.00    0.56 ^ _3168_/A (sky130_fd_sc_hd__clkbuf_1)
     1    0.00    0.04    0.07    0.63 ^ _3168_/X (sky130_fd_sc_hd__clkbuf_1)
                                         _0305_ (net)
                  0.04    0.00    0.63 ^ _3493_/D (sky130_fd_sc_hd__dfrtp_4)
                                  0.63   data arrival time

                  0.15    0.00    0.00   clock clk (rise edge)
                          0.00    0.00   clock network delay (ideal)
                          0.25    0.25   clock uncertainty
                          0.00    0.25   clock reconvergence pessimism
                                  0.25 ^ _3493_/CLK (sky130_fd_sc_hd__dfrtp_4)
                         -0.02    0.23   library hold time
                                  0.23   data required time
-----------------------------------------------------------------------------
                                  0.23   data required time
                                 -0.63   data arrival time
-----------------------------------------------------------------------------
                                  0.40   slack (MET)


Startpoint: _3291_ (rising edge-triggered flip-flop clocked by clk)
Endpoint: _3490_ (rising edge-triggered flip-flop clocked by clk)
Path Group: clk
Path Type: min

Fanout     Cap    Slew   Delay    Time   Description
-----------------------------------------------------------------------------
                  0.15    0.00    0.00   clock clk (rise edge)
                          0.00    0.00   clock network delay (ideal)
                  0.15    0.00    0.00 ^ _3291_/CLK (sky130_fd_sc_hd__dfxtp_1)
     2    0.01    0.07    0.34    0.34 ^ _3291_/Q (sky130_fd_sc_hd__dfxtp_1)
                                         user_peripheral.rx_hold[25] (net)
                  0.07    0.00    0.34 ^ _3157_/B2 (sky130_fd_sc_hd__a22o_1)
     1    0.00    0.04    0.11    0.45 ^ _3157_/X (sky130_fd_sc_hd__a22o_1)
                                         _1274_ (net)
                  0.04    0.00    0.45 ^ _3158_/A1 (sky130_fd_sc_hd__mux2_1)
     1    0.00    0.04    0.11    0.56 ^ _3158_/X (sky130_fd_sc_hd__mux2_1)
                                         _1275_ (net)
                  0.04    0.00    0.56 ^ _3159_/A (sky130_fd_sc_hd__clkbuf_1)
     1    0.00    0.04    0.07    0.63 ^ _3159_/X (sky130_fd_sc_hd__clkbuf_1)
                                         _0302_ (net)
                  0.04    0.00    0.63 ^ _3490_/D (sky130_fd_sc_hd__dfrtp_4)
                                  0.63   data arrival time

                  0.15    0.00    0.00   clock clk (rise edge)
                          0.00    0.00   clock network delay (ideal)
                          0.25    0.25   clock uncertainty
                          0.00    0.25   clock reconvergence pessimism
                                  0.25 ^ _3490_/CLK (sky130_fd_sc_hd__dfrtp_4)
                         -0.02    0.23   library hold time
                                  0.23   data required time
-----------------------------------------------------------------------------
                                  0.23   data required time
                                 -0.63   data arrival time
-----------------------------------------------------------------------------
                                  0.40   slack (MET)


Startpoint: _3365_ (rising edge-triggered flip-flop clocked by clk)
Endpoint: _3365_ (rising edge-triggered flip-flop clocked by clk)
Path Group: clk
Path Type: min

Fanout     Cap    Slew   Delay    Time   Description
-----------------------------------------------------------------------------
                  0.15    0.00    0.00   clock clk (rise edge)
                          0.00    0.00   clock network delay (ideal)
                  0.15    0.00    0.00 ^ _3365_/CLK (sky130_fd_sc_hd__dfxtp_2)
     7    0.02    0.13    0.40    0.40 ^ _3365_/Q (sky130_fd_sc_hd__dfxtp_2)
                                         user_peripheral.a0[3] (net)
                  0.13    0.00    0.40 ^ _2780_/A (sky130_fd_sc_hd__or2_1)
     1    0.00    0.04    0.11    0.51 ^ _2780_/X (sky130_fd_sc_hd__or2_1)
                                         _1013_ (net)
                  0.04    0.00    0.51 ^ _2781_/B1 (sky130_fd_sc_hd__o211a_1)
     1    0.00    0.04    0.12    0.64 ^ _2781_/X (sky130_fd_sc_hd__o211a_1)
                                         _0186_ (net)
                  0.04    0.00    0.64 ^ _3365_/D (sky130_fd_sc_hd__dfxtp_2)
                                  0.64   data arrival time

                  0.15    0.00    0.00   clock clk (rise edge)
                          0.00    0.00   clock network delay (ideal)
                          0.25    0.25   clock uncertainty
                          0.00    0.25   clock reconvergence pessimism
                                  0.25 ^ _3365_/CLK (sky130_fd_sc_hd__dfxtp_2)
                         -0.02    0.23   library hold time
                                  0.23   data required time
-----------------------------------------------------------------------------
                                  0.23   data required time
                                 -0.64   data arrival time
-----------------------------------------------------------------------------
                                  0.40   slack (MET)


Startpoint: _3364_ (rising edge-triggered flip-flop clocked by clk)
Endpoint: _3364_ (rising edge-triggered flip-flop clocked by clk)
Path Group: clk
Path Type: min

Fanout     Cap    Slew   Delay    Time   Description
-----------------------------------------------------------------------------
                  0.15    0.00    0.00   clock clk (rise edge)
                          0.00    0.00   clock network delay (ideal)
                  0.15    0.00    0.00 ^ _3364_/CLK (sky130_fd_sc_hd__dfxtp_1)
     5    0.02    0.15    0.40    0.40 ^ _3364_/Q (sky130_fd_sc_hd__dfxtp_1)
                                         user_peripheral.a0[2] (net)
                  0.15    0.00    0.40 ^ _2778_/A (sky130_fd_sc_hd__or2_1)
     1    0.00    0.04    0.12    0.52 ^ _2778_/X (sky130_fd_sc_hd__or2_1)
                                         _1012_ (net)
                  0.04    0.00    0.52 ^ _2779_/B1 (sky130_fd_sc_hd__o211a_1)
     1    0.00    0.04    0.12    0.64 ^ _2779_/X (sky130_fd_sc_hd__o211a_1)
                                         _0185_ (net)
                  0.04    0.00    0.64 ^ _3364_/D (sky130_fd_sc_hd__dfxtp_1)
                                  0.64   data arrival time

                  0.15    0.00    0.00   clock clk (rise edge)
                          0.00    0.00   clock network delay (ideal)
                          0.25    0.25   clock uncertainty
                          0.00    0.25   clock reconvergence pessimism
                                  0.25 ^ _3364_/CLK (sky130_fd_sc_hd__dfxtp_1)
                         -0.02    0.23   library hold time
                                  0.23   data required time
-----------------------------------------------------------------------------
                                  0.23   data required time
                                 -0.64   data arrival time
-----------------------------------------------------------------------------
                                  0.40   slack (MET)


Startpoint: _3293_ (rising edge-triggered flip-flop clocked by clk)
Endpoint: _3492_ (rising edge-triggered flip-flop clocked by clk)
Path Group: clk
Path Type: min

Fanout     Cap    Slew   Delay    Time   Description
-----------------------------------------------------------------------------
                  0.15    0.00    0.00   clock clk (rise edge)
                          0.00    0.00   clock network delay (ideal)
                  0.15    0.00    0.00 ^ _3293_/CLK (sky130_fd_sc_hd__dfxtp_1)
     2    0.01    0.07    0.34    0.34 ^ _3293_/Q (sky130_fd_sc_hd__dfxtp_1)
                                         user_peripheral.rx_hold[27] (net)
                  0.07    0.00    0.34 ^ _3163_/B2 (sky130_fd_sc_hd__a22o_1)
     1    0.00    0.04    0.11    0.45 ^ _3163_/X (sky130_fd_sc_hd__a22o_1)
                                         _1278_ (net)
                  0.04    0.00    0.45 ^ _3164_/A1 (sky130_fd_sc_hd__mux2_1)
     1    0.00    0.04    0.11    0.56 ^ _3164_/X (sky130_fd_sc_hd__mux2_1)
                                         _1279_ (net)
                  0.04    0.00    0.56 ^ _3165_/A (sky130_fd_sc_hd__clkbuf_1)
     1    0.00    0.04    0.07    0.63 ^ _3165_/X (sky130_fd_sc_hd__clkbuf_1)
                                         _0304_ (net)
                  0.04    0.00    0.63 ^ _3492_/D (sky130_fd_sc_hd__dfrtp_4)
                                  0.63   data arrival time

                  0.15    0.00    0.00   clock clk (rise edge)
                          0.00    0.00   clock network delay (ideal)
                          0.25    0.25   clock uncertainty
                          0.00    0.25   clock reconvergence pessimism
                                  0.25 ^ _3492_/CLK (sky130_fd_sc_hd__dfrtp_4)
                         -0.02    0.23   library hold time
                                  0.23   data required time
-----------------------------------------------------------------------------
                                  0.23   data required time
                                 -0.63   data arrival time
-----------------------------------------------------------------------------
                                  0.40   slack (MET)


Startpoint: _3284_ (rising edge-triggered flip-flop clocked by clk)
Endpoint: _3483_ (rising edge-triggered flip-flop clocked by clk)
Path Group: clk
Path Type: min

Fanout     Cap    Slew   Delay    Time   Description
-----------------------------------------------------------------------------
                  0.15    0.00    0.00   clock clk (rise edge)
                          0.00    0.00   clock network delay (ideal)
                  0.15    0.00    0.00 ^ _3284_/CLK (sky130_fd_sc_hd__dfxtp_1)
     2    0.01    0.07    0.34    0.34 ^ _3284_/Q (sky130_fd_sc_hd__dfxtp_1)
                                         user_peripheral.rx_hold[18] (net)
                  0.07    0.00    0.34 ^ _3134_/B2 (sky130_fd_sc_hd__a22o_1)
     1    0.00    0.04    0.11    0.45 ^ _3134_/X (sky130_fd_sc_hd__a22o_1)
                                         _1258_ (net)
                  0.04    0.00    0.45 ^ _3135_/A1 (sky130_fd_sc_hd__mux2_1)
     1    0.00    0.04    0.11    0.56 ^ _3135_/X (sky130_fd_sc_hd__mux2_1)
                                         _1259_ (net)
                  0.04    0.00    0.56 ^ _3136_/A (sky130_fd_sc_hd__clkbuf_1)
     1    0.00    0.04    0.07    0.63 ^ _3136_/X (sky130_fd_sc_hd__clkbuf_1)
                                         _0295_ (net)
                  0.04    0.00    0.63 ^ _3483_/D (sky130_fd_sc_hd__dfrtp_4)
                                  0.63   data arrival time

                  0.15    0.00    0.00   clock clk (rise edge)
                          0.00    0.00   clock network delay (ideal)
                          0.25    0.25   clock uncertainty
                          0.00    0.25   clock reconvergence pessimism
                                  0.25 ^ _3483_/CLK (sky130_fd_sc_hd__dfrtp_4)
                         -0.02    0.23   library hold time
                                  0.23   data required time
-----------------------------------------------------------------------------
                                  0.23   data required time
                                 -0.63   data arrival time
-----------------------------------------------------------------------------
                                  0.40   slack (MET)


Startpoint: _3283_ (rising edge-triggered flip-flop clocked by clk)
Endpoint: _3482_ (rising edge-triggered flip-flop clocked by clk)
Path Group: clk
Path Type: min

Fanout     Cap    Slew   Delay    Time   Description
-----------------------------------------------------------------------------
                  0.15    0.00    0.00   clock clk (rise edge)
                          0.00    0.00   clock network delay (ideal)
                  0.15    0.00    0.00 ^ _3283_/CLK (sky130_fd_sc_hd__dfxtp_1)
     2    0.01    0.07    0.34    0.34 ^ _3283_/Q (sky130_fd_sc_hd__dfxtp_1)
                                         user_peripheral.rx_hold[17] (net)
                  0.07    0.00    0.34 ^ _3131_/B2 (sky130_fd_sc_hd__a22o_1)
     1    0.00    0.04    0.11    0.45 ^ _3131_/X (sky130_fd_sc_hd__a22o_1)
                                         _1256_ (net)
                  0.04    0.00    0.45 ^ _3132_/A1 (sky130_fd_sc_hd__mux2_1)
     1    0.00    0.04    0.11    0.56 ^ _3132_/X (sky130_fd_sc_hd__mux2_1)
                                         _1257_ (net)
                  0.04    0.00    0.56 ^ _3133_/A (sky130_fd_sc_hd__clkbuf_1)
     1    0.00    0.04    0.07    0.63 ^ _3133_/X (sky130_fd_sc_hd__clkbuf_1)
                                         _0294_ (net)
                  0.04    0.00    0.63 ^ _3482_/D (sky130_fd_sc_hd__dfrtp_4)
                                  0.63   data arrival time

                  0.15    0.00    0.00   clock clk (rise edge)
                          0.00    0.00   clock network delay (ideal)
                          0.25    0.25   clock uncertainty
                          0.00    0.25   clock reconvergence pessimism
                                  0.25 ^ _3482_/CLK (sky130_fd_sc_hd__dfrtp_4)
                         -0.02    0.23   library hold time
                                  0.23   data required time
-----------------------------------------------------------------------------
                                  0.23   data required time
                                 -0.63   data arrival time
-----------------------------------------------------------------------------
                                  0.40   slack (MET)


Startpoint: _3494_ (rising edge-triggered flip-flop clocked by clk)
Endpoint: _3391_ (rising edge-triggered flip-flop clocked by clk)
Path Group: clk
Path Type: min

Fanout     Cap    Slew   Delay    Time   Description
-----------------------------------------------------------------------------
                  0.15    0.00    0.00   clock clk (rise edge)
                          0.00    0.00   clock network delay (ideal)
                  0.15    0.00    0.00 ^ _3494_/CLK (sky130_fd_sc_hd__dfrtp_4)
     9    0.04    0.13    0.49    0.49 ^ _3494_/Q (sky130_fd_sc_hd__dfrtp_4)
                                         i_spi_reg.reg_data_o[29] (net)
                  0.13    0.00    0.49 ^ _2840_/A1 (sky130_fd_sc_hd__o211a_1)
     1    0.00    0.04    0.15    0.64 ^ _2840_/X (sky130_fd_sc_hd__o211a_1)
                                         _0212_ (net)
                  0.04    0.00    0.64 ^ _3391_/D (sky130_fd_sc_hd__dfxtp_1)
                                  0.64   data arrival time

                  0.15    0.00    0.00   clock clk (rise edge)
                          0.00    0.00   clock network delay (ideal)
                          0.25    0.25   clock uncertainty
                          0.00    0.25   clock reconvergence pessimism
                                  0.25 ^ _3391_/CLK (sky130_fd_sc_hd__dfxtp_1)
                         -0.02    0.23   library hold time
                                  0.23   data required time
-----------------------------------------------------------------------------
                                  0.23   data required time
                                 -0.64   data arrival time
-----------------------------------------------------------------------------
                                  0.40   slack (MET)


Startpoint: _3444_ (rising edge-triggered flip-flop clocked by clk)
Endpoint: _3465_ (rising edge-triggered flip-flop clocked by clk)
Path Group: clk
Path Type: min

Fanout     Cap    Slew   Delay    Time   Description
-----------------------------------------------------------------------------
                  0.15    0.00    0.00   clock clk (rise edge)
                          0.00    0.00   clock network delay (ideal)
                  0.15    0.00    0.00 ^ _3444_/CLK (sky130_fd_sc_hd__dfxtp_1)
     1    0.00    0.04    0.32    0.32 ^ _3444_/Q (sky130_fd_sc_hd__dfxtp_1)
                                         i_spi_reg.spi_mosi (net)
                  0.04    0.00    0.32 ^ _3046_/A1 (sky130_fd_sc_hd__a32o_1)
     1    0.00    0.05    0.13    0.45 ^ _3046_/X (sky130_fd_sc_hd__a32o_1)
                                         _1188_ (net)
                  0.05    0.00    0.45 ^ _3051_/A1 (sky130_fd_sc_hd__mux2_1)
     1    0.00    0.04    0.11    0.56 ^ _3051_/X (sky130_fd_sc_hd__mux2_1)
                                         _1193_ (net)
                  0.04    0.00    0.56 ^ _3052_/A (sky130_fd_sc_hd__clkbuf_1)
     1    0.00    0.04    0.07    0.63 ^ _3052_/X (sky130_fd_sc_hd__clkbuf_1)
                                         _0277_ (net)
                  0.04    0.00    0.63 ^ _3465_/D (sky130_fd_sc_hd__dfrtp_4)
                                  0.63   data arrival time

                  0.15    0.00    0.00   clock clk (rise edge)
                          0.00    0.00   clock network delay (ideal)
                          0.25    0.25   clock uncertainty
                          0.00    0.25   clock reconvergence pessimism
                                  0.25 ^ _3465_/CLK (sky130_fd_sc_hd__dfrtp_4)
                         -0.02    0.23   library hold time
                                  0.23   data required time
-----------------------------------------------------------------------------
                                  0.23   data required time
                                 -0.63   data arrival time
-----------------------------------------------------------------------------
                                  0.40   slack (MET)


Startpoint: _3282_ (rising edge-triggered flip-flop clocked by clk)
Endpoint: _3481_ (rising edge-triggered flip-flop clocked by clk)
Path Group: clk
Path Type: min

Fanout     Cap    Slew   Delay    Time   Description
-----------------------------------------------------------------------------
                  0.15    0.00    0.00   clock clk (rise edge)
                          0.00    0.00   clock network delay (ideal)
                  0.15    0.00    0.00 ^ _3282_/CLK (sky130_fd_sc_hd__dfxtp_1)
     2    0.01    0.07    0.34    0.34 ^ _3282_/Q (sky130_fd_sc_hd__dfxtp_1)
                                         user_peripheral.rx_hold[16] (net)
                  0.07    0.00    0.34 ^ _3128_/B2 (sky130_fd_sc_hd__a22o_1)
     1    0.00    0.04    0.11    0.45 ^ _3128_/X (sky130_fd_sc_hd__a22o_1)
                                         _1254_ (net)
                  0.04    0.00    0.45 ^ _3129_/A1 (sky130_fd_sc_hd__mux2_1)
     1    0.00    0.04    0.11    0.56 ^ _3129_/X (sky130_fd_sc_hd__mux2_1)
                                         _1255_ (net)
                  0.04    0.00    0.56 ^ _3130_/A (sky130_fd_sc_hd__clkbuf_1)
     1    0.00    0.04    0.07    0.63 ^ _3130_/X (sky130_fd_sc_hd__clkbuf_1)
                                         _0293_ (net)
                  0.04    0.00    0.63 ^ _3481_/D (sky130_fd_sc_hd__dfrtp_4)
                                  0.63   data arrival time

                  0.15    0.00    0.00   clock clk (rise edge)
                          0.00    0.00   clock network delay (ideal)
                          0.25    0.25   clock uncertainty
                          0.00    0.25   clock reconvergence pessimism
                                  0.25 ^ _3481_/CLK (sky130_fd_sc_hd__dfrtp_4)
                         -0.02    0.23   library hold time
                                  0.23   data required time
-----------------------------------------------------------------------------
                                  0.23   data required time
                                 -0.63   data arrival time
-----------------------------------------------------------------------------
                                  0.40   slack (MET)


Startpoint: _3288_ (rising edge-triggered flip-flop clocked by clk)
Endpoint: _3487_ (rising edge-triggered flip-flop clocked by clk)
Path Group: clk
Path Type: min

Fanout     Cap    Slew   Delay    Time   Description
-----------------------------------------------------------------------------
                  0.15    0.00    0.00   clock clk (rise edge)
                          0.00    0.00   clock network delay (ideal)
                  0.15    0.00    0.00 ^ _3288_/CLK (sky130_fd_sc_hd__dfxtp_1)
     2    0.01    0.07    0.34    0.34 ^ _3288_/Q (sky130_fd_sc_hd__dfxtp_1)
                                         user_peripheral.rx_hold[22] (net)
                  0.07    0.00    0.34 ^ _3148_/B2 (sky130_fd_sc_hd__a22o_1)
     1    0.00    0.04    0.11    0.46 ^ _3148_/X (sky130_fd_sc_hd__a22o_1)
                                         _1268_ (net)
                  0.04    0.00    0.46 ^ _3149_/A1 (sky130_fd_sc_hd__mux2_1)
     1    0.00    0.04    0.11    0.56 ^ _3149_/X (sky130_fd_sc_hd__mux2_1)
                                         _1269_ (net)
                  0.04    0.00    0.56 ^ _3150_/A (sky130_fd_sc_hd__clkbuf_1)
     1    0.00    0.04    0.07    0.64 ^ _3150_/X (sky130_fd_sc_hd__clkbuf_1)
                                         _0299_ (net)
                  0.04    0.00    0.64 ^ _3487_/D (sky130_fd_sc_hd__dfrtp_4)
                                  0.64   data arrival time

                  0.15    0.00    0.00   clock clk (rise edge)
                          0.00    0.00   clock network delay (ideal)
                          0.25    0.25   clock uncertainty
                          0.00    0.25   clock reconvergence pessimism
                                  0.25 ^ _3487_/CLK (sky130_fd_sc_hd__dfrtp_4)
                         -0.02    0.23   library hold time
                                  0.23   data required time
-----------------------------------------------------------------------------
                                  0.23   data required time
                                 -0.64   data arrival time
-----------------------------------------------------------------------------
                                  0.40   slack (MET)


Startpoint: _3289_ (rising edge-triggered flip-flop clocked by clk)
Endpoint: _3488_ (rising edge-triggered flip-flop clocked by clk)
Path Group: clk
Path Type: min

Fanout     Cap    Slew   Delay    Time   Description
-----------------------------------------------------------------------------
                  0.15    0.00    0.00   clock clk (rise edge)
                          0.00    0.00   clock network delay (ideal)
                  0.15    0.00    0.00 ^ _3289_/CLK (sky130_fd_sc_hd__dfxtp_1)
     2    0.01    0.07    0.34    0.34 ^ _3289_/Q (sky130_fd_sc_hd__dfxtp_1)
                                         user_peripheral.rx_hold[23] (net)
                  0.07    0.00    0.34 ^ _3151_/B2 (sky130_fd_sc_hd__a22o_1)
     1    0.00    0.04    0.12    0.46 ^ _3151_/X (sky130_fd_sc_hd__a22o_1)
                                         _1270_ (net)
                  0.04    0.00    0.46 ^ _3152_/A1 (sky130_fd_sc_hd__mux2_1)
     1    0.00    0.04    0.11    0.57 ^ _3152_/X (sky130_fd_sc_hd__mux2_1)
                                         _1271_ (net)
                  0.04    0.00    0.57 ^ _3153_/A (sky130_fd_sc_hd__clkbuf_1)
     1    0.00    0.04    0.07    0.64 ^ _3153_/X (sky130_fd_sc_hd__clkbuf_1)
                                         _0300_ (net)
                  0.04    0.00    0.64 ^ _3488_/D (sky130_fd_sc_hd__dfrtp_4)
                                  0.64   data arrival time

                  0.15    0.00    0.00   clock clk (rise edge)
                          0.00    0.00   clock network delay (ideal)
                          0.25    0.25   clock uncertainty
                          0.00    0.25   clock reconvergence pessimism
                                  0.25 ^ _3488_/CLK (sky130_fd_sc_hd__dfrtp_4)
                         -0.02    0.23   library hold time
                                  0.23   data required time
-----------------------------------------------------------------------------
                                  0.23   data required time
                                 -0.64   data arrival time
-----------------------------------------------------------------------------
                                  0.41   slack (MET)


Startpoint: _3287_ (rising edge-triggered flip-flop clocked by clk)
Endpoint: _3486_ (rising edge-triggered flip-flop clocked by clk)
Path Group: clk
Path Type: min

Fanout     Cap    Slew   Delay    Time   Description
-----------------------------------------------------------------------------
                  0.15    0.00    0.00   clock clk (rise edge)
                          0.00    0.00   clock network delay (ideal)
                  0.15    0.00    0.00 ^ _3287_/CLK (sky130_fd_sc_hd__dfxtp_1)
     2    0.01    0.07    0.34    0.34 ^ _3287_/Q (sky130_fd_sc_hd__dfxtp_1)
                                         user_peripheral.rx_hold[21] (net)
                  0.07    0.00    0.34 ^ _3145_/B2 (sky130_fd_sc_hd__a22o_1)
     1    0.00    0.04    0.11    0.46 ^ _3145_/X (sky130_fd_sc_hd__a22o_1)
                                         _1266_ (net)
                  0.04    0.00    0.46 ^ _3146_/A1 (sky130_fd_sc_hd__mux2_1)
     1    0.00    0.04    0.11    0.56 ^ _3146_/X (sky130_fd_sc_hd__mux2_1)
                                         _1267_ (net)
                  0.04    0.00    0.56 ^ _3147_/A (sky130_fd_sc_hd__clkbuf_1)
     1    0.00    0.04    0.07    0.64 ^ _3147_/X (sky130_fd_sc_hd__clkbuf_1)
                                         _0298_ (net)
                  0.04    0.00    0.64 ^ _3486_/D (sky130_fd_sc_hd__dfrtp_4)
                                  0.64   data arrival time

                  0.15    0.00    0.00   clock clk (rise edge)
                          0.00    0.00   clock network delay (ideal)
                          0.25    0.25   clock uncertainty
                          0.00    0.25   clock reconvergence pessimism
                                  0.25 ^ _3486_/CLK (sky130_fd_sc_hd__dfrtp_4)
                         -0.02    0.23   library hold time
                                  0.23   data required time
-----------------------------------------------------------------------------
                                  0.23   data required time
                                 -0.64   data arrival time
-----------------------------------------------------------------------------
                                  0.41   slack (MET)


Startpoint: _3286_ (rising edge-triggered flip-flop clocked by clk)
Endpoint: _3485_ (rising edge-triggered flip-flop clocked by clk)
Path Group: clk
Path Type: min

Fanout     Cap    Slew   Delay    Time   Description
-----------------------------------------------------------------------------
                  0.15    0.00    0.00   clock clk (rise edge)
                          0.00    0.00   clock network delay (ideal)
                  0.15    0.00    0.00 ^ _3286_/CLK (sky130_fd_sc_hd__dfxtp_1)
     2    0.01    0.07    0.34    0.34 ^ _3286_/Q (sky130_fd_sc_hd__dfxtp_1)
                                         user_peripheral.rx_hold[20] (net)
                  0.07    0.00    0.34 ^ _3140_/B2 (sky130_fd_sc_hd__a22o_1)
     1    0.00    0.04    0.11    0.46 ^ _3140_/X (sky130_fd_sc_hd__a22o_1)
                                         _1262_ (net)
                  0.04    0.00    0.46 ^ _3142_/A1 (sky130_fd_sc_hd__mux2_1)
     1    0.00    0.04    0.11    0.56 ^ _3142_/X (sky130_fd_sc_hd__mux2_1)
                                         _1264_ (net)
                  0.04    0.00    0.56 ^ _3143_/A (sky130_fd_sc_hd__clkbuf_1)
     1    0.00    0.04    0.07    0.64 ^ _3143_/X (sky130_fd_sc_hd__clkbuf_1)
                                         _0297_ (net)
                  0.04    0.00    0.64 ^ _3485_/D (sky130_fd_sc_hd__dfrtp_4)
                                  0.64   data arrival time

                  0.15    0.00    0.00   clock clk (rise edge)
                          0.00    0.00   clock network delay (ideal)
                          0.25    0.25   clock uncertainty
                          0.00    0.25   clock reconvergence pessimism
                                  0.25 ^ _3485_/CLK (sky130_fd_sc_hd__dfrtp_4)
                         -0.02    0.23   library hold time
                                  0.23   data required time
-----------------------------------------------------------------------------
                                  0.23   data required time
                                 -0.64   data arrival time
-----------------------------------------------------------------------------
                                  0.41   slack (MET)


Startpoint: _3372_ (rising edge-triggered flip-flop clocked by clk)
Endpoint: _3372_ (rising edge-triggered flip-flop clocked by clk)
Path Group: clk
Path Type: min

Fanout     Cap    Slew   Delay    Time   Description
-----------------------------------------------------------------------------
                  0.15    0.00    0.00   clock clk (rise edge)
                          0.00    0.00   clock network delay (ideal)
                  0.15    0.00    0.00 ^ _3372_/CLK (sky130_fd_sc_hd__dfxtp_1)
     5    0.02    0.16    0.40    0.40 ^ _3372_/Q (sky130_fd_sc_hd__dfxtp_1)
                                         user_peripheral.a1[2] (net)
                  0.16    0.00    0.40 ^ _2797_/A (sky130_fd_sc_hd__or2_1)
     1    0.00    0.04    0.12    0.52 ^ _2797_/X (sky130_fd_sc_hd__or2_1)
                                         _1023_ (net)
                  0.04    0.00    0.52 ^ _2798_/B1 (sky130_fd_sc_hd__o211a_1)
     1    0.00    0.04    0.12    0.64 ^ _2798_/X (sky130_fd_sc_hd__o211a_1)
                                         _0193_ (net)
                  0.04    0.00    0.64 ^ _3372_/D (sky130_fd_sc_hd__dfxtp_1)
                                  0.64   data arrival time

                  0.15    0.00    0.00   clock clk (rise edge)
                          0.00    0.00   clock network delay (ideal)
                          0.25    0.25   clock uncertainty
                          0.00    0.25   clock reconvergence pessimism
                                  0.25 ^ _3372_/CLK (sky130_fd_sc_hd__dfxtp_1)
                         -0.02    0.23   library hold time
                                  0.23   data required time
-----------------------------------------------------------------------------
                                  0.23   data required time
                                 -0.64   data arrival time
-----------------------------------------------------------------------------
                                  0.41   slack (MET)


Startpoint: _3496_ (rising edge-triggered flip-flop clocked by clk)
Endpoint: _3393_ (rising edge-triggered flip-flop clocked by clk)
Path Group: clk
Path Type: min

Fanout     Cap    Slew   Delay    Time   Description
-----------------------------------------------------------------------------
                  0.15    0.00    0.00   clock clk (rise edge)
                          0.00    0.00   clock network delay (ideal)
                  0.15    0.00    0.00 ^ _3496_/CLK (sky130_fd_sc_hd__dfrtp_4)
     8    0.04    0.14    0.49    0.49 ^ _3496_/Q (sky130_fd_sc_hd__dfrtp_4)
                                         i_spi_reg.reg_data_o[31] (net)
                  0.14    0.00    0.49 ^ _2844_/A1 (sky130_fd_sc_hd__o211a_1)
     1    0.00    0.03    0.15    0.64 ^ _2844_/X (sky130_fd_sc_hd__o211a_1)
                                         _0214_ (net)
                  0.03    0.00    0.64 ^ _3393_/D (sky130_fd_sc_hd__dfxtp_1)
                                  0.64   data arrival time

                  0.15    0.00    0.00   clock clk (rise edge)
                          0.00    0.00   clock network delay (ideal)
                          0.25    0.25   clock uncertainty
                          0.00    0.25   clock reconvergence pessimism
                                  0.25 ^ _3393_/CLK (sky130_fd_sc_hd__dfxtp_1)
                         -0.02    0.23   library hold time
                                  0.23   data required time
-----------------------------------------------------------------------------
                                  0.23   data required time
                                 -0.64   data arrival time
-----------------------------------------------------------------------------
                                  0.41   slack (MET)


Startpoint: _3290_ (rising edge-triggered flip-flop clocked by clk)
Endpoint: _3489_ (rising edge-triggered flip-flop clocked by clk)
Path Group: clk
Path Type: min

Fanout     Cap    Slew   Delay    Time   Description
-----------------------------------------------------------------------------
                  0.15    0.00    0.00   clock clk (rise edge)
                          0.00    0.00   clock network delay (ideal)
                  0.15    0.00    0.00 ^ _3290_/CLK (sky130_fd_sc_hd__dfxtp_1)
     2    0.01    0.07    0.34    0.34 ^ _3290_/Q (sky130_fd_sc_hd__dfxtp_1)
                                         user_peripheral.rx_hold[24] (net)
                  0.07    0.00    0.34 ^ _3154_/B2 (sky130_fd_sc_hd__a22o_1)
     1    0.00    0.04    0.11    0.46 ^ _3154_/X (sky130_fd_sc_hd__a22o_1)
                                         _1272_ (net)
                  0.04    0.00    0.46 ^ _3155_/A1 (sky130_fd_sc_hd__mux2_1)
     1    0.00    0.04    0.11    0.57 ^ _3155_/X (sky130_fd_sc_hd__mux2_1)
                                         _1273_ (net)
                  0.04    0.00    0.57 ^ _3156_/A (sky130_fd_sc_hd__clkbuf_1)
     1    0.00    0.04    0.07    0.64 ^ _3156_/X (sky130_fd_sc_hd__clkbuf_1)
                                         _0301_ (net)
                  0.04    0.00    0.64 ^ _3489_/D (sky130_fd_sc_hd__dfrtp_4)
                                  0.64   data arrival time

                  0.15    0.00    0.00   clock clk (rise edge)
                          0.00    0.00   clock network delay (ideal)
                          0.25    0.25   clock uncertainty
                          0.00    0.25   clock reconvergence pessimism
                                  0.25 ^ _3489_/CLK (sky130_fd_sc_hd__dfrtp_4)
                         -0.02    0.23   library hold time
                                  0.23   data required time
-----------------------------------------------------------------------------
                                  0.23   data required time
                                 -0.64   data arrival time
-----------------------------------------------------------------------------
                                  0.41   slack (MET)


Startpoint: _3370_ (rising edge-triggered flip-flop clocked by clk)
Endpoint: _3370_ (rising edge-triggered flip-flop clocked by clk)
Path Group: clk
Path Type: min

Fanout     Cap    Slew   Delay    Time   Description
-----------------------------------------------------------------------------
                  0.15    0.00    0.00   clock clk (rise edge)
                          0.00    0.00   clock network delay (ideal)
                  0.15    0.00    0.00 ^ _3370_/CLK (sky130_fd_sc_hd__dfxtp_1)
     6    0.02    0.16    0.41    0.41 ^ _3370_/Q (sky130_fd_sc_hd__dfxtp_1)
                                         user_peripheral.a1[0] (net)
                  0.16    0.00    0.41 ^ _2790_/A (sky130_fd_sc_hd__or2_1)
     1    0.00    0.04    0.12    0.52 ^ _2790_/X (sky130_fd_sc_hd__or2_1)
                                         _1018_ (net)
                  0.04    0.00    0.52 ^ _2791_/B1 (sky130_fd_sc_hd__o211a_1)
     1    0.00    0.04    0.12    0.64 ^ _2791_/X (sky130_fd_sc_hd__o211a_1)
                                         _0191_ (net)
                  0.04    0.00    0.64 ^ _3370_/D (sky130_fd_sc_hd__dfxtp_1)
                                  0.64   data arrival time

                  0.15    0.00    0.00   clock clk (rise edge)
                          0.00    0.00   clock network delay (ideal)
                          0.25    0.25   clock uncertainty
                          0.00    0.25   clock reconvergence pessimism
                                  0.25 ^ _3370_/CLK (sky130_fd_sc_hd__dfxtp_1)
                         -0.02    0.23   library hold time
                                  0.23   data required time
-----------------------------------------------------------------------------
                                  0.23   data required time
                                 -0.64   data arrival time
-----------------------------------------------------------------------------
                                  0.41   slack (MET)


Startpoint: _3363_ (rising edge-triggered flip-flop clocked by clk)
Endpoint: _3363_ (rising edge-triggered flip-flop clocked by clk)
Path Group: clk
Path Type: min

Fanout     Cap    Slew   Delay    Time   Description
-----------------------------------------------------------------------------
                  0.15    0.00    0.00   clock clk (rise edge)
                          0.00    0.00   clock network delay (ideal)
                  0.15    0.00    0.00 ^ _3363_/CLK (sky130_fd_sc_hd__dfxtp_1)
     5    0.02    0.16    0.40    0.40 ^ _3363_/Q (sky130_fd_sc_hd__dfxtp_1)
                                         user_peripheral.a0[1] (net)
                  0.16    0.00    0.40 ^ _2776_/A (sky130_fd_sc_hd__or2_1)
     1    0.00    0.04    0.12    0.52 ^ _2776_/X (sky130_fd_sc_hd__or2_1)
                                         _1011_ (net)
                  0.04    0.00    0.52 ^ _2777_/B1 (sky130_fd_sc_hd__o211a_1)
     1    0.00    0.04    0.12    0.64 ^ _2777_/X (sky130_fd_sc_hd__o211a_1)
                                         _0184_ (net)
                  0.04    0.00    0.64 ^ _3363_/D (sky130_fd_sc_hd__dfxtp_1)
                                  0.64   data arrival time

                  0.15    0.00    0.00   clock clk (rise edge)
                          0.00    0.00   clock network delay (ideal)
                          0.25    0.25   clock uncertainty
                          0.00    0.25   clock reconvergence pessimism
                                  0.25 ^ _3363_/CLK (sky130_fd_sc_hd__dfxtp_1)
                         -0.02    0.23   library hold time
                                  0.23   data required time
-----------------------------------------------------------------------------
                                  0.23   data required time
                                 -0.64   data arrival time
-----------------------------------------------------------------------------
                                  0.41   slack (MET)


Startpoint: _3285_ (rising edge-triggered flip-flop clocked by clk)
Endpoint: _3484_ (rising edge-triggered flip-flop clocked by clk)
Path Group: clk
Path Type: min

Fanout     Cap    Slew   Delay    Time   Description
-----------------------------------------------------------------------------
                  0.15    0.00    0.00   clock clk (rise edge)
                          0.00    0.00   clock network delay (ideal)
                  0.15    0.00    0.00 ^ _3285_/CLK (sky130_fd_sc_hd__dfxtp_1)
     2    0.01    0.07    0.34    0.34 ^ _3285_/Q (sky130_fd_sc_hd__dfxtp_1)
                                         user_peripheral.rx_hold[19] (net)
                  0.07    0.00    0.34 ^ _3137_/B2 (sky130_fd_sc_hd__a22o_1)
     1    0.00    0.04    0.12    0.46 ^ _3137_/X (sky130_fd_sc_hd__a22o_1)
                                         _1260_ (net)
                  0.04    0.00    0.46 ^ _3138_/A1 (sky130_fd_sc_hd__mux2_1)
     1    0.00    0.04    0.11    0.57 ^ _3138_/X (sky130_fd_sc_hd__mux2_1)
                                         _1261_ (net)
                  0.04    0.00    0.57 ^ _3139_/A (sky130_fd_sc_hd__clkbuf_1)
     1    0.00    0.04    0.07    0.64 ^ _3139_/X (sky130_fd_sc_hd__clkbuf_1)
                                         _0296_ (net)
                  0.04    0.00    0.64 ^ _3484_/D (sky130_fd_sc_hd__dfrtp_4)
                                  0.64   data arrival time

                  0.15    0.00    0.00   clock clk (rise edge)
                          0.00    0.00   clock network delay (ideal)
                          0.25    0.25   clock uncertainty
                          0.00    0.25   clock reconvergence pessimism
                                  0.25 ^ _3484_/CLK (sky130_fd_sc_hd__dfrtp_4)
                         -0.02    0.23   library hold time
                                  0.23   data required time
-----------------------------------------------------------------------------
                                  0.23   data required time
                                 -0.64   data arrival time
-----------------------------------------------------------------------------
                                  0.41   slack (MET)


Startpoint: _3371_ (rising edge-triggered flip-flop clocked by clk)
Endpoint: _3371_ (rising edge-triggered flip-flop clocked by clk)
Path Group: clk
Path Type: min

Fanout     Cap    Slew   Delay    Time   Description
-----------------------------------------------------------------------------
                  0.15    0.00    0.00   clock clk (rise edge)
                          0.00    0.00   clock network delay (ideal)
                  0.15    0.00    0.00 ^ _3371_/CLK (sky130_fd_sc_hd__dfxtp_1)
     5    0.02    0.17    0.41    0.41 ^ _3371_/Q (sky130_fd_sc_hd__dfxtp_1)
                                         user_peripheral.a1[1] (net)
                  0.17    0.00    0.41 ^ _2792_/A (sky130_fd_sc_hd__or2_1)
     1    0.00    0.04    0.12    0.53 ^ _2792_/X (sky130_fd_sc_hd__or2_1)
                                         _1019_ (net)
                  0.04    0.00    0.53 ^ _2794_/B1 (sky130_fd_sc_hd__o211a_1)
     1    0.00    0.04    0.12    0.65 ^ _2794_/X (sky130_fd_sc_hd__o211a_1)
                                         _0192_ (net)
                  0.04    0.00    0.65 ^ _3371_/D (sky130_fd_sc_hd__dfxtp_1)
                                  0.65   data arrival time

                  0.15    0.00    0.00   clock clk (rise edge)
                          0.00    0.00   clock network delay (ideal)
                          0.25    0.25   clock uncertainty
                          0.00    0.25   clock reconvergence pessimism
                                  0.25 ^ _3371_/CLK (sky130_fd_sc_hd__dfxtp_1)
                         -0.02    0.23   library hold time
                                  0.23   data required time
-----------------------------------------------------------------------------
                                  0.23   data required time
                                 -0.65   data arrival time
-----------------------------------------------------------------------------
                                  0.41   slack (MET)


Startpoint: _3450_ (rising edge-triggered flip-flop clocked by clk)
Endpoint: _3449_ (rising edge-triggered flip-flop clocked by clk)
Path Group: clk
Path Type: min

Fanout     Cap    Slew   Delay    Time   Description
-----------------------------------------------------------------------------
                  0.15    0.00    0.00   clock clk (rise edge)
                          0.00    0.00   clock network delay (ideal)
                  0.15    0.00    0.00 ^ _3450_/CLK (sky130_fd_sc_hd__dfrtp_1)
     5    0.01    0.09    0.42    0.42 v _3450_/Q (sky130_fd_sc_hd__dfrtp_1)
                                         i_spi_reg.reg_rw (net)
                  0.09    0.00    0.42 v _1598_/A (sky130_fd_sc_hd__and4_1)
     1    0.00    0.03    0.15    0.58 v _1598_/X (sky130_fd_sc_hd__and4_1)
                                         _1296_ (net)
                  0.03    0.00    0.58 v _1599_/A (sky130_fd_sc_hd__clkbuf_1)
     1    0.00    0.02    0.08    0.65 v _1599_/X (sky130_fd_sc_hd__clkbuf_1)
                                         _0000_ (net)
                  0.02    0.00    0.65 v _3449_/D (sky130_fd_sc_hd__dfrtp_1)
                                  0.65   data arrival time

                  0.15    0.00    0.00   clock clk (rise edge)
                          0.00    0.00   clock network delay (ideal)
                          0.25    0.25   clock uncertainty
                          0.00    0.25   clock reconvergence pessimism
                                  0.25 ^ _3449_/CLK (sky130_fd_sc_hd__dfrtp_1)
                         -0.01    0.24   library hold time
                                  0.24   data required time
-----------------------------------------------------------------------------
                                  0.24   data required time
                                 -0.65   data arrival time
-----------------------------------------------------------------------------
                                  0.41   slack (MET)


Startpoint: _3229_ (rising edge-triggered flip-flop clocked by clk)
Endpoint: _3229_ (rising edge-triggered flip-flop clocked by clk)
Path Group: clk
Path Type: min

Fanout     Cap    Slew   Delay    Time   Description
-----------------------------------------------------------------------------
                  0.15    0.00    0.00   clock clk (rise edge)
                          0.00    0.00   clock network delay (ideal)
                  0.15    0.00    0.00 ^ _3229_/CLK (sky130_fd_sc_hd__dfxtp_1)
     4    0.01    0.11    0.37    0.37 ^ _3229_/Q (sky130_fd_sc_hd__dfxtp_1)
                                         user_peripheral.sleep_timer[15] (net)
                  0.11    0.00    0.37 ^ _1861_/A1 (sky130_fd_sc_hd__mux2_1)
     1    0.00    0.04    0.13    0.50 ^ _1861_/X (sky130_fd_sc_hd__mux2_1)
                                         _1508_ (net)
                  0.04    0.00    0.50 ^ _1864_/A2 (sky130_fd_sc_hd__o221a_1)
     1    0.00    0.05    0.15    0.65 ^ _1864_/X (sky130_fd_sc_hd__o221a_1)
                                         _0050_ (net)
                  0.05    0.00    0.65 ^ _3229_/D (sky130_fd_sc_hd__dfxtp_1)
                                  0.65   data arrival time

                  0.15    0.00    0.00   clock clk (rise edge)
                          0.00    0.00   clock network delay (ideal)
                          0.25    0.25   clock uncertainty
                          0.00    0.25   clock reconvergence pessimism
                                  0.25 ^ _3229_/CLK (sky130_fd_sc_hd__dfxtp_1)
                         -0.02    0.23   library hold time
                                  0.23   data required time
-----------------------------------------------------------------------------
                                  0.23   data required time
                                 -0.65   data arrival time
-----------------------------------------------------------------------------
                                  0.42   slack (MET)


Startpoint: _3479_ (rising edge-triggered flip-flop clocked by clk)
Endpoint: _3376_ (rising edge-triggered flip-flop clocked by clk)
Path Group: clk
Path Type: min

Fanout     Cap    Slew   Delay    Time   Description
-----------------------------------------------------------------------------
                  0.15    0.00    0.00   clock clk (rise edge)
                          0.00    0.00   clock network delay (ideal)
                  0.15    0.00    0.00 ^ _3479_/CLK (sky130_fd_sc_hd__dfrtp_4)
    10    0.04    0.15    0.50    0.50 ^ _3479_/Q (sky130_fd_sc_hd__dfrtp_4)
                                         i_spi_reg.reg_data_o[14] (net)
                  0.15    0.00    0.50 ^ _2806_/A1 (sky130_fd_sc_hd__o211a_1)
     1    0.00    0.04    0.16    0.66 ^ _2806_/X (sky130_fd_sc_hd__o211a_1)
                                         _0197_ (net)
                  0.04    0.00    0.66 ^ _3376_/D (sky130_fd_sc_hd__dfxtp_1)
                                  0.66   data arrival time

                  0.15    0.00    0.00   clock clk (rise edge)
                          0.00    0.00   clock network delay (ideal)
                          0.25    0.25   clock uncertainty
                          0.00    0.25   clock reconvergence pessimism
                                  0.25 ^ _3376_/CLK (sky130_fd_sc_hd__dfxtp_1)
                         -0.02    0.23   library hold time
                                  0.23   data required time
-----------------------------------------------------------------------------
                                  0.23   data required time
                                 -0.66   data arrival time
-----------------------------------------------------------------------------
                                  0.42   slack (MET)


Startpoint: _3368_ (rising edge-triggered flip-flop clocked by clk)
Endpoint: _3368_ (rising edge-triggered flip-flop clocked by clk)
Path Group: clk
Path Type: min

Fanout     Cap    Slew   Delay    Time   Description
-----------------------------------------------------------------------------
                  0.15    0.00    0.00   clock clk (rise edge)
                          0.00    0.00   clock network delay (ideal)
                  0.15    0.00    0.00 ^ _3368_/CLK (sky130_fd_sc_hd__dfxtp_1)
     6    0.02    0.17    0.41    0.41 ^ _3368_/Q (sky130_fd_sc_hd__dfxtp_1)
                                         user_peripheral.a0[6] (net)
                  0.17    0.00    0.41 ^ _2786_/A (sky130_fd_sc_hd__or2_1)
     1    0.00    0.04    0.12    0.53 ^ _2786_/X (sky130_fd_sc_hd__or2_1)
                                         _1016_ (net)
                  0.04    0.00    0.53 ^ _2787_/B1 (sky130_fd_sc_hd__o211a_1)
     1    0.00    0.04    0.12    0.66 ^ _2787_/X (sky130_fd_sc_hd__o211a_1)
                                         _0189_ (net)
                  0.04    0.00    0.66 ^ _3368_/D (sky130_fd_sc_hd__dfxtp_1)
                                  0.66   data arrival time

                  0.15    0.00    0.00   clock clk (rise edge)
                          0.00    0.00   clock network delay (ideal)
                          0.25    0.25   clock uncertainty
                          0.00    0.25   clock reconvergence pessimism
                                  0.25 ^ _3368_/CLK (sky130_fd_sc_hd__dfxtp_1)
                         -0.02    0.23   library hold time
                                  0.23   data required time
-----------------------------------------------------------------------------
                                  0.23   data required time
                                 -0.66   data arrival time
-----------------------------------------------------------------------------
                                  0.42   slack (MET)


Startpoint: _3409_ (rising edge-triggered flip-flop clocked by clk)
Endpoint: _3446_ (rising edge-triggered flip-flop clocked by clk)
Path Group: clk
Path Type: min

Fanout     Cap    Slew   Delay    Time   Description
-----------------------------------------------------------------------------
                  0.15    0.00    0.00   clock clk (rise edge)
                          0.00    0.00   clock network delay (ideal)
                  0.15    0.00    0.00 ^ _3409_/CLK (sky130_fd_sc_hd__dfxtp_1)
     3    0.01    0.05    0.34    0.34 v _3409_/Q (sky130_fd_sc_hd__dfxtp_1)
                                         user_peripheral.thresh_high[7] (net)
                  0.05    0.00    0.34 v _2979_/A (sky130_fd_sc_hd__inv_2)
     1    0.00    0.02    0.04    0.37 ^ _2979_/Y (sky130_fd_sc_hd__inv_2)
                                         _1137_ (net)
                  0.02    0.00    0.37 ^ _2980_/A0 (sky130_fd_sc_hd__mux2_1)
     1    0.00    0.04    0.09    0.47 ^ _2980_/X (sky130_fd_sc_hd__mux2_1)
                                         _1138_ (net)
                  0.04    0.00    0.47 ^ _2996_/A (sky130_fd_sc_hd__or3b_1)
     1    0.00    0.03    0.08    0.55 ^ _2996_/X (sky130_fd_sc_hd__or3b_1)
                                         _1154_ (net)
                  0.03    0.00    0.55 ^ _2997_/B1 (sky130_fd_sc_hd__a2bb2o_1)
     1    0.00    0.04    0.11    0.66 ^ _2997_/X (sky130_fd_sc_hd__a2bb2o_1)
                                         _0261_ (net)
                  0.04    0.00    0.66 ^ _3446_/D (sky130_fd_sc_hd__dfxtp_1)
                                  0.66   data arrival time

                  0.15    0.00    0.00   clock clk (rise edge)
                          0.00    0.00   clock network delay (ideal)
                          0.25    0.25   clock uncertainty
                          0.00    0.25   clock reconvergence pessimism
                                  0.25 ^ _3446_/CLK (sky130_fd_sc_hd__dfxtp_1)
                         -0.02    0.23   library hold time
                                  0.23   data required time
-----------------------------------------------------------------------------
                                  0.23   data required time
                                 -0.66   data arrival time
-----------------------------------------------------------------------------
                                  0.43   slack (MET)


Startpoint: _3461_ (rising edge-triggered flip-flop clocked by clk)
Endpoint: _3461_ (rising edge-triggered flip-flop clocked by clk)
Path Group: clk
Path Type: min

Fanout     Cap    Slew   Delay    Time   Description
-----------------------------------------------------------------------------
                  0.15    0.00    0.00   clock clk (rise edge)
                          0.00    0.00   clock network delay (ideal)
                  0.15    0.00    0.00 ^ _3461_/CLK (sky130_fd_sc_hd__dfrtp_1)
     5    0.01    0.11    0.39    0.39 ^ _3461_/Q (sky130_fd_sc_hd__dfrtp_1)
                                         i_spi_reg.buffer_counter[2] (net)
                  0.11    0.00    0.39 ^ _3025_/A (sky130_fd_sc_hd__nand2_1)
     2    0.01    0.06    0.08    0.47 v _3025_/Y (sky130_fd_sc_hd__nand2_1)
                                         _1171_ (net)
                  0.06    0.00    0.47 v _3027_/A (sky130_fd_sc_hd__and2_1)
     1    0.00    0.03    0.13    0.60 v _3027_/X (sky130_fd_sc_hd__and2_1)
                                         _1173_ (net)
                  0.03    0.00    0.60 v _3028_/A (sky130_fd_sc_hd__clkbuf_1)
     1    0.00    0.02    0.08    0.67 v _3028_/X (sky130_fd_sc_hd__clkbuf_1)
                                         _0273_ (net)
                  0.02    0.00    0.67 v _3461_/D (sky130_fd_sc_hd__dfrtp_1)
                                  0.67   data arrival time

                  0.15    0.00    0.00   clock clk (rise edge)
                          0.00    0.00   clock network delay (ideal)
                          0.25    0.25   clock uncertainty
                          0.00    0.25   clock reconvergence pessimism
                                  0.25 ^ _3461_/CLK (sky130_fd_sc_hd__dfrtp_1)
                         -0.01    0.24   library hold time
                                  0.24   data required time
-----------------------------------------------------------------------------
                                  0.24   data required time
                                 -0.67   data arrival time
-----------------------------------------------------------------------------
                                  0.44   slack (MET)


Startpoint: _3495_ (rising edge-triggered flip-flop clocked by clk)
Endpoint: _3452_ (rising edge-triggered flip-flop clocked by clk)
Path Group: clk
Path Type: min

Fanout     Cap    Slew   Delay    Time   Description
-----------------------------------------------------------------------------
                  0.15    0.00    0.00   clock clk (rise edge)
                          0.00    0.00   clock network delay (ideal)
                  0.15    0.00    0.00 ^ _3495_/CLK (sky130_fd_sc_hd__dfrtp_4)
     8    0.03    0.12    0.48    0.48 ^ _3495_/Q (sky130_fd_sc_hd__dfrtp_4)
                                         i_spi_reg.reg_data_o[30] (net)
                  0.12    0.00    0.48 ^ _3002_/A0 (sky130_fd_sc_hd__mux2_1)
     1    0.00    0.04    0.13    0.61 ^ _3002_/X (sky130_fd_sc_hd__mux2_1)
                                         _1157_ (net)
                  0.04    0.00    0.61 ^ _3003_/A (sky130_fd_sc_hd__clkbuf_1)
     1    0.00    0.04    0.07    0.68 ^ _3003_/X (sky130_fd_sc_hd__clkbuf_1)
                                         _0264_ (net)
                  0.04    0.00    0.68 ^ _3452_/D (sky130_fd_sc_hd__dfstp_1)
                                  0.68   data arrival time

                  0.15    0.00    0.00   clock clk (rise edge)
                          0.00    0.00   clock network delay (ideal)
                          0.25    0.25   clock uncertainty
                          0.00    0.25   clock reconvergence pessimism
                                  0.25 ^ _3452_/CLK (sky130_fd_sc_hd__dfstp_1)
                         -0.02    0.23   library hold time
                                  0.23   data required time
-----------------------------------------------------------------------------
                                  0.23   data required time
                                 -0.68   data arrival time
-----------------------------------------------------------------------------
                                  0.46   slack (MET)


Startpoint: _3453_ (rising edge-triggered flip-flop clocked by clk)
Endpoint: _3453_ (rising edge-triggered flip-flop clocked by clk)
Path Group: clk
Path Type: min

Fanout     Cap    Slew   Delay    Time   Description
-----------------------------------------------------------------------------
                  0.15    0.00    0.00   clock clk (rise edge)
                          0.00    0.00   clock network delay (ideal)
                  0.15    0.00    0.00 ^ _3453_/CLK (sky130_fd_sc_hd__dfrtp_4)
    10    0.04    0.13    0.48    0.48 ^ _3453_/Q (sky130_fd_sc_hd__dfrtp_4)
                                         i_spi_reg.addr[0] (net)
                  0.13    0.00    0.48 ^ _3004_/A1 (sky130_fd_sc_hd__mux2_1)
     1    0.00    0.04    0.13    0.62 ^ _3004_/X (sky130_fd_sc_hd__mux2_1)
                                         _1158_ (net)
                  0.04    0.00    0.62 ^ _3005_/A (sky130_fd_sc_hd__clkbuf_1)
     1    0.00    0.04    0.07    0.69 ^ _3005_/X (sky130_fd_sc_hd__clkbuf_1)
                                         _0265_ (net)
                  0.04    0.00    0.69 ^ _3453_/D (sky130_fd_sc_hd__dfrtp_4)
                                  0.69   data arrival time

                  0.15    0.00    0.00   clock clk (rise edge)
                          0.00    0.00   clock network delay (ideal)
                          0.25    0.25   clock uncertainty
                          0.00    0.25   clock reconvergence pessimism
                                  0.25 ^ _3453_/CLK (sky130_fd_sc_hd__dfrtp_4)
                         -0.02    0.23   library hold time
                                  0.23   data required time
-----------------------------------------------------------------------------
                                  0.23   data required time
                                 -0.69   data arrival time
-----------------------------------------------------------------------------
                                  0.46   slack (MET)


Startpoint: _3373_ (rising edge-triggered flip-flop clocked by clk)
Endpoint: _3373_ (rising edge-triggered flip-flop clocked by clk)
Path Group: clk
Path Type: min

Fanout     Cap    Slew   Delay    Time   Description
-----------------------------------------------------------------------------
                  0.15    0.00    0.00   clock clk (rise edge)
                          0.00    0.00   clock network delay (ideal)
                  0.15    0.00    0.00 ^ _3373_/CLK (sky130_fd_sc_hd__dfxtp_1)
     6    0.02    0.22    0.44    0.44 ^ _3373_/Q (sky130_fd_sc_hd__dfxtp_1)
                                         user_peripheral.a1[3] (net)
                  0.22    0.00    0.44 ^ _2799_/A (sky130_fd_sc_hd__or2_1)
     1    0.00    0.04    0.13    0.57 ^ _2799_/X (sky130_fd_sc_hd__or2_1)
                                         _1024_ (net)
                  0.04    0.00    0.57 ^ _2800_/B1 (sky130_fd_sc_hd__o211a_1)
     1    0.00    0.04    0.12    0.69 ^ _2800_/X (sky130_fd_sc_hd__o211a_1)
                                         _0194_ (net)
                  0.04    0.00    0.69 ^ _3373_/D (sky130_fd_sc_hd__dfxtp_1)
                                  0.69   data arrival time

                  0.15    0.00    0.00   clock clk (rise edge)
                          0.00    0.00   clock network delay (ideal)
                          0.25    0.25   clock uncertainty
                          0.00    0.25   clock reconvergence pessimism
                                  0.25 ^ _3373_/CLK (sky130_fd_sc_hd__dfxtp_1)
                         -0.02    0.23   library hold time
                                  0.23   data required time
-----------------------------------------------------------------------------
                                  0.23   data required time
                                 -0.69   data arrival time
-----------------------------------------------------------------------------
                                  0.46   slack (MET)


Startpoint: _3454_ (rising edge-triggered flip-flop clocked by clk)
Endpoint: _3454_ (rising edge-triggered flip-flop clocked by clk)
Path Group: clk
Path Type: min

Fanout     Cap    Slew   Delay    Time   Description
-----------------------------------------------------------------------------
                  0.15    0.00    0.00   clock clk (rise edge)
                          0.00    0.00   clock network delay (ideal)
                  0.15    0.00    0.00 ^ _3454_/CLK (sky130_fd_sc_hd__dfrtp_4)
    10    0.04    0.13    0.48    0.48 ^ _3454_/Q (sky130_fd_sc_hd__dfrtp_4)
                                         i_spi_reg.addr[1] (net)
                  0.13    0.00    0.48 ^ _3006_/A1 (sky130_fd_sc_hd__mux2_1)
     1    0.00    0.04    0.14    0.62 ^ _3006_/X (sky130_fd_sc_hd__mux2_1)
                                         _1159_ (net)
                  0.04    0.00    0.62 ^ _3007_/A (sky130_fd_sc_hd__clkbuf_1)
     1    0.00    0.05    0.08    0.69 ^ _3007_/X (sky130_fd_sc_hd__clkbuf_1)
                                         _0266_ (net)
                  0.05    0.00    0.69 ^ _3454_/D (sky130_fd_sc_hd__dfrtp_4)
                                  0.69   data arrival time

                  0.15    0.00    0.00   clock clk (rise edge)
                          0.00    0.00   clock network delay (ideal)
                          0.25    0.25   clock uncertainty
                          0.00    0.25   clock reconvergence pessimism
                                  0.25 ^ _3454_/CLK (sky130_fd_sc_hd__dfrtp_4)
                         -0.02    0.23   library hold time
                                  0.23   data required time
-----------------------------------------------------------------------------
                                  0.23   data required time
                                 -0.69   data arrival time
-----------------------------------------------------------------------------
                                  0.46   slack (MET)


Startpoint: _3494_ (rising edge-triggered flip-flop clocked by clk)
Endpoint: _3451_ (rising edge-triggered flip-flop clocked by clk)
Path Group: clk
Path Type: min

Fanout     Cap    Slew   Delay    Time   Description
-----------------------------------------------------------------------------
                  0.15    0.00    0.00   clock clk (rise edge)
                          0.00    0.00   clock network delay (ideal)
                  0.15    0.00    0.00 ^ _3494_/CLK (sky130_fd_sc_hd__dfrtp_4)
     9    0.04    0.13    0.49    0.49 ^ _3494_/Q (sky130_fd_sc_hd__dfrtp_4)
                                         i_spi_reg.reg_data_o[29] (net)
                  0.13    0.00    0.49 ^ _3000_/A0 (sky130_fd_sc_hd__mux2_1)
     1    0.00    0.04    0.13    0.62 ^ _3000_/X (sky130_fd_sc_hd__mux2_1)
                                         _1156_ (net)
                  0.04    0.00    0.62 ^ _3001_/A (sky130_fd_sc_hd__clkbuf_1)
     1    0.00    0.04    0.07    0.69 ^ _3001_/X (sky130_fd_sc_hd__clkbuf_1)
                                         _0263_ (net)
                  0.04    0.00    0.69 ^ _3451_/D (sky130_fd_sc_hd__dfstp_1)
                                  0.69   data arrival time

                  0.15    0.00    0.00   clock clk (rise edge)
                          0.00    0.00   clock network delay (ideal)
                          0.25    0.25   clock uncertainty
                          0.00    0.25   clock reconvergence pessimism
                                  0.25 ^ _3451_/CLK (sky130_fd_sc_hd__dfstp_1)
                         -0.02    0.23   library hold time
                                  0.23   data required time
-----------------------------------------------------------------------------
                                  0.23   data required time
                                 -0.69   data arrival time
-----------------------------------------------------------------------------
                                  0.46   slack (MET)


Startpoint: _3433_ (rising edge-triggered flip-flop clocked by clk)
Endpoint: _3433_ (rising edge-triggered flip-flop clocked by clk)
Path Group: clk
Path Type: min

Fanout     Cap    Slew   Delay    Time   Description
-----------------------------------------------------------------------------
                  0.15    0.00    0.00   clock clk (rise edge)
                          0.00    0.00   clock network delay (ideal)
                  0.15    0.00    0.00 ^ _3433_/CLK (sky130_fd_sc_hd__dfxtp_4)
     8    0.04    0.07    0.39    0.39 v _3433_/Q (sky130_fd_sc_hd__dfxtp_4)
                                         user_peripheral.cfg_wlen[3] (net)
                  0.07    0.00    0.39 v _2019_/A (sky130_fd_sc_hd__inv_2)
     7    0.03    0.16    0.15    0.54 ^ _2019_/Y (sky130_fd_sc_hd__inv_2)
                                         _0351_ (net)
                  0.16    0.00    0.54 ^ _2963_/A (sky130_fd_sc_hd__nand2_1)
     1    0.00    0.04    0.06    0.60 v _2963_/Y (sky130_fd_sc_hd__nand2_1)
                                         _1128_ (net)
                  0.04    0.00    0.60 v _2964_/B1 (sky130_fd_sc_hd__o211a_1)
     1    0.00    0.03    0.10    0.71 v _2964_/X (sky130_fd_sc_hd__o211a_1)
                                         _0254_ (net)
                  0.03    0.00    0.71 v _3433_/D (sky130_fd_sc_hd__dfxtp_4)
                                  0.71   data arrival time

                  0.15    0.00    0.00   clock clk (rise edge)
                          0.00    0.00   clock network delay (ideal)
                          0.25    0.25   clock uncertainty
                          0.00    0.25   clock reconvergence pessimism
                                  0.25 ^ _3433_/CLK (sky130_fd_sc_hd__dfxtp_4)
                         -0.02    0.23   library hold time
                                  0.23   data required time
-----------------------------------------------------------------------------
                                  0.23   data required time
                                 -0.71   data arrival time
-----------------------------------------------------------------------------
                                  0.47   slack (MET)


Startpoint: _3478_ (rising edge-triggered flip-flop clocked by clk)
Endpoint: _3478_ (rising edge-triggered flip-flop clocked by clk)
Path Group: clk
Path Type: min

Fanout     Cap    Slew   Delay    Time   Description
-----------------------------------------------------------------------------
                  0.15    0.00    0.00   clock clk (rise edge)
                          0.00    0.00   clock network delay (ideal)
                  0.15    0.00    0.00 ^ _3478_/CLK (sky130_fd_sc_hd__dfrtp_4)
    10    0.04    0.14    0.49    0.49 ^ _3478_/Q (sky130_fd_sc_hd__dfrtp_4)
                                         i_spi_reg.reg_data_o[13] (net)
                  0.14    0.00    0.49 ^ _3116_/A0 (sky130_fd_sc_hd__mux2_1)
     1    0.00    0.04    0.14    0.63 ^ _3116_/X (sky130_fd_sc_hd__mux2_1)
                                         _1245_ (net)
                  0.04    0.00    0.63 ^ _3117_/A (sky130_fd_sc_hd__clkbuf_1)
     1    0.00    0.04    0.07    0.70 ^ _3117_/X (sky130_fd_sc_hd__clkbuf_1)
                                         _0290_ (net)
                  0.04    0.00    0.70 ^ _3478_/D (sky130_fd_sc_hd__dfrtp_4)
                                  0.70   data arrival time

                  0.15    0.00    0.00   clock clk (rise edge)
                          0.00    0.00   clock network delay (ideal)
                          0.25    0.25   clock uncertainty
                          0.00    0.25   clock reconvergence pessimism
                                  0.25 ^ _3478_/CLK (sky130_fd_sc_hd__dfrtp_4)
                         -0.02    0.23   library hold time
                                  0.23   data required time
-----------------------------------------------------------------------------
                                  0.23   data required time
                                 -0.70   data arrival time
-----------------------------------------------------------------------------
                                  0.47   slack (MET)


Startpoint: _3477_ (rising edge-triggered flip-flop clocked by clk)
Endpoint: _3477_ (rising edge-triggered flip-flop clocked by clk)
Path Group: clk
Path Type: min

Fanout     Cap    Slew   Delay    Time   Description
-----------------------------------------------------------------------------
                  0.15    0.00    0.00   clock clk (rise edge)
                          0.00    0.00   clock network delay (ideal)
                  0.15    0.00    0.00 ^ _3477_/CLK (sky130_fd_sc_hd__dfrtp_4)
    10    0.05    0.15    0.50    0.50 ^ _3477_/Q (sky130_fd_sc_hd__dfrtp_4)
                                         i_spi_reg.reg_data_o[12] (net)
                  0.15    0.00    0.50 ^ _3112_/A0 (sky130_fd_sc_hd__mux2_1)
     1    0.00    0.04    0.14    0.64 ^ _3112_/X (sky130_fd_sc_hd__mux2_1)
                                         _1242_ (net)
                  0.04    0.00    0.64 ^ _3113_/A (sky130_fd_sc_hd__clkbuf_1)
     1    0.00    0.04    0.07    0.71 ^ _3113_/X (sky130_fd_sc_hd__clkbuf_1)
                                         _0289_ (net)
                  0.04    0.00    0.71 ^ _3477_/D (sky130_fd_sc_hd__dfrtp_4)
                                  0.71   data arrival time

                  0.15    0.00    0.00   clock clk (rise edge)
                          0.00    0.00   clock network delay (ideal)
                          0.25    0.25   clock uncertainty
                          0.00    0.25   clock reconvergence pessimism
                                  0.25 ^ _3477_/CLK (sky130_fd_sc_hd__dfrtp_4)
                         -0.02    0.23   library hold time
                                  0.23   data required time
-----------------------------------------------------------------------------
                                  0.23   data required time
                                 -0.71   data arrival time
-----------------------------------------------------------------------------
                                  0.48   slack (MET)


Startpoint: _3473_ (rising edge-triggered flip-flop clocked by clk)
Endpoint: _3434_ (rising edge-triggered flip-flop clocked by clk)
Path Group: clk
Path Type: min

Fanout     Cap    Slew   Delay    Time   Description
-----------------------------------------------------------------------------
                  0.15    0.00    0.00   clock clk (rise edge)
                          0.00    0.00   clock network delay (ideal)
                  0.15    0.00    0.00 ^ _3473_/CLK (sky130_fd_sc_hd__dfrtp_1)
     3    0.01    0.08    0.36    0.36 ^ _3473_/Q (sky130_fd_sc_hd__dfrtp_1)
                                         i_spi_reg.reg_data_o[8] (net)
                  0.08    0.00    0.36 ^ _1617_/A (sky130_fd_sc_hd__clkbuf_4)
    10    0.04    0.14    0.20    0.57 ^ _1617_/X (sky130_fd_sc_hd__clkbuf_4)
                                         _1312_ (net)
                  0.14    0.00    0.57 ^ _2966_/A1 (sky130_fd_sc_hd__o211a_1)
     1    0.00    0.03    0.15    0.72 ^ _2966_/X (sky130_fd_sc_hd__o211a_1)
                                         _0255_ (net)
                  0.03    0.00    0.72 ^ _3434_/D (sky130_fd_sc_hd__dfxtp_2)
                                  0.72   data arrival time

                  0.15    0.00    0.00   clock clk (rise edge)
                          0.00    0.00   clock network delay (ideal)
                          0.25    0.25   clock uncertainty
                          0.00    0.25   clock reconvergence pessimism
                                  0.25 ^ _3434_/CLK (sky130_fd_sc_hd__dfxtp_2)
                         -0.02    0.23   library hold time
                                  0.23   data required time
-----------------------------------------------------------------------------
                                  0.23   data required time
                                 -0.72   data arrival time
-----------------------------------------------------------------------------
                                  0.48   slack (MET)


Startpoint: _3480_ (rising edge-triggered flip-flop clocked by clk)
Endpoint: _3480_ (rising edge-triggered flip-flop clocked by clk)
Path Group: clk
Path Type: min

Fanout     Cap    Slew   Delay    Time   Description
-----------------------------------------------------------------------------
                  0.15    0.00    0.00   clock clk (rise edge)
                          0.00    0.00   clock network delay (ideal)
                  0.15    0.00    0.00 ^ _3480_/CLK (sky130_fd_sc_hd__dfrtp_4)
    10    0.05    0.16    0.50    0.50 ^ _3480_/Q (sky130_fd_sc_hd__dfrtp_4)
                                         i_spi_reg.reg_data_o[15] (net)
                  0.16    0.00    0.50 ^ _3124_/A0 (sky130_fd_sc_hd__mux2_1)
     1    0.00    0.04    0.14    0.64 ^ _3124_/X (sky130_fd_sc_hd__mux2_1)
                                         _1251_ (net)
                  0.04    0.00    0.64 ^ _3125_/A (sky130_fd_sc_hd__clkbuf_1)
     1    0.00    0.04    0.07    0.72 ^ _3125_/X (sky130_fd_sc_hd__clkbuf_1)
                                         _0292_ (net)
                  0.04    0.00    0.72 ^ _3480_/D (sky130_fd_sc_hd__dfrtp_4)
                                  0.72   data arrival time

                  0.15    0.00    0.00   clock clk (rise edge)
                          0.00    0.00   clock network delay (ideal)
                          0.25    0.25   clock uncertainty
                          0.00    0.25   clock reconvergence pessimism
                                  0.25 ^ _3480_/CLK (sky130_fd_sc_hd__dfrtp_4)
                         -0.02    0.23   library hold time
                                  0.23   data required time
-----------------------------------------------------------------------------
                                  0.23   data required time
                                 -0.72   data arrival time
-----------------------------------------------------------------------------
                                  0.49   slack (MET)


Startpoint: _3479_ (rising edge-triggered flip-flop clocked by clk)
Endpoint: _3479_ (rising edge-triggered flip-flop clocked by clk)
Path Group: clk
Path Type: min

Fanout     Cap    Slew   Delay    Time   Description
-----------------------------------------------------------------------------
                  0.15    0.00    0.00   clock clk (rise edge)
                          0.00    0.00   clock network delay (ideal)
                  0.15    0.00    0.00 ^ _3479_/CLK (sky130_fd_sc_hd__dfrtp_4)
    10    0.04    0.15    0.50    0.50 ^ _3479_/Q (sky130_fd_sc_hd__dfrtp_4)
                                         i_spi_reg.reg_data_o[14] (net)
                  0.15    0.00    0.50 ^ _3120_/A0 (sky130_fd_sc_hd__mux2_1)
     1    0.00    0.05    0.15    0.64 ^ _3120_/X (sky130_fd_sc_hd__mux2_1)
                                         _1248_ (net)
                  0.05    0.00    0.64 ^ _3121_/A (sky130_fd_sc_hd__clkbuf_1)
     1    0.00    0.04    0.07    0.72 ^ _3121_/X (sky130_fd_sc_hd__clkbuf_1)
                                         _0291_ (net)
                  0.04    0.00    0.72 ^ _3479_/D (sky130_fd_sc_hd__dfrtp_4)
                                  0.72   data arrival time

                  0.15    0.00    0.00   clock clk (rise edge)
                          0.00    0.00   clock network delay (ideal)
                          0.25    0.25   clock uncertainty
                          0.00    0.25   clock reconvergence pessimism
                                  0.25 ^ _3479_/CLK (sky130_fd_sc_hd__dfrtp_4)
                         -0.02    0.23   library hold time
                                  0.23   data required time
-----------------------------------------------------------------------------
                                  0.23   data required time
                                 -0.72   data arrival time
-----------------------------------------------------------------------------
                                  0.49   slack (MET)


Startpoint: _3429_ (rising edge-triggered flip-flop clocked by clk)
Endpoint: _3429_ (rising edge-triggered flip-flop clocked by clk)
Path Group: clk
Path Type: min

Fanout     Cap    Slew   Delay    Time   Description
-----------------------------------------------------------------------------
                  0.15    0.00    0.00   clock clk (rise edge)
                          0.00    0.00   clock network delay (ideal)
                  0.15    0.00    0.00 ^ _3429_/CLK (sky130_fd_sc_hd__dfxtp_1)
     3    0.01    0.06    0.34    0.34 v _3429_/Q (sky130_fd_sc_hd__dfxtp_1)
                                         user_peripheral.auto_en (net)
                  0.06    0.00    0.34 v _1722_/A (sky130_fd_sc_hd__inv_2)
     5    0.02    0.10    0.10    0.44 ^ _1722_/Y (sky130_fd_sc_hd__inv_2)
                                         _1384_ (net)
                  0.10    0.00    0.44 ^ _2947_/B1 (sky130_fd_sc_hd__o21ai_1)
     1    0.00    0.03    0.06    0.51 v _2947_/Y (sky130_fd_sc_hd__o21ai_1)
                                         _1116_ (net)
                  0.03    0.00    0.51 v _2949_/B (sky130_fd_sc_hd__and3_1)
     1    0.00    0.03    0.14    0.65 v _2949_/X (sky130_fd_sc_hd__and3_1)
                                         _1118_ (net)
                  0.03    0.00    0.65 v _2950_/A (sky130_fd_sc_hd__clkbuf_1)
     1    0.00    0.02    0.07    0.72 v _2950_/X (sky130_fd_sc_hd__clkbuf_1)
                                         _0250_ (net)
                  0.02    0.00    0.72 v _3429_/D (sky130_fd_sc_hd__dfxtp_1)
                                  0.72   data arrival time

                  0.15    0.00    0.00   clock clk (rise edge)
                          0.00    0.00   clock network delay (ideal)
                          0.25    0.25   clock uncertainty
                          0.00    0.25   clock reconvergence pessimism
                                  0.25 ^ _3429_/CLK (sky130_fd_sc_hd__dfxtp_1)
                         -0.02    0.23   library hold time
                                  0.23   data required time
-----------------------------------------------------------------------------
                                  0.23   data required time
                                 -0.72   data arrival time
-----------------------------------------------------------------------------
                                  0.49   slack (MET)


Startpoint: _3411_ (rising edge-triggered flip-flop clocked by clk)
Endpoint: _3411_ (rising edge-triggered flip-flop clocked by clk)
Path Group: clk
Path Type: min

Fanout     Cap    Slew   Delay    Time   Description
-----------------------------------------------------------------------------
                  0.15    0.00    0.00   clock clk (rise edge)
                          0.00    0.00   clock network delay (ideal)
                  0.15    0.00    0.00 ^ _3411_/CLK (sky130_fd_sc_hd__dfrtp_2)
     9    0.02    0.11    0.42    0.42 ^ _3411_/Q (sky130_fd_sc_hd__dfrtp_2)
                                         i_spi_reg.state[1] (net)
                  0.11    0.00    0.42 ^ _2898_/A (sky130_fd_sc_hd__and3_1)
     1    0.00    0.05    0.15    0.57 ^ _2898_/X (sky130_fd_sc_hd__and3_1)
                                         _1085_ (net)
                  0.05    0.00    0.57 ^ _2901_/B (sky130_fd_sc_hd__or3b_1)
     1    0.00    0.04    0.09    0.65 ^ _2901_/X (sky130_fd_sc_hd__or3b_1)
                                         _1088_ (net)
                  0.04    0.00    0.65 ^ _2902_/A (sky130_fd_sc_hd__clkbuf_1)
     1    0.00    0.04    0.07    0.72 ^ _2902_/X (sky130_fd_sc_hd__clkbuf_1)
                                         _0232_ (net)
                  0.04    0.00    0.72 ^ _3411_/D (sky130_fd_sc_hd__dfrtp_2)
                                  0.72   data arrival time

                  0.15    0.00    0.00   clock clk (rise edge)
                          0.00    0.00   clock network delay (ideal)
                          0.25    0.25   clock uncertainty
                          0.00    0.25   clock reconvergence pessimism
                                  0.25 ^ _3411_/CLK (sky130_fd_sc_hd__dfrtp_2)
                         -0.02    0.23   library hold time
                                  0.23   data required time
-----------------------------------------------------------------------------
                                  0.23   data required time
                                 -0.72   data arrival time
-----------------------------------------------------------------------------
                                  0.49   slack (MET)


Startpoint: _3475_ (rising edge-triggered flip-flop clocked by clk)
Endpoint: _3475_ (rising edge-triggered flip-flop clocked by clk)
Path Group: clk
Path Type: min

Fanout     Cap    Slew   Delay    Time   Description
-----------------------------------------------------------------------------
                  0.15    0.00    0.00   clock clk (rise edge)
                          0.00    0.00   clock network delay (ideal)
                  0.15    0.00    0.00 ^ _3475_/CLK (sky130_fd_sc_hd__dfrtp_1)
     2    0.01    0.06    0.35    0.35 ^ _3475_/Q (sky130_fd_sc_hd__dfrtp_1)
                                         i_spi_reg.reg_data_o[10] (net)
                  0.06    0.00    0.35 ^ _2412_/A (sky130_fd_sc_hd__buf_4)
    10    0.05    0.14    0.18    0.53 ^ _2412_/X (sky130_fd_sc_hd__buf_4)
                                         _0670_ (net)
                  0.14    0.00    0.53 ^ _3103_/A0 (sky130_fd_sc_hd__mux2_1)
     1    0.00    0.04    0.14    0.67 ^ _3103_/X (sky130_fd_sc_hd__mux2_1)
                                         _1235_ (net)
                  0.04    0.00    0.67 ^ _3104_/A (sky130_fd_sc_hd__clkbuf_1)
     1    0.00    0.04    0.07    0.74 ^ _3104_/X (sky130_fd_sc_hd__clkbuf_1)
                                         _0287_ (net)
                  0.04    0.00    0.74 ^ _3475_/D (sky130_fd_sc_hd__dfrtp_1)
                                  0.74   data arrival time

                  0.15    0.00    0.00   clock clk (rise edge)
                          0.00    0.00   clock network delay (ideal)
                          0.25    0.25   clock uncertainty
                          0.00    0.25   clock reconvergence pessimism
                                  0.25 ^ _3475_/CLK (sky130_fd_sc_hd__dfrtp_1)
                         -0.02    0.23   library hold time
                                  0.23   data required time
-----------------------------------------------------------------------------
                                  0.23   data required time
                                 -0.74   data arrival time
-----------------------------------------------------------------------------
                                  0.51   slack (MET)


Startpoint: _3467_ (rising edge-triggered flip-flop clocked by clk)
Endpoint: _3436_ (rising edge-triggered flip-flop clocked by clk)
Path Group: clk
Path Type: min

Fanout     Cap    Slew   Delay    Time   Description
-----------------------------------------------------------------------------
                  0.15    0.00    0.00   clock clk (rise edge)
                          0.00    0.00   clock network delay (ideal)
                  0.15    0.00    0.00 ^ _3467_/CLK (sky130_fd_sc_hd__dfrtp_1)
     4    0.01    0.11    0.39    0.39 ^ _3467_/Q (sky130_fd_sc_hd__dfrtp_1)
                                         i_spi_reg.reg_data_o[2] (net)
                  0.11    0.00    0.39 ^ _1958_/A (sky130_fd_sc_hd__clkbuf_4)
    10    0.04    0.13    0.21    0.60 ^ _1958_/X (sky130_fd_sc_hd__clkbuf_4)
                                         _0310_ (net)
                  0.13    0.00    0.60 ^ _2970_/A1 (sky130_fd_sc_hd__o211a_1)
     1    0.00    0.04    0.15    0.75 ^ _2970_/X (sky130_fd_sc_hd__o211a_1)
                                         _0257_ (net)
                  0.04    0.00    0.75 ^ _3436_/D (sky130_fd_sc_hd__dfxtp_1)
                                  0.75   data arrival time

                  0.15    0.00    0.00   clock clk (rise edge)
                          0.00    0.00   clock network delay (ideal)
                          0.25    0.25   clock uncertainty
                          0.00    0.25   clock reconvergence pessimism
                                  0.25 ^ _3436_/CLK (sky130_fd_sc_hd__dfxtp_1)
                         -0.02    0.23   library hold time
                                  0.23   data required time
-----------------------------------------------------------------------------
                                  0.23   data required time
                                 -0.75   data arrival time
-----------------------------------------------------------------------------
                                  0.51   slack (MET)


Startpoint: _3474_ (rising edge-triggered flip-flop clocked by clk)
Endpoint: _3474_ (rising edge-triggered flip-flop clocked by clk)
Path Group: clk
Path Type: min

Fanout     Cap    Slew   Delay    Time   Description
-----------------------------------------------------------------------------
                  0.15    0.00    0.00   clock clk (rise edge)
                          0.00    0.00   clock network delay (ideal)
                  0.15    0.00    0.00 ^ _3474_/CLK (sky130_fd_sc_hd__dfrtp_1)
     2    0.00    0.06    0.35    0.35 ^ _3474_/Q (sky130_fd_sc_hd__dfrtp_1)
                                         i_spi_reg.reg_data_o[9] (net)
                  0.06    0.00    0.35 ^ _2399_/A (sky130_fd_sc_hd__clkbuf_4)
    10    0.04    0.14    0.20    0.55 ^ _2399_/X (sky130_fd_sc_hd__clkbuf_4)
                                         _0658_ (net)
                  0.14    0.00    0.55 ^ _3098_/A0 (sky130_fd_sc_hd__mux2_1)
     1    0.00    0.04    0.14    0.68 ^ _3098_/X (sky130_fd_sc_hd__mux2_1)
                                         _1231_ (net)
                  0.04    0.00    0.68 ^ _3099_/A (sky130_fd_sc_hd__clkbuf_1)
     1    0.00    0.04    0.07    0.75 ^ _3099_/X (sky130_fd_sc_hd__clkbuf_1)
                                         _0286_ (net)
                  0.04    0.00    0.75 ^ _3474_/D (sky130_fd_sc_hd__dfrtp_1)
                                  0.75   data arrival time

                  0.15    0.00    0.00   clock clk (rise edge)
                          0.00    0.00   clock network delay (ideal)
                          0.25    0.25   clock uncertainty
                          0.00    0.25   clock reconvergence pessimism
                                  0.25 ^ _3474_/CLK (sky130_fd_sc_hd__dfrtp_1)
                         -0.02    0.23   library hold time
                                  0.23   data required time
-----------------------------------------------------------------------------
                                  0.23   data required time
                                 -0.75   data arrival time
-----------------------------------------------------------------------------
                                  0.52   slack (MET)


Startpoint: _3271_ (rising edge-triggered flip-flop clocked by clk)
Endpoint: _3470_ (rising edge-triggered flip-flop clocked by clk)
Path Group: clk
Path Type: min

Fanout     Cap    Slew   Delay    Time   Description
-----------------------------------------------------------------------------
                  0.15    0.00    0.00   clock clk (rise edge)
                          0.00    0.00   clock network delay (ideal)
                  0.15    0.00    0.00 ^ _3271_/CLK (sky130_fd_sc_hd__dfxtp_1)
     2    0.01    0.06    0.33    0.33 ^ _3271_/Q (sky130_fd_sc_hd__dfxtp_1)
                                         user_peripheral.rx_hold[5] (net)
                  0.06    0.00    0.33 ^ _3078_/A (sky130_fd_sc_hd__or2_1)
     1    0.00    0.04    0.09    0.43 ^ _3078_/X (sky130_fd_sc_hd__or2_1)
                                         _1215_ (net)
                  0.04    0.00    0.43 ^ _3079_/A3 (sky130_fd_sc_hd__a32o_1)
     1    0.00    0.05    0.14    0.57 ^ _3079_/X (sky130_fd_sc_hd__a32o_1)
                                         _1216_ (net)
                  0.05    0.00    0.57 ^ _3080_/A1 (sky130_fd_sc_hd__mux2_1)
     1    0.00    0.04    0.11    0.68 ^ _3080_/X (sky130_fd_sc_hd__mux2_1)
                                         _1217_ (net)
                  0.04    0.00    0.68 ^ _3081_/A (sky130_fd_sc_hd__clkbuf_1)
     1    0.00    0.04    0.07    0.76 ^ _3081_/X (sky130_fd_sc_hd__clkbuf_1)
                                         _0282_ (net)
                  0.04    0.00    0.76 ^ _3470_/D (sky130_fd_sc_hd__dfrtp_1)
                                  0.76   data arrival time

                  0.15    0.00    0.00   clock clk (rise edge)
                          0.00    0.00   clock network delay (ideal)
                          0.25    0.25   clock uncertainty
                          0.00    0.25   clock reconvergence pessimism
                                  0.25 ^ _3470_/CLK (sky130_fd_sc_hd__dfrtp_1)
                         -0.02    0.23   library hold time
                                  0.23   data required time
-----------------------------------------------------------------------------
                                  0.23   data required time
                                 -0.76   data arrival time
-----------------------------------------------------------------------------
                                  0.53   slack (MET)


Startpoint: _3277_ (rising edge-triggered flip-flop clocked by clk)
Endpoint: _3476_ (rising edge-triggered flip-flop clocked by clk)
Path Group: clk
Path Type: min

Fanout     Cap    Slew   Delay    Time   Description
-----------------------------------------------------------------------------
                  0.15    0.00    0.00   clock clk (rise edge)
                          0.00    0.00   clock network delay (ideal)
                  0.15    0.00    0.00 ^ _3277_/CLK (sky130_fd_sc_hd__dfxtp_1)
     2    0.01    0.07    0.34    0.34 ^ _3277_/Q (sky130_fd_sc_hd__dfxtp_1)
                                         user_peripheral.rx_hold[11] (net)
                  0.07    0.00    0.34 ^ _3106_/A1 (sky130_fd_sc_hd__a22o_1)
     1    0.00    0.06    0.13    0.47 ^ _3106_/X (sky130_fd_sc_hd__a22o_1)
                                         _1237_ (net)
                  0.06    0.00    0.47 ^ _3107_/B2 (sky130_fd_sc_hd__a22o_1)
     1    0.00    0.04    0.11    0.58 ^ _3107_/X (sky130_fd_sc_hd__a22o_1)
                                         _1238_ (net)
                  0.04    0.00    0.58 ^ _3108_/A1 (sky130_fd_sc_hd__mux2_1)
     1    0.00    0.04    0.11    0.69 ^ _3108_/X (sky130_fd_sc_hd__mux2_1)
                                         _1239_ (net)
                  0.04    0.00    0.69 ^ _3109_/A (sky130_fd_sc_hd__clkbuf_1)
     1    0.00    0.04    0.07    0.76 ^ _3109_/X (sky130_fd_sc_hd__clkbuf_1)
                                         _0288_ (net)
                  0.04    0.00    0.76 ^ _3476_/D (sky130_fd_sc_hd__dfrtp_1)
                                  0.76   data arrival time

                  0.15    0.00    0.00   clock clk (rise edge)
                          0.00    0.00   clock network delay (ideal)
                          0.25    0.25   clock uncertainty
                          0.00    0.25   clock reconvergence pessimism
                                  0.25 ^ _3476_/CLK (sky130_fd_sc_hd__dfrtp_1)
                         -0.02    0.23   library hold time
                                  0.23   data required time
-----------------------------------------------------------------------------
                                  0.23   data required time
                                 -0.76   data arrival time
-----------------------------------------------------------------------------
                                  0.53   slack (MET)


Startpoint: _3267_ (rising edge-triggered flip-flop clocked by clk)
Endpoint: _3466_ (rising edge-triggered flip-flop clocked by clk)
Path Group: clk
Path Type: min

Fanout     Cap    Slew   Delay    Time   Description
-----------------------------------------------------------------------------
                  0.15    0.00    0.00   clock clk (rise edge)
                          0.00    0.00   clock network delay (ideal)
                  0.15    0.00    0.00 ^ _3267_/CLK (sky130_fd_sc_hd__dfxtp_1)
     2    0.01    0.07    0.34    0.34 ^ _3267_/Q (sky130_fd_sc_hd__dfxtp_1)
                                         user_peripheral.rx_hold[1] (net)
                  0.07    0.00    0.34 ^ _3055_/A (sky130_fd_sc_hd__or2_1)
     1    0.00    0.04    0.09    0.43 ^ _3055_/X (sky130_fd_sc_hd__or2_1)
                                         _1196_ (net)
                  0.04    0.00    0.43 ^ _3057_/A3 (sky130_fd_sc_hd__a32o_1)
     1    0.00    0.05    0.14    0.58 ^ _3057_/X (sky130_fd_sc_hd__a32o_1)
                                         _1198_ (net)
                  0.05    0.00    0.58 ^ _3058_/A1 (sky130_fd_sc_hd__mux2_1)
     1    0.00    0.04    0.11    0.69 ^ _3058_/X (sky130_fd_sc_hd__mux2_1)
                                         _1199_ (net)
                  0.04    0.00    0.69 ^ _3059_/A (sky130_fd_sc_hd__clkbuf_1)
     1    0.00    0.04    0.07    0.76 ^ _3059_/X (sky130_fd_sc_hd__clkbuf_1)
                                         _0278_ (net)
                  0.04    0.00    0.76 ^ _3466_/D (sky130_fd_sc_hd__dfrtp_4)
                                  0.76   data arrival time

                  0.15    0.00    0.00   clock clk (rise edge)
                          0.00    0.00   clock network delay (ideal)
                          0.25    0.25   clock uncertainty
                          0.00    0.25   clock reconvergence pessimism
                                  0.25 ^ _3466_/CLK (sky130_fd_sc_hd__dfrtp_4)
                         -0.02    0.23   library hold time
                                  0.23   data required time
-----------------------------------------------------------------------------
                                  0.23   data required time
                                 -0.76   data arrival time
-----------------------------------------------------------------------------
                                  0.53   slack (MET)


Startpoint: _3273_ (rising edge-triggered flip-flop clocked by clk)
Endpoint: _3472_ (rising edge-triggered flip-flop clocked by clk)
Path Group: clk
Path Type: min

Fanout     Cap    Slew   Delay    Time   Description
-----------------------------------------------------------------------------
                  0.15    0.00    0.00   clock clk (rise edge)
                          0.00    0.00   clock network delay (ideal)
                  0.15    0.00    0.00 ^ _3273_/CLK (sky130_fd_sc_hd__dfxtp_1)
     2    0.01    0.06    0.34    0.34 ^ _3273_/Q (sky130_fd_sc_hd__dfxtp_1)
                                         user_peripheral.rx_hold[7] (net)
                  0.06    0.00    0.34 ^ _3087_/A1 (sky130_fd_sc_hd__a22o_1)
     1    0.00    0.06    0.14    0.47 ^ _3087_/X (sky130_fd_sc_hd__a22o_1)
                                         _1222_ (net)
                  0.06    0.00    0.47 ^ _3088_/B2 (sky130_fd_sc_hd__a22o_1)
     1    0.00    0.04    0.11    0.58 ^ _3088_/X (sky130_fd_sc_hd__a22o_1)
                                         _1223_ (net)
                  0.04    0.00    0.58 ^ _3089_/A1 (sky130_fd_sc_hd__mux2_1)
     1    0.00    0.04    0.11    0.69 ^ _3089_/X (sky130_fd_sc_hd__mux2_1)
                                         _1224_ (net)
                  0.04    0.00    0.69 ^ _3090_/A (sky130_fd_sc_hd__clkbuf_1)
     1    0.00    0.04    0.07    0.76 ^ _3090_/X (sky130_fd_sc_hd__clkbuf_1)
                                         _0284_ (net)
                  0.04    0.00    0.76 ^ _3472_/D (sky130_fd_sc_hd__dfrtp_1)
                                  0.76   data arrival time

                  0.15    0.00    0.00   clock clk (rise edge)
                          0.00    0.00   clock network delay (ideal)
                          0.25    0.25   clock uncertainty
                          0.00    0.25   clock reconvergence pessimism
                                  0.25 ^ _3472_/CLK (sky130_fd_sc_hd__dfrtp_1)
                         -0.02    0.23   library hold time
                                  0.23   data required time
-----------------------------------------------------------------------------
                                  0.23   data required time
                                 -0.76   data arrival time
-----------------------------------------------------------------------------
                                  0.53   slack (MET)


Startpoint: _3269_ (rising edge-triggered flip-flop clocked by clk)
Endpoint: _3468_ (rising edge-triggered flip-flop clocked by clk)
Path Group: clk
Path Type: min

Fanout     Cap    Slew   Delay    Time   Description
-----------------------------------------------------------------------------
                  0.15    0.00    0.00   clock clk (rise edge)
                          0.00    0.00   clock network delay (ideal)
                  0.15    0.00    0.00 ^ _3269_/CLK (sky130_fd_sc_hd__dfxtp_1)
     2    0.01    0.07    0.34    0.34 ^ _3269_/Q (sky130_fd_sc_hd__dfxtp_1)
                                         user_peripheral.rx_hold[3] (net)
                  0.07    0.00    0.34 ^ _3068_/A (sky130_fd_sc_hd__or2_1)
     1    0.00    0.04    0.09    0.43 ^ _3068_/X (sky130_fd_sc_hd__or2_1)
                                         _1207_ (net)
                  0.04    0.00    0.43 ^ _3069_/A3 (sky130_fd_sc_hd__a32o_1)
     1    0.00    0.05    0.14    0.58 ^ _3069_/X (sky130_fd_sc_hd__a32o_1)
                                         _1208_ (net)
                  0.05    0.00    0.58 ^ _3070_/A1 (sky130_fd_sc_hd__mux2_1)
     1    0.00    0.04    0.11    0.69 ^ _3070_/X (sky130_fd_sc_hd__mux2_1)
                                         _1209_ (net)
                  0.04    0.00    0.69 ^ _3071_/A (sky130_fd_sc_hd__clkbuf_1)
     1    0.00    0.04    0.07    0.76 ^ _3071_/X (sky130_fd_sc_hd__clkbuf_1)
                                         _0280_ (net)
                  0.04    0.00    0.76 ^ _3468_/D (sky130_fd_sc_hd__dfrtp_1)
                                  0.76   data arrival time

                  0.15    0.00    0.00   clock clk (rise edge)
                          0.00    0.00   clock network delay (ideal)
                          0.25    0.25   clock uncertainty
                          0.00    0.25   clock reconvergence pessimism
                                  0.25 ^ _3468_/CLK (sky130_fd_sc_hd__dfrtp_1)
                         -0.02    0.23   library hold time
                                  0.23   data required time
-----------------------------------------------------------------------------
                                  0.23   data required time
                                 -0.76   data arrival time
-----------------------------------------------------------------------------
                                  0.53   slack (MET)


Startpoint: _3270_ (rising edge-triggered flip-flop clocked by clk)
Endpoint: _3469_ (rising edge-triggered flip-flop clocked by clk)
Path Group: clk
Path Type: min

Fanout     Cap    Slew   Delay    Time   Description
-----------------------------------------------------------------------------
                  0.15    0.00    0.00   clock clk (rise edge)
                          0.00    0.00   clock network delay (ideal)
                  0.15    0.00    0.00 ^ _3270_/CLK (sky130_fd_sc_hd__dfxtp_1)
     2    0.01    0.07    0.34    0.34 ^ _3270_/Q (sky130_fd_sc_hd__dfxtp_1)
                                         user_peripheral.rx_hold[4] (net)
                  0.07    0.00    0.34 ^ _3073_/A (sky130_fd_sc_hd__or2_1)
     1    0.00    0.04    0.09    0.43 ^ _3073_/X (sky130_fd_sc_hd__or2_1)
                                         _1211_ (net)
                  0.04    0.00    0.43 ^ _3074_/A3 (sky130_fd_sc_hd__a32o_1)
     1    0.00    0.05    0.14    0.57 ^ _3074_/X (sky130_fd_sc_hd__a32o_1)
                                         _1212_ (net)
                  0.05    0.00    0.57 ^ _3075_/A1 (sky130_fd_sc_hd__mux2_1)
     1    0.00    0.04    0.11    0.68 ^ _3075_/X (sky130_fd_sc_hd__mux2_1)
                                         _1213_ (net)
                  0.04    0.00    0.68 ^ _3076_/A (sky130_fd_sc_hd__clkbuf_1)
     1    0.00    0.05    0.08    0.76 ^ _3076_/X (sky130_fd_sc_hd__clkbuf_1)
                                         _0281_ (net)
                  0.05    0.00    0.76 ^ _3469_/D (sky130_fd_sc_hd__dfrtp_1)
                                  0.76   data arrival time

                  0.15    0.00    0.00   clock clk (rise edge)
                          0.00    0.00   clock network delay (ideal)
                          0.25    0.25   clock uncertainty
                          0.00    0.25   clock reconvergence pessimism
                                  0.25 ^ _3469_/CLK (sky130_fd_sc_hd__dfrtp_1)
                         -0.02    0.23   library hold time
                                  0.23   data required time
-----------------------------------------------------------------------------
                                  0.23   data required time
                                 -0.76   data arrival time
-----------------------------------------------------------------------------
                                  0.53   slack (MET)


Startpoint: _3268_ (rising edge-triggered flip-flop clocked by clk)
Endpoint: _3467_ (rising edge-triggered flip-flop clocked by clk)
Path Group: clk
Path Type: min

Fanout     Cap    Slew   Delay    Time   Description
-----------------------------------------------------------------------------
                  0.15    0.00    0.00   clock clk (rise edge)
                          0.00    0.00   clock network delay (ideal)
                  0.15    0.00    0.00 ^ _3268_/CLK (sky130_fd_sc_hd__dfxtp_1)
     2    0.00    0.06    0.33    0.33 ^ _3268_/Q (sky130_fd_sc_hd__dfxtp_1)
                                         user_peripheral.rx_hold[2] (net)
                  0.06    0.00    0.33 ^ _3062_/A (sky130_fd_sc_hd__or2_1)
     1    0.00    0.04    0.09    0.42 ^ _3062_/X (sky130_fd_sc_hd__or2_1)
                                         _1202_ (net)
                  0.04    0.00    0.42 ^ _3063_/A3 (sky130_fd_sc_hd__a32o_1)
     1    0.00    0.06    0.15    0.58 ^ _3063_/X (sky130_fd_sc_hd__a32o_1)
                                         _1203_ (net)
                  0.06    0.00    0.58 ^ _3064_/A1 (sky130_fd_sc_hd__mux2_1)
     1    0.00    0.04    0.12    0.69 ^ _3064_/X (sky130_fd_sc_hd__mux2_1)
                                         _1204_ (net)
                  0.04    0.00    0.69 ^ _3065_/A (sky130_fd_sc_hd__clkbuf_1)
     1    0.00    0.04    0.07    0.76 ^ _3065_/X (sky130_fd_sc_hd__clkbuf_1)
                                         _0279_ (net)
                  0.04    0.00    0.76 ^ _3467_/D (sky130_fd_sc_hd__dfrtp_1)
                                  0.76   data arrival time

                  0.15    0.00    0.00   clock clk (rise edge)
                          0.00    0.00   clock network delay (ideal)
                          0.25    0.25   clock uncertainty
                          0.00    0.25   clock reconvergence pessimism
                                  0.25 ^ _3467_/CLK (sky130_fd_sc_hd__dfrtp_1)
                         -0.02    0.23   library hold time
                                  0.23   data required time
-----------------------------------------------------------------------------
                                  0.23   data required time
                                 -0.76   data arrival time
-----------------------------------------------------------------------------
                                  0.53   slack (MET)


Startpoint: _3471_ (rising edge-triggered flip-flop clocked by clk)
Endpoint: _3471_ (rising edge-triggered flip-flop clocked by clk)
Path Group: clk
Path Type: min

Fanout     Cap    Slew   Delay    Time   Description
-----------------------------------------------------------------------------
                  0.15    0.00    0.00   clock clk (rise edge)
                          0.00    0.00   clock network delay (ideal)
                  0.15    0.00    0.00 ^ _3471_/CLK (sky130_fd_sc_hd__dfrtp_1)
     2    0.01    0.08    0.36    0.36 ^ _3471_/Q (sky130_fd_sc_hd__dfrtp_1)
                                         i_spi_reg.reg_data_o[6] (net)
                  0.08    0.00    0.36 ^ _1618_/A (sky130_fd_sc_hd__clkbuf_4)
    10    0.04    0.13    0.20    0.56 ^ _1618_/X (sky130_fd_sc_hd__clkbuf_4)
                                         _1313_ (net)
                  0.13    0.00    0.56 ^ _3085_/A0 (sky130_fd_sc_hd__mux2_1)
     1    0.00    0.04    0.13    0.69 ^ _3085_/X (sky130_fd_sc_hd__mux2_1)
                                         _1221_ (net)
                  0.04    0.00    0.69 ^ _3086_/A (sky130_fd_sc_hd__clkbuf_1)
     1    0.00    0.04    0.07    0.77 ^ _3086_/X (sky130_fd_sc_hd__clkbuf_1)
                                         _0283_ (net)
                  0.04    0.00    0.77 ^ _3471_/D (sky130_fd_sc_hd__dfrtp_1)
                                  0.77   data arrival time

                  0.15    0.00    0.00   clock clk (rise edge)
                          0.00    0.00   clock network delay (ideal)
                          0.25    0.25   clock uncertainty
                          0.00    0.25   clock reconvergence pessimism
                                  0.25 ^ _3471_/CLK (sky130_fd_sc_hd__dfrtp_1)
                         -0.02    0.23   library hold time
                                  0.23   data required time
-----------------------------------------------------------------------------
                                  0.23   data required time
                                 -0.77   data arrival time
-----------------------------------------------------------------------------
                                  0.54   slack (MET)


Startpoint: _3274_ (rising edge-triggered flip-flop clocked by clk)
Endpoint: _3473_ (rising edge-triggered flip-flop clocked by clk)
Path Group: clk
Path Type: min

Fanout     Cap    Slew   Delay    Time   Description
-----------------------------------------------------------------------------
                  0.15    0.00    0.00   clock clk (rise edge)
                          0.00    0.00   clock network delay (ideal)
                  0.15    0.00    0.00 ^ _3274_/CLK (sky130_fd_sc_hd__dfxtp_1)
     2    0.01    0.06    0.34    0.34 ^ _3274_/Q (sky130_fd_sc_hd__dfxtp_1)
                                         user_peripheral.rx_hold[8] (net)
                  0.06    0.00    0.34 ^ _3091_/A1 (sky130_fd_sc_hd__a22o_1)
     1    0.01    0.07    0.14    0.48 ^ _3091_/X (sky130_fd_sc_hd__a22o_1)
                                         _1225_ (net)
                  0.07    0.00    0.48 ^ _3093_/B1 (sky130_fd_sc_hd__a22o_1)
     1    0.00    0.04    0.11    0.59 ^ _3093_/X (sky130_fd_sc_hd__a22o_1)
                                         _1227_ (net)
                  0.04    0.00    0.59 ^ _3094_/A1 (sky130_fd_sc_hd__mux2_1)
     1    0.01    0.06    0.13    0.71 ^ _3094_/X (sky130_fd_sc_hd__mux2_1)
                                         _1228_ (net)
                  0.06    0.00    0.72 ^ _3095_/A (sky130_fd_sc_hd__clkbuf_1)
     1    0.00    0.04    0.08    0.79 ^ _3095_/X (sky130_fd_sc_hd__clkbuf_1)
                                         _0285_ (net)
                  0.04    0.00    0.79 ^ _3473_/D (sky130_fd_sc_hd__dfrtp_1)
                                  0.79   data arrival time

                  0.15    0.00    0.00   clock clk (rise edge)
                          0.00    0.00   clock network delay (ideal)
                          0.25    0.25   clock uncertainty
                          0.00    0.25   clock reconvergence pessimism
                                  0.25 ^ _3473_/CLK (sky130_fd_sc_hd__dfrtp_1)
                         -0.02    0.23   library hold time
                                  0.23   data required time
-----------------------------------------------------------------------------
                                  0.23   data required time
                                 -0.79   data arrival time
-----------------------------------------------------------------------------
                                  0.56   slack (MET)


Startpoint: _3471_ (rising edge-triggered flip-flop clocked by clk)
Endpoint: _3432_ (rising edge-triggered flip-flop clocked by clk)
Path Group: clk
Path Type: min

Fanout     Cap    Slew   Delay    Time   Description
-----------------------------------------------------------------------------
                  0.15    0.00    0.00   clock clk (rise edge)
                          0.00    0.00   clock network delay (ideal)
                  0.15    0.00    0.00 ^ _3471_/CLK (sky130_fd_sc_hd__dfrtp_1)
     2    0.01    0.08    0.36    0.36 ^ _3471_/Q (sky130_fd_sc_hd__dfrtp_1)
                                         i_spi_reg.reg_data_o[6] (net)
                  0.08    0.00    0.36 ^ _1618_/A (sky130_fd_sc_hd__clkbuf_4)
    10    0.04    0.13    0.20    0.56 ^ _1618_/X (sky130_fd_sc_hd__clkbuf_4)
                                         _1313_ (net)
                  0.13    0.00    0.56 ^ _2959_/A1 (sky130_fd_sc_hd__mux2_1)
     1    0.00    0.04    0.13    0.69 ^ _2959_/X (sky130_fd_sc_hd__mux2_1)
                                         _1125_ (net)
                  0.04    0.00    0.69 ^ _2960_/B (sky130_fd_sc_hd__or2_1)
     1    0.00    0.04    0.08    0.77 ^ _2960_/X (sky130_fd_sc_hd__or2_1)
                                         _1126_ (net)
                  0.04    0.00    0.77 ^ _2961_/A (sky130_fd_sc_hd__clkbuf_1)
     1    0.00    0.04    0.07    0.84 ^ _2961_/X (sky130_fd_sc_hd__clkbuf_1)
                                         _0253_ (net)
                  0.04    0.00    0.84 ^ _3432_/D (sky130_fd_sc_hd__dfxtp_1)
                                  0.84   data arrival time

                  0.15    0.00    0.00   clock clk (rise edge)
                          0.00    0.00   clock network delay (ideal)
                          0.25    0.25   clock uncertainty
                          0.00    0.25   clock reconvergence pessimism
                                  0.25 ^ _3432_/CLK (sky130_fd_sc_hd__dfxtp_1)
                         -0.02    0.23   library hold time
                                  0.23   data required time
-----------------------------------------------------------------------------
                                  0.23   data required time
                                 -0.84   data arrival time
-----------------------------------------------------------------------------
                                  0.60   slack (MET)


Startpoint: _3469_ (rising edge-triggered flip-flop clocked by clk)
Endpoint: _3430_ (rising edge-triggered flip-flop clocked by clk)
Path Group: clk
Path Type: min

Fanout     Cap    Slew   Delay    Time   Description
-----------------------------------------------------------------------------
                  0.15    0.00    0.00   clock clk (rise edge)
                          0.00    0.00   clock network delay (ideal)
                  0.15    0.00    0.00 ^ _3469_/CLK (sky130_fd_sc_hd__dfrtp_1)
     4    0.01    0.11    0.39    0.39 ^ _3469_/Q (sky130_fd_sc_hd__dfrtp_1)
                                         i_spi_reg.reg_data_o[4] (net)
                  0.11    0.00    0.39 ^ _1965_/A (sky130_fd_sc_hd__clkbuf_4)
    10    0.04    0.14    0.22    0.60 ^ _1965_/X (sky130_fd_sc_hd__clkbuf_4)
                                         _0315_ (net)
                  0.14    0.00    0.60 ^ _2953_/A1 (sky130_fd_sc_hd__mux2_1)
     1    0.00    0.03    0.13    0.73 ^ _2953_/X (sky130_fd_sc_hd__mux2_1)
                                         _1121_ (net)
                  0.03    0.00    0.73 ^ _2954_/B (sky130_fd_sc_hd__or2_1)
     1    0.00    0.04    0.08    0.81 ^ _2954_/X (sky130_fd_sc_hd__or2_1)
                                         _1122_ (net)
                  0.04    0.00    0.81 ^ _2955_/A (sky130_fd_sc_hd__clkbuf_1)
     1    0.00    0.04    0.07    0.88 ^ _2955_/X (sky130_fd_sc_hd__clkbuf_1)
                                         _0251_ (net)
                  0.04    0.00    0.88 ^ _3430_/D (sky130_fd_sc_hd__dfxtp_1)
                                  0.88   data arrival time

                  0.15    0.00    0.00   clock clk (rise edge)
                          0.00    0.00   clock network delay (ideal)
                          0.25    0.25   clock uncertainty
                          0.00    0.25   clock reconvergence pessimism
                                  0.25 ^ _3430_/CLK (sky130_fd_sc_hd__dfxtp_1)
                         -0.02    0.23   library hold time
                                  0.23   data required time
-----------------------------------------------------------------------------
                                  0.23   data required time
                                 -0.88   data arrival time
-----------------------------------------------------------------------------
                                  0.64   slack (MET)


Startpoint: _3470_ (rising edge-triggered flip-flop clocked by clk)
Endpoint: _3431_ (rising edge-triggered flip-flop clocked by clk)
Path Group: clk
Path Type: min

Fanout     Cap    Slew   Delay    Time   Description
-----------------------------------------------------------------------------
                  0.15    0.00    0.00   clock clk (rise edge)
                          0.00    0.00   clock network delay (ideal)
                  0.15    0.00    0.00 ^ _3470_/CLK (sky130_fd_sc_hd__dfrtp_1)
     4    0.01    0.11    0.39    0.39 ^ _3470_/Q (sky130_fd_sc_hd__dfrtp_1)
                                         i_spi_reg.reg_data_o[5] (net)
                  0.11    0.00    0.39 ^ _1968_/A (sky130_fd_sc_hd__clkbuf_4)
    10    0.04    0.14    0.22    0.61 ^ _1968_/X (sky130_fd_sc_hd__clkbuf_4)
                                         _0317_ (net)
                  0.14    0.00    0.61 ^ _2956_/A1 (sky130_fd_sc_hd__mux2_1)
     1    0.00    0.04    0.13    0.74 ^ _2956_/X (sky130_fd_sc_hd__mux2_1)
                                         _1123_ (net)
                  0.04    0.00    0.74 ^ _2957_/B (sky130_fd_sc_hd__or2_1)
     1    0.00    0.04    0.08    0.82 ^ _2957_/X (sky130_fd_sc_hd__or2_1)
                                         _1124_ (net)
                  0.04    0.00    0.82 ^ _2958_/A (sky130_fd_sc_hd__clkbuf_1)
     1    0.00    0.04    0.07    0.89 ^ _2958_/X (sky130_fd_sc_hd__clkbuf_1)
                                         _0252_ (net)
                  0.04    0.00    0.89 ^ _3431_/D (sky130_fd_sc_hd__dfxtp_2)
                                  0.89   data arrival time

                  0.15    0.00    0.00   clock clk (rise edge)
                          0.00    0.00   clock network delay (ideal)
                          0.25    0.25   clock uncertainty
                          0.00    0.25   clock reconvergence pessimism
                                  0.25 ^ _3431_/CLK (sky130_fd_sc_hd__dfxtp_2)
                         -0.02    0.23   library hold time
                                  0.23   data required time
-----------------------------------------------------------------------------
                                  0.23   data required time
                                 -0.89   data arrival time
-----------------------------------------------------------------------------
                                  0.66   slack (MET)


Startpoint: _3429_ (rising edge-triggered flip-flop clocked by clk)
Endpoint: _3232_ (rising edge-triggered flip-flop clocked by clk)
Path Group: clk
Path Type: min

Fanout     Cap    Slew   Delay    Time   Description
-----------------------------------------------------------------------------
                  0.15    0.00    0.00   clock clk (rise edge)
                          0.00    0.00   clock network delay (ideal)
                  0.15    0.00    0.00 ^ _3429_/CLK (sky130_fd_sc_hd__dfxtp_1)
     3    0.01    0.12    0.38    0.38 ^ _3429_/Q (sky130_fd_sc_hd__dfxtp_1)
                                         user_peripheral.auto_en (net)
                  0.12    0.00    0.38 ^ _1722_/A (sky130_fd_sc_hd__inv_2)
     5    0.02    0.06    0.08    0.45 v _1722_/Y (sky130_fd_sc_hd__inv_2)
                                         _1384_ (net)
                  0.06    0.00    0.45 v _1871_/A1 (sky130_fd_sc_hd__o21bai_2)
     4    0.02    0.10    0.21    0.67 ^ _1871_/Y (sky130_fd_sc_hd__o21bai_2)
                                         _1516_ (net)
                  0.10    0.00    0.67 ^ _1881_/B (sky130_fd_sc_hd__or2_1)
     3    0.01    0.08    0.13    0.80 ^ _1881_/X (sky130_fd_sc_hd__or2_1)
                                         _1525_ (net)
                  0.08    0.00    0.80 ^ _1882_/C (sky130_fd_sc_hd__and3_1)
     1    0.00    0.06    0.15    0.95 ^ _1882_/X (sky130_fd_sc_hd__and3_1)
                                         _1526_ (net)
                  0.06    0.00    0.95 ^ _1883_/A (sky130_fd_sc_hd__clkbuf_1)
     1    0.00    0.04    0.07    1.03 ^ _1883_/X (sky130_fd_sc_hd__clkbuf_1)
                                         _0053_ (net)
                  0.04    0.00    1.03 ^ _3232_/D (sky130_fd_sc_hd__dfxtp_1)
                                  1.03   data arrival time

                  0.15    0.00    0.00   clock clk (rise edge)
                          0.00    0.00   clock network delay (ideal)
                          0.25    0.25   clock uncertainty
                          0.00    0.25   clock reconvergence pessimism
                                  0.25 ^ _3232_/CLK (sky130_fd_sc_hd__dfxtp_1)
                         -0.02    0.23   library hold time
                                  0.23   data required time
-----------------------------------------------------------------------------
                                  0.23   data required time
                                 -1.03   data arrival time
-----------------------------------------------------------------------------
                                  0.79   slack (MET)


Startpoint: uio_in[5] (input port clocked by clk)
Endpoint: _3443_ (rising edge-triggered flip-flop clocked by clk)
Path Group: clk
Path Type: min

Fanout     Cap    Slew   Delay    Time   Description
-----------------------------------------------------------------------------
                  0.15    0.00    0.00   clock clk (rise edge)
                          0.00    0.00   clock network delay (ideal)
                          2.80    2.80 v input external delay
     1    0.00    0.01    0.00    2.80 v uio_in[5] (in)
                                         uio_in[5] (net)
                  0.01    0.00    2.80 v input4/A (sky130_fd_sc_hd__clkbuf_1)
     1    0.00    0.03    0.07    2.88 v input4/X (sky130_fd_sc_hd__clkbuf_1)
                                         net4 (net)
                  0.03    0.00    2.88 v _3443_/D (sky130_fd_sc_hd__dfxtp_1)
                                  2.88   data arrival time

                  0.15    0.00    0.00   clock clk (rise edge)
                          0.00    0.00   clock network delay (ideal)
                          0.25    0.25   clock uncertainty
                          0.00    0.25   clock reconvergence pessimism
                                  0.25 ^ _3443_/CLK (sky130_fd_sc_hd__dfxtp_1)
                         -0.02    0.23   library hold time
                                  0.23   data required time
-----------------------------------------------------------------------------
                                  0.23   data required time
                                 -2.88   data arrival time
-----------------------------------------------------------------------------
                                  2.65   slack (MET)


Startpoint: ui_in[0] (input port clocked by clk)
Endpoint: _3180_ (rising edge-triggered flip-flop clocked by clk)
Path Group: clk
Path Type: min

Fanout     Cap    Slew   Delay    Time   Description
-----------------------------------------------------------------------------
                  0.15    0.00    0.00   clock clk (rise edge)
                          0.00    0.00   clock network delay (ideal)
                          2.80    2.80 v input external delay
     1    0.00    0.01    0.00    2.80 v ui_in[0] (in)
                                         ui_in[0] (net)
                  0.01    0.00    2.80 v input2/A (sky130_fd_sc_hd__clkbuf_1)
     1    0.00    0.03    0.07    2.88 v input2/X (sky130_fd_sc_hd__clkbuf_1)
                                         net2 (net)
                  0.03    0.00    2.88 v _3180_/D (sky130_fd_sc_hd__dfxtp_1)
                                  2.88   data arrival time

                  0.15    0.00    0.00   clock clk (rise edge)
                          0.00    0.00   clock network delay (ideal)
                          0.25    0.25   clock uncertainty
                          0.00    0.25   clock reconvergence pessimism
                                  0.25 ^ _3180_/CLK (sky130_fd_sc_hd__dfxtp_1)
                         -0.02    0.23   library hold time
                                  0.23   data required time
-----------------------------------------------------------------------------
                                  0.23   data required time
                                 -2.88   data arrival time
-----------------------------------------------------------------------------
                                  2.65   slack (MET)


Startpoint: uio_in[4] (input port clocked by clk)
Endpoint: _3441_ (rising edge-triggered flip-flop clocked by clk)
Path Group: clk
Path Type: min

Fanout     Cap    Slew   Delay    Time   Description
-----------------------------------------------------------------------------
                  0.15    0.00    0.00   clock clk (rise edge)
                          0.00    0.00   clock network delay (ideal)
                          2.80    2.80 v input external delay
     1    0.00    0.01    0.00    2.80 v uio_in[4] (in)
                                         uio_in[4] (net)
                  0.01    0.00    2.80 v input3/A (sky130_fd_sc_hd__clkbuf_1)
     1    0.00    0.03    0.07    2.88 v input3/X (sky130_fd_sc_hd__clkbuf_1)
                                         net3 (net)
                  0.03    0.00    2.88 v _3441_/D (sky130_fd_sc_hd__dfxtp_1)
                                  2.88   data arrival time

                  0.15    0.00    0.00   clock clk (rise edge)
                          0.00    0.00   clock network delay (ideal)
                          0.25    0.25   clock uncertainty
                          0.00    0.25   clock reconvergence pessimism
                                  0.25 ^ _3441_/CLK (sky130_fd_sc_hd__dfxtp_1)
                         -0.02    0.23   library hold time
                                  0.23   data required time
-----------------------------------------------------------------------------
                                  0.23   data required time
                                 -2.88   data arrival time
-----------------------------------------------------------------------------
                                  2.65   slack (MET)


Startpoint: uio_in[6] (input port clocked by clk)
Endpoint: _3445_ (rising edge-triggered flip-flop clocked by clk)
Path Group: clk
Path Type: min

Fanout     Cap    Slew   Delay    Time   Description
-----------------------------------------------------------------------------
                  0.15    0.00    0.00   clock clk (rise edge)
                          0.00    0.00   clock network delay (ideal)
                          2.80    2.80 v input external delay
     1    0.00    0.01    0.00    2.80 v uio_in[6] (in)
                                         uio_in[6] (net)
                  0.01    0.00    2.80 v input5/A (sky130_fd_sc_hd__buf_1)
     1    0.01    0.05    0.09    2.90 v input5/X (sky130_fd_sc_hd__buf_1)
                                         net5 (net)
                  0.05    0.00    2.90 v _3445_/D (sky130_fd_sc_hd__dfxtp_1)
                                  2.90   data arrival time

                  0.15    0.00    0.00   clock clk (rise edge)
                          0.00    0.00   clock network delay (ideal)
                          0.25    0.25   clock uncertainty
                          0.00    0.25   clock reconvergence pessimism
                                  0.25 ^ _3445_/CLK (sky130_fd_sc_hd__dfxtp_1)
                         -0.03    0.22   library hold time
                                  0.22   data required time
-----------------------------------------------------------------------------
                                  0.22   data required time
                                 -2.90   data arrival time
-----------------------------------------------------------------------------
                                  2.68   slack (MET)


Startpoint: _3361_ (rising edge-triggered flip-flop clocked by clk)
Endpoint: uo_out[1] (output port clocked by clk)
Path Group: clk
Path Type: min

Fanout     Cap    Slew   Delay    Time   Description
-----------------------------------------------------------------------------
                  0.15    0.00    0.00   clock clk (rise edge)
                          0.00    0.00   clock network delay (ideal)
                  0.15    0.00    0.00 ^ _3361_/CLK (sky130_fd_sc_hd__dfxtp_1)
     2    0.00    0.03    0.32    0.32 v _3361_/Q (sky130_fd_sc_hd__dfxtp_1)
                                         user_peripheral.tx_shift[31] (net)
                  0.03    0.00    0.32 v _3518_/A (sky130_fd_sc_hd__buf_1)
     1    0.01    0.05    0.10    0.42 v _3518_/X (sky130_fd_sc_hd__buf_1)
                                         net9 (net)
                  0.05    0.00    0.42 v output9/A (sky130_fd_sc_hd__buf_2)
     1    0.03    0.09    0.17    0.59 v output9/X (sky130_fd_sc_hd__buf_2)
                                         uo_out[1] (net)
                  0.09    0.00    0.59 v uo_out[1] (out)
                                  0.59   data arrival time

                  0.15    0.00    0.00   clock clk (rise edge)
                          0.00    0.00   clock network delay (ideal)
                          0.25    0.25   clock uncertainty
                          0.00    0.25   clock reconvergence pessimism
                         -2.80   -2.55   output external delay
                                 -2.55   data required time
-----------------------------------------------------------------------------
                                 -2.55   data required time
                                 -0.59   data arrival time
-----------------------------------------------------------------------------
                                  3.14   slack (MET)


Startpoint: _3438_ (rising edge-triggered flip-flop clocked by clk)
Endpoint: uo_out[0] (output port clocked by clk)
Path Group: clk
Path Type: min

Fanout     Cap    Slew   Delay    Time   Description
-----------------------------------------------------------------------------
                  0.15    0.00    0.00   clock clk (rise edge)
                          0.00    0.00   clock network delay (ideal)
                  0.15    0.00    0.00 ^ _3438_/CLK (sky130_fd_sc_hd__dfxtp_1)
     2    0.01    0.08    0.34    0.34 ^ _3438_/Q (sky130_fd_sc_hd__dfxtp_1)
                                         user_peripheral.cfg_cpol (net)
                  0.08    0.00    0.34 ^ _1592_/A (sky130_fd_sc_hd__xor2_1)
     1    0.00    0.03    0.06    0.40 v _1592_/X (sky130_fd_sc_hd__xor2_1)
                                         user_peripheral.sclk_out (net)
                  0.03    0.00    0.40 v _3517_/A (sky130_fd_sc_hd__buf_1)
     1    0.01    0.06    0.11    0.51 v _3517_/X (sky130_fd_sc_hd__buf_1)
                                         net8 (net)
                  0.06    0.00    0.51 v output8/A (sky130_fd_sc_hd__buf_2)
     1    0.03    0.09    0.18    0.69 v output8/X (sky130_fd_sc_hd__buf_2)
                                         uo_out[0] (net)
                  0.09    0.00    0.69 v uo_out[0] (out)
                                  0.69   data arrival time

                  0.15    0.00    0.00   clock clk (rise edge)
                          0.00    0.00   clock network delay (ideal)
                          0.25    0.25   clock uncertainty
                          0.00    0.25   clock reconvergence pessimism
                         -2.80   -2.55   output external delay
                                 -2.55   data required time
-----------------------------------------------------------------------------
                                 -2.55   data required time
                                 -0.69   data arrival time
-----------------------------------------------------------------------------
                                  3.24   slack (MET)


Startpoint: _3230_ (rising edge-triggered flip-flop clocked by clk)
Endpoint: uo_out[2] (output port clocked by clk)
Path Group: clk
Path Type: min

Fanout     Cap    Slew   Delay    Time   Description
-----------------------------------------------------------------------------
                  0.15    0.00    0.00   clock clk (rise edge)
                          0.00    0.00   clock network delay (ideal)
                  0.15    0.00    0.00 ^ _3230_/CLK (sky130_fd_sc_hd__dfxtp_1)
     2    0.01    0.06    0.33    0.33 ^ _3230_/Q (sky130_fd_sc_hd__dfxtp_1)
                                         user_peripheral.cs_force (net)
                  0.06    0.00    0.33 ^ _1588_/A1 (sky130_fd_sc_hd__mux2_1)
     1    0.00    0.06    0.13    0.46 ^ _1588_/X (sky130_fd_sc_hd__mux2_1)
                                         _1289_ (net)
                  0.06    0.00    0.46 ^ _1589_/A (sky130_fd_sc_hd__inv_2)
     1    0.00    0.02    0.03    0.49 v _1589_/Y (sky130_fd_sc_hd__inv_2)
                                         user_peripheral.cs_n (net)
                  0.02    0.00    0.49 v _3519_/A (sky130_fd_sc_hd__buf_1)
     1    0.01    0.06    0.10    0.59 v _3519_/X (sky130_fd_sc_hd__buf_1)
                                         net10 (net)
                  0.06    0.00    0.59 v output10/A (sky130_fd_sc_hd__buf_2)
     1    0.03    0.09    0.18    0.76 v output10/X (sky130_fd_sc_hd__buf_2)
                                         uo_out[2] (net)
                  0.09    0.00    0.77 v uo_out[2] (out)
                                  0.77   data arrival time

                  0.15    0.00    0.00   clock clk (rise edge)
                          0.00    0.00   clock network delay (ideal)
                          0.25    0.25   clock uncertainty
                          0.00    0.25   clock reconvergence pessimism
                         -2.80   -2.55   output external delay
                                 -2.55   data required time
-----------------------------------------------------------------------------
                                 -2.55   data required time
                                 -0.77   data arrival time
-----------------------------------------------------------------------------
                                  3.32   slack (MET)


Startpoint: _3446_ (rising edge-triggered flip-flop clocked by clk)
Endpoint: uio_out[0] (output port clocked by clk)
Path Group: clk
Path Type: min

Fanout     Cap    Slew   Delay    Time   Description
-----------------------------------------------------------------------------
                  0.15    0.00    0.00   clock clk (rise edge)
                          0.00    0.00   clock network delay (ideal)
                  0.15    0.00    0.00 ^ _3446_/CLK (sky130_fd_sc_hd__dfxtp_1)
     3    0.01    0.10    0.36    0.36 ^ _3446_/Q (sky130_fd_sc_hd__dfxtp_1)
                                         user_peripheral.auto_irq (net)
                  0.10    0.00    0.36 ^ _1590_/B (sky130_fd_sc_hd__or2_1)
     1    0.00    0.04    0.10    0.46 ^ _1590_/X (sky130_fd_sc_hd__or2_1)
                                         _1290_ (net)
                  0.04    0.00    0.46 ^ _1591_/A (sky130_fd_sc_hd__clkbuf_1)
     2    0.00    0.07    0.09    0.55 ^ _1591_/X (sky130_fd_sc_hd__clkbuf_1)
                                         user_peripheral.user_interrupt (net)
                  0.07    0.00    0.55 ^ _3515_/A (sky130_fd_sc_hd__buf_1)
     1    0.01    0.12    0.13    0.69 ^ _3515_/X (sky130_fd_sc_hd__buf_1)
                                         net6 (net)
                  0.12    0.00    0.69 ^ output6/A (sky130_fd_sc_hd__buf_2)
     1    0.03    0.17    0.21    0.90 ^ output6/X (sky130_fd_sc_hd__buf_2)
                                         uio_out[0] (net)
                  0.17    0.00    0.90 ^ uio_out[0] (out)
                                  0.90   data arrival time

                  0.15    0.00    0.00   clock clk (rise edge)
                          0.00    0.00   clock network delay (ideal)
                          0.25    0.25   clock uncertainty
                          0.00    0.25   clock reconvergence pessimism
                         -2.80   -2.55   output external delay
                                 -2.55   data required time
-----------------------------------------------------------------------------
                                 -2.55   data required time
                                 -0.90   data arrival time
-----------------------------------------------------------------------------
                                  3.45   slack (MET)


Startpoint: _3446_ (rising edge-triggered flip-flop clocked by clk)
Endpoint: uo_out[3] (output port clocked by clk)
Path Group: clk
Path Type: min

Fanout     Cap    Slew   Delay    Time   Description
-----------------------------------------------------------------------------
                  0.15    0.00    0.00   clock clk (rise edge)
                          0.00    0.00   clock network delay (ideal)
                  0.15    0.00    0.00 ^ _3446_/CLK (sky130_fd_sc_hd__dfxtp_1)
     3    0.01    0.10    0.36    0.36 ^ _3446_/Q (sky130_fd_sc_hd__dfxtp_1)
                                         user_peripheral.auto_irq (net)
                  0.10    0.00    0.36 ^ _1590_/B (sky130_fd_sc_hd__or2_1)
     1    0.00    0.04    0.10    0.46 ^ _1590_/X (sky130_fd_sc_hd__or2_1)
                                         _1290_ (net)
                  0.04    0.00    0.46 ^ _1591_/A (sky130_fd_sc_hd__clkbuf_1)
     2    0.00    0.07    0.09    0.55 ^ _1591_/X (sky130_fd_sc_hd__clkbuf_1)
                                         user_peripheral.user_interrupt (net)
                  0.07    0.00    0.55 ^ _3520_/A (sky130_fd_sc_hd__buf_1)
     1    0.01    0.12    0.13    0.69 ^ _3520_/X (sky130_fd_sc_hd__buf_1)
                                         net11 (net)
                  0.12    0.00    0.69 ^ output11/A (sky130_fd_sc_hd__buf_2)
     1    0.03    0.17    0.21    0.90 ^ output11/X (sky130_fd_sc_hd__buf_2)
                                         uo_out[3] (net)
                  0.17    0.00    0.90 ^ uo_out[3] (out)
                                  0.90   data arrival time

                  0.15    0.00    0.00   clock clk (rise edge)
                          0.00    0.00   clock network delay (ideal)
                          0.25    0.25   clock uncertainty
                          0.00    0.25   clock reconvergence pessimism
                         -2.80   -2.55   output external delay
                                 -2.55   data required time
-----------------------------------------------------------------------------
                                 -2.55   data required time
                                 -0.90   data arrival time
-----------------------------------------------------------------------------
                                  3.45   slack (MET)


Startpoint: _3410_ (rising edge-triggered flip-flop clocked by clk)
Endpoint: uio_out[3] (output port clocked by clk)
Path Group: clk
Path Type: min

Fanout     Cap    Slew   Delay    Time   Description
-----------------------------------------------------------------------------
                  0.15    0.00    0.00   clock clk (rise edge)
                          0.00    0.00   clock network delay (ideal)
                  0.15    0.00    0.00 ^ _3410_/CLK (sky130_fd_sc_hd__dfrtp_4)
     9    0.02    0.10    0.45    0.45 ^ _3410_/Q (sky130_fd_sc_hd__dfrtp_4)
                                         i_spi_reg.state[0] (net)
                  0.10    0.00    0.45 ^ _1601_/B (sky130_fd_sc_hd__and3_1)
     1    0.00    0.05    0.15    0.60 ^ _1601_/X (sky130_fd_sc_hd__and3_1)
                                         _1298_ (net)
                  0.05    0.00    0.60 ^ _1602_/A (sky130_fd_sc_hd__clkbuf_1)
     1    0.00    0.04    0.08    0.68 ^ _1602_/X (sky130_fd_sc_hd__clkbuf_1)
                                         i_spi_reg.spi_miso (net)
                  0.04    0.00    0.68 ^ _3516_/A (sky130_fd_sc_hd__clkbuf_1)
     1    0.01    0.09    0.10    0.78 ^ _3516_/X (sky130_fd_sc_hd__clkbuf_1)
                                         net7 (net)
                  0.09    0.00    0.78 ^ output7/A (sky130_fd_sc_hd__buf_2)
     1    0.03    0.17    0.20    0.98 ^ output7/X (sky130_fd_sc_hd__buf_2)
                                         uio_out[3] (net)
                  0.17    0.00    0.98 ^ uio_out[3] (out)
                                  0.98   data arrival time

                  0.15    0.00    0.00   clock clk (rise edge)
                          0.00    0.00   clock network delay (ideal)
                          0.25    0.25   clock uncertainty
                          0.00    0.25   clock reconvergence pessimism
                         -2.80   -2.55   output external delay
                                 -2.55   data required time
-----------------------------------------------------------------------------
                                 -2.55   data required time
                                 -0.98   data arrival time
-----------------------------------------------------------------------------
                                  3.53   slack (MET)


Startpoint: _3178_ (rising edge-triggered flip-flop clocked by clk')
Endpoint: _3473_ (removal check against rising-edge clock clk)
Path Group: asynchronous
Path Type: min

Fanout     Cap    Slew   Delay    Time   Description
-----------------------------------------------------------------------------
                  0.15    7.00    7.00   clock clk' (rise edge)
                          0.00    7.00   clock network delay (ideal)
                  0.15    0.00    7.00 ^ _3178_/CLK (sky130_fd_sc_hd__dfxtp_2)
     4    0.03    0.15    0.41    7.41 ^ _3178_/Q (sky130_fd_sc_hd__dfxtp_2)
                                         i_spi_reg.falling_edge_detector_sof.rstb (net)
                  0.15    0.00    7.41 ^ _3473_/RESET_B (sky130_fd_sc_hd__dfrtp_1)
                                  7.41   data arrival time

                  0.15    0.00    0.00   clock clk (rise edge)
                          0.00    0.00   clock network delay (ideal)
                          0.25    0.25   clock uncertainty
                          0.00    0.25   clock reconvergence pessimism
                                  0.25 ^ _3473_/CLK (sky130_fd_sc_hd__dfrtp_1)
                          0.38    0.63   library removal time
                                  0.63   data required time
-----------------------------------------------------------------------------
                                  0.63   data required time
                                 -7.41   data arrival time
-----------------------------------------------------------------------------
                                  6.79   slack (MET)


Startpoint: _3178_ (rising edge-triggered flip-flop clocked by clk')
Endpoint: _3493_ (removal check against rising-edge clock clk)
Path Group: asynchronous
Path Type: min

Fanout     Cap    Slew   Delay    Time   Description
-----------------------------------------------------------------------------
                  0.15    7.00    7.00   clock clk' (rise edge)
                          0.00    7.00   clock network delay (ideal)
                  0.15    0.00    7.00 ^ _3178_/CLK (sky130_fd_sc_hd__dfxtp_2)
     4    0.03    0.15    0.41    7.41 ^ _3178_/Q (sky130_fd_sc_hd__dfxtp_2)
                                         i_spi_reg.falling_edge_detector_sof.rstb (net)
                  0.15    0.00    7.41 ^ fanout23/A (sky130_fd_sc_hd__buf_2)
     6    0.03    0.14    0.20    7.61 ^ fanout23/X (sky130_fd_sc_hd__buf_2)
                                         net23 (net)
                  0.14    0.00    7.62 ^ _3493_/RESET_B (sky130_fd_sc_hd__dfrtp_4)
                                  7.62   data arrival time

                  0.15    0.00    0.00   clock clk (rise edge)
                          0.00    0.00   clock network delay (ideal)
                          0.25    0.25   clock uncertainty
                          0.00    0.25   clock reconvergence pessimism
                                  0.25 ^ _3493_/CLK (sky130_fd_sc_hd__dfrtp_4)
                          0.38    0.63   library removal time
                                  0.63   data required time
-----------------------------------------------------------------------------
                                  0.63   data required time
                                 -7.62   data arrival time
-----------------------------------------------------------------------------
                                  6.99   slack (MET)


Startpoint: _3178_ (rising edge-triggered flip-flop clocked by clk')
Endpoint: _3492_ (removal check against rising-edge clock clk)
Path Group: asynchronous
Path Type: min

Fanout     Cap    Slew   Delay    Time   Description
-----------------------------------------------------------------------------
                  0.15    7.00    7.00   clock clk' (rise edge)
                          0.00    7.00   clock network delay (ideal)
                  0.15    0.00    7.00 ^ _3178_/CLK (sky130_fd_sc_hd__dfxtp_2)
     4    0.03    0.15    0.41    7.41 ^ _3178_/Q (sky130_fd_sc_hd__dfxtp_2)
                                         i_spi_reg.falling_edge_detector_sof.rstb (net)
                  0.15    0.00    7.41 ^ fanout23/A (sky130_fd_sc_hd__buf_2)
     6    0.03    0.14    0.20    7.61 ^ fanout23/X (sky130_fd_sc_hd__buf_2)
                                         net23 (net)
                  0.14    0.00    7.62 ^ _3492_/RESET_B (sky130_fd_sc_hd__dfrtp_4)
                                  7.62   data arrival time

                  0.15    0.00    0.00   clock clk (rise edge)
                          0.00    0.00   clock network delay (ideal)
                          0.25    0.25   clock uncertainty
                          0.00    0.25   clock reconvergence pessimism
                                  0.25 ^ _3492_/CLK (sky130_fd_sc_hd__dfrtp_4)
                          0.38    0.63   library removal time
                                  0.63   data required time
-----------------------------------------------------------------------------
                                  0.63   data required time
                                 -7.62   data arrival time
-----------------------------------------------------------------------------
                                  6.99   slack (MET)


Startpoint: _3178_ (rising edge-triggered flip-flop clocked by clk')
Endpoint: _3491_ (removal check against rising-edge clock clk)
Path Group: asynchronous
Path Type: min

Fanout     Cap    Slew   Delay    Time   Description
-----------------------------------------------------------------------------
                  0.15    7.00    7.00   clock clk' (rise edge)
                          0.00    7.00   clock network delay (ideal)
                  0.15    0.00    7.00 ^ _3178_/CLK (sky130_fd_sc_hd__dfxtp_2)
     4    0.03    0.15    0.41    7.41 ^ _3178_/Q (sky130_fd_sc_hd__dfxtp_2)
                                         i_spi_reg.falling_edge_detector_sof.rstb (net)
                  0.15    0.00    7.41 ^ fanout23/A (sky130_fd_sc_hd__buf_2)
     6    0.03    0.14    0.20    7.61 ^ fanout23/X (sky130_fd_sc_hd__buf_2)
                                         net23 (net)
                  0.14    0.00    7.62 ^ _3491_/RESET_B (sky130_fd_sc_hd__dfrtp_4)
                                  7.62   data arrival time

                  0.15    0.00    0.00   clock clk (rise edge)
                          0.00    0.00   clock network delay (ideal)
                          0.25    0.25   clock uncertainty
                          0.00    0.25   clock reconvergence pessimism
                                  0.25 ^ _3491_/CLK (sky130_fd_sc_hd__dfrtp_4)
                          0.38    0.63   library removal time
                                  0.63   data required time
-----------------------------------------------------------------------------
                                  0.63   data required time
                                 -7.62   data arrival time
-----------------------------------------------------------------------------
                                  6.99   slack (MET)


Startpoint: _3178_ (rising edge-triggered flip-flop clocked by clk')
Endpoint: _3463_ (removal check against rising-edge clock clk)
Path Group: asynchronous
Path Type: min

Fanout     Cap    Slew   Delay    Time   Description
-----------------------------------------------------------------------------
                  0.15    7.00    7.00   clock clk' (rise edge)
                          0.00    7.00   clock network delay (ideal)
                  0.15    0.00    7.00 ^ _3178_/CLK (sky130_fd_sc_hd__dfxtp_2)
     4    0.03    0.15    0.41    7.41 ^ _3178_/Q (sky130_fd_sc_hd__dfxtp_2)
                                         i_spi_reg.falling_edge_detector_sof.rstb (net)
                  0.15    0.00    7.41 ^ fanout18/A (sky130_fd_sc_hd__buf_4)
    10    0.05    0.15    0.21    7.62 ^ fanout18/X (sky130_fd_sc_hd__buf_4)
                                         net18 (net)
                  0.15    0.00    7.62 ^ _3463_/RESET_B (sky130_fd_sc_hd__dfrtp_1)
                                  7.62   data arrival time

                  0.15    0.00    0.00   clock clk (rise edge)
                          0.00    0.00   clock network delay (ideal)
                          0.25    0.25   clock uncertainty
                          0.00    0.25   clock reconvergence pessimism
                                  0.25 ^ _3463_/CLK (sky130_fd_sc_hd__dfrtp_1)
                          0.38    0.63   library removal time
                                  0.63   data required time
-----------------------------------------------------------------------------
                                  0.63   data required time
                                 -7.62   data arrival time
-----------------------------------------------------------------------------
                                  7.00   slack (MET)


Startpoint: _3178_ (rising edge-triggered flip-flop clocked by clk')
Endpoint: _3456_ (removal check against rising-edge clock clk)
Path Group: asynchronous
Path Type: min

Fanout     Cap    Slew   Delay    Time   Description
-----------------------------------------------------------------------------
                  0.15    7.00    7.00   clock clk' (rise edge)
                          0.00    7.00   clock network delay (ideal)
                  0.15    0.00    7.00 ^ _3178_/CLK (sky130_fd_sc_hd__dfxtp_2)
     4    0.03    0.15    0.41    7.41 ^ _3178_/Q (sky130_fd_sc_hd__dfxtp_2)
                                         i_spi_reg.falling_edge_detector_sof.rstb (net)
                  0.15    0.00    7.41 ^ fanout18/A (sky130_fd_sc_hd__buf_4)
    10    0.05    0.15    0.21    7.62 ^ fanout18/X (sky130_fd_sc_hd__buf_4)
                                         net18 (net)
                  0.15    0.00    7.62 ^ _3456_/RESET_B (sky130_fd_sc_hd__dfrtp_1)
                                  7.62   data arrival time

                  0.15    0.00    0.00   clock clk (rise edge)
                          0.00    0.00   clock network delay (ideal)
                          0.25    0.25   clock uncertainty
                          0.00    0.25   clock reconvergence pessimism
                                  0.25 ^ _3456_/CLK (sky130_fd_sc_hd__dfrtp_1)
                          0.38    0.63   library removal time
                                  0.63   data required time
-----------------------------------------------------------------------------
                                  0.63   data required time
                                 -7.62   data arrival time
-----------------------------------------------------------------------------
                                  7.00   slack (MET)


Startpoint: _3178_ (rising edge-triggered flip-flop clocked by clk')
Endpoint: _3460_ (removal check against rising-edge clock clk)
Path Group: asynchronous
Path Type: min

Fanout     Cap    Slew   Delay    Time   Description
-----------------------------------------------------------------------------
                  0.15    7.00    7.00   clock clk' (rise edge)
                          0.00    7.00   clock network delay (ideal)
                  0.15    0.00    7.00 ^ _3178_/CLK (sky130_fd_sc_hd__dfxtp_2)
     4    0.03    0.15    0.41    7.41 ^ _3178_/Q (sky130_fd_sc_hd__dfxtp_2)
                                         i_spi_reg.falling_edge_detector_sof.rstb (net)
                  0.15    0.00    7.41 ^ fanout18/A (sky130_fd_sc_hd__buf_4)
    10    0.05    0.15    0.21    7.62 ^ fanout18/X (sky130_fd_sc_hd__buf_4)
                                         net18 (net)
                  0.15    0.00    7.62 ^ _3460_/RESET_B (sky130_fd_sc_hd__dfrtp_1)
                                  7.62   data arrival time

                  0.15    0.00    0.00   clock clk (rise edge)
                          0.00    0.00   clock network delay (ideal)
                          0.25    0.25   clock uncertainty
                          0.00    0.25   clock reconvergence pessimism
                                  0.25 ^ _3460_/CLK (sky130_fd_sc_hd__dfrtp_1)
                          0.38    0.63   library removal time
                                  0.63   data required time
-----------------------------------------------------------------------------
                                  0.63   data required time
                                 -7.62   data arrival time
-----------------------------------------------------------------------------
                                  7.00   slack (MET)


Startpoint: _3178_ (rising edge-triggered flip-flop clocked by clk')
Endpoint: _3454_ (removal check against rising-edge clock clk)
Path Group: asynchronous
Path Type: min

Fanout     Cap    Slew   Delay    Time   Description
-----------------------------------------------------------------------------
                  0.15    7.00    7.00   clock clk' (rise edge)
                          0.00    7.00   clock network delay (ideal)
                  0.15    0.00    7.00 ^ _3178_/CLK (sky130_fd_sc_hd__dfxtp_2)
     4    0.03    0.15    0.41    7.41 ^ _3178_/Q (sky130_fd_sc_hd__dfxtp_2)
                                         i_spi_reg.falling_edge_detector_sof.rstb (net)
                  0.15    0.00    7.41 ^ fanout18/A (sky130_fd_sc_hd__buf_4)
    10    0.05    0.15    0.21    7.62 ^ fanout18/X (sky130_fd_sc_hd__buf_4)
                                         net18 (net)
                  0.15    0.00    7.62 ^ _3454_/RESET_B (sky130_fd_sc_hd__dfrtp_4)
                                  7.62   data arrival time

                  0.15    0.00    0.00   clock clk (rise edge)
                          0.00    0.00   clock network delay (ideal)
                          0.25    0.25   clock uncertainty
                          0.00    0.25   clock reconvergence pessimism
                                  0.25 ^ _3454_/CLK (sky130_fd_sc_hd__dfrtp_4)
                          0.38    0.63   library removal time
                                  0.63   data required time
-----------------------------------------------------------------------------
                                  0.63   data required time
                                 -7.62   data arrival time
-----------------------------------------------------------------------------
                                  7.00   slack (MET)


Startpoint: _3178_ (rising edge-triggered flip-flop clocked by clk')
Endpoint: _3461_ (removal check against rising-edge clock clk)
Path Group: asynchronous
Path Type: min

Fanout     Cap    Slew   Delay    Time   Description
-----------------------------------------------------------------------------
                  0.15    7.00    7.00   clock clk' (rise edge)
                          0.00    7.00   clock network delay (ideal)
                  0.15    0.00    7.00 ^ _3178_/CLK (sky130_fd_sc_hd__dfxtp_2)
     4    0.03    0.15    0.41    7.41 ^ _3178_/Q (sky130_fd_sc_hd__dfxtp_2)
                                         i_spi_reg.falling_edge_detector_sof.rstb (net)
                  0.15    0.00    7.41 ^ fanout18/A (sky130_fd_sc_hd__buf_4)
    10    0.05    0.15    0.21    7.62 ^ fanout18/X (sky130_fd_sc_hd__buf_4)
                                         net18 (net)
                  0.15    0.00    7.62 ^ _3461_/RESET_B (sky130_fd_sc_hd__dfrtp_1)
                                  7.62   data arrival time

                  0.15    0.00    0.00   clock clk (rise edge)
                          0.00    0.00   clock network delay (ideal)
                          0.25    0.25   clock uncertainty
                          0.00    0.25   clock reconvergence pessimism
                                  0.25 ^ _3461_/CLK (sky130_fd_sc_hd__dfrtp_1)
                          0.38    0.63   library removal time
                                  0.63   data required time
-----------------------------------------------------------------------------
                                  0.63   data required time
                                 -7.62   data arrival time
-----------------------------------------------------------------------------
                                  7.00   slack (MET)


Startpoint: _3178_ (rising edge-triggered flip-flop clocked by clk')
Endpoint: _3458_ (removal check against rising-edge clock clk)
Path Group: asynchronous
Path Type: min

Fanout     Cap    Slew   Delay    Time   Description
-----------------------------------------------------------------------------
                  0.15    7.00    7.00   clock clk' (rise edge)
                          0.00    7.00   clock network delay (ideal)
                  0.15    0.00    7.00 ^ _3178_/CLK (sky130_fd_sc_hd__dfxtp_2)
     4    0.03    0.15    0.41    7.41 ^ _3178_/Q (sky130_fd_sc_hd__dfxtp_2)
                                         i_spi_reg.falling_edge_detector_sof.rstb (net)
                  0.15    0.00    7.41 ^ fanout18/A (sky130_fd_sc_hd__buf_4)
    10    0.05    0.15    0.21    7.62 ^ fanout18/X (sky130_fd_sc_hd__buf_4)
                                         net18 (net)
                  0.15    0.00    7.62 ^ _3458_/RESET_B (sky130_fd_sc_hd__dfrtp_1)
                                  7.62   data arrival time

                  0.15    0.00    0.00   clock clk (rise edge)
                          0.00    0.00   clock network delay (ideal)
                          0.25    0.25   clock uncertainty
                          0.00    0.25   clock reconvergence pessimism
                                  0.25 ^ _3458_/CLK (sky130_fd_sc_hd__dfrtp_1)
                          0.38    0.63   library removal time
                                  0.63   data required time
-----------------------------------------------------------------------------
                                  0.63   data required time
                                 -7.62   data arrival time
-----------------------------------------------------------------------------
                                  7.00   slack (MET)


Startpoint: _3178_ (rising edge-triggered flip-flop clocked by clk')
Endpoint: _3462_ (removal check against rising-edge clock clk)
Path Group: asynchronous
Path Type: min

Fanout     Cap    Slew   Delay    Time   Description
-----------------------------------------------------------------------------
                  0.15    7.00    7.00   clock clk' (rise edge)
                          0.00    7.00   clock network delay (ideal)
                  0.15    0.00    7.00 ^ _3178_/CLK (sky130_fd_sc_hd__dfxtp_2)
     4    0.03    0.15    0.41    7.41 ^ _3178_/Q (sky130_fd_sc_hd__dfxtp_2)
                                         i_spi_reg.falling_edge_detector_sof.rstb (net)
                  0.15    0.00    7.41 ^ fanout18/A (sky130_fd_sc_hd__buf_4)
    10    0.05    0.15    0.21    7.62 ^ fanout18/X (sky130_fd_sc_hd__buf_4)
                                         net18 (net)
                  0.15    0.00    7.62 ^ _3462_/RESET_B (sky130_fd_sc_hd__dfrtp_1)
                                  7.62   data arrival time

                  0.15    0.00    0.00   clock clk (rise edge)
                          0.00    0.00   clock network delay (ideal)
                          0.25    0.25   clock uncertainty
                          0.00    0.25   clock reconvergence pessimism
                                  0.25 ^ _3462_/CLK (sky130_fd_sc_hd__dfrtp_1)
                          0.38    0.63   library removal time
                                  0.63   data required time
-----------------------------------------------------------------------------
                                  0.63   data required time
                                 -7.62   data arrival time
-----------------------------------------------------------------------------
                                  7.00   slack (MET)


Startpoint: _3178_ (rising edge-triggered flip-flop clocked by clk')
Endpoint: _3457_ (removal check against rising-edge clock clk)
Path Group: asynchronous
Path Type: min

Fanout     Cap    Slew   Delay    Time   Description
-----------------------------------------------------------------------------
                  0.15    7.00    7.00   clock clk' (rise edge)
                          0.00    7.00   clock network delay (ideal)
                  0.15    0.00    7.00 ^ _3178_/CLK (sky130_fd_sc_hd__dfxtp_2)
     4    0.03    0.15    0.41    7.41 ^ _3178_/Q (sky130_fd_sc_hd__dfxtp_2)
                                         i_spi_reg.falling_edge_detector_sof.rstb (net)
                  0.15    0.00    7.41 ^ fanout18/A (sky130_fd_sc_hd__buf_4)
    10    0.05    0.15    0.21    7.62 ^ fanout18/X (sky130_fd_sc_hd__buf_4)
                                         net18 (net)
                  0.15    0.00    7.62 ^ _3457_/RESET_B (sky130_fd_sc_hd__dfrtp_1)
                                  7.62   data arrival time

                  0.15    0.00    0.00   clock clk (rise edge)
                          0.00    0.00   clock network delay (ideal)
                          0.25    0.25   clock uncertainty
                          0.00    0.25   clock reconvergence pessimism
                                  0.25 ^ _3457_/CLK (sky130_fd_sc_hd__dfrtp_1)
                          0.38    0.63   library removal time
                                  0.63   data required time
-----------------------------------------------------------------------------
                                  0.63   data required time
                                 -7.62   data arrival time
-----------------------------------------------------------------------------
                                  7.00   slack (MET)


Startpoint: _3178_ (rising edge-triggered flip-flop clocked by clk')
Endpoint: _3410_ (removal check against rising-edge clock clk)
Path Group: asynchronous
Path Type: min

Fanout     Cap    Slew   Delay    Time   Description
-----------------------------------------------------------------------------
                  0.15    7.00    7.00   clock clk' (rise edge)
                          0.00    7.00   clock network delay (ideal)
                  0.15    0.00    7.00 ^ _3178_/CLK (sky130_fd_sc_hd__dfxtp_2)
     4    0.03    0.15    0.41    7.41 ^ _3178_/Q (sky130_fd_sc_hd__dfxtp_2)
                                         i_spi_reg.falling_edge_detector_sof.rstb (net)
                  0.15    0.00    7.41 ^ fanout19/A (sky130_fd_sc_hd__clkbuf_4)
    10    0.05    0.15    0.24    7.65 ^ fanout19/X (sky130_fd_sc_hd__clkbuf_4)
                                         net19 (net)
                  0.15    0.00    7.65 ^ _3410_/RESET_B (sky130_fd_sc_hd__dfrtp_4)
                                  7.65   data arrival time

                  0.15    0.00    0.00   clock clk (rise edge)
                          0.00    0.00   clock network delay (ideal)
                          0.25    0.25   clock uncertainty
                          0.00    0.25   clock reconvergence pessimism
                                  0.25 ^ _3410_/CLK (sky130_fd_sc_hd__dfrtp_4)
                          0.38    0.63   library removal time
                                  0.63   data required time
-----------------------------------------------------------------------------
                                  0.63   data required time
                                 -7.65   data arrival time
-----------------------------------------------------------------------------
                                  7.02   slack (MET)


Startpoint: _3178_ (rising edge-triggered flip-flop clocked by clk')
Endpoint: _3455_ (removal check against rising-edge clock clk)
Path Group: asynchronous
Path Type: min

Fanout     Cap    Slew   Delay    Time   Description
-----------------------------------------------------------------------------
                  0.15    7.00    7.00   clock clk' (rise edge)
                          0.00    7.00   clock network delay (ideal)
                  0.15    0.00    7.00 ^ _3178_/CLK (sky130_fd_sc_hd__dfxtp_2)
     4    0.03    0.15    0.41    7.41 ^ _3178_/Q (sky130_fd_sc_hd__dfxtp_2)
                                         i_spi_reg.falling_edge_detector_sof.rstb (net)
                  0.15    0.00    7.41 ^ fanout19/A (sky130_fd_sc_hd__clkbuf_4)
    10    0.05    0.15    0.24    7.65 ^ fanout19/X (sky130_fd_sc_hd__clkbuf_4)
                                         net19 (net)
                  0.15    0.00    7.65 ^ _3455_/RESET_B (sky130_fd_sc_hd__dfrtp_1)
                                  7.65   data arrival time

                  0.15    0.00    0.00   clock clk (rise edge)
                          0.00    0.00   clock network delay (ideal)
                          0.25    0.25   clock uncertainty
                          0.00    0.25   clock reconvergence pessimism
                                  0.25 ^ _3455_/CLK (sky130_fd_sc_hd__dfrtp_1)
                          0.38    0.63   library removal time
                                  0.63   data required time
-----------------------------------------------------------------------------
                                  0.63   data required time
                                 -7.65   data arrival time
-----------------------------------------------------------------------------
                                  7.02   slack (MET)


Startpoint: _3178_ (rising edge-triggered flip-flop clocked by clk')
Endpoint: _3453_ (removal check against rising-edge clock clk)
Path Group: asynchronous
Path Type: min

Fanout     Cap    Slew   Delay    Time   Description
-----------------------------------------------------------------------------
                  0.15    7.00    7.00   clock clk' (rise edge)
                          0.00    7.00   clock network delay (ideal)
                  0.15    0.00    7.00 ^ _3178_/CLK (sky130_fd_sc_hd__dfxtp_2)
     4    0.03    0.15    0.41    7.41 ^ _3178_/Q (sky130_fd_sc_hd__dfxtp_2)
                                         i_spi_reg.falling_edge_detector_sof.rstb (net)
                  0.15    0.00    7.41 ^ fanout19/A (sky130_fd_sc_hd__clkbuf_4)
    10    0.05    0.15    0.24    7.65 ^ fanout19/X (sky130_fd_sc_hd__clkbuf_4)
                                         net19 (net)
                  0.15    0.00    7.65 ^ _3453_/RESET_B (sky130_fd_sc_hd__dfrtp_4)
                                  7.65   data arrival time

                  0.15    0.00    0.00   clock clk (rise edge)
                          0.00    0.00   clock network delay (ideal)
                          0.25    0.25   clock uncertainty
                          0.00    0.25   clock reconvergence pessimism
                                  0.25 ^ _3453_/CLK (sky130_fd_sc_hd__dfrtp_4)
                          0.38    0.63   library removal time
                                  0.63   data required time
-----------------------------------------------------------------------------
                                  0.63   data required time
                                 -7.65   data arrival time
-----------------------------------------------------------------------------
                                  7.02   slack (MET)


Startpoint: _3178_ (rising edge-triggered flip-flop clocked by clk')
Endpoint: _3465_ (removal check against rising-edge clock clk)
Path Group: asynchronous
Path Type: min

Fanout     Cap    Slew   Delay    Time   Description
-----------------------------------------------------------------------------
                  0.15    7.00    7.00   clock clk' (rise edge)
                          0.00    7.00   clock network delay (ideal)
                  0.15    0.00    7.00 ^ _3178_/CLK (sky130_fd_sc_hd__dfxtp_2)
     4    0.03    0.15    0.41    7.41 ^ _3178_/Q (sky130_fd_sc_hd__dfxtp_2)
                                         i_spi_reg.falling_edge_detector_sof.rstb (net)
                  0.15    0.00    7.41 ^ fanout19/A (sky130_fd_sc_hd__clkbuf_4)
    10    0.05    0.15    0.24    7.65 ^ fanout19/X (sky130_fd_sc_hd__clkbuf_4)
                                         net19 (net)
                  0.15    0.00    7.65 ^ _3465_/RESET_B (sky130_fd_sc_hd__dfrtp_4)
                                  7.65   data arrival time

                  0.15    0.00    0.00   clock clk (rise edge)
                          0.00    0.00   clock network delay (ideal)
                          0.25    0.25   clock uncertainty
                          0.00    0.25   clock reconvergence pessimism
                                  0.25 ^ _3465_/CLK (sky130_fd_sc_hd__dfrtp_4)
                          0.38    0.63   library removal time
                                  0.63   data required time
-----------------------------------------------------------------------------
                                  0.63   data required time
                                 -7.65   data arrival time
-----------------------------------------------------------------------------
                                  7.02   slack (MET)


Startpoint: _3178_ (rising edge-triggered flip-flop clocked by clk')
Endpoint: _3466_ (removal check against rising-edge clock clk)
Path Group: asynchronous
Path Type: min

Fanout     Cap    Slew   Delay    Time   Description
-----------------------------------------------------------------------------
                  0.15    7.00    7.00   clock clk' (rise edge)
                          0.00    7.00   clock network delay (ideal)
                  0.15    0.00    7.00 ^ _3178_/CLK (sky130_fd_sc_hd__dfxtp_2)
     4    0.03    0.15    0.41    7.41 ^ _3178_/Q (sky130_fd_sc_hd__dfxtp_2)
                                         i_spi_reg.falling_edge_detector_sof.rstb (net)
                  0.15    0.00    7.41 ^ fanout19/A (sky130_fd_sc_hd__clkbuf_4)
    10    0.05    0.15    0.24    7.65 ^ fanout19/X (sky130_fd_sc_hd__clkbuf_4)
                                         net19 (net)
                  0.15    0.00    7.65 ^ _3466_/RESET_B (sky130_fd_sc_hd__dfrtp_4)
                                  7.65   data arrival time

                  0.15    0.00    0.00   clock clk (rise edge)
                          0.00    0.00   clock network delay (ideal)
                          0.25    0.25   clock uncertainty
                          0.00    0.25   clock reconvergence pessimism
                                  0.25 ^ _3466_/CLK (sky130_fd_sc_hd__dfrtp_4)
                          0.38    0.63   library removal time
                                  0.63   data required time
-----------------------------------------------------------------------------
                                  0.63   data required time
                                 -7.65   data arrival time
-----------------------------------------------------------------------------
                                  7.02   slack (MET)


Startpoint: _3178_ (rising edge-triggered flip-flop clocked by clk')
Endpoint: _3479_ (removal check against rising-edge clock clk)
Path Group: asynchronous
Path Type: min

Fanout     Cap    Slew   Delay    Time   Description
-----------------------------------------------------------------------------
                  0.15    7.00    7.00   clock clk' (rise edge)
                          0.00    7.00   clock network delay (ideal)
                  0.15    0.00    7.00 ^ _3178_/CLK (sky130_fd_sc_hd__dfxtp_2)
     4    0.03    0.15    0.41    7.41 ^ _3178_/Q (sky130_fd_sc_hd__dfxtp_2)
                                         i_spi_reg.falling_edge_detector_sof.rstb (net)
                  0.15    0.00    7.41 ^ fanout19/A (sky130_fd_sc_hd__clkbuf_4)
    10    0.05    0.15    0.24    7.65 ^ fanout19/X (sky130_fd_sc_hd__clkbuf_4)
                                         net19 (net)
                  0.15    0.00    7.65 ^ _3479_/RESET_B (sky130_fd_sc_hd__dfrtp_4)
                                  7.65   data arrival time

                  0.15    0.00    0.00   clock clk (rise edge)
                          0.00    0.00   clock network delay (ideal)
                          0.25    0.25   clock uncertainty
                          0.00    0.25   clock reconvergence pessimism
                                  0.25 ^ _3479_/CLK (sky130_fd_sc_hd__dfrtp_4)
                          0.38    0.63   library removal time
                                  0.63   data required time
-----------------------------------------------------------------------------
                                  0.63   data required time
                                 -7.65   data arrival time
-----------------------------------------------------------------------------
                                  7.02   slack (MET)


Startpoint: _3178_ (rising edge-triggered flip-flop clocked by clk')
Endpoint: _3474_ (removal check against rising-edge clock clk)
Path Group: asynchronous
Path Type: min

Fanout     Cap    Slew   Delay    Time   Description
-----------------------------------------------------------------------------
                  0.15    7.00    7.00   clock clk' (rise edge)
                          0.00    7.00   clock network delay (ideal)
                  0.15    0.00    7.00 ^ _3178_/CLK (sky130_fd_sc_hd__dfxtp_2)
     4    0.03    0.15    0.41    7.41 ^ _3178_/Q (sky130_fd_sc_hd__dfxtp_2)
                                         i_spi_reg.falling_edge_detector_sof.rstb (net)
                  0.15    0.00    7.41 ^ fanout23/A (sky130_fd_sc_hd__buf_2)
     6    0.03    0.14    0.20    7.61 ^ fanout23/X (sky130_fd_sc_hd__buf_2)
                                         net23 (net)
                  0.14    0.00    7.61 ^ fanout21/A (sky130_fd_sc_hd__clkbuf_2)
     5    0.02    0.13    0.19    7.81 ^ fanout21/X (sky130_fd_sc_hd__clkbuf_2)
                                         net21 (net)
                  0.13    0.00    7.81 ^ _3474_/RESET_B (sky130_fd_sc_hd__dfrtp_1)
                                  7.81   data arrival time

                  0.15    0.00    0.00   clock clk (rise edge)
                          0.00    0.00   clock network delay (ideal)
                          0.25    0.25   clock uncertainty
                          0.00    0.25   clock reconvergence pessimism
                                  0.25 ^ _3474_/CLK (sky130_fd_sc_hd__dfrtp_1)
                          0.37    0.62   library removal time
                                  0.62   data required time
-----------------------------------------------------------------------------
                                  0.62   data required time
                                 -7.81   data arrival time
-----------------------------------------------------------------------------
                                  7.18   slack (MET)


Startpoint: _3178_ (rising edge-triggered flip-flop clocked by clk')
Endpoint: _3496_ (removal check against rising-edge clock clk)
Path Group: asynchronous
Path Type: min

Fanout     Cap    Slew   Delay    Time   Description
-----------------------------------------------------------------------------
                  0.15    7.00    7.00   clock clk' (rise edge)
                          0.00    7.00   clock network delay (ideal)
                  0.15    0.00    7.00 ^ _3178_/CLK (sky130_fd_sc_hd__dfxtp_2)
     4    0.03    0.15    0.41    7.41 ^ _3178_/Q (sky130_fd_sc_hd__dfxtp_2)
                                         i_spi_reg.falling_edge_detector_sof.rstb (net)
                  0.15    0.00    7.41 ^ fanout23/A (sky130_fd_sc_hd__buf_2)
     6    0.03    0.14    0.20    7.61 ^ fanout23/X (sky130_fd_sc_hd__buf_2)
                                         net23 (net)
                  0.14    0.00    7.61 ^ fanout21/A (sky130_fd_sc_hd__clkbuf_2)
     5    0.02    0.13    0.19    7.81 ^ fanout21/X (sky130_fd_sc_hd__clkbuf_2)
                                         net21 (net)
                  0.13    0.00    7.81 ^ _3496_/RESET_B (sky130_fd_sc_hd__dfrtp_4)
                                  7.81   data arrival time

                  0.15    0.00    0.00   clock clk (rise edge)
                          0.00    0.00   clock network delay (ideal)
                          0.25    0.25   clock uncertainty
                          0.00    0.25   clock reconvergence pessimism
                                  0.25 ^ _3496_/CLK (sky130_fd_sc_hd__dfrtp_4)
                          0.37    0.62   library removal time
                                  0.62   data required time
-----------------------------------------------------------------------------
                                  0.62   data required time
                                 -7.81   data arrival time
-----------------------------------------------------------------------------
                                  7.18   slack (MET)


Startpoint: _3178_ (rising edge-triggered flip-flop clocked by clk')
Endpoint: _3495_ (removal check against rising-edge clock clk)
Path Group: asynchronous
Path Type: min

Fanout     Cap    Slew   Delay    Time   Description
-----------------------------------------------------------------------------
                  0.15    7.00    7.00   clock clk' (rise edge)
                          0.00    7.00   clock network delay (ideal)
                  0.15    0.00    7.00 ^ _3178_/CLK (sky130_fd_sc_hd__dfxtp_2)
     4    0.03    0.15    0.41    7.41 ^ _3178_/Q (sky130_fd_sc_hd__dfxtp_2)
                                         i_spi_reg.falling_edge_detector_sof.rstb (net)
                  0.15    0.00    7.41 ^ fanout23/A (sky130_fd_sc_hd__buf_2)
     6    0.03    0.14    0.20    7.61 ^ fanout23/X (sky130_fd_sc_hd__buf_2)
                                         net23 (net)
                  0.14    0.00    7.61 ^ fanout21/A (sky130_fd_sc_hd__clkbuf_2)
     5    0.02    0.13    0.19    7.81 ^ fanout21/X (sky130_fd_sc_hd__clkbuf_2)
                                         net21 (net)
                  0.13    0.00    7.81 ^ _3495_/RESET_B (sky130_fd_sc_hd__dfrtp_4)
                                  7.81   data arrival time

                  0.15    0.00    0.00   clock clk (rise edge)
                          0.00    0.00   clock network delay (ideal)
                          0.25    0.25   clock uncertainty
                          0.00    0.25   clock reconvergence pessimism
                                  0.25 ^ _3495_/CLK (sky130_fd_sc_hd__dfrtp_4)
                          0.37    0.62   library removal time
                                  0.62   data required time
-----------------------------------------------------------------------------
                                  0.62   data required time
                                 -7.81   data arrival time
-----------------------------------------------------------------------------
                                  7.18   slack (MET)


Startpoint: _3178_ (rising edge-triggered flip-flop clocked by clk')
Endpoint: _3494_ (removal check against rising-edge clock clk)
Path Group: asynchronous
Path Type: min

Fanout     Cap    Slew   Delay    Time   Description
-----------------------------------------------------------------------------
                  0.15    7.00    7.00   clock clk' (rise edge)
                          0.00    7.00   clock network delay (ideal)
                  0.15    0.00    7.00 ^ _3178_/CLK (sky130_fd_sc_hd__dfxtp_2)
     4    0.03    0.15    0.41    7.41 ^ _3178_/Q (sky130_fd_sc_hd__dfxtp_2)
                                         i_spi_reg.falling_edge_detector_sof.rstb (net)
                  0.15    0.00    7.41 ^ fanout23/A (sky130_fd_sc_hd__buf_2)
     6    0.03    0.14    0.20    7.61 ^ fanout23/X (sky130_fd_sc_hd__buf_2)
                                         net23 (net)
                  0.14    0.00    7.61 ^ fanout21/A (sky130_fd_sc_hd__clkbuf_2)
     5    0.02    0.13    0.19    7.81 ^ fanout21/X (sky130_fd_sc_hd__clkbuf_2)
                                         net21 (net)
                  0.13    0.00    7.81 ^ _3494_/RESET_B (sky130_fd_sc_hd__dfrtp_4)
                                  7.81   data arrival time

                  0.15    0.00    0.00   clock clk (rise edge)
                          0.00    0.00   clock network delay (ideal)
                          0.25    0.25   clock uncertainty
                          0.00    0.25   clock reconvergence pessimism
                                  0.25 ^ _3494_/CLK (sky130_fd_sc_hd__dfrtp_4)
                          0.37    0.62   library removal time
                                  0.62   data required time
-----------------------------------------------------------------------------
                                  0.62   data required time
                                 -7.81   data arrival time
-----------------------------------------------------------------------------
                                  7.18   slack (MET)


Startpoint: _3178_ (rising edge-triggered flip-flop clocked by clk')
Endpoint: _3472_ (removal check against rising-edge clock clk)
Path Group: asynchronous
Path Type: min

Fanout     Cap    Slew   Delay    Time   Description
-----------------------------------------------------------------------------
                  0.15    7.00    7.00   clock clk' (rise edge)
                          0.00    7.00   clock network delay (ideal)
                  0.15    0.00    7.00 ^ _3178_/CLK (sky130_fd_sc_hd__dfxtp_2)
     4    0.03    0.15    0.41    7.41 ^ _3178_/Q (sky130_fd_sc_hd__dfxtp_2)
                                         i_spi_reg.falling_edge_detector_sof.rstb (net)
                  0.15    0.00    7.41 ^ fanout23/A (sky130_fd_sc_hd__buf_2)
     6    0.03    0.14    0.20    7.61 ^ fanout23/X (sky130_fd_sc_hd__buf_2)
                                         net23 (net)
                  0.14    0.00    7.61 ^ fanout21/A (sky130_fd_sc_hd__clkbuf_2)
     5    0.02    0.13    0.19    7.81 ^ fanout21/X (sky130_fd_sc_hd__clkbuf_2)
                                         net21 (net)
                  0.13    0.00    7.81 ^ _3472_/RESET_B (sky130_fd_sc_hd__dfrtp_1)
                                  7.81   data arrival time

                  0.15    0.00    0.00   clock clk (rise edge)
                          0.00    0.00   clock network delay (ideal)
                          0.25    0.25   clock uncertainty
                          0.00    0.25   clock reconvergence pessimism
                                  0.25 ^ _3472_/CLK (sky130_fd_sc_hd__dfrtp_1)
                          0.37    0.62   library removal time
                                  0.62   data required time
-----------------------------------------------------------------------------
                                  0.62   data required time
                                 -7.81   data arrival time
-----------------------------------------------------------------------------
                                  7.18   slack (MET)


Startpoint: _3178_ (rising edge-triggered flip-flop clocked by clk')
Endpoint: _3480_ (removal check against rising-edge clock clk)
Path Group: asynchronous
Path Type: min

Fanout     Cap    Slew   Delay    Time   Description
-----------------------------------------------------------------------------
                  0.15    7.00    7.00   clock clk' (rise edge)
                          0.00    7.00   clock network delay (ideal)
                  0.15    0.00    7.00 ^ _3178_/CLK (sky130_fd_sc_hd__dfxtp_2)
     4    0.03    0.15    0.41    7.41 ^ _3178_/Q (sky130_fd_sc_hd__dfxtp_2)
                                         i_spi_reg.falling_edge_detector_sof.rstb (net)
                  0.15    0.00    7.41 ^ fanout23/A (sky130_fd_sc_hd__buf_2)
     6    0.03    0.14    0.20    7.61 ^ fanout23/X (sky130_fd_sc_hd__buf_2)
                                         net23 (net)
                  0.14    0.00    7.61 ^ fanout20/A (sky130_fd_sc_hd__clkbuf_4)
    10    0.04    0.14    0.23    7.84 ^ fanout20/X (sky130_fd_sc_hd__clkbuf_4)
                                         net20 (net)
                  0.14    0.00    7.84 ^ _3480_/RESET_B (sky130_fd_sc_hd__dfrtp_4)
                                  7.84   data arrival time

                  0.15    0.00    0.00   clock clk (rise edge)
                          0.00    0.00   clock network delay (ideal)
                          0.25    0.25   clock uncertainty
                          0.00    0.25   clock reconvergence pessimism
                                  0.25 ^ _3480_/CLK (sky130_fd_sc_hd__dfrtp_4)
                          0.37    0.62   library removal time
                                  0.62   data required time
-----------------------------------------------------------------------------
                                  0.62   data required time
                                 -7.84   data arrival time
-----------------------------------------------------------------------------
                                  7.22   slack (MET)


Startpoint: _3178_ (rising edge-triggered flip-flop clocked by clk')
Endpoint: _3477_ (removal check against rising-edge clock clk)
Path Group: asynchronous
Path Type: min

Fanout     Cap    Slew   Delay    Time   Description
-----------------------------------------------------------------------------
                  0.15    7.00    7.00   clock clk' (rise edge)
                          0.00    7.00   clock network delay (ideal)
                  0.15    0.00    7.00 ^ _3178_/CLK (sky130_fd_sc_hd__dfxtp_2)
     4    0.03    0.15    0.41    7.41 ^ _3178_/Q (sky130_fd_sc_hd__dfxtp_2)
                                         i_spi_reg.falling_edge_detector_sof.rstb (net)
                  0.15    0.00    7.41 ^ fanout23/A (sky130_fd_sc_hd__buf_2)
     6    0.03    0.14    0.20    7.61 ^ fanout23/X (sky130_fd_sc_hd__buf_2)
                                         net23 (net)
                  0.14    0.00    7.61 ^ fanout20/A (sky130_fd_sc_hd__clkbuf_4)
    10    0.04    0.14    0.23    7.84 ^ fanout20/X (sky130_fd_sc_hd__clkbuf_4)
                                         net20 (net)
                  0.14    0.00    7.84 ^ _3477_/RESET_B (sky130_fd_sc_hd__dfrtp_4)
                                  7.84   data arrival time

                  0.15    0.00    0.00   clock clk (rise edge)
                          0.00    0.00   clock network delay (ideal)
                          0.25    0.25   clock uncertainty
                          0.00    0.25   clock reconvergence pessimism
                                  0.25 ^ _3477_/CLK (sky130_fd_sc_hd__dfrtp_4)
                          0.37    0.62   library removal time
                                  0.62   data required time
-----------------------------------------------------------------------------
                                  0.62   data required time
                                 -7.84   data arrival time
-----------------------------------------------------------------------------
                                  7.22   slack (MET)


Startpoint: _3178_ (rising edge-triggered flip-flop clocked by clk')
Endpoint: _3478_ (removal check against rising-edge clock clk)
Path Group: asynchronous
Path Type: min

Fanout     Cap    Slew   Delay    Time   Description
-----------------------------------------------------------------------------
                  0.15    7.00    7.00   clock clk' (rise edge)
                          0.00    7.00   clock network delay (ideal)
                  0.15    0.00    7.00 ^ _3178_/CLK (sky130_fd_sc_hd__dfxtp_2)
     4    0.03    0.15    0.41    7.41 ^ _3178_/Q (sky130_fd_sc_hd__dfxtp_2)
                                         i_spi_reg.falling_edge_detector_sof.rstb (net)
                  0.15    0.00    7.41 ^ fanout23/A (sky130_fd_sc_hd__buf_2)
     6    0.03    0.14    0.20    7.61 ^ fanout23/X (sky130_fd_sc_hd__buf_2)
                                         net23 (net)
                  0.14    0.00    7.61 ^ fanout20/A (sky130_fd_sc_hd__clkbuf_4)
    10    0.04    0.14    0.23    7.84 ^ fanout20/X (sky130_fd_sc_hd__clkbuf_4)
                                         net20 (net)
                  0.14    0.00    7.84 ^ _3478_/RESET_B (sky130_fd_sc_hd__dfrtp_4)
                                  7.84   data arrival time

                  0.15    0.00    0.00   clock clk (rise edge)
                          0.00    0.00   clock network delay (ideal)
                          0.25    0.25   clock uncertainty
                          0.00    0.25   clock reconvergence pessimism
                                  0.25 ^ _3478_/CLK (sky130_fd_sc_hd__dfrtp_4)
                          0.37    0.62   library removal time
                                  0.62   data required time
-----------------------------------------------------------------------------
                                  0.62   data required time
                                 -7.84   data arrival time
-----------------------------------------------------------------------------
                                  7.22   slack (MET)


Startpoint: _3178_ (rising edge-triggered flip-flop clocked by clk')
Endpoint: _3475_ (removal check against rising-edge clock clk)
Path Group: asynchronous
Path Type: min

Fanout     Cap    Slew   Delay    Time   Description
-----------------------------------------------------------------------------
                  0.15    7.00    7.00   clock clk' (rise edge)
                          0.00    7.00   clock network delay (ideal)
                  0.15    0.00    7.00 ^ _3178_/CLK (sky130_fd_sc_hd__dfxtp_2)
     4    0.03    0.15    0.41    7.41 ^ _3178_/Q (sky130_fd_sc_hd__dfxtp_2)
                                         i_spi_reg.falling_edge_detector_sof.rstb (net)
                  0.15    0.00    7.41 ^ fanout23/A (sky130_fd_sc_hd__buf_2)
     6    0.03    0.14    0.20    7.61 ^ fanout23/X (sky130_fd_sc_hd__buf_2)
                                         net23 (net)
                  0.14    0.00    7.61 ^ fanout20/A (sky130_fd_sc_hd__clkbuf_4)
    10    0.04    0.14    0.23    7.84 ^ fanout20/X (sky130_fd_sc_hd__clkbuf_4)
                                         net20 (net)
                  0.14    0.00    7.84 ^ _3475_/RESET_B (sky130_fd_sc_hd__dfrtp_1)
                                  7.84   data arrival time

                  0.15    0.00    0.00   clock clk (rise edge)
                          0.00    0.00   clock network delay (ideal)
                          0.25    0.25   clock uncertainty
                          0.00    0.25   clock reconvergence pessimism
                                  0.25 ^ _3475_/CLK (sky130_fd_sc_hd__dfrtp_1)
                          0.37    0.62   library removal time
                                  0.62   data required time
-----------------------------------------------------------------------------
                                  0.62   data required time
                                 -7.84   data arrival time
-----------------------------------------------------------------------------
                                  7.22   slack (MET)


Startpoint: _3178_ (rising edge-triggered flip-flop clocked by clk')
Endpoint: _3476_ (removal check against rising-edge clock clk)
Path Group: asynchronous
Path Type: min

Fanout     Cap    Slew   Delay    Time   Description
-----------------------------------------------------------------------------
                  0.15    7.00    7.00   clock clk' (rise edge)
                          0.00    7.00   clock network delay (ideal)
                  0.15    0.00    7.00 ^ _3178_/CLK (sky130_fd_sc_hd__dfxtp_2)
     4    0.03    0.15    0.41    7.41 ^ _3178_/Q (sky130_fd_sc_hd__dfxtp_2)
                                         i_spi_reg.falling_edge_detector_sof.rstb (net)
                  0.15    0.00    7.41 ^ fanout23/A (sky130_fd_sc_hd__buf_2)
     6    0.03    0.14    0.20    7.61 ^ fanout23/X (sky130_fd_sc_hd__buf_2)
                                         net23 (net)
                  0.14    0.00    7.61 ^ fanout20/A (sky130_fd_sc_hd__clkbuf_4)
    10    0.04    0.14    0.23    7.84 ^ fanout20/X (sky130_fd_sc_hd__clkbuf_4)
                                         net20 (net)
                  0.14    0.00    7.84 ^ _3476_/RESET_B (sky130_fd_sc_hd__dfrtp_1)
                                  7.84   data arrival time

                  0.15    0.00    0.00   clock clk (rise edge)
                          0.00    0.00   clock network delay (ideal)
                          0.25    0.25   clock uncertainty
                          0.00    0.25   clock reconvergence pessimism
                                  0.25 ^ _3476_/CLK (sky130_fd_sc_hd__dfrtp_1)
                          0.37    0.62   library removal time
                                  0.62   data required time
-----------------------------------------------------------------------------
                                  0.62   data required time
                                 -7.84   data arrival time
-----------------------------------------------------------------------------
                                  7.22   slack (MET)


Startpoint: _3178_ (rising edge-triggered flip-flop clocked by clk')
Endpoint: _3469_ (removal check against rising-edge clock clk)
Path Group: asynchronous
Path Type: min

Fanout     Cap    Slew   Delay    Time   Description
-----------------------------------------------------------------------------
                  0.15    7.00    7.00   clock clk' (rise edge)
                          0.00    7.00   clock network delay (ideal)
                  0.15    0.00    7.00 ^ _3178_/CLK (sky130_fd_sc_hd__dfxtp_2)
     4    0.03    0.15    0.41    7.41 ^ _3178_/Q (sky130_fd_sc_hd__dfxtp_2)
                                         i_spi_reg.falling_edge_detector_sof.rstb (net)
                  0.15    0.00    7.41 ^ fanout23/A (sky130_fd_sc_hd__buf_2)
     6    0.03    0.14    0.20    7.61 ^ fanout23/X (sky130_fd_sc_hd__buf_2)
                                         net23 (net)
                  0.14    0.00    7.61 ^ fanout20/A (sky130_fd_sc_hd__clkbuf_4)
    10    0.04    0.14    0.23    7.84 ^ fanout20/X (sky130_fd_sc_hd__clkbuf_4)
                                         net20 (net)
                  0.14    0.00    7.84 ^ _3469_/RESET_B (sky130_fd_sc_hd__dfrtp_1)
                                  7.84   data arrival time

                  0.15    0.00    0.00   clock clk (rise edge)
                          0.00    0.00   clock network delay (ideal)
                          0.25    0.25   clock uncertainty
                          0.00    0.25   clock reconvergence pessimism
                                  0.25 ^ _3469_/CLK (sky130_fd_sc_hd__dfrtp_1)
                          0.37    0.62   library removal time
                                  0.62   data required time
-----------------------------------------------------------------------------
                                  0.62   data required time
                                 -7.84   data arrival time
-----------------------------------------------------------------------------
                                  7.22   slack (MET)


Startpoint: _3178_ (rising edge-triggered flip-flop clocked by clk')
Endpoint: _3468_ (removal check against rising-edge clock clk)
Path Group: asynchronous
Path Type: min

Fanout     Cap    Slew   Delay    Time   Description
-----------------------------------------------------------------------------
                  0.15    7.00    7.00   clock clk' (rise edge)
                          0.00    7.00   clock network delay (ideal)
                  0.15    0.00    7.00 ^ _3178_/CLK (sky130_fd_sc_hd__dfxtp_2)
     4    0.03    0.15    0.41    7.41 ^ _3178_/Q (sky130_fd_sc_hd__dfxtp_2)
                                         i_spi_reg.falling_edge_detector_sof.rstb (net)
                  0.15    0.00    7.41 ^ fanout23/A (sky130_fd_sc_hd__buf_2)
     6    0.03    0.14    0.20    7.61 ^ fanout23/X (sky130_fd_sc_hd__buf_2)
                                         net23 (net)
                  0.14    0.00    7.61 ^ fanout20/A (sky130_fd_sc_hd__clkbuf_4)
    10    0.04    0.14    0.23    7.84 ^ fanout20/X (sky130_fd_sc_hd__clkbuf_4)
                                         net20 (net)
                  0.14    0.00    7.84 ^ _3468_/RESET_B (sky130_fd_sc_hd__dfrtp_1)
                                  7.84   data arrival time

                  0.15    0.00    0.00   clock clk (rise edge)
                          0.00    0.00   clock network delay (ideal)
                          0.25    0.25   clock uncertainty
                          0.00    0.25   clock reconvergence pessimism
                                  0.25 ^ _3468_/CLK (sky130_fd_sc_hd__dfrtp_1)
                          0.37    0.62   library removal time
                                  0.62   data required time
-----------------------------------------------------------------------------
                                  0.62   data required time
                                 -7.84   data arrival time
-----------------------------------------------------------------------------
                                  7.22   slack (MET)


Startpoint: _3178_ (rising edge-triggered flip-flop clocked by clk')
Endpoint: _3470_ (removal check against rising-edge clock clk)
Path Group: asynchronous
Path Type: min

Fanout     Cap    Slew   Delay    Time   Description
-----------------------------------------------------------------------------
                  0.15    7.00    7.00   clock clk' (rise edge)
                          0.00    7.00   clock network delay (ideal)
                  0.15    0.00    7.00 ^ _3178_/CLK (sky130_fd_sc_hd__dfxtp_2)
     4    0.03    0.15    0.41    7.41 ^ _3178_/Q (sky130_fd_sc_hd__dfxtp_2)
                                         i_spi_reg.falling_edge_detector_sof.rstb (net)
                  0.15    0.00    7.41 ^ fanout23/A (sky130_fd_sc_hd__buf_2)
     6    0.03    0.14    0.20    7.61 ^ fanout23/X (sky130_fd_sc_hd__buf_2)
                                         net23 (net)
                  0.14    0.00    7.61 ^ fanout20/A (sky130_fd_sc_hd__clkbuf_4)
    10    0.04    0.14    0.23    7.84 ^ fanout20/X (sky130_fd_sc_hd__clkbuf_4)
                                         net20 (net)
                  0.14    0.00    7.84 ^ _3470_/RESET_B (sky130_fd_sc_hd__dfrtp_1)
                                  7.84   data arrival time

                  0.15    0.00    0.00   clock clk (rise edge)
                          0.00    0.00   clock network delay (ideal)
                          0.25    0.25   clock uncertainty
                          0.00    0.25   clock reconvergence pessimism
                                  0.25 ^ _3470_/CLK (sky130_fd_sc_hd__dfrtp_1)
                          0.37    0.62   library removal time
                                  0.62   data required time
-----------------------------------------------------------------------------
                                  0.62   data required time
                                 -7.84   data arrival time
-----------------------------------------------------------------------------
                                  7.22   slack (MET)


Startpoint: _3178_ (rising edge-triggered flip-flop clocked by clk')
Endpoint: _3467_ (removal check against rising-edge clock clk)
Path Group: asynchronous
Path Type: min

Fanout     Cap    Slew   Delay    Time   Description
-----------------------------------------------------------------------------
                  0.15    7.00    7.00   clock clk' (rise edge)
                          0.00    7.00   clock network delay (ideal)
                  0.15    0.00    7.00 ^ _3178_/CLK (sky130_fd_sc_hd__dfxtp_2)
     4    0.03    0.15    0.41    7.41 ^ _3178_/Q (sky130_fd_sc_hd__dfxtp_2)
                                         i_spi_reg.falling_edge_detector_sof.rstb (net)
                  0.15    0.00    7.41 ^ fanout23/A (sky130_fd_sc_hd__buf_2)
     6    0.03    0.14    0.20    7.61 ^ fanout23/X (sky130_fd_sc_hd__buf_2)
                                         net23 (net)
                  0.14    0.00    7.61 ^ fanout20/A (sky130_fd_sc_hd__clkbuf_4)
    10    0.04    0.14    0.23    7.84 ^ fanout20/X (sky130_fd_sc_hd__clkbuf_4)
                                         net20 (net)
                  0.14    0.00    7.84 ^ _3467_/RESET_B (sky130_fd_sc_hd__dfrtp_1)
                                  7.84   data arrival time

                  0.15    0.00    0.00   clock clk (rise edge)
                          0.00    0.00   clock network delay (ideal)
                          0.25    0.25   clock uncertainty
                          0.00    0.25   clock reconvergence pessimism
                                  0.25 ^ _3467_/CLK (sky130_fd_sc_hd__dfrtp_1)
                          0.37    0.62   library removal time
                                  0.62   data required time
-----------------------------------------------------------------------------
                                  0.62   data required time
                                 -7.84   data arrival time
-----------------------------------------------------------------------------
                                  7.22   slack (MET)


Startpoint: _3178_ (rising edge-triggered flip-flop clocked by clk')
Endpoint: _3471_ (removal check against rising-edge clock clk)
Path Group: asynchronous
Path Type: min

Fanout     Cap    Slew   Delay    Time   Description
-----------------------------------------------------------------------------
                  0.15    7.00    7.00   clock clk' (rise edge)
                          0.00    7.00   clock network delay (ideal)
                  0.15    0.00    7.00 ^ _3178_/CLK (sky130_fd_sc_hd__dfxtp_2)
     4    0.03    0.15    0.41    7.41 ^ _3178_/Q (sky130_fd_sc_hd__dfxtp_2)
                                         i_spi_reg.falling_edge_detector_sof.rstb (net)
                  0.15    0.00    7.41 ^ fanout23/A (sky130_fd_sc_hd__buf_2)
     6    0.03    0.14    0.20    7.61 ^ fanout23/X (sky130_fd_sc_hd__buf_2)
                                         net23 (net)
                  0.14    0.00    7.61 ^ fanout20/A (sky130_fd_sc_hd__clkbuf_4)
    10    0.04    0.14    0.23    7.84 ^ fanout20/X (sky130_fd_sc_hd__clkbuf_4)
                                         net20 (net)
                  0.14    0.00    7.84 ^ _3471_/RESET_B (sky130_fd_sc_hd__dfrtp_1)
                                  7.84   data arrival time

                  0.15    0.00    0.00   clock clk (rise edge)
                          0.00    0.00   clock network delay (ideal)
                          0.25    0.25   clock uncertainty
                          0.00    0.25   clock reconvergence pessimism
                                  0.25 ^ _3471_/CLK (sky130_fd_sc_hd__dfrtp_1)
                          0.37    0.62   library removal time
                                  0.62   data required time
-----------------------------------------------------------------------------
                                  0.62   data required time
                                 -7.84   data arrival time
-----------------------------------------------------------------------------
                                  7.22   slack (MET)


Startpoint: _3178_ (rising edge-triggered flip-flop clocked by clk')
Endpoint: _3481_ (removal check against rising-edge clock clk)
Path Group: asynchronous
Path Type: min

Fanout     Cap    Slew   Delay    Time   Description
-----------------------------------------------------------------------------
                  0.15    7.00    7.00   clock clk' (rise edge)
                          0.00    7.00   clock network delay (ideal)
                  0.15    0.00    7.00 ^ _3178_/CLK (sky130_fd_sc_hd__dfxtp_2)
     4    0.03    0.15    0.41    7.41 ^ _3178_/Q (sky130_fd_sc_hd__dfxtp_2)
                                         i_spi_reg.falling_edge_detector_sof.rstb (net)
                  0.15    0.00    7.41 ^ fanout23/A (sky130_fd_sc_hd__buf_2)
     6    0.03    0.14    0.20    7.61 ^ fanout23/X (sky130_fd_sc_hd__buf_2)
                                         net23 (net)
                  0.14    0.00    7.62 ^ fanout22/A (sky130_fd_sc_hd__clkbuf_4)
    10    0.04    0.14    0.23    7.84 ^ fanout22/X (sky130_fd_sc_hd__clkbuf_4)
                                         net22 (net)
                  0.14    0.00    7.84 ^ _3481_/RESET_B (sky130_fd_sc_hd__dfrtp_4)
                                  7.84   data arrival time

                  0.15    0.00    0.00   clock clk (rise edge)
                          0.00    0.00   clock network delay (ideal)
                          0.25    0.25   clock uncertainty
                          0.00    0.25   clock reconvergence pessimism
                                  0.25 ^ _3481_/CLK (sky130_fd_sc_hd__dfrtp_4)
                          0.37    0.62   library removal time
                                  0.62   data required time
-----------------------------------------------------------------------------
                                  0.62   data required time
                                 -7.84   data arrival time
-----------------------------------------------------------------------------
                                  7.22   slack (MET)


Startpoint: _3178_ (rising edge-triggered flip-flop clocked by clk')
Endpoint: _3482_ (removal check against rising-edge clock clk)
Path Group: asynchronous
Path Type: min

Fanout     Cap    Slew   Delay    Time   Description
-----------------------------------------------------------------------------
                  0.15    7.00    7.00   clock clk' (rise edge)
                          0.00    7.00   clock network delay (ideal)
                  0.15    0.00    7.00 ^ _3178_/CLK (sky130_fd_sc_hd__dfxtp_2)
     4    0.03    0.15    0.41    7.41 ^ _3178_/Q (sky130_fd_sc_hd__dfxtp_2)
                                         i_spi_reg.falling_edge_detector_sof.rstb (net)
                  0.15    0.00    7.41 ^ fanout23/A (sky130_fd_sc_hd__buf_2)
     6    0.03    0.14    0.20    7.61 ^ fanout23/X (sky130_fd_sc_hd__buf_2)
                                         net23 (net)
                  0.14    0.00    7.62 ^ fanout22/A (sky130_fd_sc_hd__clkbuf_4)
    10    0.04    0.14    0.23    7.84 ^ fanout22/X (sky130_fd_sc_hd__clkbuf_4)
                                         net22 (net)
                  0.14    0.00    7.84 ^ _3482_/RESET_B (sky130_fd_sc_hd__dfrtp_4)
                                  7.84   data arrival time

                  0.15    0.00    0.00   clock clk (rise edge)
                          0.00    0.00   clock network delay (ideal)
                          0.25    0.25   clock uncertainty
                          0.00    0.25   clock reconvergence pessimism
                                  0.25 ^ _3482_/CLK (sky130_fd_sc_hd__dfrtp_4)
                          0.37    0.62   library removal time
                                  0.62   data required time
-----------------------------------------------------------------------------
                                  0.62   data required time
                                 -7.84   data arrival time
-----------------------------------------------------------------------------
                                  7.22   slack (MET)


Startpoint: _3178_ (rising edge-triggered flip-flop clocked by clk')
Endpoint: _3483_ (removal check against rising-edge clock clk)
Path Group: asynchronous
Path Type: min

Fanout     Cap    Slew   Delay    Time   Description
-----------------------------------------------------------------------------
                  0.15    7.00    7.00   clock clk' (rise edge)
                          0.00    7.00   clock network delay (ideal)
                  0.15    0.00    7.00 ^ _3178_/CLK (sky130_fd_sc_hd__dfxtp_2)
     4    0.03    0.15    0.41    7.41 ^ _3178_/Q (sky130_fd_sc_hd__dfxtp_2)
                                         i_spi_reg.falling_edge_detector_sof.rstb (net)
                  0.15    0.00    7.41 ^ fanout23/A (sky130_fd_sc_hd__buf_2)
     6    0.03    0.14    0.20    7.61 ^ fanout23/X (sky130_fd_sc_hd__buf_2)
                                         net23 (net)
                  0.14    0.00    7.62 ^ fanout22/A (sky130_fd_sc_hd__clkbuf_4)
    10    0.04    0.14    0.23    7.84 ^ fanout22/X (sky130_fd_sc_hd__clkbuf_4)
                                         net22 (net)
                  0.14    0.00    7.84 ^ _3483_/RESET_B (sky130_fd_sc_hd__dfrtp_4)
                                  7.84   data arrival time

                  0.15    0.00    0.00   clock clk (rise edge)
                          0.00    0.00   clock network delay (ideal)
                          0.25    0.25   clock uncertainty
                          0.00    0.25   clock reconvergence pessimism
                                  0.25 ^ _3483_/CLK (sky130_fd_sc_hd__dfrtp_4)
                          0.37    0.62   library removal time
                                  0.62   data required time
-----------------------------------------------------------------------------
                                  0.62   data required time
                                 -7.84   data arrival time
-----------------------------------------------------------------------------
                                  7.22   slack (MET)


Startpoint: _3178_ (rising edge-triggered flip-flop clocked by clk')
Endpoint: _3484_ (removal check against rising-edge clock clk)
Path Group: asynchronous
Path Type: min

Fanout     Cap    Slew   Delay    Time   Description
-----------------------------------------------------------------------------
                  0.15    7.00    7.00   clock clk' (rise edge)
                          0.00    7.00   clock network delay (ideal)
                  0.15    0.00    7.00 ^ _3178_/CLK (sky130_fd_sc_hd__dfxtp_2)
     4    0.03    0.15    0.41    7.41 ^ _3178_/Q (sky130_fd_sc_hd__dfxtp_2)
                                         i_spi_reg.falling_edge_detector_sof.rstb (net)
                  0.15    0.00    7.41 ^ fanout23/A (sky130_fd_sc_hd__buf_2)
     6    0.03    0.14    0.20    7.61 ^ fanout23/X (sky130_fd_sc_hd__buf_2)
                                         net23 (net)
                  0.14    0.00    7.62 ^ fanout22/A (sky130_fd_sc_hd__clkbuf_4)
    10    0.04    0.14    0.23    7.84 ^ fanout22/X (sky130_fd_sc_hd__clkbuf_4)
                                         net22 (net)
                  0.14    0.00    7.84 ^ _3484_/RESET_B (sky130_fd_sc_hd__dfrtp_4)
                                  7.84   data arrival time

                  0.15    0.00    0.00   clock clk (rise edge)
                          0.00    0.00   clock network delay (ideal)
                          0.25    0.25   clock uncertainty
                          0.00    0.25   clock reconvergence pessimism
                                  0.25 ^ _3484_/CLK (sky130_fd_sc_hd__dfrtp_4)
                          0.37    0.62   library removal time
                                  0.62   data required time
-----------------------------------------------------------------------------
                                  0.62   data required time
                                 -7.84   data arrival time
-----------------------------------------------------------------------------
                                  7.22   slack (MET)


Startpoint: _3178_ (rising edge-triggered flip-flop clocked by clk')
Endpoint: _3485_ (removal check against rising-edge clock clk)
Path Group: asynchronous
Path Type: min

Fanout     Cap    Slew   Delay    Time   Description
-----------------------------------------------------------------------------
                  0.15    7.00    7.00   clock clk' (rise edge)
                          0.00    7.00   clock network delay (ideal)
                  0.15    0.00    7.00 ^ _3178_/CLK (sky130_fd_sc_hd__dfxtp_2)
     4    0.03    0.15    0.41    7.41 ^ _3178_/Q (sky130_fd_sc_hd__dfxtp_2)
                                         i_spi_reg.falling_edge_detector_sof.rstb (net)
                  0.15    0.00    7.41 ^ fanout23/A (sky130_fd_sc_hd__buf_2)
     6    0.03    0.14    0.20    7.61 ^ fanout23/X (sky130_fd_sc_hd__buf_2)
                                         net23 (net)
                  0.14    0.00    7.62 ^ fanout22/A (sky130_fd_sc_hd__clkbuf_4)
    10    0.04    0.14    0.23    7.84 ^ fanout22/X (sky130_fd_sc_hd__clkbuf_4)
                                         net22 (net)
                  0.14    0.00    7.84 ^ _3485_/RESET_B (sky130_fd_sc_hd__dfrtp_4)
                                  7.84   data arrival time

                  0.15    0.00    0.00   clock clk (rise edge)
                          0.00    0.00   clock network delay (ideal)
                          0.25    0.25   clock uncertainty
                          0.00    0.25   clock reconvergence pessimism
                                  0.25 ^ _3485_/CLK (sky130_fd_sc_hd__dfrtp_4)
                          0.37    0.62   library removal time
                                  0.62   data required time
-----------------------------------------------------------------------------
                                  0.62   data required time
                                 -7.84   data arrival time
-----------------------------------------------------------------------------
                                  7.22   slack (MET)


Startpoint: _3178_ (rising edge-triggered flip-flop clocked by clk')
Endpoint: _3488_ (removal check against rising-edge clock clk)
Path Group: asynchronous
Path Type: min

Fanout     Cap    Slew   Delay    Time   Description
-----------------------------------------------------------------------------
                  0.15    7.00    7.00   clock clk' (rise edge)
                          0.00    7.00   clock network delay (ideal)
                  0.15    0.00    7.00 ^ _3178_/CLK (sky130_fd_sc_hd__dfxtp_2)
     4    0.03    0.15    0.41    7.41 ^ _3178_/Q (sky130_fd_sc_hd__dfxtp_2)
                                         i_spi_reg.falling_edge_detector_sof.rstb (net)
                  0.15    0.00    7.41 ^ fanout23/A (sky130_fd_sc_hd__buf_2)
     6    0.03    0.14    0.20    7.61 ^ fanout23/X (sky130_fd_sc_hd__buf_2)
                                         net23 (net)
                  0.14    0.00    7.62 ^ fanout22/A (sky130_fd_sc_hd__clkbuf_4)
    10    0.04    0.14    0.23    7.84 ^ fanout22/X (sky130_fd_sc_hd__clkbuf_4)
                                         net22 (net)
                  0.14    0.00    7.84 ^ _3488_/RESET_B (sky130_fd_sc_hd__dfrtp_4)
                                  7.84   data arrival time

                  0.15    0.00    0.00   clock clk (rise edge)
                          0.00    0.00   clock network delay (ideal)
                          0.25    0.25   clock uncertainty
                          0.00    0.25   clock reconvergence pessimism
                                  0.25 ^ _3488_/CLK (sky130_fd_sc_hd__dfrtp_4)
                          0.37    0.62   library removal time
                                  0.62   data required time
-----------------------------------------------------------------------------
                                  0.62   data required time
                                 -7.84   data arrival time
-----------------------------------------------------------------------------
                                  7.22   slack (MET)


Startpoint: _3178_ (rising edge-triggered flip-flop clocked by clk')
Endpoint: _3489_ (removal check against rising-edge clock clk)
Path Group: asynchronous
Path Type: min

Fanout     Cap    Slew   Delay    Time   Description
-----------------------------------------------------------------------------
                  0.15    7.00    7.00   clock clk' (rise edge)
                          0.00    7.00   clock network delay (ideal)
                  0.15    0.00    7.00 ^ _3178_/CLK (sky130_fd_sc_hd__dfxtp_2)
     4    0.03    0.15    0.41    7.41 ^ _3178_/Q (sky130_fd_sc_hd__dfxtp_2)
                                         i_spi_reg.falling_edge_detector_sof.rstb (net)
                  0.15    0.00    7.41 ^ fanout23/A (sky130_fd_sc_hd__buf_2)
     6    0.03    0.14    0.20    7.61 ^ fanout23/X (sky130_fd_sc_hd__buf_2)
                                         net23 (net)
                  0.14    0.00    7.62 ^ fanout22/A (sky130_fd_sc_hd__clkbuf_4)
    10    0.04    0.14    0.23    7.84 ^ fanout22/X (sky130_fd_sc_hd__clkbuf_4)
                                         net22 (net)
                  0.14    0.00    7.84 ^ _3489_/RESET_B (sky130_fd_sc_hd__dfrtp_4)
                                  7.84   data arrival time

                  0.15    0.00    0.00   clock clk (rise edge)
                          0.00    0.00   clock network delay (ideal)
                          0.25    0.25   clock uncertainty
                          0.00    0.25   clock reconvergence pessimism
                                  0.25 ^ _3489_/CLK (sky130_fd_sc_hd__dfrtp_4)
                          0.37    0.62   library removal time
                                  0.62   data required time
-----------------------------------------------------------------------------
                                  0.62   data required time
                                 -7.84   data arrival time
-----------------------------------------------------------------------------
                                  7.22   slack (MET)


Startpoint: _3178_ (rising edge-triggered flip-flop clocked by clk')
Endpoint: _3486_ (removal check against rising-edge clock clk)
Path Group: asynchronous
Path Type: min

Fanout     Cap    Slew   Delay    Time   Description
-----------------------------------------------------------------------------
                  0.15    7.00    7.00   clock clk' (rise edge)
                          0.00    7.00   clock network delay (ideal)
                  0.15    0.00    7.00 ^ _3178_/CLK (sky130_fd_sc_hd__dfxtp_2)
     4    0.03    0.15    0.41    7.41 ^ _3178_/Q (sky130_fd_sc_hd__dfxtp_2)
                                         i_spi_reg.falling_edge_detector_sof.rstb (net)
                  0.15    0.00    7.41 ^ fanout23/A (sky130_fd_sc_hd__buf_2)
     6    0.03    0.14    0.20    7.61 ^ fanout23/X (sky130_fd_sc_hd__buf_2)
                                         net23 (net)
                  0.14    0.00    7.62 ^ fanout22/A (sky130_fd_sc_hd__clkbuf_4)
    10    0.04    0.14    0.23    7.84 ^ fanout22/X (sky130_fd_sc_hd__clkbuf_4)
                                         net22 (net)
                  0.14    0.00    7.84 ^ _3486_/RESET_B (sky130_fd_sc_hd__dfrtp_4)
                                  7.84   data arrival time

                  0.15    0.00    0.00   clock clk (rise edge)
                          0.00    0.00   clock network delay (ideal)
                          0.25    0.25   clock uncertainty
                          0.00    0.25   clock reconvergence pessimism
                                  0.25 ^ _3486_/CLK (sky130_fd_sc_hd__dfrtp_4)
                          0.37    0.62   library removal time
                                  0.62   data required time
-----------------------------------------------------------------------------
                                  0.62   data required time
                                 -7.84   data arrival time
-----------------------------------------------------------------------------
                                  7.22   slack (MET)


Startpoint: _3178_ (rising edge-triggered flip-flop clocked by clk')
Endpoint: _3487_ (removal check against rising-edge clock clk)
Path Group: asynchronous
Path Type: min

Fanout     Cap    Slew   Delay    Time   Description
-----------------------------------------------------------------------------
                  0.15    7.00    7.00   clock clk' (rise edge)
                          0.00    7.00   clock network delay (ideal)
                  0.15    0.00    7.00 ^ _3178_/CLK (sky130_fd_sc_hd__dfxtp_2)
     4    0.03    0.15    0.41    7.41 ^ _3178_/Q (sky130_fd_sc_hd__dfxtp_2)
                                         i_spi_reg.falling_edge_detector_sof.rstb (net)
                  0.15    0.00    7.41 ^ fanout23/A (sky130_fd_sc_hd__buf_2)
     6    0.03    0.14    0.20    7.61 ^ fanout23/X (sky130_fd_sc_hd__buf_2)
                                         net23 (net)
                  0.14    0.00    7.62 ^ fanout22/A (sky130_fd_sc_hd__clkbuf_4)
    10    0.04    0.14    0.23    7.84 ^ fanout22/X (sky130_fd_sc_hd__clkbuf_4)
                                         net22 (net)
                  0.14    0.00    7.84 ^ _3487_/RESET_B (sky130_fd_sc_hd__dfrtp_4)
                                  7.84   data arrival time

                  0.15    0.00    0.00   clock clk (rise edge)
                          0.00    0.00   clock network delay (ideal)
                          0.25    0.25   clock uncertainty
                          0.00    0.25   clock reconvergence pessimism
                                  0.25 ^ _3487_/CLK (sky130_fd_sc_hd__dfrtp_4)
                          0.37    0.62   library removal time
                                  0.62   data required time
-----------------------------------------------------------------------------
                                  0.62   data required time
                                 -7.84   data arrival time
-----------------------------------------------------------------------------
                                  7.22   slack (MET)


Startpoint: _3178_ (rising edge-triggered flip-flop clocked by clk')
Endpoint: _3490_ (removal check against rising-edge clock clk)
Path Group: asynchronous
Path Type: min

Fanout     Cap    Slew   Delay    Time   Description
-----------------------------------------------------------------------------
                  0.15    7.00    7.00   clock clk' (rise edge)
                          0.00    7.00   clock network delay (ideal)
                  0.15    0.00    7.00 ^ _3178_/CLK (sky130_fd_sc_hd__dfxtp_2)
     4    0.03    0.15    0.41    7.41 ^ _3178_/Q (sky130_fd_sc_hd__dfxtp_2)
                                         i_spi_reg.falling_edge_detector_sof.rstb (net)
                  0.15    0.00    7.41 ^ fanout23/A (sky130_fd_sc_hd__buf_2)
     6    0.03    0.14    0.20    7.61 ^ fanout23/X (sky130_fd_sc_hd__buf_2)
                                         net23 (net)
                  0.14    0.00    7.62 ^ fanout22/A (sky130_fd_sc_hd__clkbuf_4)
    10    0.04    0.14    0.23    7.84 ^ fanout22/X (sky130_fd_sc_hd__clkbuf_4)
                                         net22 (net)
                  0.14    0.00    7.84 ^ _3490_/RESET_B (sky130_fd_sc_hd__dfrtp_4)
                                  7.84   data arrival time

                  0.15    0.00    0.00   clock clk (rise edge)
                          0.00    0.00   clock network delay (ideal)
                          0.25    0.25   clock uncertainty
                          0.00    0.25   clock reconvergence pessimism
                                  0.25 ^ _3490_/CLK (sky130_fd_sc_hd__dfrtp_4)
                          0.37    0.62   library removal time
                                  0.62   data required time
-----------------------------------------------------------------------------
                                  0.62   data required time
                                 -7.84   data arrival time
-----------------------------------------------------------------------------
                                  7.22   slack (MET)


Startpoint: _3178_ (rising edge-triggered flip-flop clocked by clk')
Endpoint: _3411_ (removal check against rising-edge clock clk)
Path Group: asynchronous
Path Type: min

Fanout     Cap    Slew   Delay    Time   Description
-----------------------------------------------------------------------------
                  0.15    7.00    7.00   clock clk' (rise edge)
                          0.00    7.00   clock network delay (ideal)
                  0.15    0.00    7.00 ^ _3178_/CLK (sky130_fd_sc_hd__dfxtp_2)
     4    0.03    0.15    0.41    7.41 ^ _3178_/Q (sky130_fd_sc_hd__dfxtp_2)
                                         i_spi_reg.falling_edge_detector_sof.rstb (net)
                  0.15    0.00    7.41 ^ fanout18/A (sky130_fd_sc_hd__buf_4)
    10    0.05    0.15    0.21    7.62 ^ fanout18/X (sky130_fd_sc_hd__buf_4)
                                         net18 (net)
                  0.15    0.00    7.62 ^ fanout17/A (sky130_fd_sc_hd__clkbuf_4)
    10    0.04    0.13    0.22    7.85 ^ fanout17/X (sky130_fd_sc_hd__clkbuf_4)
                                         net17 (net)
                  0.13    0.00    7.85 ^ _3411_/RESET_B (sky130_fd_sc_hd__dfrtp_2)
                                  7.85   data arrival time

                  0.15    0.00    0.00   clock clk (rise edge)
                          0.00    0.00   clock network delay (ideal)
                          0.25    0.25   clock uncertainty
                          0.00    0.25   clock reconvergence pessimism
                                  0.25 ^ _3411_/CLK (sky130_fd_sc_hd__dfrtp_2)
                          0.37    0.62   library removal time
                                  0.62   data required time
-----------------------------------------------------------------------------
                                  0.62   data required time
                                 -7.85   data arrival time
-----------------------------------------------------------------------------
                                  7.22   slack (MET)


Startpoint: _3178_ (rising edge-triggered flip-flop clocked by clk')
Endpoint: _3412_ (removal check against rising-edge clock clk)
Path Group: asynchronous
Path Type: min

Fanout     Cap    Slew   Delay    Time   Description
-----------------------------------------------------------------------------
                  0.15    7.00    7.00   clock clk' (rise edge)
                          0.00    7.00   clock network delay (ideal)
                  0.15    0.00    7.00 ^ _3178_/CLK (sky130_fd_sc_hd__dfxtp_2)
     4    0.03    0.15    0.41    7.41 ^ _3178_/Q (sky130_fd_sc_hd__dfxtp_2)
                                         i_spi_reg.falling_edge_detector_sof.rstb (net)
                  0.15    0.00    7.41 ^ fanout18/A (sky130_fd_sc_hd__buf_4)
    10    0.05    0.15    0.21    7.62 ^ fanout18/X (sky130_fd_sc_hd__buf_4)
                                         net18 (net)
                  0.15    0.00    7.62 ^ fanout17/A (sky130_fd_sc_hd__clkbuf_4)
    10    0.04    0.13    0.22    7.85 ^ fanout17/X (sky130_fd_sc_hd__clkbuf_4)
                                         net17 (net)
                  0.13    0.00    7.85 ^ _3412_/RESET_B (sky130_fd_sc_hd__dfrtp_1)
                                  7.85   data arrival time

                  0.15    0.00    0.00   clock clk (rise edge)
                          0.00    0.00   clock network delay (ideal)
                          0.25    0.25   clock uncertainty
                          0.00    0.25   clock reconvergence pessimism
                                  0.25 ^ _3412_/CLK (sky130_fd_sc_hd__dfrtp_1)
                          0.37    0.62   library removal time
                                  0.62   data required time
-----------------------------------------------------------------------------
                                  0.62   data required time
                                 -7.85   data arrival time
-----------------------------------------------------------------------------
                                  7.23   slack (MET)


Startpoint: _3178_ (rising edge-triggered flip-flop clocked by clk')
Endpoint: _3448_ (removal check against rising-edge clock clk)
Path Group: asynchronous
Path Type: min

Fanout     Cap    Slew   Delay    Time   Description
-----------------------------------------------------------------------------
                  0.15    7.00    7.00   clock clk' (rise edge)
                          0.00    7.00   clock network delay (ideal)
                  0.15    0.00    7.00 ^ _3178_/CLK (sky130_fd_sc_hd__dfxtp_2)
     4    0.03    0.15    0.41    7.41 ^ _3178_/Q (sky130_fd_sc_hd__dfxtp_2)
                                         i_spi_reg.falling_edge_detector_sof.rstb (net)
                  0.15    0.00    7.41 ^ fanout18/A (sky130_fd_sc_hd__buf_4)
    10    0.05    0.15    0.21    7.62 ^ fanout18/X (sky130_fd_sc_hd__buf_4)
                                         net18 (net)
                  0.15    0.00    7.62 ^ fanout17/A (sky130_fd_sc_hd__clkbuf_4)
    10    0.04    0.13    0.22    7.85 ^ fanout17/X (sky130_fd_sc_hd__clkbuf_4)
                                         net17 (net)
                  0.13    0.00    7.85 ^ _3448_/RESET_B (sky130_fd_sc_hd__dfrtp_1)
                                  7.85   data arrival time

                  0.15    0.00    0.00   clock clk (rise edge)
                          0.00    0.00   clock network delay (ideal)
                          0.25    0.25   clock uncertainty
                          0.00    0.25   clock reconvergence pessimism
                                  0.25 ^ _3448_/CLK (sky130_fd_sc_hd__dfrtp_1)
                          0.37    0.62   library removal time
                                  0.62   data required time
-----------------------------------------------------------------------------
                                  0.62   data required time
                                 -7.85   data arrival time
-----------------------------------------------------------------------------
                                  7.23   slack (MET)


Startpoint: _3178_ (rising edge-triggered flip-flop clocked by clk')
Endpoint: _3464_ (removal check against rising-edge clock clk)
Path Group: asynchronous
Path Type: min

Fanout     Cap    Slew   Delay    Time   Description
-----------------------------------------------------------------------------
                  0.15    7.00    7.00   clock clk' (rise edge)
                          0.00    7.00   clock network delay (ideal)
                  0.15    0.00    7.00 ^ _3178_/CLK (sky130_fd_sc_hd__dfxtp_2)
     4    0.03    0.15    0.41    7.41 ^ _3178_/Q (sky130_fd_sc_hd__dfxtp_2)
                                         i_spi_reg.falling_edge_detector_sof.rstb (net)
                  0.15    0.00    7.41 ^ fanout18/A (sky130_fd_sc_hd__buf_4)
    10    0.05    0.15    0.21    7.62 ^ fanout18/X (sky130_fd_sc_hd__buf_4)
                                         net18 (net)
                  0.15    0.00    7.62 ^ fanout17/A (sky130_fd_sc_hd__clkbuf_4)
    10    0.04    0.13    0.22    7.85 ^ fanout17/X (sky130_fd_sc_hd__clkbuf_4)
                                         net17 (net)
                  0.13    0.00    7.85 ^ _3464_/RESET_B (sky130_fd_sc_hd__dfrtp_1)
                                  7.85   data arrival time

                  0.15    0.00    0.00   clock clk (rise edge)
                          0.00    0.00   clock network delay (ideal)
                          0.25    0.25   clock uncertainty
                          0.00    0.25   clock reconvergence pessimism
                                  0.25 ^ _3464_/CLK (sky130_fd_sc_hd__dfrtp_1)
                          0.37    0.62   library removal time
                                  0.62   data required time
-----------------------------------------------------------------------------
                                  0.62   data required time
                                 -7.85   data arrival time
-----------------------------------------------------------------------------
                                  7.23   slack (MET)


Startpoint: _3178_ (rising edge-triggered flip-flop clocked by clk')
Endpoint: _3447_ (removal check against rising-edge clock clk)
Path Group: asynchronous
Path Type: min

Fanout     Cap    Slew   Delay    Time   Description
-----------------------------------------------------------------------------
                  0.15    7.00    7.00   clock clk' (rise edge)
                          0.00    7.00   clock network delay (ideal)
                  0.15    0.00    7.00 ^ _3178_/CLK (sky130_fd_sc_hd__dfxtp_2)
     4    0.03    0.15    0.41    7.41 ^ _3178_/Q (sky130_fd_sc_hd__dfxtp_2)
                                         i_spi_reg.falling_edge_detector_sof.rstb (net)
                  0.15    0.00    7.41 ^ fanout18/A (sky130_fd_sc_hd__buf_4)
    10    0.05    0.15    0.21    7.62 ^ fanout18/X (sky130_fd_sc_hd__buf_4)
                                         net18 (net)
                  0.15    0.00    7.62 ^ fanout17/A (sky130_fd_sc_hd__clkbuf_4)
    10    0.04    0.13    0.22    7.85 ^ fanout17/X (sky130_fd_sc_hd__clkbuf_4)
                                         net17 (net)
                  0.13    0.00    7.85 ^ _3447_/RESET_B (sky130_fd_sc_hd__dfrtp_1)
                                  7.85   data arrival time

                  0.15    0.00    0.00   clock clk (rise edge)
                          0.00    0.00   clock network delay (ideal)
                          0.25    0.25   clock uncertainty
                          0.00    0.25   clock reconvergence pessimism
                                  0.25 ^ _3447_/CLK (sky130_fd_sc_hd__dfrtp_1)
                          0.37    0.62   library removal time
                                  0.62   data required time
-----------------------------------------------------------------------------
                                  0.62   data required time
                                 -7.85   data arrival time
-----------------------------------------------------------------------------
                                  7.23   slack (MET)


Startpoint: _3178_ (rising edge-triggered flip-flop clocked by clk')
Endpoint: _3450_ (removal check against rising-edge clock clk)
Path Group: asynchronous
Path Type: min

Fanout     Cap    Slew   Delay    Time   Description
-----------------------------------------------------------------------------
                  0.15    7.00    7.00   clock clk' (rise edge)
                          0.00    7.00   clock network delay (ideal)
                  0.15    0.00    7.00 ^ _3178_/CLK (sky130_fd_sc_hd__dfxtp_2)
     4    0.03    0.15    0.41    7.41 ^ _3178_/Q (sky130_fd_sc_hd__dfxtp_2)
                                         i_spi_reg.falling_edge_detector_sof.rstb (net)
                  0.15    0.00    7.41 ^ fanout18/A (sky130_fd_sc_hd__buf_4)
    10    0.05    0.15    0.21    7.62 ^ fanout18/X (sky130_fd_sc_hd__buf_4)
                                         net18 (net)
                  0.15    0.00    7.62 ^ fanout17/A (sky130_fd_sc_hd__clkbuf_4)
    10    0.04    0.13    0.22    7.85 ^ fanout17/X (sky130_fd_sc_hd__clkbuf_4)
                                         net17 (net)
                  0.13    0.00    7.85 ^ _3450_/RESET_B (sky130_fd_sc_hd__dfrtp_1)
                                  7.85   data arrival time

                  0.15    0.00    0.00   clock clk (rise edge)
                          0.00    0.00   clock network delay (ideal)
                          0.25    0.25   clock uncertainty
                          0.00    0.25   clock reconvergence pessimism
                                  0.25 ^ _3450_/CLK (sky130_fd_sc_hd__dfrtp_1)
                          0.37    0.62   library removal time
                                  0.62   data required time
-----------------------------------------------------------------------------
                                  0.62   data required time
                                 -7.85   data arrival time
-----------------------------------------------------------------------------
                                  7.23   slack (MET)


Startpoint: _3178_ (rising edge-triggered flip-flop clocked by clk')
Endpoint: _3459_ (removal check against rising-edge clock clk)
Path Group: asynchronous
Path Type: min

Fanout     Cap    Slew   Delay    Time   Description
-----------------------------------------------------------------------------
                  0.15    7.00    7.00   clock clk' (rise edge)
                          0.00    7.00   clock network delay (ideal)
                  0.15    0.00    7.00 ^ _3178_/CLK (sky130_fd_sc_hd__dfxtp_2)
     4    0.03    0.15    0.41    7.41 ^ _3178_/Q (sky130_fd_sc_hd__dfxtp_2)
                                         i_spi_reg.falling_edge_detector_sof.rstb (net)
                  0.15    0.00    7.41 ^ fanout18/A (sky130_fd_sc_hd__buf_4)
    10    0.05    0.15    0.21    7.62 ^ fanout18/X (sky130_fd_sc_hd__buf_4)
                                         net18 (net)
                  0.15    0.00    7.62 ^ fanout17/A (sky130_fd_sc_hd__clkbuf_4)
    10    0.04    0.13    0.22    7.85 ^ fanout17/X (sky130_fd_sc_hd__clkbuf_4)
                                         net17 (net)
                  0.13    0.00    7.85 ^ _3459_/RESET_B (sky130_fd_sc_hd__dfrtp_1)
                                  7.85   data arrival time

                  0.15    0.00    0.00   clock clk (rise edge)
                          0.00    0.00   clock network delay (ideal)
                          0.25    0.25   clock uncertainty
                          0.00    0.25   clock reconvergence pessimism
                                  0.25 ^ _3459_/CLK (sky130_fd_sc_hd__dfrtp_1)
                          0.37    0.62   library removal time
                                  0.62   data required time
-----------------------------------------------------------------------------
                                  0.62   data required time
                                 -7.85   data arrival time
-----------------------------------------------------------------------------
                                  7.23   slack (MET)


Startpoint: _3178_ (rising edge-triggered flip-flop clocked by clk')
Endpoint: _3449_ (removal check against rising-edge clock clk)
Path Group: asynchronous
Path Type: min

Fanout     Cap    Slew   Delay    Time   Description
-----------------------------------------------------------------------------
                  0.15    7.00    7.00   clock clk' (rise edge)
                          0.00    7.00   clock network delay (ideal)
                  0.15    0.00    7.00 ^ _3178_/CLK (sky130_fd_sc_hd__dfxtp_2)
     4    0.03    0.15    0.41    7.41 ^ _3178_/Q (sky130_fd_sc_hd__dfxtp_2)
                                         i_spi_reg.falling_edge_detector_sof.rstb (net)
                  0.15    0.00    7.41 ^ fanout18/A (sky130_fd_sc_hd__buf_4)
    10    0.05    0.15    0.21    7.62 ^ fanout18/X (sky130_fd_sc_hd__buf_4)
                                         net18 (net)
                  0.15    0.00    7.62 ^ fanout17/A (sky130_fd_sc_hd__clkbuf_4)
    10    0.04    0.13    0.22    7.85 ^ fanout17/X (sky130_fd_sc_hd__clkbuf_4)
                                         net17 (net)
                  0.13    0.00    7.85 ^ _3449_/RESET_B (sky130_fd_sc_hd__dfrtp_1)
                                  7.85   data arrival time

                  0.15    0.00    0.00   clock clk (rise edge)
                          0.00    0.00   clock network delay (ideal)
                          0.25    0.25   clock uncertainty
                          0.00    0.25   clock reconvergence pessimism
                                  0.25 ^ _3449_/CLK (sky130_fd_sc_hd__dfrtp_1)
                          0.37    0.62   library removal time
                                  0.62   data required time
-----------------------------------------------------------------------------
                                  0.62   data required time
                                 -7.85   data arrival time
-----------------------------------------------------------------------------
                                  7.23   slack (MET)


Startpoint: _3178_ (rising edge-triggered flip-flop clocked by clk')
Endpoint: _3451_ (removal check against rising-edge clock clk)
Path Group: asynchronous
Path Type: min

Fanout     Cap    Slew   Delay    Time   Description
-----------------------------------------------------------------------------
                  0.15    7.00    7.00   clock clk' (rise edge)
                          0.00    7.00   clock network delay (ideal)
                  0.15    0.00    7.00 ^ _3178_/CLK (sky130_fd_sc_hd__dfxtp_2)
     4    0.03    0.15    0.41    7.41 ^ _3178_/Q (sky130_fd_sc_hd__dfxtp_2)
                                         i_spi_reg.falling_edge_detector_sof.rstb (net)
                  0.15    0.00    7.41 ^ fanout19/A (sky130_fd_sc_hd__clkbuf_4)
    10    0.05    0.15    0.24    7.65 ^ fanout19/X (sky130_fd_sc_hd__clkbuf_4)
                                         net19 (net)
                  0.15    0.00    7.65 ^ _3451_/SET_B (sky130_fd_sc_hd__dfstp_1)
                                  7.65   data arrival time

                  0.15    0.00    0.00   clock clk (rise edge)
                          0.00    0.00   clock network delay (ideal)
                          0.25    0.25   clock uncertainty
                          0.00    0.25   clock reconvergence pessimism
                                  0.25 ^ _3451_/CLK (sky130_fd_sc_hd__dfstp_1)
                          0.17    0.42   library removal time
                                  0.42   data required time
-----------------------------------------------------------------------------
                                  0.42   data required time
                                 -7.65   data arrival time
-----------------------------------------------------------------------------
                                  7.23   slack (MET)


Startpoint: _3178_ (rising edge-triggered flip-flop clocked by clk')
Endpoint: _3452_ (removal check against rising-edge clock clk)
Path Group: asynchronous
Path Type: min

Fanout     Cap    Slew   Delay    Time   Description
-----------------------------------------------------------------------------
                  0.15    7.00    7.00   clock clk' (rise edge)
                          0.00    7.00   clock network delay (ideal)
                  0.15    0.00    7.00 ^ _3178_/CLK (sky130_fd_sc_hd__dfxtp_2)
     4    0.03    0.15    0.41    7.41 ^ _3178_/Q (sky130_fd_sc_hd__dfxtp_2)
                                         i_spi_reg.falling_edge_detector_sof.rstb (net)
                  0.15    0.00    7.41 ^ fanout19/A (sky130_fd_sc_hd__clkbuf_4)
    10    0.05    0.15    0.24    7.65 ^ fanout19/X (sky130_fd_sc_hd__clkbuf_4)
                                         net19 (net)
                  0.15    0.00    7.65 ^ _3452_/SET_B (sky130_fd_sc_hd__dfstp_1)
                                  7.65   data arrival time

                  0.15    0.00    0.00   clock clk (rise edge)
                          0.00    0.00   clock network delay (ideal)
                          0.25    0.25   clock uncertainty
                          0.00    0.25   clock reconvergence pessimism
                                  0.25 ^ _3452_/CLK (sky130_fd_sc_hd__dfstp_1)
                          0.17    0.42   library removal time
                                  0.42   data required time
-----------------------------------------------------------------------------
                                  0.42   data required time
                                 -7.65   data arrival time
-----------------------------------------------------------------------------
                                  7.23   slack (MET)


Startpoint: rst_n (input port clocked by clk)
Endpoint: _3178_ (rising edge-triggered flip-flop clocked by clk')
Path Group: clk
Path Type: min

Fanout     Cap    Slew   Delay    Time   Description
-----------------------------------------------------------------------------
                  0.15   14.00   14.00   clock clk (rise edge)
                          0.00   14.00   clock network delay (ideal)
                          2.80   16.80 v input external delay
     1    0.00    0.01    0.00   16.80 v rst_n (in)
                                         rst_n (net)
                  0.01    0.00   16.80 v input1/A (sky130_fd_sc_hd__clkbuf_1)
     1    0.00    0.04    0.08   16.88 v input1/X (sky130_fd_sc_hd__clkbuf_1)
                                         net1 (net)
                  0.04    0.00   16.88 v _3178_/D (sky130_fd_sc_hd__dfxtp_2)
                                 16.88   data arrival time

                  0.15    7.00    7.00   clock clk' (rise edge)
                          0.00    7.00   clock network delay (ideal)
                          0.25    7.25   clock uncertainty
                          0.00    7.25   clock reconvergence pessimism
                                  7.25 ^ _3178_/CLK (sky130_fd_sc_hd__dfxtp_2)
                         -0.02    7.23   library hold time
                                  7.23   data required time
-----------------------------------------------------------------------------
                                  7.23   data required time
                                -16.88   data arrival time
-----------------------------------------------------------------------------
                                  9.65   slack (MET)



worst slack corner Typical: 0.0773
