
===========================================================================
report_checks -path_delay max (Setup)
============================================================================
======================= Typical Corner ===================================

Startpoint: rst_n (input port clocked by clk)
Endpoint: _3178_ (rising edge-triggered flip-flop clocked by clk')
Path Group: clk
Path Type: max

Fanout     Cap    Slew   Delay    Time   Description
-----------------------------------------------------------------------------
                  0.15    0.00    0.00   clock clk (rise edge)
                          0.00    0.00   clock network delay (ideal)
                          2.80    2.80 v input external delay
     1    0.00    0.01    0.00    2.80 v rst_n (in)
                                         rst_n (net)
                  0.01    0.00    2.80 v input1/A (sky130_fd_sc_hd__clkbuf_1)
     1    0.00    0.04    0.09    2.89 v input1/X (sky130_fd_sc_hd__clkbuf_1)
                                         net1 (net)
                  0.04    0.00    2.89 v _3178_/D (sky130_fd_sc_hd__dfxtp_2)
                                  2.89   data arrival time

                  0.15    7.00    7.00   clock clk' (rise edge)
                          0.00    7.00   clock network delay (ideal)
                         -0.25    6.75   clock uncertainty
                          0.00    6.75   clock reconvergence pessimism
                                  6.75 ^ _3178_/CLK (sky130_fd_sc_hd__dfxtp_2)
                         -0.08    6.67   library setup time
                                  6.67   data required time
-----------------------------------------------------------------------------
                                  6.67   data required time
                                 -2.89   data arrival time
-----------------------------------------------------------------------------
                                  3.77   slack (MET)


Startpoint: _3178_ (rising edge-triggered flip-flop clocked by clk')
Endpoint: _3221_ (rising edge-triggered flip-flop clocked by clk)
Path Group: clk
Path Type: max

Fanout     Cap    Slew   Delay    Time   Description
-----------------------------------------------------------------------------
                  0.15    7.00    7.00   clock clk' (rise edge)
                          0.00    7.00   clock network delay (ideal)
                  0.15    0.00    7.00 ^ _3178_/CLK (sky130_fd_sc_hd__dfxtp_2)
     4    0.03    0.15    0.45    7.45 ^ _3178_/Q (sky130_fd_sc_hd__dfxtp_2)
                                         i_spi_reg.falling_edge_detector_sof.rstb (net)
                  0.15    0.00    7.45 ^ fanout18/A (sky130_fd_sc_hd__buf_4)
    10    0.05    0.15    0.23    7.69 ^ fanout18/X (sky130_fd_sc_hd__buf_4)
                                         net18 (net)
                  0.15    0.00    7.69 ^ _1632_/A (sky130_fd_sc_hd__clkinv_4)
     9    0.04    0.10    0.13    7.82 v _1632_/Y (sky130_fd_sc_hd__clkinv_4)
                                         _1326_ (net)
                  0.10    0.00    7.82 v _1700_/A (sky130_fd_sc_hd__or2_1)
     1    0.00    0.04    0.24    8.06 v _1700_/X (sky130_fd_sc_hd__or2_1)
                                         _1363_ (net)
                  0.04    0.00    8.06 v _1701_/A (sky130_fd_sc_hd__clkbuf_4)
    10    0.04    0.09    0.20    8.26 v _1701_/X (sky130_fd_sc_hd__clkbuf_4)
                                         _1364_ (net)
                  0.09    0.00    8.26 v _1730_/A (sky130_fd_sc_hd__or2_1)
     2    0.01    0.06    0.26    8.52 v _1730_/X (sky130_fd_sc_hd__or2_1)
                                         _1392_ (net)
                  0.06    0.00    8.52 v _1731_/A (sky130_fd_sc_hd__buf_2)
    10    0.03    0.08    0.18    8.71 v _1731_/X (sky130_fd_sc_hd__buf_2)
                                         _1393_ (net)
                  0.08    0.00    8.71 v _1799_/B1_N (sky130_fd_sc_hd__o21ba_1)
     1    0.00    0.05    0.24    8.94 ^ _1799_/X (sky130_fd_sc_hd__o21ba_1)
                                         _1454_ (net)
                  0.05    0.00    8.94 ^ _1800_/B1 (sky130_fd_sc_hd__a21o_1)
     1    0.00    0.04    0.08    9.03 ^ _1800_/X (sky130_fd_sc_hd__a21o_1)
                                         _1455_ (net)
                  0.04    0.00    9.03 ^ _1801_/B1 (sky130_fd_sc_hd__a21o_1)
     1    0.00    0.03    0.07    9.10 ^ _1801_/X (sky130_fd_sc_hd__a21o_1)
                                         _0042_ (net)
                  0.03    0.00    9.10 ^ _3221_/D (sky130_fd_sc_hd__dfxtp_1)
                                  9.10   data arrival time

                  0.15   14.00   14.00   clock clk (rise edge)
                          0.00   14.00   clock network delay (ideal)
                         -0.25   13.75   clock uncertainty
                          0.00   13.75   clock reconvergence pessimism
                                 13.75 ^ _3221_/CLK (sky130_fd_sc_hd__dfxtp_1)
                         -0.04   13.71   library setup time
                                 13.71   data required time
-----------------------------------------------------------------------------
                                 13.71   data required time
                                 -9.10   data arrival time
-----------------------------------------------------------------------------
                                  4.61   slack (MET)


Startpoint: _3178_ (rising edge-triggered flip-flop clocked by clk')
Endpoint: _3219_ (rising edge-triggered flip-flop clocked by clk)
Path Group: clk
Path Type: max

Fanout     Cap    Slew   Delay    Time   Description
-----------------------------------------------------------------------------
                  0.15    7.00    7.00   clock clk' (rise edge)
                          0.00    7.00   clock network delay (ideal)
                  0.15    0.00    7.00 ^ _3178_/CLK (sky130_fd_sc_hd__dfxtp_2)
     4    0.03    0.15    0.45    7.45 ^ _3178_/Q (sky130_fd_sc_hd__dfxtp_2)
                                         i_spi_reg.falling_edge_detector_sof.rstb (net)
                  0.15    0.00    7.45 ^ fanout18/A (sky130_fd_sc_hd__buf_4)
    10    0.05    0.15    0.23    7.69 ^ fanout18/X (sky130_fd_sc_hd__buf_4)
                                         net18 (net)
                  0.15    0.00    7.69 ^ _1632_/A (sky130_fd_sc_hd__clkinv_4)
     9    0.04    0.10    0.13    7.82 v _1632_/Y (sky130_fd_sc_hd__clkinv_4)
                                         _1326_ (net)
                  0.10    0.00    7.82 v _1700_/A (sky130_fd_sc_hd__or2_1)
     1    0.00    0.04    0.24    8.06 v _1700_/X (sky130_fd_sc_hd__or2_1)
                                         _1363_ (net)
                  0.04    0.00    8.06 v _1701_/A (sky130_fd_sc_hd__clkbuf_4)
    10    0.04    0.09    0.20    8.26 v _1701_/X (sky130_fd_sc_hd__clkbuf_4)
                                         _1364_ (net)
                  0.09    0.00    8.26 v _1730_/A (sky130_fd_sc_hd__or2_1)
     2    0.01    0.06    0.26    8.52 v _1730_/X (sky130_fd_sc_hd__or2_1)
                                         _1392_ (net)
                  0.06    0.00    8.52 v _1731_/A (sky130_fd_sc_hd__buf_2)
    10    0.03    0.08    0.18    8.71 v _1731_/X (sky130_fd_sc_hd__buf_2)
                                         _1393_ (net)
                  0.08    0.00    8.71 v _1789_/A1_N (sky130_fd_sc_hd__a2bb2o_1)
     1    0.00    0.05    0.27    8.98 ^ _1789_/X (sky130_fd_sc_hd__a2bb2o_1)
                                         _1446_ (net)
                  0.05    0.00    8.98 ^ _1790_/B1 (sky130_fd_sc_hd__a21o_1)
     1    0.00    0.03    0.07    9.06 ^ _1790_/X (sky130_fd_sc_hd__a21o_1)
                                         _0040_ (net)
                  0.03    0.00    9.06 ^ _3219_/D (sky130_fd_sc_hd__dfxtp_1)
                                  9.06   data arrival time

                  0.15   14.00   14.00   clock clk (rise edge)
                          0.00   14.00   clock network delay (ideal)
                         -0.25   13.75   clock uncertainty
                          0.00   13.75   clock reconvergence pessimism
                                 13.75 ^ _3219_/CLK (sky130_fd_sc_hd__dfxtp_1)
                         -0.04   13.71   library setup time
                                 13.71   data required time
-----------------------------------------------------------------------------
                                 13.71   data required time
                                 -9.06   data arrival time
-----------------------------------------------------------------------------
                                  4.66   slack (MET)


Startpoint: _3178_ (rising edge-triggered flip-flop clocked by clk')
Endpoint: _3216_ (rising edge-triggered flip-flop clocked by clk)
Path Group: clk
Path Type: max

Fanout     Cap    Slew   Delay    Time   Description
-----------------------------------------------------------------------------
                  0.15    7.00    7.00   clock clk' (rise edge)
                          0.00    7.00   clock network delay (ideal)
                  0.15    0.00    7.00 ^ _3178_/CLK (sky130_fd_sc_hd__dfxtp_2)
     4    0.03    0.15    0.45    7.45 ^ _3178_/Q (sky130_fd_sc_hd__dfxtp_2)
                                         i_spi_reg.falling_edge_detector_sof.rstb (net)
                  0.15    0.00    7.45 ^ fanout18/A (sky130_fd_sc_hd__buf_4)
    10    0.05    0.15    0.23    7.69 ^ fanout18/X (sky130_fd_sc_hd__buf_4)
                                         net18 (net)
                  0.15    0.00    7.69 ^ _1632_/A (sky130_fd_sc_hd__clkinv_4)
     9    0.04    0.10    0.13    7.82 v _1632_/Y (sky130_fd_sc_hd__clkinv_4)
                                         _1326_ (net)
                  0.10    0.00    7.82 v _1700_/A (sky130_fd_sc_hd__or2_1)
     1    0.00    0.04    0.24    8.06 v _1700_/X (sky130_fd_sc_hd__or2_1)
                                         _1363_ (net)
                  0.04    0.00    8.06 v _1701_/A (sky130_fd_sc_hd__clkbuf_4)
    10    0.04    0.09    0.20    8.26 v _1701_/X (sky130_fd_sc_hd__clkbuf_4)
                                         _1364_ (net)
                  0.09    0.00    8.26 v _1730_/A (sky130_fd_sc_hd__or2_1)
     2    0.01    0.06    0.26    8.52 v _1730_/X (sky130_fd_sc_hd__or2_1)
                                         _1392_ (net)
                  0.06    0.00    8.52 v _1731_/A (sky130_fd_sc_hd__buf_2)
    10    0.03    0.08    0.18    8.71 v _1731_/X (sky130_fd_sc_hd__buf_2)
                                         _1393_ (net)
                  0.08    0.00    8.71 v _1769_/B1 (sky130_fd_sc_hd__a21oi_1)
     1    0.00    0.11    0.13    8.84 ^ _1769_/Y (sky130_fd_sc_hd__a21oi_1)
                                         _1429_ (net)
                  0.11    0.00    8.84 ^ _1772_/A (sky130_fd_sc_hd__or2_1)
     1    0.00    0.04    0.12    8.96 ^ _1772_/X (sky130_fd_sc_hd__or2_1)
                                         _1432_ (net)
                  0.04    0.00    8.96 ^ _1773_/A (sky130_fd_sc_hd__clkbuf_1)
     1    0.00    0.04    0.08    9.04 ^ _1773_/X (sky130_fd_sc_hd__clkbuf_1)
                                         _0037_ (net)
                  0.04    0.00    9.04 ^ _3216_/D (sky130_fd_sc_hd__dfxtp_1)
                                  9.04   data arrival time

                  0.15   14.00   14.00   clock clk (rise edge)
                          0.00   14.00   clock network delay (ideal)
                         -0.25   13.75   clock uncertainty
                          0.00   13.75   clock reconvergence pessimism
                                 13.75 ^ _3216_/CLK (sky130_fd_sc_hd__dfxtp_1)
                         -0.04   13.71   library setup time
                                 13.71   data required time
-----------------------------------------------------------------------------
                                 13.71   data required time
                                 -9.04   data arrival time
-----------------------------------------------------------------------------
                                  4.68   slack (MET)


Startpoint: _3178_ (rising edge-triggered flip-flop clocked by clk')
Endpoint: _3215_ (rising edge-triggered flip-flop clocked by clk)
Path Group: clk
Path Type: max

Fanout     Cap    Slew   Delay    Time   Description
-----------------------------------------------------------------------------
                  0.15    7.00    7.00   clock clk' (rise edge)
                          0.00    7.00   clock network delay (ideal)
                  0.15    0.00    7.00 ^ _3178_/CLK (sky130_fd_sc_hd__dfxtp_2)
     4    0.03    0.15    0.45    7.45 ^ _3178_/Q (sky130_fd_sc_hd__dfxtp_2)
                                         i_spi_reg.falling_edge_detector_sof.rstb (net)
                  0.15    0.00    7.45 ^ fanout18/A (sky130_fd_sc_hd__buf_4)
    10    0.05    0.15    0.23    7.69 ^ fanout18/X (sky130_fd_sc_hd__buf_4)
                                         net18 (net)
                  0.15    0.00    7.69 ^ _1632_/A (sky130_fd_sc_hd__clkinv_4)
     9    0.04    0.10    0.13    7.82 v _1632_/Y (sky130_fd_sc_hd__clkinv_4)
                                         _1326_ (net)
                  0.10    0.00    7.82 v _1700_/A (sky130_fd_sc_hd__or2_1)
     1    0.00    0.04    0.24    8.06 v _1700_/X (sky130_fd_sc_hd__or2_1)
                                         _1363_ (net)
                  0.04    0.00    8.06 v _1701_/A (sky130_fd_sc_hd__clkbuf_4)
    10    0.04    0.09    0.20    8.26 v _1701_/X (sky130_fd_sc_hd__clkbuf_4)
                                         _1364_ (net)
                  0.09    0.00    8.26 v _1730_/A (sky130_fd_sc_hd__or2_1)
     2    0.01    0.06    0.26    8.52 v _1730_/X (sky130_fd_sc_hd__or2_1)
                                         _1392_ (net)
                  0.06    0.00    8.52 v _1731_/A (sky130_fd_sc_hd__buf_2)
    10    0.03    0.08    0.18    8.71 v _1731_/X (sky130_fd_sc_hd__buf_2)
                                         _1393_ (net)
                  0.08    0.00    8.71 v _1762_/B1 (sky130_fd_sc_hd__a21oi_1)
     1    0.00    0.10    0.12    8.83 ^ _1762_/Y (sky130_fd_sc_hd__a21oi_1)
                                         _1423_ (net)
                  0.10    0.00    8.83 ^ _1765_/A (sky130_fd_sc_hd__or2_1)
     1    0.00    0.04    0.11    8.94 ^ _1765_/X (sky130_fd_sc_hd__or2_1)
                                         _1426_ (net)
                  0.04    0.00    8.94 ^ _1766_/A (sky130_fd_sc_hd__clkbuf_1)
     1    0.00    0.04    0.08    9.02 ^ _1766_/X (sky130_fd_sc_hd__clkbuf_1)
                                         _0036_ (net)
                  0.04    0.00    9.02 ^ _3215_/D (sky130_fd_sc_hd__dfxtp_1)
                                  9.02   data arrival time

                  0.15   14.00   14.00   clock clk (rise edge)
                          0.00   14.00   clock network delay (ideal)
                         -0.25   13.75   clock uncertainty
                          0.00   13.75   clock reconvergence pessimism
                                 13.75 ^ _3215_/CLK (sky130_fd_sc_hd__dfxtp_1)
                         -0.04   13.71   library setup time
                                 13.71   data required time
-----------------------------------------------------------------------------
                                 13.71   data required time
                                 -9.02   data arrival time
-----------------------------------------------------------------------------
                                  4.70   slack (MET)


Startpoint: _3178_ (rising edge-triggered flip-flop clocked by clk')
Endpoint: _3217_ (rising edge-triggered flip-flop clocked by clk)
Path Group: clk
Path Type: max

Fanout     Cap    Slew   Delay    Time   Description
-----------------------------------------------------------------------------
                  0.15    7.00    7.00   clock clk' (rise edge)
                          0.00    7.00   clock network delay (ideal)
                  0.15    0.00    7.00 ^ _3178_/CLK (sky130_fd_sc_hd__dfxtp_2)
     4    0.03    0.15    0.45    7.45 ^ _3178_/Q (sky130_fd_sc_hd__dfxtp_2)
                                         i_spi_reg.falling_edge_detector_sof.rstb (net)
                  0.15    0.00    7.45 ^ fanout18/A (sky130_fd_sc_hd__buf_4)
    10    0.05    0.15    0.23    7.69 ^ fanout18/X (sky130_fd_sc_hd__buf_4)
                                         net18 (net)
                  0.15    0.00    7.69 ^ _1632_/A (sky130_fd_sc_hd__clkinv_4)
     9    0.04    0.10    0.13    7.82 v _1632_/Y (sky130_fd_sc_hd__clkinv_4)
                                         _1326_ (net)
                  0.10    0.00    7.82 v _1700_/A (sky130_fd_sc_hd__or2_1)
     1    0.00    0.04    0.24    8.06 v _1700_/X (sky130_fd_sc_hd__or2_1)
                                         _1363_ (net)
                  0.04    0.00    8.06 v _1701_/A (sky130_fd_sc_hd__clkbuf_4)
    10    0.04    0.09    0.20    8.26 v _1701_/X (sky130_fd_sc_hd__clkbuf_4)
                                         _1364_ (net)
                  0.09    0.00    8.26 v _1730_/A (sky130_fd_sc_hd__or2_1)
     2    0.01    0.06    0.26    8.52 v _1730_/X (sky130_fd_sc_hd__or2_1)
                                         _1392_ (net)
                  0.06    0.00    8.52 v _1731_/A (sky130_fd_sc_hd__buf_2)
    10    0.03    0.08    0.18    8.71 v _1731_/X (sky130_fd_sc_hd__buf_2)
                                         _1393_ (net)
                  0.08    0.00    8.71 v _1775_/B1 (sky130_fd_sc_hd__a21oi_1)
     1    0.00    0.09    0.12    8.83 ^ _1775_/Y (sky130_fd_sc_hd__a21oi_1)
                                         _1434_ (net)
                  0.09    0.00    8.83 ^ _1778_/A (sky130_fd_sc_hd__or2_1)
     1    0.00    0.04    0.11    8.94 ^ _1778_/X (sky130_fd_sc_hd__or2_1)
                                         _1437_ (net)
                  0.04    0.00    8.94 ^ _1779_/A (sky130_fd_sc_hd__clkbuf_1)
     1    0.00    0.04    0.08    9.02 ^ _1779_/X (sky130_fd_sc_hd__clkbuf_1)
                                         _0038_ (net)
                  0.04    0.00    9.02 ^ _3217_/D (sky130_fd_sc_hd__dfxtp_1)
                                  9.02   data arrival time

                  0.15   14.00   14.00   clock clk (rise edge)
                          0.00   14.00   clock network delay (ideal)
                         -0.25   13.75   clock uncertainty
                          0.00   13.75   clock reconvergence pessimism
                                 13.75 ^ _3217_/CLK (sky130_fd_sc_hd__dfxtp_1)
                         -0.04   13.71   library setup time
                                 13.71   data required time
-----------------------------------------------------------------------------
                                 13.71   data required time
                                 -9.02   data arrival time
-----------------------------------------------------------------------------
                                  4.70   slack (MET)


Startpoint: _3178_ (rising edge-triggered flip-flop clocked by clk')
Endpoint: _3220_ (rising edge-triggered flip-flop clocked by clk)
Path Group: clk
Path Type: max

Fanout     Cap    Slew   Delay    Time   Description
-----------------------------------------------------------------------------
                  0.15    7.00    7.00   clock clk' (rise edge)
                          0.00    7.00   clock network delay (ideal)
                  0.15    0.00    7.00 ^ _3178_/CLK (sky130_fd_sc_hd__dfxtp_2)
     4    0.03    0.15    0.45    7.45 ^ _3178_/Q (sky130_fd_sc_hd__dfxtp_2)
                                         i_spi_reg.falling_edge_detector_sof.rstb (net)
                  0.15    0.00    7.45 ^ fanout18/A (sky130_fd_sc_hd__buf_4)
    10    0.05    0.15    0.23    7.69 ^ fanout18/X (sky130_fd_sc_hd__buf_4)
                                         net18 (net)
                  0.15    0.00    7.69 ^ _1632_/A (sky130_fd_sc_hd__clkinv_4)
     9    0.04    0.10    0.13    7.82 v _1632_/Y (sky130_fd_sc_hd__clkinv_4)
                                         _1326_ (net)
                  0.10    0.00    7.82 v _1700_/A (sky130_fd_sc_hd__or2_1)
     1    0.00    0.04    0.24    8.06 v _1700_/X (sky130_fd_sc_hd__or2_1)
                                         _1363_ (net)
                  0.04    0.00    8.06 v _1701_/A (sky130_fd_sc_hd__clkbuf_4)
    10    0.04    0.09    0.20    8.26 v _1701_/X (sky130_fd_sc_hd__clkbuf_4)
                                         _1364_ (net)
                  0.09    0.00    8.26 v _1730_/A (sky130_fd_sc_hd__or2_1)
     2    0.01    0.06    0.26    8.52 v _1730_/X (sky130_fd_sc_hd__or2_1)
                                         _1392_ (net)
                  0.06    0.00    8.52 v _1731_/A (sky130_fd_sc_hd__buf_2)
    10    0.03    0.08    0.18    8.71 v _1731_/X (sky130_fd_sc_hd__buf_2)
                                         _1393_ (net)
                  0.08    0.00    8.71 v _1793_/B1 (sky130_fd_sc_hd__a21oi_1)
     1    0.00    0.11    0.13    8.84 ^ _1793_/Y (sky130_fd_sc_hd__a21oi_1)
                                         _1449_ (net)
                  0.11    0.00    8.84 ^ _1794_/B1 (sky130_fd_sc_hd__a21o_1)
     1    0.00    0.04    0.10    8.93 ^ _1794_/X (sky130_fd_sc_hd__a21o_1)
                                         _1450_ (net)
                  0.04    0.00    8.93 ^ _1795_/B1 (sky130_fd_sc_hd__a21o_1)
     1    0.00    0.03    0.07    9.01 ^ _1795_/X (sky130_fd_sc_hd__a21o_1)
                                         _0041_ (net)
                  0.03    0.00    9.01 ^ _3220_/D (sky130_fd_sc_hd__dfxtp_1)
                                  9.01   data arrival time

                  0.15   14.00   14.00   clock clk (rise edge)
                          0.00   14.00   clock network delay (ideal)
                         -0.25   13.75   clock uncertainty
                          0.00   13.75   clock reconvergence pessimism
                                 13.75 ^ _3220_/CLK (sky130_fd_sc_hd__dfxtp_1)
                         -0.04   13.71   library setup time
                                 13.71   data required time
-----------------------------------------------------------------------------
                                 13.71   data required time
                                 -9.01   data arrival time
-----------------------------------------------------------------------------
                                  4.71   slack (MET)


Startpoint: _3178_ (rising edge-triggered flip-flop clocked by clk')
Endpoint: _3226_ (rising edge-triggered flip-flop clocked by clk)
Path Group: clk
Path Type: max

Fanout     Cap    Slew   Delay    Time   Description
-----------------------------------------------------------------------------
                  0.15    7.00    7.00   clock clk' (rise edge)
                          0.00    7.00   clock network delay (ideal)
                  0.15    0.00    7.00 ^ _3178_/CLK (sky130_fd_sc_hd__dfxtp_2)
     4    0.03    0.15    0.45    7.45 ^ _3178_/Q (sky130_fd_sc_hd__dfxtp_2)
                                         i_spi_reg.falling_edge_detector_sof.rstb (net)
                  0.15    0.00    7.45 ^ fanout18/A (sky130_fd_sc_hd__buf_4)
    10    0.05    0.15    0.23    7.69 ^ fanout18/X (sky130_fd_sc_hd__buf_4)
                                         net18 (net)
                  0.15    0.00    7.69 ^ _1632_/A (sky130_fd_sc_hd__clkinv_4)
     9    0.04    0.10    0.13    7.82 v _1632_/Y (sky130_fd_sc_hd__clkinv_4)
                                         _1326_ (net)
                  0.10    0.00    7.82 v _1700_/A (sky130_fd_sc_hd__or2_1)
     1    0.00    0.04    0.24    8.06 v _1700_/X (sky130_fd_sc_hd__or2_1)
                                         _1363_ (net)
                  0.04    0.00    8.06 v _1701_/A (sky130_fd_sc_hd__clkbuf_4)
    10    0.04    0.09    0.20    8.26 v _1701_/X (sky130_fd_sc_hd__clkbuf_4)
                                         _1364_ (net)
                  0.09    0.00    8.26 v _1730_/A (sky130_fd_sc_hd__or2_1)
     2    0.01    0.06    0.26    8.52 v _1730_/X (sky130_fd_sc_hd__or2_1)
                                         _1392_ (net)
                  0.06    0.00    8.52 v _1731_/A (sky130_fd_sc_hd__buf_2)
    10    0.03    0.08    0.18    8.71 v _1731_/X (sky130_fd_sc_hd__buf_2)
                                         _1393_ (net)
                  0.08    0.00    8.71 v _1831_/B1 (sky130_fd_sc_hd__a21oi_1)
     1    0.00    0.09    0.11    8.82 ^ _1831_/Y (sky130_fd_sc_hd__a21oi_1)
                                         _1481_ (net)
                  0.09    0.00    8.82 ^ _1834_/A (sky130_fd_sc_hd__or2_1)
     1    0.00    0.04    0.11    8.93 ^ _1834_/X (sky130_fd_sc_hd__or2_1)
                                         _1484_ (net)
                  0.04    0.00    8.93 ^ _1835_/A (sky130_fd_sc_hd__clkbuf_1)
     1    0.00    0.04    0.07    9.00 ^ _1835_/X (sky130_fd_sc_hd__clkbuf_1)
                                         _0047_ (net)
                  0.04    0.00    9.00 ^ _3226_/D (sky130_fd_sc_hd__dfxtp_1)
                                  9.00   data arrival time

                  0.15   14.00   14.00   clock clk (rise edge)
                          0.00   14.00   clock network delay (ideal)
                         -0.25   13.75   clock uncertainty
                          0.00   13.75   clock reconvergence pessimism
                                 13.75 ^ _3226_/CLK (sky130_fd_sc_hd__dfxtp_1)
                         -0.04   13.71   library setup time
                                 13.71   data required time
-----------------------------------------------------------------------------
                                 13.71   data required time
                                 -9.00   data arrival time
-----------------------------------------------------------------------------
                                  4.71   slack (MET)


Startpoint: _3178_ (rising edge-triggered flip-flop clocked by clk')
Endpoint: _3218_ (rising edge-triggered flip-flop clocked by clk)
Path Group: clk
Path Type: max

Fanout     Cap    Slew   Delay    Time   Description
-----------------------------------------------------------------------------
                  0.15    7.00    7.00   clock clk' (rise edge)
                          0.00    7.00   clock network delay (ideal)
                  0.15    0.00    7.00 ^ _3178_/CLK (sky130_fd_sc_hd__dfxtp_2)
     4    0.03    0.15    0.45    7.45 ^ _3178_/Q (sky130_fd_sc_hd__dfxtp_2)
                                         i_spi_reg.falling_edge_detector_sof.rstb (net)
                  0.15    0.00    7.45 ^ fanout18/A (sky130_fd_sc_hd__buf_4)
    10    0.05    0.15    0.23    7.69 ^ fanout18/X (sky130_fd_sc_hd__buf_4)
                                         net18 (net)
                  0.15    0.00    7.69 ^ _1632_/A (sky130_fd_sc_hd__clkinv_4)
     9    0.04    0.10    0.13    7.82 v _1632_/Y (sky130_fd_sc_hd__clkinv_4)
                                         _1326_ (net)
                  0.10    0.00    7.82 v _1700_/A (sky130_fd_sc_hd__or2_1)
     1    0.00    0.04    0.24    8.06 v _1700_/X (sky130_fd_sc_hd__or2_1)
                                         _1363_ (net)
                  0.04    0.00    8.06 v _1701_/A (sky130_fd_sc_hd__clkbuf_4)
    10    0.04    0.09    0.20    8.26 v _1701_/X (sky130_fd_sc_hd__clkbuf_4)
                                         _1364_ (net)
                  0.09    0.00    8.26 v _1730_/A (sky130_fd_sc_hd__or2_1)
     2    0.01    0.06    0.26    8.52 v _1730_/X (sky130_fd_sc_hd__or2_1)
                                         _1392_ (net)
                  0.06    0.00    8.52 v _1782_/B1_N (sky130_fd_sc_hd__o21ba_1)
     1    0.00    0.04    0.21    8.74 ^ _1782_/X (sky130_fd_sc_hd__o21ba_1)
                                         _1440_ (net)
                  0.04    0.00    8.74 ^ _1785_/A (sky130_fd_sc_hd__or2_1)
     1    0.00    0.04    0.09    8.83 ^ _1785_/X (sky130_fd_sc_hd__or2_1)
                                         _1443_ (net)
                  0.04    0.00    8.83 ^ _1786_/A (sky130_fd_sc_hd__clkbuf_1)
     1    0.00    0.04    0.08    8.90 ^ _1786_/X (sky130_fd_sc_hd__clkbuf_1)
                                         _0039_ (net)
                  0.04    0.00    8.90 ^ _3218_/D (sky130_fd_sc_hd__dfxtp_1)
                                  8.90   data arrival time

                  0.15   14.00   14.00   clock clk (rise edge)
                          0.00   14.00   clock network delay (ideal)
                         -0.25   13.75   clock uncertainty
                          0.00   13.75   clock reconvergence pessimism
                                 13.75 ^ _3218_/CLK (sky130_fd_sc_hd__dfxtp_1)
                         -0.04   13.71   library setup time
                                 13.71   data required time
-----------------------------------------------------------------------------
                                 13.71   data required time
                                 -8.90   data arrival time
-----------------------------------------------------------------------------
                                  4.81   slack (MET)


Startpoint: _3178_ (rising edge-triggered flip-flop clocked by clk')
Endpoint: _3224_ (rising edge-triggered flip-flop clocked by clk)
Path Group: clk
Path Type: max

Fanout     Cap    Slew   Delay    Time   Description
-----------------------------------------------------------------------------
                  0.15    7.00    7.00   clock clk' (rise edge)
                          0.00    7.00   clock network delay (ideal)
                  0.15    0.00    7.00 ^ _3178_/CLK (sky130_fd_sc_hd__dfxtp_2)
     4    0.03    0.15    0.45    7.45 ^ _3178_/Q (sky130_fd_sc_hd__dfxtp_2)
                                         i_spi_reg.falling_edge_detector_sof.rstb (net)
                  0.15    0.00    7.45 ^ fanout18/A (sky130_fd_sc_hd__buf_4)
    10    0.05    0.15    0.23    7.69 ^ fanout18/X (sky130_fd_sc_hd__buf_4)
                                         net18 (net)
                  0.15    0.00    7.69 ^ _1632_/A (sky130_fd_sc_hd__clkinv_4)
     9    0.04    0.10    0.13    7.82 v _1632_/Y (sky130_fd_sc_hd__clkinv_4)
                                         _1326_ (net)
                  0.10    0.00    7.82 v _1700_/A (sky130_fd_sc_hd__or2_1)
     1    0.00    0.04    0.24    8.06 v _1700_/X (sky130_fd_sc_hd__or2_1)
                                         _1363_ (net)
                  0.04    0.00    8.06 v _1701_/A (sky130_fd_sc_hd__clkbuf_4)
    10    0.04    0.09    0.20    8.26 v _1701_/X (sky130_fd_sc_hd__clkbuf_4)
                                         _1364_ (net)
                  0.09    0.00    8.26 v _1730_/A (sky130_fd_sc_hd__or2_1)
     2    0.01    0.06    0.26    8.52 v _1730_/X (sky130_fd_sc_hd__or2_1)
                                         _1392_ (net)
                  0.06    0.00    8.52 v _1731_/A (sky130_fd_sc_hd__buf_2)
    10    0.03    0.08    0.18    8.71 v _1731_/X (sky130_fd_sc_hd__buf_2)
                                         _1393_ (net)
                  0.08    0.00    8.71 v _1820_/A1 (sky130_fd_sc_hd__o21ai_1)
     1    0.00    0.09    0.13    8.84 ^ _1820_/Y (sky130_fd_sc_hd__o21ai_1)
                                         _0045_ (net)
                  0.09    0.00    8.84 ^ _3224_/D (sky130_fd_sc_hd__dfxtp_1)
                                  8.84   data arrival time

                  0.15   14.00   14.00   clock clk (rise edge)
                          0.00   14.00   clock network delay (ideal)
                         -0.25   13.75   clock uncertainty
                          0.00   13.75   clock reconvergence pessimism
                                 13.75 ^ _3224_/CLK (sky130_fd_sc_hd__dfxtp_1)
                         -0.05   13.70   library setup time
                                 13.70   data required time
-----------------------------------------------------------------------------
                                 13.70   data required time
                                 -8.84   data arrival time
-----------------------------------------------------------------------------
                                  4.86   slack (MET)


Startpoint: _3178_ (rising edge-triggered flip-flop clocked by clk')
Endpoint: _3222_ (rising edge-triggered flip-flop clocked by clk)
Path Group: clk
Path Type: max

Fanout     Cap    Slew   Delay    Time   Description
-----------------------------------------------------------------------------
                  0.15    7.00    7.00   clock clk' (rise edge)
                          0.00    7.00   clock network delay (ideal)
                  0.15    0.00    7.00 ^ _3178_/CLK (sky130_fd_sc_hd__dfxtp_2)
     4    0.03    0.15    0.45    7.45 ^ _3178_/Q (sky130_fd_sc_hd__dfxtp_2)
                                         i_spi_reg.falling_edge_detector_sof.rstb (net)
                  0.15    0.00    7.45 ^ fanout18/A (sky130_fd_sc_hd__buf_4)
    10    0.05    0.15    0.23    7.69 ^ fanout18/X (sky130_fd_sc_hd__buf_4)
                                         net18 (net)
                  0.15    0.00    7.69 ^ _1632_/A (sky130_fd_sc_hd__clkinv_4)
     9    0.04    0.10    0.13    7.82 v _1632_/Y (sky130_fd_sc_hd__clkinv_4)
                                         _1326_ (net)
                  0.10    0.00    7.82 v _1700_/A (sky130_fd_sc_hd__or2_1)
     1    0.00    0.04    0.24    8.06 v _1700_/X (sky130_fd_sc_hd__or2_1)
                                         _1363_ (net)
                  0.04    0.00    8.06 v _1701_/A (sky130_fd_sc_hd__clkbuf_4)
    10    0.04    0.09    0.20    8.26 v _1701_/X (sky130_fd_sc_hd__clkbuf_4)
                                         _1364_ (net)
                  0.09    0.00    8.26 v _1730_/A (sky130_fd_sc_hd__or2_1)
     2    0.01    0.06    0.26    8.52 v _1730_/X (sky130_fd_sc_hd__or2_1)
                                         _1392_ (net)
                  0.06    0.00    8.52 v _1731_/A (sky130_fd_sc_hd__buf_2)
    10    0.03    0.08    0.18    8.71 v _1731_/X (sky130_fd_sc_hd__buf_2)
                                         _1393_ (net)
                  0.08    0.00    8.71 v _1805_/A1 (sky130_fd_sc_hd__o21ai_1)
     1    0.00    0.09    0.13    8.84 ^ _1805_/Y (sky130_fd_sc_hd__o21ai_1)
                                         _0043_ (net)
                  0.09    0.00    8.84 ^ _3222_/D (sky130_fd_sc_hd__dfxtp_1)
                                  8.84   data arrival time

                  0.15   14.00   14.00   clock clk (rise edge)
                          0.00   14.00   clock network delay (ideal)
                         -0.25   13.75   clock uncertainty
                          0.00   13.75   clock reconvergence pessimism
                                 13.75 ^ _3222_/CLK (sky130_fd_sc_hd__dfxtp_1)
                         -0.05   13.70   library setup time
                                 13.70   data required time
-----------------------------------------------------------------------------
                                 13.70   data required time
                                 -8.84   data arrival time
-----------------------------------------------------------------------------
                                  4.86   slack (MET)


Startpoint: _3178_ (rising edge-triggered flip-flop clocked by clk')
Endpoint: _3214_ (rising edge-triggered flip-flop clocked by clk)
Path Group: clk
Path Type: max

Fanout     Cap    Slew   Delay    Time   Description
-----------------------------------------------------------------------------
                  0.15    7.00    7.00   clock clk' (rise edge)
                          0.00    7.00   clock network delay (ideal)
                  0.15    0.00    7.00 ^ _3178_/CLK (sky130_fd_sc_hd__dfxtp_2)
     4    0.03    0.15    0.45    7.45 ^ _3178_/Q (sky130_fd_sc_hd__dfxtp_2)
                                         i_spi_reg.falling_edge_detector_sof.rstb (net)
                  0.15    0.00    7.45 ^ fanout18/A (sky130_fd_sc_hd__buf_4)
    10    0.05    0.15    0.23    7.69 ^ fanout18/X (sky130_fd_sc_hd__buf_4)
                                         net18 (net)
                  0.15    0.00    7.69 ^ _1632_/A (sky130_fd_sc_hd__clkinv_4)
     9    0.04    0.10    0.13    7.82 v _1632_/Y (sky130_fd_sc_hd__clkinv_4)
                                         _1326_ (net)
                  0.10    0.00    7.82 v _1700_/A (sky130_fd_sc_hd__or2_1)
     1    0.00    0.04    0.24    8.06 v _1700_/X (sky130_fd_sc_hd__or2_1)
                                         _1363_ (net)
                  0.04    0.00    8.06 v _1701_/A (sky130_fd_sc_hd__clkbuf_4)
    10    0.04    0.09    0.20    8.26 v _1701_/X (sky130_fd_sc_hd__clkbuf_4)
                                         _1364_ (net)
                  0.09    0.00    8.26 v _1730_/A (sky130_fd_sc_hd__or2_1)
     2    0.01    0.06    0.26    8.52 v _1730_/X (sky130_fd_sc_hd__or2_1)
                                         _1392_ (net)
                  0.06    0.00    8.52 v _1731_/A (sky130_fd_sc_hd__buf_2)
    10    0.03    0.08    0.18    8.71 v _1731_/X (sky130_fd_sc_hd__buf_2)
                                         _1393_ (net)
                  0.08    0.00    8.71 v _1759_/A2 (sky130_fd_sc_hd__o21ai_1)
     1    0.00    0.09    0.12    8.83 ^ _1759_/Y (sky130_fd_sc_hd__o21ai_1)
                                         _0035_ (net)
                  0.09    0.00    8.83 ^ _3214_/D (sky130_fd_sc_hd__dfxtp_1)
                                  8.83   data arrival time

                  0.15   14.00   14.00   clock clk (rise edge)
                          0.00   14.00   clock network delay (ideal)
                         -0.25   13.75   clock uncertainty
                          0.00   13.75   clock reconvergence pessimism
                                 13.75 ^ _3214_/CLK (sky130_fd_sc_hd__dfxtp_1)
                         -0.05   13.70   library setup time
                                 13.70   data required time
-----------------------------------------------------------------------------
                                 13.70   data required time
                                 -8.83   data arrival time
-----------------------------------------------------------------------------
                                  4.87   slack (MET)


Startpoint: _3178_ (rising edge-triggered flip-flop clocked by clk')
Endpoint: _3250_ (rising edge-triggered flip-flop clocked by clk)
Path Group: clk
Path Type: max

Fanout     Cap    Slew   Delay    Time   Description
-----------------------------------------------------------------------------
                  0.15    7.00    7.00   clock clk' (rise edge)
                          0.00    7.00   clock network delay (ideal)
                  0.15    0.00    7.00 ^ _3178_/CLK (sky130_fd_sc_hd__dfxtp_2)
     4    0.03    0.15    0.45    7.45 ^ _3178_/Q (sky130_fd_sc_hd__dfxtp_2)
                                         i_spi_reg.falling_edge_detector_sof.rstb (net)
                  0.15    0.00    7.45 ^ fanout18/A (sky130_fd_sc_hd__buf_4)
    10    0.05    0.15    0.23    7.69 ^ fanout18/X (sky130_fd_sc_hd__buf_4)
                                         net18 (net)
                  0.15    0.00    7.69 ^ _1632_/A (sky130_fd_sc_hd__clkinv_4)
     9    0.04    0.10    0.13    7.82 v _1632_/Y (sky130_fd_sc_hd__clkinv_4)
                                         _1326_ (net)
                  0.10    0.00    7.82 v _1700_/A (sky130_fd_sc_hd__or2_1)
     1    0.00    0.04    0.24    8.06 v _1700_/X (sky130_fd_sc_hd__or2_1)
                                         _1363_ (net)
                  0.04    0.00    8.06 v _1701_/A (sky130_fd_sc_hd__clkbuf_4)
    10    0.04    0.09    0.20    8.26 v _1701_/X (sky130_fd_sc_hd__clkbuf_4)
                                         _1364_ (net)
                  0.09    0.00    8.27 v _1702_/A (sky130_fd_sc_hd__buf_2)
    10    0.03    0.08    0.20    8.46 v _1702_/X (sky130_fd_sc_hd__buf_2)
                                         _1365_ (net)
                  0.08    0.00    8.46 v _1980_/C1 (sky130_fd_sc_hd__a211o_1)
     1    0.00    0.04    0.24    8.70 v _1980_/X (sky130_fd_sc_hd__a211o_1)
                                         _0071_ (net)
                  0.04    0.00    8.70 v _3250_/D (sky130_fd_sc_hd__dfxtp_1)
                                  8.70   data arrival time

                  0.15   14.00   14.00   clock clk (rise edge)
                          0.00   14.00   clock network delay (ideal)
                         -0.25   13.75   clock uncertainty
                          0.00   13.75   clock reconvergence pessimism
                                 13.75 ^ _3250_/CLK (sky130_fd_sc_hd__dfxtp_1)
                         -0.09   13.66   library setup time
                                 13.66   data required time
-----------------------------------------------------------------------------
                                 13.66   data required time
                                 -8.70   data arrival time
-----------------------------------------------------------------------------
                                  4.96   slack (MET)


Startpoint: _3178_ (rising edge-triggered flip-flop clocked by clk')
Endpoint: _3252_ (rising edge-triggered flip-flop clocked by clk)
Path Group: clk
Path Type: max

Fanout     Cap    Slew   Delay    Time   Description
-----------------------------------------------------------------------------
                  0.15    7.00    7.00   clock clk' (rise edge)
                          0.00    7.00   clock network delay (ideal)
                  0.15    0.00    7.00 ^ _3178_/CLK (sky130_fd_sc_hd__dfxtp_2)
     4    0.03    0.15    0.45    7.45 ^ _3178_/Q (sky130_fd_sc_hd__dfxtp_2)
                                         i_spi_reg.falling_edge_detector_sof.rstb (net)
                  0.15    0.00    7.45 ^ fanout18/A (sky130_fd_sc_hd__buf_4)
    10    0.05    0.15    0.23    7.69 ^ fanout18/X (sky130_fd_sc_hd__buf_4)
                                         net18 (net)
                  0.15    0.00    7.69 ^ _1632_/A (sky130_fd_sc_hd__clkinv_4)
     9    0.04    0.10    0.13    7.82 v _1632_/Y (sky130_fd_sc_hd__clkinv_4)
                                         _1326_ (net)
                  0.10    0.00    7.82 v _1700_/A (sky130_fd_sc_hd__or2_1)
     1    0.00    0.04    0.24    8.06 v _1700_/X (sky130_fd_sc_hd__or2_1)
                                         _1363_ (net)
                  0.04    0.00    8.06 v _1701_/A (sky130_fd_sc_hd__clkbuf_4)
    10    0.04    0.09    0.20    8.26 v _1701_/X (sky130_fd_sc_hd__clkbuf_4)
                                         _1364_ (net)
                  0.09    0.00    8.27 v _1702_/A (sky130_fd_sc_hd__buf_2)
    10    0.03    0.08    0.20    8.46 v _1702_/X (sky130_fd_sc_hd__buf_2)
                                         _1365_ (net)
                  0.08    0.00    8.46 v _1986_/C1 (sky130_fd_sc_hd__a211o_1)
     1    0.00    0.04    0.24    8.70 v _1986_/X (sky130_fd_sc_hd__a211o_1)
                                         _0073_ (net)
                  0.04    0.00    8.70 v _3252_/D (sky130_fd_sc_hd__dfxtp_1)
                                  8.70   data arrival time

                  0.15   14.00   14.00   clock clk (rise edge)
                          0.00   14.00   clock network delay (ideal)
                         -0.25   13.75   clock uncertainty
                          0.00   13.75   clock reconvergence pessimism
                                 13.75 ^ _3252_/CLK (sky130_fd_sc_hd__dfxtp_1)
                         -0.09   13.66   library setup time
                                 13.66   data required time
-----------------------------------------------------------------------------
                                 13.66   data required time
                                 -8.70   data arrival time
-----------------------------------------------------------------------------
                                  4.97   slack (MET)


Startpoint: _3178_ (rising edge-triggered flip-flop clocked by clk')
Endpoint: _3256_ (rising edge-triggered flip-flop clocked by clk)
Path Group: clk
Path Type: max

Fanout     Cap    Slew   Delay    Time   Description
-----------------------------------------------------------------------------
                  0.15    7.00    7.00   clock clk' (rise edge)
                          0.00    7.00   clock network delay (ideal)
                  0.15    0.00    7.00 ^ _3178_/CLK (sky130_fd_sc_hd__dfxtp_2)
     4    0.03    0.15    0.45    7.45 ^ _3178_/Q (sky130_fd_sc_hd__dfxtp_2)
                                         i_spi_reg.falling_edge_detector_sof.rstb (net)
                  0.15    0.00    7.45 ^ fanout18/A (sky130_fd_sc_hd__buf_4)
    10    0.05    0.15    0.23    7.69 ^ fanout18/X (sky130_fd_sc_hd__buf_4)
                                         net18 (net)
                  0.15    0.00    7.69 ^ _1632_/A (sky130_fd_sc_hd__clkinv_4)
     9    0.04    0.10    0.13    7.82 v _1632_/Y (sky130_fd_sc_hd__clkinv_4)
                                         _1326_ (net)
                  0.10    0.00    7.82 v _1700_/A (sky130_fd_sc_hd__or2_1)
     1    0.00    0.04    0.24    8.06 v _1700_/X (sky130_fd_sc_hd__or2_1)
                                         _1363_ (net)
                  0.04    0.00    8.06 v _1701_/A (sky130_fd_sc_hd__clkbuf_4)
    10    0.04    0.09    0.20    8.26 v _1701_/X (sky130_fd_sc_hd__clkbuf_4)
                                         _1364_ (net)
                  0.09    0.00    8.27 v _1702_/A (sky130_fd_sc_hd__buf_2)
    10    0.03    0.08    0.20    8.46 v _1702_/X (sky130_fd_sc_hd__buf_2)
                                         _1365_ (net)
                  0.08    0.00    8.46 v _1996_/C1 (sky130_fd_sc_hd__a211o_1)
     1    0.00    0.04    0.23    8.70 v _1996_/X (sky130_fd_sc_hd__a211o_1)
                                         _0077_ (net)
                  0.04    0.00    8.70 v _3256_/D (sky130_fd_sc_hd__dfxtp_1)
                                  8.70   data arrival time

                  0.15   14.00   14.00   clock clk (rise edge)
                          0.00   14.00   clock network delay (ideal)
                         -0.25   13.75   clock uncertainty
                          0.00   13.75   clock reconvergence pessimism
                                 13.75 ^ _3256_/CLK (sky130_fd_sc_hd__dfxtp_1)
                         -0.09   13.66   library setup time
                                 13.66   data required time
-----------------------------------------------------------------------------
                                 13.66   data required time
                                 -8.70   data arrival time
-----------------------------------------------------------------------------
                                  4.97   slack (MET)


Startpoint: _3178_ (rising edge-triggered flip-flop clocked by clk')
Endpoint: _3253_ (rising edge-triggered flip-flop clocked by clk)
Path Group: clk
Path Type: max

Fanout     Cap    Slew   Delay    Time   Description
-----------------------------------------------------------------------------
                  0.15    7.00    7.00   clock clk' (rise edge)
                          0.00    7.00   clock network delay (ideal)
                  0.15    0.00    7.00 ^ _3178_/CLK (sky130_fd_sc_hd__dfxtp_2)
     4    0.03    0.15    0.45    7.45 ^ _3178_/Q (sky130_fd_sc_hd__dfxtp_2)
                                         i_spi_reg.falling_edge_detector_sof.rstb (net)
                  0.15    0.00    7.45 ^ fanout18/A (sky130_fd_sc_hd__buf_4)
    10    0.05    0.15    0.23    7.69 ^ fanout18/X (sky130_fd_sc_hd__buf_4)
                                         net18 (net)
                  0.15    0.00    7.69 ^ _1632_/A (sky130_fd_sc_hd__clkinv_4)
     9    0.04    0.10    0.13    7.82 v _1632_/Y (sky130_fd_sc_hd__clkinv_4)
                                         _1326_ (net)
                  0.10    0.00    7.82 v _1700_/A (sky130_fd_sc_hd__or2_1)
     1    0.00    0.04    0.24    8.06 v _1700_/X (sky130_fd_sc_hd__or2_1)
                                         _1363_ (net)
                  0.04    0.00    8.06 v _1701_/A (sky130_fd_sc_hd__clkbuf_4)
    10    0.04    0.09    0.20    8.26 v _1701_/X (sky130_fd_sc_hd__clkbuf_4)
                                         _1364_ (net)
                  0.09    0.00    8.27 v _1702_/A (sky130_fd_sc_hd__buf_2)
    10    0.03    0.08    0.20    8.46 v _1702_/X (sky130_fd_sc_hd__buf_2)
                                         _1365_ (net)
                  0.08    0.00    8.46 v _1988_/C1 (sky130_fd_sc_hd__a211o_1)
     1    0.00    0.04    0.23    8.70 v _1988_/X (sky130_fd_sc_hd__a211o_1)
                                         _0074_ (net)
                  0.04    0.00    8.70 v _3253_/D (sky130_fd_sc_hd__dfxtp_1)
                                  8.70   data arrival time

                  0.15   14.00   14.00   clock clk (rise edge)
                          0.00   14.00   clock network delay (ideal)
                         -0.25   13.75   clock uncertainty
                          0.00   13.75   clock reconvergence pessimism
                                 13.75 ^ _3253_/CLK (sky130_fd_sc_hd__dfxtp_1)
                         -0.09   13.66   library setup time
                                 13.66   data required time
-----------------------------------------------------------------------------
                                 13.66   data required time
                                 -8.70   data arrival time
-----------------------------------------------------------------------------
                                  4.97   slack (MET)


Startpoint: _3178_ (rising edge-triggered flip-flop clocked by clk')
Endpoint: _3257_ (rising edge-triggered flip-flop clocked by clk)
Path Group: clk
Path Type: max

Fanout     Cap    Slew   Delay    Time   Description
-----------------------------------------------------------------------------
                  0.15    7.00    7.00   clock clk' (rise edge)
                          0.00    7.00   clock network delay (ideal)
                  0.15    0.00    7.00 ^ _3178_/CLK (sky130_fd_sc_hd__dfxtp_2)
     4    0.03    0.15    0.45    7.45 ^ _3178_/Q (sky130_fd_sc_hd__dfxtp_2)
                                         i_spi_reg.falling_edge_detector_sof.rstb (net)
                  0.15    0.00    7.45 ^ fanout18/A (sky130_fd_sc_hd__buf_4)
    10    0.05    0.15    0.23    7.69 ^ fanout18/X (sky130_fd_sc_hd__buf_4)
                                         net18 (net)
                  0.15    0.00    7.69 ^ _1632_/A (sky130_fd_sc_hd__clkinv_4)
     9    0.04    0.10    0.13    7.82 v _1632_/Y (sky130_fd_sc_hd__clkinv_4)
                                         _1326_ (net)
                  0.10    0.00    7.82 v _1700_/A (sky130_fd_sc_hd__or2_1)
     1    0.00    0.04    0.24    8.06 v _1700_/X (sky130_fd_sc_hd__or2_1)
                                         _1363_ (net)
                  0.04    0.00    8.06 v _1701_/A (sky130_fd_sc_hd__clkbuf_4)
    10    0.04    0.09    0.20    8.26 v _1701_/X (sky130_fd_sc_hd__clkbuf_4)
                                         _1364_ (net)
                  0.09    0.00    8.27 v _1702_/A (sky130_fd_sc_hd__buf_2)
    10    0.03    0.08    0.20    8.46 v _1702_/X (sky130_fd_sc_hd__buf_2)
                                         _1365_ (net)
                  0.08    0.00    8.46 v _1998_/C1 (sky130_fd_sc_hd__a211o_1)
     1    0.00    0.04    0.23    8.70 v _1998_/X (sky130_fd_sc_hd__a211o_1)
                                         _0078_ (net)
                  0.04    0.00    8.70 v _3257_/D (sky130_fd_sc_hd__dfxtp_1)
                                  8.70   data arrival time

                  0.15   14.00   14.00   clock clk (rise edge)
                          0.00   14.00   clock network delay (ideal)
                         -0.25   13.75   clock uncertainty
                          0.00   13.75   clock reconvergence pessimism
                                 13.75 ^ _3257_/CLK (sky130_fd_sc_hd__dfxtp_1)
                         -0.09   13.66   library setup time
                                 13.66   data required time
-----------------------------------------------------------------------------
                                 13.66   data required time
                                 -8.70   data arrival time
-----------------------------------------------------------------------------
                                  4.97   slack (MET)


Startpoint: _3178_ (rising edge-triggered flip-flop clocked by clk')
Endpoint: _3258_ (rising edge-triggered flip-flop clocked by clk)
Path Group: clk
Path Type: max

Fanout     Cap    Slew   Delay    Time   Description
-----------------------------------------------------------------------------
                  0.15    7.00    7.00   clock clk' (rise edge)
                          0.00    7.00   clock network delay (ideal)
                  0.15    0.00    7.00 ^ _3178_/CLK (sky130_fd_sc_hd__dfxtp_2)
     4    0.03    0.15    0.45    7.45 ^ _3178_/Q (sky130_fd_sc_hd__dfxtp_2)
                                         i_spi_reg.falling_edge_detector_sof.rstb (net)
                  0.15    0.00    7.45 ^ fanout18/A (sky130_fd_sc_hd__buf_4)
    10    0.05    0.15    0.23    7.69 ^ fanout18/X (sky130_fd_sc_hd__buf_4)
                                         net18 (net)
                  0.15    0.00    7.69 ^ _1632_/A (sky130_fd_sc_hd__clkinv_4)
     9    0.04    0.10    0.13    7.82 v _1632_/Y (sky130_fd_sc_hd__clkinv_4)
                                         _1326_ (net)
                  0.10    0.00    7.82 v _1700_/A (sky130_fd_sc_hd__or2_1)
     1    0.00    0.04    0.24    8.06 v _1700_/X (sky130_fd_sc_hd__or2_1)
                                         _1363_ (net)
                  0.04    0.00    8.06 v _1701_/A (sky130_fd_sc_hd__clkbuf_4)
    10    0.04    0.09    0.20    8.26 v _1701_/X (sky130_fd_sc_hd__clkbuf_4)
                                         _1364_ (net)
                  0.09    0.00    8.27 v _1702_/A (sky130_fd_sc_hd__buf_2)
    10    0.03    0.08    0.20    8.46 v _1702_/X (sky130_fd_sc_hd__buf_2)
                                         _1365_ (net)
                  0.08    0.00    8.46 v _2000_/C1 (sky130_fd_sc_hd__a211o_1)
     1    0.00    0.04    0.23    8.70 v _2000_/X (sky130_fd_sc_hd__a211o_1)
                                         _0079_ (net)
                  0.04    0.00    8.70 v _3258_/D (sky130_fd_sc_hd__dfxtp_1)
                                  8.70   data arrival time

                  0.15   14.00   14.00   clock clk (rise edge)
                          0.00   14.00   clock network delay (ideal)
                         -0.25   13.75   clock uncertainty
                          0.00   13.75   clock reconvergence pessimism
                                 13.75 ^ _3258_/CLK (sky130_fd_sc_hd__dfxtp_1)
                         -0.09   13.66   library setup time
                                 13.66   data required time
-----------------------------------------------------------------------------
                                 13.66   data required time
                                 -8.70   data arrival time
-----------------------------------------------------------------------------
                                  4.97   slack (MET)


Startpoint: _3178_ (rising edge-triggered flip-flop clocked by clk')
Endpoint: _3255_ (rising edge-triggered flip-flop clocked by clk)
Path Group: clk
Path Type: max

Fanout     Cap    Slew   Delay    Time   Description
-----------------------------------------------------------------------------
                  0.15    7.00    7.00   clock clk' (rise edge)
                          0.00    7.00   clock network delay (ideal)
                  0.15    0.00    7.00 ^ _3178_/CLK (sky130_fd_sc_hd__dfxtp_2)
     4    0.03    0.15    0.45    7.45 ^ _3178_/Q (sky130_fd_sc_hd__dfxtp_2)
                                         i_spi_reg.falling_edge_detector_sof.rstb (net)
                  0.15    0.00    7.45 ^ fanout18/A (sky130_fd_sc_hd__buf_4)
    10    0.05    0.15    0.23    7.69 ^ fanout18/X (sky130_fd_sc_hd__buf_4)
                                         net18 (net)
                  0.15    0.00    7.69 ^ _1632_/A (sky130_fd_sc_hd__clkinv_4)
     9    0.04    0.10    0.13    7.82 v _1632_/Y (sky130_fd_sc_hd__clkinv_4)
                                         _1326_ (net)
                  0.10    0.00    7.82 v _1700_/A (sky130_fd_sc_hd__or2_1)
     1    0.00    0.04    0.24    8.06 v _1700_/X (sky130_fd_sc_hd__or2_1)
                                         _1363_ (net)
                  0.04    0.00    8.06 v _1701_/A (sky130_fd_sc_hd__clkbuf_4)
    10    0.04    0.09    0.20    8.26 v _1701_/X (sky130_fd_sc_hd__clkbuf_4)
                                         _1364_ (net)
                  0.09    0.00    8.27 v _1702_/A (sky130_fd_sc_hd__buf_2)
    10    0.03    0.08    0.20    8.46 v _1702_/X (sky130_fd_sc_hd__buf_2)
                                         _1365_ (net)
                  0.08    0.00    8.46 v _1994_/C1 (sky130_fd_sc_hd__a211o_1)
     1    0.00    0.04    0.23    8.70 v _1994_/X (sky130_fd_sc_hd__a211o_1)
                                         _0076_ (net)
                  0.04    0.00    8.70 v _3255_/D (sky130_fd_sc_hd__dfxtp_1)
                                  8.70   data arrival time

                  0.15   14.00   14.00   clock clk (rise edge)
                          0.00   14.00   clock network delay (ideal)
                         -0.25   13.75   clock uncertainty
                          0.00   13.75   clock reconvergence pessimism
                                 13.75 ^ _3255_/CLK (sky130_fd_sc_hd__dfxtp_1)
                         -0.09   13.66   library setup time
                                 13.66   data required time
-----------------------------------------------------------------------------
                                 13.66   data required time
                                 -8.70   data arrival time
-----------------------------------------------------------------------------
                                  4.97   slack (MET)


Startpoint: _3178_ (rising edge-triggered flip-flop clocked by clk')
Endpoint: _3251_ (rising edge-triggered flip-flop clocked by clk)
Path Group: clk
Path Type: max

Fanout     Cap    Slew   Delay    Time   Description
-----------------------------------------------------------------------------
                  0.15    7.00    7.00   clock clk' (rise edge)
                          0.00    7.00   clock network delay (ideal)
                  0.15    0.00    7.00 ^ _3178_/CLK (sky130_fd_sc_hd__dfxtp_2)
     4    0.03    0.15    0.45    7.45 ^ _3178_/Q (sky130_fd_sc_hd__dfxtp_2)
                                         i_spi_reg.falling_edge_detector_sof.rstb (net)
                  0.15    0.00    7.45 ^ fanout18/A (sky130_fd_sc_hd__buf_4)
    10    0.05    0.15    0.23    7.69 ^ fanout18/X (sky130_fd_sc_hd__buf_4)
                                         net18 (net)
                  0.15    0.00    7.69 ^ _1632_/A (sky130_fd_sc_hd__clkinv_4)
     9    0.04    0.10    0.13    7.82 v _1632_/Y (sky130_fd_sc_hd__clkinv_4)
                                         _1326_ (net)
                  0.10    0.00    7.82 v _1700_/A (sky130_fd_sc_hd__or2_1)
     1    0.00    0.04    0.24    8.06 v _1700_/X (sky130_fd_sc_hd__or2_1)
                                         _1363_ (net)
                  0.04    0.00    8.06 v _1701_/A (sky130_fd_sc_hd__clkbuf_4)
    10    0.04    0.09    0.20    8.26 v _1701_/X (sky130_fd_sc_hd__clkbuf_4)
                                         _1364_ (net)
                  0.09    0.00    8.27 v _1702_/A (sky130_fd_sc_hd__buf_2)
    10    0.03    0.08    0.20    8.46 v _1702_/X (sky130_fd_sc_hd__buf_2)
                                         _1365_ (net)
                  0.08    0.00    8.46 v _1984_/C1 (sky130_fd_sc_hd__a211o_1)
     1    0.00    0.04    0.23    8.70 v _1984_/X (sky130_fd_sc_hd__a211o_1)
                                         _0072_ (net)
                  0.04    0.00    8.70 v _3251_/D (sky130_fd_sc_hd__dfxtp_1)
                                  8.70   data arrival time

                  0.15   14.00   14.00   clock clk (rise edge)
                          0.00   14.00   clock network delay (ideal)
                         -0.25   13.75   clock uncertainty
                          0.00   13.75   clock reconvergence pessimism
                                 13.75 ^ _3251_/CLK (sky130_fd_sc_hd__dfxtp_1)
                         -0.09   13.66   library setup time
                                 13.66   data required time
-----------------------------------------------------------------------------
                                 13.66   data required time
                                 -8.70   data arrival time
-----------------------------------------------------------------------------
                                  4.97   slack (MET)


Startpoint: _3178_ (rising edge-triggered flip-flop clocked by clk')
Endpoint: _3254_ (rising edge-triggered flip-flop clocked by clk)
Path Group: clk
Path Type: max

Fanout     Cap    Slew   Delay    Time   Description
-----------------------------------------------------------------------------
                  0.15    7.00    7.00   clock clk' (rise edge)
                          0.00    7.00   clock network delay (ideal)
                  0.15    0.00    7.00 ^ _3178_/CLK (sky130_fd_sc_hd__dfxtp_2)
     4    0.03    0.15    0.45    7.45 ^ _3178_/Q (sky130_fd_sc_hd__dfxtp_2)
                                         i_spi_reg.falling_edge_detector_sof.rstb (net)
                  0.15    0.00    7.45 ^ fanout18/A (sky130_fd_sc_hd__buf_4)
    10    0.05    0.15    0.23    7.69 ^ fanout18/X (sky130_fd_sc_hd__buf_4)
                                         net18 (net)
                  0.15    0.00    7.69 ^ _1632_/A (sky130_fd_sc_hd__clkinv_4)
     9    0.04    0.10    0.13    7.82 v _1632_/Y (sky130_fd_sc_hd__clkinv_4)
                                         _1326_ (net)
                  0.10    0.00    7.82 v _1700_/A (sky130_fd_sc_hd__or2_1)
     1    0.00    0.04    0.24    8.06 v _1700_/X (sky130_fd_sc_hd__or2_1)
                                         _1363_ (net)
                  0.04    0.00    8.06 v _1701_/A (sky130_fd_sc_hd__clkbuf_4)
    10    0.04    0.09    0.20    8.26 v _1701_/X (sky130_fd_sc_hd__clkbuf_4)
                                         _1364_ (net)
                  0.09    0.00    8.27 v _1702_/A (sky130_fd_sc_hd__buf_2)
    10    0.03    0.08    0.20    8.46 v _1702_/X (sky130_fd_sc_hd__buf_2)
                                         _1365_ (net)
                  0.08    0.00    8.46 v _1990_/C1 (sky130_fd_sc_hd__a211o_1)
     1    0.00    0.04    0.23    8.70 v _1990_/X (sky130_fd_sc_hd__a211o_1)
                                         _0075_ (net)
                  0.04    0.00    8.70 v _3254_/D (sky130_fd_sc_hd__dfxtp_1)
                                  8.70   data arrival time

                  0.15   14.00   14.00   clock clk (rise edge)
                          0.00   14.00   clock network delay (ideal)
                         -0.25   13.75   clock uncertainty
                          0.00   13.75   clock reconvergence pessimism
                                 13.75 ^ _3254_/CLK (sky130_fd_sc_hd__dfxtp_1)
                         -0.09   13.66   library setup time
                                 13.66   data required time
-----------------------------------------------------------------------------
                                 13.66   data required time
                                 -8.70   data arrival time
-----------------------------------------------------------------------------
                                  4.97   slack (MET)


Startpoint: _3178_ (rising edge-triggered flip-flop clocked by clk')
Endpoint: _3240_ (rising edge-triggered flip-flop clocked by clk)
Path Group: clk
Path Type: max

Fanout     Cap    Slew   Delay    Time   Description
-----------------------------------------------------------------------------
                  0.15    7.00    7.00   clock clk' (rise edge)
                          0.00    7.00   clock network delay (ideal)
                  0.15    0.00    7.00 ^ _3178_/CLK (sky130_fd_sc_hd__dfxtp_2)
     4    0.03    0.15    0.45    7.45 ^ _3178_/Q (sky130_fd_sc_hd__dfxtp_2)
                                         i_spi_reg.falling_edge_detector_sof.rstb (net)
                  0.15    0.00    7.45 ^ fanout18/A (sky130_fd_sc_hd__buf_4)
    10    0.05    0.15    0.23    7.69 ^ fanout18/X (sky130_fd_sc_hd__buf_4)
                                         net18 (net)
                  0.15    0.00    7.69 ^ _1632_/A (sky130_fd_sc_hd__clkinv_4)
     9    0.04    0.10    0.13    7.82 v _1632_/Y (sky130_fd_sc_hd__clkinv_4)
                                         _1326_ (net)
                  0.10    0.00    7.82 v _1700_/A (sky130_fd_sc_hd__or2_1)
     1    0.00    0.04    0.24    8.06 v _1700_/X (sky130_fd_sc_hd__or2_1)
                                         _1363_ (net)
                  0.04    0.00    8.06 v _1701_/A (sky130_fd_sc_hd__clkbuf_4)
    10    0.04    0.09    0.20    8.26 v _1701_/X (sky130_fd_sc_hd__clkbuf_4)
                                         _1364_ (net)
                  0.09    0.00    8.26 v _1929_/A (sky130_fd_sc_hd__nor2_1)
     5    0.02    0.29    0.28    8.55 ^ _1929_/Y (sky130_fd_sc_hd__nor2_1)
                                         _1567_ (net)
                  0.29    0.00    8.55 ^ _1937_/B1 (sky130_fd_sc_hd__o22a_1)
     1    0.00    0.04    0.20    8.74 ^ _1937_/X (sky130_fd_sc_hd__o22a_1)
                                         _0061_ (net)
                  0.04    0.00    8.74 ^ _3240_/D (sky130_fd_sc_hd__dfxtp_1)
                                  8.74   data arrival time

                  0.15   14.00   14.00   clock clk (rise edge)
                          0.00   14.00   clock network delay (ideal)
                         -0.25   13.75   clock uncertainty
                          0.00   13.75   clock reconvergence pessimism
                                 13.75 ^ _3240_/CLK (sky130_fd_sc_hd__dfxtp_1)
                         -0.04   13.71   library setup time
                                 13.71   data required time
-----------------------------------------------------------------------------
                                 13.71   data required time
                                 -8.74   data arrival time
-----------------------------------------------------------------------------
                                  4.97   slack (MET)


Startpoint: _3178_ (rising edge-triggered flip-flop clocked by clk')
Endpoint: _3241_ (rising edge-triggered flip-flop clocked by clk)
Path Group: clk
Path Type: max

Fanout     Cap    Slew   Delay    Time   Description
-----------------------------------------------------------------------------
                  0.15    7.00    7.00   clock clk' (rise edge)
                          0.00    7.00   clock network delay (ideal)
                  0.15    0.00    7.00 ^ _3178_/CLK (sky130_fd_sc_hd__dfxtp_2)
     4    0.03    0.15    0.45    7.45 ^ _3178_/Q (sky130_fd_sc_hd__dfxtp_2)
                                         i_spi_reg.falling_edge_detector_sof.rstb (net)
                  0.15    0.00    7.45 ^ fanout18/A (sky130_fd_sc_hd__buf_4)
    10    0.05    0.15    0.23    7.69 ^ fanout18/X (sky130_fd_sc_hd__buf_4)
                                         net18 (net)
                  0.15    0.00    7.69 ^ _1632_/A (sky130_fd_sc_hd__clkinv_4)
     9    0.04    0.10    0.13    7.82 v _1632_/Y (sky130_fd_sc_hd__clkinv_4)
                                         _1326_ (net)
                  0.10    0.00    7.82 v _1700_/A (sky130_fd_sc_hd__or2_1)
     1    0.00    0.04    0.24    8.06 v _1700_/X (sky130_fd_sc_hd__or2_1)
                                         _1363_ (net)
                  0.04    0.00    8.06 v _1701_/A (sky130_fd_sc_hd__clkbuf_4)
    10    0.04    0.09    0.20    8.26 v _1701_/X (sky130_fd_sc_hd__clkbuf_4)
                                         _1364_ (net)
                  0.09    0.00    8.26 v _1929_/A (sky130_fd_sc_hd__nor2_1)
     5    0.02    0.29    0.28    8.55 ^ _1929_/Y (sky130_fd_sc_hd__nor2_1)
                                         _1567_ (net)
                  0.29    0.00    8.55 ^ _1941_/A2 (sky130_fd_sc_hd__a22o_1)
     1    0.00    0.04    0.19    8.74 ^ _1941_/X (sky130_fd_sc_hd__a22o_1)
                                         _0062_ (net)
                  0.04    0.00    8.74 ^ _3241_/D (sky130_fd_sc_hd__dfxtp_1)
                                  8.74   data arrival time

                  0.15   14.00   14.00   clock clk (rise edge)
                          0.00   14.00   clock network delay (ideal)
                         -0.25   13.75   clock uncertainty
                          0.00   13.75   clock reconvergence pessimism
                                 13.75 ^ _3241_/CLK (sky130_fd_sc_hd__dfxtp_1)
                         -0.04   13.71   library setup time
                                 13.71   data required time
-----------------------------------------------------------------------------
                                 13.71   data required time
                                 -8.74   data arrival time
-----------------------------------------------------------------------------
                                  4.97   slack (MET)


Startpoint: _3178_ (rising edge-triggered flip-flop clocked by clk')
Endpoint: _3242_ (rising edge-triggered flip-flop clocked by clk)
Path Group: clk
Path Type: max

Fanout     Cap    Slew   Delay    Time   Description
-----------------------------------------------------------------------------
                  0.15    7.00    7.00   clock clk' (rise edge)
                          0.00    7.00   clock network delay (ideal)
                  0.15    0.00    7.00 ^ _3178_/CLK (sky130_fd_sc_hd__dfxtp_2)
     4    0.03    0.15    0.45    7.45 ^ _3178_/Q (sky130_fd_sc_hd__dfxtp_2)
                                         i_spi_reg.falling_edge_detector_sof.rstb (net)
                  0.15    0.00    7.45 ^ fanout18/A (sky130_fd_sc_hd__buf_4)
    10    0.05    0.15    0.23    7.69 ^ fanout18/X (sky130_fd_sc_hd__buf_4)
                                         net18 (net)
                  0.15    0.00    7.69 ^ _1632_/A (sky130_fd_sc_hd__clkinv_4)
     9    0.04    0.10    0.13    7.82 v _1632_/Y (sky130_fd_sc_hd__clkinv_4)
                                         _1326_ (net)
                  0.10    0.00    7.82 v _1700_/A (sky130_fd_sc_hd__or2_1)
     1    0.00    0.04    0.24    8.06 v _1700_/X (sky130_fd_sc_hd__or2_1)
                                         _1363_ (net)
                  0.04    0.00    8.06 v _1701_/A (sky130_fd_sc_hd__clkbuf_4)
    10    0.04    0.09    0.20    8.26 v _1701_/X (sky130_fd_sc_hd__clkbuf_4)
                                         _1364_ (net)
                  0.09    0.00    8.26 v _1929_/A (sky130_fd_sc_hd__nor2_1)
     5    0.02    0.29    0.28    8.55 ^ _1929_/Y (sky130_fd_sc_hd__nor2_1)
                                         _1567_ (net)
                  0.29    0.00    8.55 ^ _1945_/A2 (sky130_fd_sc_hd__a22o_1)
     1    0.00    0.04    0.19    8.74 ^ _1945_/X (sky130_fd_sc_hd__a22o_1)
                                         _0063_ (net)
                  0.04    0.00    8.74 ^ _3242_/D (sky130_fd_sc_hd__dfxtp_1)
                                  8.74   data arrival time

                  0.15   14.00   14.00   clock clk (rise edge)
                          0.00   14.00   clock network delay (ideal)
                         -0.25   13.75   clock uncertainty
                          0.00   13.75   clock reconvergence pessimism
                                 13.75 ^ _3242_/CLK (sky130_fd_sc_hd__dfxtp_1)
                         -0.04   13.71   library setup time
                                 13.71   data required time
-----------------------------------------------------------------------------
                                 13.71   data required time
                                 -8.74   data arrival time
-----------------------------------------------------------------------------
                                  4.97   slack (MET)


Startpoint: _3178_ (rising edge-triggered flip-flop clocked by clk')
Endpoint: _3239_ (rising edge-triggered flip-flop clocked by clk)
Path Group: clk
Path Type: max

Fanout     Cap    Slew   Delay    Time   Description
-----------------------------------------------------------------------------
                  0.15    7.00    7.00   clock clk' (rise edge)
                          0.00    7.00   clock network delay (ideal)
                  0.15    0.00    7.00 ^ _3178_/CLK (sky130_fd_sc_hd__dfxtp_2)
     4    0.03    0.15    0.45    7.45 ^ _3178_/Q (sky130_fd_sc_hd__dfxtp_2)
                                         i_spi_reg.falling_edge_detector_sof.rstb (net)
                  0.15    0.00    7.45 ^ fanout18/A (sky130_fd_sc_hd__buf_4)
    10    0.05    0.15    0.23    7.69 ^ fanout18/X (sky130_fd_sc_hd__buf_4)
                                         net18 (net)
                  0.15    0.00    7.69 ^ _1632_/A (sky130_fd_sc_hd__clkinv_4)
     9    0.04    0.10    0.13    7.82 v _1632_/Y (sky130_fd_sc_hd__clkinv_4)
                                         _1326_ (net)
                  0.10    0.00    7.82 v _1700_/A (sky130_fd_sc_hd__or2_1)
     1    0.00    0.04    0.24    8.06 v _1700_/X (sky130_fd_sc_hd__or2_1)
                                         _1363_ (net)
                  0.04    0.00    8.06 v _1701_/A (sky130_fd_sc_hd__clkbuf_4)
    10    0.04    0.09    0.20    8.26 v _1701_/X (sky130_fd_sc_hd__clkbuf_4)
                                         _1364_ (net)
                  0.09    0.00    8.26 v _1929_/A (sky130_fd_sc_hd__nor2_1)
     5    0.02    0.29    0.28    8.55 ^ _1929_/Y (sky130_fd_sc_hd__nor2_1)
                                         _1567_ (net)
                  0.29    0.00    8.55 ^ _1933_/A2 (sky130_fd_sc_hd__a22o_1)
     1    0.00    0.04    0.19    8.74 ^ _1933_/X (sky130_fd_sc_hd__a22o_1)
                                         _0060_ (net)
                  0.04    0.00    8.74 ^ _3239_/D (sky130_fd_sc_hd__dfxtp_1)
                                  8.74   data arrival time

                  0.15   14.00   14.00   clock clk (rise edge)
                          0.00   14.00   clock network delay (ideal)
                         -0.25   13.75   clock uncertainty
                          0.00   13.75   clock reconvergence pessimism
                                 13.75 ^ _3239_/CLK (sky130_fd_sc_hd__dfxtp_1)
                         -0.04   13.71   library setup time
                                 13.71   data required time
-----------------------------------------------------------------------------
                                 13.71   data required time
                                 -8.74   data arrival time
-----------------------------------------------------------------------------
                                  4.97   slack (MET)


Startpoint: _3178_ (rising edge-triggered flip-flop clocked by clk')
Endpoint: _3238_ (rising edge-triggered flip-flop clocked by clk)
Path Group: clk
Path Type: max

Fanout     Cap    Slew   Delay    Time   Description
-----------------------------------------------------------------------------
                  0.15    7.00    7.00   clock clk' (rise edge)
                          0.00    7.00   clock network delay (ideal)
                  0.15    0.00    7.00 ^ _3178_/CLK (sky130_fd_sc_hd__dfxtp_2)
     4    0.03    0.15    0.45    7.45 ^ _3178_/Q (sky130_fd_sc_hd__dfxtp_2)
                                         i_spi_reg.falling_edge_detector_sof.rstb (net)
                  0.15    0.00    7.45 ^ fanout18/A (sky130_fd_sc_hd__buf_4)
    10    0.05    0.15    0.23    7.69 ^ fanout18/X (sky130_fd_sc_hd__buf_4)
                                         net18 (net)
                  0.15    0.00    7.69 ^ _1632_/A (sky130_fd_sc_hd__clkinv_4)
     9    0.04    0.10    0.13    7.82 v _1632_/Y (sky130_fd_sc_hd__clkinv_4)
                                         _1326_ (net)
                  0.10    0.00    7.82 v _1700_/A (sky130_fd_sc_hd__or2_1)
     1    0.00    0.04    0.24    8.06 v _1700_/X (sky130_fd_sc_hd__or2_1)
                                         _1363_ (net)
                  0.04    0.00    8.06 v _1701_/A (sky130_fd_sc_hd__clkbuf_4)
    10    0.04    0.09    0.20    8.26 v _1701_/X (sky130_fd_sc_hd__clkbuf_4)
                                         _1364_ (net)
                  0.09    0.00    8.26 v _1929_/A (sky130_fd_sc_hd__nor2_1)
     5    0.02    0.29    0.28    8.55 ^ _1929_/Y (sky130_fd_sc_hd__nor2_1)
                                         _1567_ (net)
                  0.29    0.00    8.55 ^ _1930_/B1 (sky130_fd_sc_hd__a32o_1)
     1    0.00    0.05    0.17    8.72 ^ _1930_/X (sky130_fd_sc_hd__a32o_1)
                                         _0059_ (net)
                  0.05    0.00    8.72 ^ _3238_/D (sky130_fd_sc_hd__dfxtp_1)
                                  8.72   data arrival time

                  0.15   14.00   14.00   clock clk (rise edge)
                          0.00   14.00   clock network delay (ideal)
                         -0.25   13.75   clock uncertainty
                          0.00   13.75   clock reconvergence pessimism
                                 13.75 ^ _3238_/CLK (sky130_fd_sc_hd__dfxtp_1)
                         -0.04   13.71   library setup time
                                 13.71   data required time
-----------------------------------------------------------------------------
                                 13.71   data required time
                                 -8.72   data arrival time
-----------------------------------------------------------------------------
                                  4.99   slack (MET)


Startpoint: _3178_ (rising edge-triggered flip-flop clocked by clk')
Endpoint: _3335_ (rising edge-triggered flip-flop clocked by clk)
Path Group: clk
Path Type: max

Fanout     Cap    Slew   Delay    Time   Description
-----------------------------------------------------------------------------
                  0.15    7.00    7.00   clock clk' (rise edge)
                          0.00    7.00   clock network delay (ideal)
                  0.15    0.00    7.00 ^ _3178_/CLK (sky130_fd_sc_hd__dfxtp_2)
     4    0.03    0.15    0.45    7.45 ^ _3178_/Q (sky130_fd_sc_hd__dfxtp_2)
                                         i_spi_reg.falling_edge_detector_sof.rstb (net)
                  0.15    0.00    7.45 ^ fanout18/A (sky130_fd_sc_hd__buf_4)
    10    0.05    0.15    0.23    7.69 ^ fanout18/X (sky130_fd_sc_hd__buf_4)
                                         net18 (net)
                  0.15    0.00    7.69 ^ fanout17/A (sky130_fd_sc_hd__clkbuf_4)
    10    0.04    0.13    0.25    7.94 ^ fanout17/X (sky130_fd_sc_hd__clkbuf_4)
                                         net17 (net)
                  0.13    0.00    7.94 ^ _1642_/A (sky130_fd_sc_hd__buf_2)
    10    0.03    0.14    0.22    8.16 ^ _1642_/X (sky130_fd_sc_hd__buf_2)
                                         _1329_ (net)
                  0.14    0.00    8.16 ^ _1815_/A (sky130_fd_sc_hd__clkbuf_4)
    10    0.04    0.13    0.24    8.40 ^ _1815_/X (sky130_fd_sc_hd__clkbuf_4)
                                         _1468_ (net)
                  0.13    0.00    8.40 ^ _2361_/C1 (sky130_fd_sc_hd__o221a_1)
     1    0.00    0.05    0.19    8.59 ^ _2361_/X (sky130_fd_sc_hd__o221a_1)
                                         _0156_ (net)
                  0.05    0.00    8.59 ^ _3335_/D (sky130_fd_sc_hd__dfxtp_1)
                                  8.59   data arrival time

                  0.15   14.00   14.00   clock clk (rise edge)
                          0.00   14.00   clock network delay (ideal)
                         -0.25   13.75   clock uncertainty
                          0.00   13.75   clock reconvergence pessimism
                                 13.75 ^ _3335_/CLK (sky130_fd_sc_hd__dfxtp_1)
                         -0.04   13.71   library setup time
                                 13.71   data required time
-----------------------------------------------------------------------------
                                 13.71   data required time
                                 -8.59   data arrival time
-----------------------------------------------------------------------------
                                  5.12   slack (MET)


Startpoint: _3178_ (rising edge-triggered flip-flop clocked by clk')
Endpoint: _3223_ (rising edge-triggered flip-flop clocked by clk)
Path Group: clk
Path Type: max

Fanout     Cap    Slew   Delay    Time   Description
-----------------------------------------------------------------------------
                  0.15    7.00    7.00   clock clk' (rise edge)
                          0.00    7.00   clock network delay (ideal)
                  0.15    0.00    7.00 ^ _3178_/CLK (sky130_fd_sc_hd__dfxtp_2)
     4    0.03    0.15    0.45    7.45 ^ _3178_/Q (sky130_fd_sc_hd__dfxtp_2)
                                         i_spi_reg.falling_edge_detector_sof.rstb (net)
                  0.15    0.00    7.45 ^ fanout18/A (sky130_fd_sc_hd__buf_4)
    10    0.05    0.15    0.23    7.69 ^ fanout18/X (sky130_fd_sc_hd__buf_4)
                                         net18 (net)
                  0.15    0.00    7.69 ^ fanout17/A (sky130_fd_sc_hd__clkbuf_4)
    10    0.04    0.13    0.25    7.94 ^ fanout17/X (sky130_fd_sc_hd__clkbuf_4)
                                         net17 (net)
                  0.13    0.00    7.94 ^ _1642_/A (sky130_fd_sc_hd__buf_2)
    10    0.03    0.14    0.22    8.16 ^ _1642_/X (sky130_fd_sc_hd__buf_2)
                                         _1329_ (net)
                  0.14    0.00    8.16 ^ _1815_/A (sky130_fd_sc_hd__clkbuf_4)
    10    0.04    0.13    0.24    8.40 ^ _1815_/X (sky130_fd_sc_hd__clkbuf_4)
                                         _1468_ (net)
                  0.13    0.00    8.40 ^ _1816_/C1 (sky130_fd_sc_hd__o221a_1)
     1    0.00    0.05    0.19    8.59 ^ _1816_/X (sky130_fd_sc_hd__o221a_1)
                                         _0044_ (net)
                  0.05    0.00    8.59 ^ _3223_/D (sky130_fd_sc_hd__dfxtp_1)
                                  8.59   data arrival time

                  0.15   14.00   14.00   clock clk (rise edge)
                          0.00   14.00   clock network delay (ideal)
                         -0.25   13.75   clock uncertainty
                          0.00   13.75   clock reconvergence pessimism
                                 13.75 ^ _3223_/CLK (sky130_fd_sc_hd__dfxtp_1)
                         -0.04   13.71   library setup time
                                 13.71   data required time
-----------------------------------------------------------------------------
                                 13.71   data required time
                                 -8.59   data arrival time
-----------------------------------------------------------------------------
                                  5.12   slack (MET)


Startpoint: _3178_ (rising edge-triggered flip-flop clocked by clk')
Endpoint: _3350_ (rising edge-triggered flip-flop clocked by clk)
Path Group: clk
Path Type: max

Fanout     Cap    Slew   Delay    Time   Description
-----------------------------------------------------------------------------
                  0.15    7.00    7.00   clock clk' (rise edge)
                          0.00    7.00   clock network delay (ideal)
                  0.15    0.00    7.00 ^ _3178_/CLK (sky130_fd_sc_hd__dfxtp_2)
     4    0.03    0.15    0.45    7.45 ^ _3178_/Q (sky130_fd_sc_hd__dfxtp_2)
                                         i_spi_reg.falling_edge_detector_sof.rstb (net)
                  0.15    0.00    7.45 ^ fanout18/A (sky130_fd_sc_hd__buf_4)
    10    0.05    0.15    0.23    7.69 ^ fanout18/X (sky130_fd_sc_hd__buf_4)
                                         net18 (net)
                  0.15    0.00    7.69 ^ fanout17/A (sky130_fd_sc_hd__clkbuf_4)
    10    0.04    0.13    0.25    7.94 ^ fanout17/X (sky130_fd_sc_hd__clkbuf_4)
                                         net17 (net)
                  0.13    0.00    7.94 ^ _1642_/A (sky130_fd_sc_hd__buf_2)
    10    0.03    0.14    0.22    8.16 ^ _1642_/X (sky130_fd_sc_hd__buf_2)
                                         _1329_ (net)
                  0.14    0.00    8.16 ^ _1815_/A (sky130_fd_sc_hd__clkbuf_4)
    10    0.04    0.13    0.24    8.40 ^ _1815_/X (sky130_fd_sc_hd__clkbuf_4)
                                         _1468_ (net)
                  0.13    0.00    8.40 ^ _2570_/C1 (sky130_fd_sc_hd__o221a_1)
     1    0.00    0.05    0.19    8.59 ^ _2570_/X (sky130_fd_sc_hd__o221a_1)
                                         _0171_ (net)
                  0.05    0.00    8.59 ^ _3350_/D (sky130_fd_sc_hd__dfxtp_1)
                                  8.59   data arrival time

                  0.15   14.00   14.00   clock clk (rise edge)
                          0.00   14.00   clock network delay (ideal)
                         -0.25   13.75   clock uncertainty
                          0.00   13.75   clock reconvergence pessimism
                                 13.75 ^ _3350_/CLK (sky130_fd_sc_hd__dfxtp_1)
                         -0.04   13.71   library setup time
                                 13.71   data required time
-----------------------------------------------------------------------------
                                 13.71   data required time
                                 -8.59   data arrival time
-----------------------------------------------------------------------------
                                  5.12   slack (MET)


Startpoint: _3178_ (rising edge-triggered flip-flop clocked by clk')
Endpoint: _3351_ (rising edge-triggered flip-flop clocked by clk)
Path Group: clk
Path Type: max

Fanout     Cap    Slew   Delay    Time   Description
-----------------------------------------------------------------------------
                  0.15    7.00    7.00   clock clk' (rise edge)
                          0.00    7.00   clock network delay (ideal)
                  0.15    0.00    7.00 ^ _3178_/CLK (sky130_fd_sc_hd__dfxtp_2)
     4    0.03    0.15    0.45    7.45 ^ _3178_/Q (sky130_fd_sc_hd__dfxtp_2)
                                         i_spi_reg.falling_edge_detector_sof.rstb (net)
                  0.15    0.00    7.45 ^ fanout18/A (sky130_fd_sc_hd__buf_4)
    10    0.05    0.15    0.23    7.69 ^ fanout18/X (sky130_fd_sc_hd__buf_4)
                                         net18 (net)
                  0.15    0.00    7.69 ^ fanout17/A (sky130_fd_sc_hd__clkbuf_4)
    10    0.04    0.13    0.25    7.94 ^ fanout17/X (sky130_fd_sc_hd__clkbuf_4)
                                         net17 (net)
                  0.13    0.00    7.94 ^ _1642_/A (sky130_fd_sc_hd__buf_2)
    10    0.03    0.14    0.22    8.16 ^ _1642_/X (sky130_fd_sc_hd__buf_2)
                                         _1329_ (net)
                  0.14    0.00    8.16 ^ _1815_/A (sky130_fd_sc_hd__clkbuf_4)
    10    0.04    0.13    0.24    8.40 ^ _1815_/X (sky130_fd_sc_hd__clkbuf_4)
                                         _1468_ (net)
                  0.13    0.00    8.40 ^ _2587_/C1 (sky130_fd_sc_hd__o221a_1)
     1    0.00    0.05    0.18    8.59 ^ _2587_/X (sky130_fd_sc_hd__o221a_1)
                                         _0172_ (net)
                  0.05    0.00    8.59 ^ _3351_/D (sky130_fd_sc_hd__dfxtp_1)
                                  8.59   data arrival time

                  0.15   14.00   14.00   clock clk (rise edge)
                          0.00   14.00   clock network delay (ideal)
                         -0.25   13.75   clock uncertainty
                          0.00   13.75   clock reconvergence pessimism
                                 13.75 ^ _3351_/CLK (sky130_fd_sc_hd__dfxtp_1)
                         -0.04   13.71   library setup time
                                 13.71   data required time
-----------------------------------------------------------------------------
                                 13.71   data required time
                                 -8.59   data arrival time
-----------------------------------------------------------------------------
                                  5.12   slack (MET)


Startpoint: _3178_ (rising edge-triggered flip-flop clocked by clk')
Endpoint: _3225_ (rising edge-triggered flip-flop clocked by clk)
Path Group: clk
Path Type: max

Fanout     Cap    Slew   Delay    Time   Description
-----------------------------------------------------------------------------
                  0.15    7.00    7.00   clock clk' (rise edge)
                          0.00    7.00   clock network delay (ideal)
                  0.15    0.00    7.00 ^ _3178_/CLK (sky130_fd_sc_hd__dfxtp_2)
     4    0.03    0.15    0.45    7.45 ^ _3178_/Q (sky130_fd_sc_hd__dfxtp_2)
                                         i_spi_reg.falling_edge_detector_sof.rstb (net)
                  0.15    0.00    7.45 ^ fanout18/A (sky130_fd_sc_hd__buf_4)
    10    0.05    0.15    0.23    7.69 ^ fanout18/X (sky130_fd_sc_hd__buf_4)
                                         net18 (net)
                  0.15    0.00    7.69 ^ fanout17/A (sky130_fd_sc_hd__clkbuf_4)
    10    0.04    0.13    0.25    7.94 ^ fanout17/X (sky130_fd_sc_hd__clkbuf_4)
                                         net17 (net)
                  0.13    0.00    7.94 ^ _1604_/A (sky130_fd_sc_hd__buf_4)
    10    0.05    0.15    0.23    8.17 ^ _1604_/X (sky130_fd_sc_hd__buf_4)
                                         _1299_ (net)
                  0.15    0.00    8.17 ^ _1828_/A (sky130_fd_sc_hd__clkbuf_4)
    10    0.04    0.14    0.25    8.43 ^ _1828_/X (sky130_fd_sc_hd__clkbuf_4)
                                         _1479_ (net)
                  0.14    0.00    8.43 ^ _1829_/C1 (sky130_fd_sc_hd__o211a_1)
     1    0.00    0.04    0.16    8.59 ^ _1829_/X (sky130_fd_sc_hd__o211a_1)
                                         _0046_ (net)
                  0.04    0.00    8.59 ^ _3225_/D (sky130_fd_sc_hd__dfxtp_1)
                                  8.59   data arrival time

                  0.15   14.00   14.00   clock clk (rise edge)
                          0.00   14.00   clock network delay (ideal)
                         -0.25   13.75   clock uncertainty
                          0.00   13.75   clock reconvergence pessimism
                                 13.75 ^ _3225_/CLK (sky130_fd_sc_hd__dfxtp_1)
                         -0.04   13.71   library setup time
                                 13.71   data required time
-----------------------------------------------------------------------------
                                 13.71   data required time
                                 -8.59   data arrival time
-----------------------------------------------------------------------------
                                  5.12   slack (MET)


Startpoint: _3178_ (rising edge-triggered flip-flop clocked by clk')
Endpoint: _3229_ (rising edge-triggered flip-flop clocked by clk)
Path Group: clk
Path Type: max

Fanout     Cap    Slew   Delay    Time   Description
-----------------------------------------------------------------------------
                  0.15    7.00    7.00   clock clk' (rise edge)
                          0.00    7.00   clock network delay (ideal)
                  0.15    0.00    7.00 ^ _3178_/CLK (sky130_fd_sc_hd__dfxtp_2)
     4    0.03    0.15    0.45    7.45 ^ _3178_/Q (sky130_fd_sc_hd__dfxtp_2)
                                         i_spi_reg.falling_edge_detector_sof.rstb (net)
                  0.15    0.00    7.45 ^ fanout18/A (sky130_fd_sc_hd__buf_4)
    10    0.05    0.15    0.23    7.69 ^ fanout18/X (sky130_fd_sc_hd__buf_4)
                                         net18 (net)
                  0.15    0.00    7.69 ^ fanout17/A (sky130_fd_sc_hd__clkbuf_4)
    10    0.04    0.13    0.25    7.94 ^ fanout17/X (sky130_fd_sc_hd__clkbuf_4)
                                         net17 (net)
                  0.13    0.00    7.94 ^ _1642_/A (sky130_fd_sc_hd__buf_2)
    10    0.03    0.14    0.22    8.16 ^ _1642_/X (sky130_fd_sc_hd__buf_2)
                                         _1329_ (net)
                  0.14    0.00    8.16 ^ _1815_/A (sky130_fd_sc_hd__clkbuf_4)
    10    0.04    0.13    0.24    8.40 ^ _1815_/X (sky130_fd_sc_hd__clkbuf_4)
                                         _1468_ (net)
                  0.13    0.00    8.40 ^ _1864_/C1 (sky130_fd_sc_hd__o221a_1)
     1    0.00    0.05    0.18    8.59 ^ _1864_/X (sky130_fd_sc_hd__o221a_1)
                                         _0050_ (net)
                  0.05    0.00    8.59 ^ _3229_/D (sky130_fd_sc_hd__dfxtp_1)
                                  8.59   data arrival time

                  0.15   14.00   14.00   clock clk (rise edge)
                          0.00   14.00   clock network delay (ideal)
                         -0.25   13.75   clock uncertainty
                          0.00   13.75   clock reconvergence pessimism
                                 13.75 ^ _3229_/CLK (sky130_fd_sc_hd__dfxtp_1)
                         -0.04   13.71   library setup time
                                 13.71   data required time
-----------------------------------------------------------------------------
                                 13.71   data required time
                                 -8.59   data arrival time
-----------------------------------------------------------------------------
                                  5.12   slack (MET)


Startpoint: _3178_ (rising edge-triggered flip-flop clocked by clk')
Endpoint: _3374_ (rising edge-triggered flip-flop clocked by clk)
Path Group: clk
Path Type: max

Fanout     Cap    Slew   Delay    Time   Description
-----------------------------------------------------------------------------
                  0.15    7.00    7.00   clock clk' (rise edge)
                          0.00    7.00   clock network delay (ideal)
                  0.15    0.00    7.00 ^ _3178_/CLK (sky130_fd_sc_hd__dfxtp_2)
     4    0.03    0.15    0.45    7.45 ^ _3178_/Q (sky130_fd_sc_hd__dfxtp_2)
                                         i_spi_reg.falling_edge_detector_sof.rstb (net)
                  0.15    0.00    7.45 ^ fanout18/A (sky130_fd_sc_hd__buf_4)
    10    0.05    0.15    0.23    7.69 ^ fanout18/X (sky130_fd_sc_hd__buf_4)
                                         net18 (net)
                  0.15    0.00    7.69 ^ fanout17/A (sky130_fd_sc_hd__clkbuf_4)
    10    0.04    0.13    0.25    7.94 ^ fanout17/X (sky130_fd_sc_hd__clkbuf_4)
                                         net17 (net)
                  0.13    0.00    7.94 ^ _1604_/A (sky130_fd_sc_hd__buf_4)
    10    0.05    0.15    0.23    8.17 ^ _1604_/X (sky130_fd_sc_hd__buf_4)
                                         _1299_ (net)
                  0.15    0.00    8.17 ^ _2793_/A (sky130_fd_sc_hd__buf_2)
    10    0.03    0.17    0.25    8.42 ^ _2793_/X (sky130_fd_sc_hd__buf_2)
                                         _1020_ (net)
                  0.17    0.00    8.42 ^ _2802_/C1 (sky130_fd_sc_hd__o211a_1)
     1    0.00    0.04    0.17    8.59 ^ _2802_/X (sky130_fd_sc_hd__o211a_1)
                                         _0195_ (net)
                  0.04    0.00    8.59 ^ _3374_/D (sky130_fd_sc_hd__dfxtp_1)
                                  8.59   data arrival time

                  0.15   14.00   14.00   clock clk (rise edge)
                          0.00   14.00   clock network delay (ideal)
                         -0.25   13.75   clock uncertainty
                          0.00   13.75   clock reconvergence pessimism
                                 13.75 ^ _3374_/CLK (sky130_fd_sc_hd__dfxtp_1)
                         -0.04   13.71   library setup time
                                 13.71   data required time
-----------------------------------------------------------------------------
                                 13.71   data required time
                                 -8.59   data arrival time
-----------------------------------------------------------------------------
                                  5.12   slack (MET)


Startpoint: _3178_ (rising edge-triggered flip-flop clocked by clk')
Endpoint: _3246_ (rising edge-triggered flip-flop clocked by clk)
Path Group: clk
Path Type: max

Fanout     Cap    Slew   Delay    Time   Description
-----------------------------------------------------------------------------
                  0.15    7.00    7.00   clock clk' (rise edge)
                          0.00    7.00   clock network delay (ideal)
                  0.15    0.00    7.00 ^ _3178_/CLK (sky130_fd_sc_hd__dfxtp_2)
     4    0.03    0.15    0.45    7.45 ^ _3178_/Q (sky130_fd_sc_hd__dfxtp_2)
                                         i_spi_reg.falling_edge_detector_sof.rstb (net)
                  0.15    0.00    7.45 ^ fanout18/A (sky130_fd_sc_hd__buf_4)
    10    0.05    0.15    0.23    7.69 ^ fanout18/X (sky130_fd_sc_hd__buf_4)
                                         net18 (net)
                  0.15    0.00    7.69 ^ fanout17/A (sky130_fd_sc_hd__clkbuf_4)
    10    0.04    0.13    0.25    7.94 ^ fanout17/X (sky130_fd_sc_hd__clkbuf_4)
                                         net17 (net)
                  0.13    0.00    7.94 ^ _1604_/A (sky130_fd_sc_hd__buf_4)
    10    0.05    0.15    0.23    8.17 ^ _1604_/X (sky130_fd_sc_hd__buf_4)
                                         _1299_ (net)
                  0.15    0.00    8.17 ^ _1828_/A (sky130_fd_sc_hd__clkbuf_4)
    10    0.04    0.14    0.25    8.43 ^ _1828_/X (sky130_fd_sc_hd__clkbuf_4)
                                         _1479_ (net)
                  0.14    0.00    8.43 ^ _1960_/C1 (sky130_fd_sc_hd__o211a_1)
     1    0.00    0.04    0.16    8.59 ^ _1960_/X (sky130_fd_sc_hd__o211a_1)
                                         _0067_ (net)
                  0.04    0.00    8.59 ^ _3246_/D (sky130_fd_sc_hd__dfxtp_1)
                                  8.59   data arrival time

                  0.15   14.00   14.00   clock clk (rise edge)
                          0.00   14.00   clock network delay (ideal)
                         -0.25   13.75   clock uncertainty
                          0.00   13.75   clock reconvergence pessimism
                                 13.75 ^ _3246_/CLK (sky130_fd_sc_hd__dfxtp_1)
                         -0.04   13.71   library setup time
                                 13.71   data required time
-----------------------------------------------------------------------------
                                 13.71   data required time
                                 -8.59   data arrival time
-----------------------------------------------------------------------------
                                  5.12   slack (MET)


Startpoint: _3178_ (rising edge-triggered flip-flop clocked by clk')
Endpoint: _3231_ (rising edge-triggered flip-flop clocked by clk)
Path Group: clk
Path Type: max

Fanout     Cap    Slew   Delay    Time   Description
-----------------------------------------------------------------------------
                  0.15    7.00    7.00   clock clk' (rise edge)
                          0.00    7.00   clock network delay (ideal)
                  0.15    0.00    7.00 ^ _3178_/CLK (sky130_fd_sc_hd__dfxtp_2)
     4    0.03    0.15    0.45    7.45 ^ _3178_/Q (sky130_fd_sc_hd__dfxtp_2)
                                         i_spi_reg.falling_edge_detector_sof.rstb (net)
                  0.15    0.00    7.45 ^ fanout18/A (sky130_fd_sc_hd__buf_4)
    10    0.05    0.15    0.23    7.69 ^ fanout18/X (sky130_fd_sc_hd__buf_4)
                                         net18 (net)
                  0.15    0.00    7.69 ^ fanout17/A (sky130_fd_sc_hd__clkbuf_4)
    10    0.04    0.13    0.25    7.94 ^ fanout17/X (sky130_fd_sc_hd__clkbuf_4)
                                         net17 (net)
                  0.13    0.00    7.94 ^ _1642_/A (sky130_fd_sc_hd__buf_2)
    10    0.03    0.14    0.22    8.16 ^ _1642_/X (sky130_fd_sc_hd__buf_2)
                                         _1329_ (net)
                  0.14    0.00    8.16 ^ _1815_/A (sky130_fd_sc_hd__clkbuf_4)
    10    0.04    0.13    0.24    8.40 ^ _1815_/X (sky130_fd_sc_hd__clkbuf_4)
                                         _1468_ (net)
                  0.13    0.00    8.40 ^ _1880_/C1 (sky130_fd_sc_hd__o221a_1)
     1    0.00    0.05    0.18    8.59 ^ _1880_/X (sky130_fd_sc_hd__o221a_1)
                                         _0052_ (net)
                  0.05    0.00    8.59 ^ _3231_/D (sky130_fd_sc_hd__dfxtp_1)
                                  8.59   data arrival time

                  0.15   14.00   14.00   clock clk (rise edge)
                          0.00   14.00   clock network delay (ideal)
                         -0.25   13.75   clock uncertainty
                          0.00   13.75   clock reconvergence pessimism
                                 13.75 ^ _3231_/CLK (sky130_fd_sc_hd__dfxtp_1)
                         -0.04   13.71   library setup time
                                 13.71   data required time
-----------------------------------------------------------------------------
                                 13.71   data required time
                                 -8.59   data arrival time
-----------------------------------------------------------------------------
                                  5.12   slack (MET)


Startpoint: _3178_ (rising edge-triggered flip-flop clocked by clk')
Endpoint: _3234_ (rising edge-triggered flip-flop clocked by clk)
Path Group: clk
Path Type: max

Fanout     Cap    Slew   Delay    Time   Description
-----------------------------------------------------------------------------
                  0.15    7.00    7.00   clock clk' (rise edge)
                          0.00    7.00   clock network delay (ideal)
                  0.15    0.00    7.00 ^ _3178_/CLK (sky130_fd_sc_hd__dfxtp_2)
     4    0.03    0.15    0.45    7.45 ^ _3178_/Q (sky130_fd_sc_hd__dfxtp_2)
                                         i_spi_reg.falling_edge_detector_sof.rstb (net)
                  0.15    0.00    7.45 ^ fanout18/A (sky130_fd_sc_hd__buf_4)
    10    0.05    0.15    0.23    7.69 ^ fanout18/X (sky130_fd_sc_hd__buf_4)
                                         net18 (net)
                  0.15    0.00    7.69 ^ fanout17/A (sky130_fd_sc_hd__clkbuf_4)
    10    0.04    0.13    0.25    7.94 ^ fanout17/X (sky130_fd_sc_hd__clkbuf_4)
                                         net17 (net)
                  0.13    0.00    7.94 ^ _1604_/A (sky130_fd_sc_hd__buf_4)
    10    0.05    0.15    0.23    8.17 ^ _1604_/X (sky130_fd_sc_hd__buf_4)
                                         _1299_ (net)
                  0.15    0.00    8.17 ^ _1828_/A (sky130_fd_sc_hd__clkbuf_4)
    10    0.04    0.14    0.25    8.43 ^ _1828_/X (sky130_fd_sc_hd__clkbuf_4)
                                         _1479_ (net)
                  0.14    0.00    8.43 ^ _1904_/C1 (sky130_fd_sc_hd__o211a_1)
     1    0.00    0.04    0.16    8.59 ^ _1904_/X (sky130_fd_sc_hd__o211a_1)
                                         _0055_ (net)
                  0.04    0.00    8.59 ^ _3234_/D (sky130_fd_sc_hd__dfxtp_1)
                                  8.59   data arrival time

                  0.15   14.00   14.00   clock clk (rise edge)
                          0.00   14.00   clock network delay (ideal)
                         -0.25   13.75   clock uncertainty
                          0.00   13.75   clock reconvergence pessimism
                                 13.75 ^ _3234_/CLK (sky130_fd_sc_hd__dfxtp_1)
                         -0.04   13.71   library setup time
                                 13.71   data required time
-----------------------------------------------------------------------------
                                 13.71   data required time
                                 -8.59   data arrival time
-----------------------------------------------------------------------------
                                  5.13   slack (MET)


Startpoint: _3178_ (rising edge-triggered flip-flop clocked by clk')
Endpoint: _3371_ (rising edge-triggered flip-flop clocked by clk)
Path Group: clk
Path Type: max

Fanout     Cap    Slew   Delay    Time   Description
-----------------------------------------------------------------------------
                  0.15    7.00    7.00   clock clk' (rise edge)
                          0.00    7.00   clock network delay (ideal)
                  0.15    0.00    7.00 ^ _3178_/CLK (sky130_fd_sc_hd__dfxtp_2)
     4    0.03    0.15    0.45    7.45 ^ _3178_/Q (sky130_fd_sc_hd__dfxtp_2)
                                         i_spi_reg.falling_edge_detector_sof.rstb (net)
                  0.15    0.00    7.45 ^ fanout18/A (sky130_fd_sc_hd__buf_4)
    10    0.05    0.15    0.23    7.69 ^ fanout18/X (sky130_fd_sc_hd__buf_4)
                                         net18 (net)
                  0.15    0.00    7.69 ^ fanout17/A (sky130_fd_sc_hd__clkbuf_4)
    10    0.04    0.13    0.25    7.94 ^ fanout17/X (sky130_fd_sc_hd__clkbuf_4)
                                         net17 (net)
                  0.13    0.00    7.94 ^ _1604_/A (sky130_fd_sc_hd__buf_4)
    10    0.05    0.15    0.23    8.17 ^ _1604_/X (sky130_fd_sc_hd__buf_4)
                                         _1299_ (net)
                  0.15    0.00    8.17 ^ _2793_/A (sky130_fd_sc_hd__buf_2)
    10    0.03    0.17    0.25    8.42 ^ _2793_/X (sky130_fd_sc_hd__buf_2)
                                         _1020_ (net)
                  0.17    0.00    8.42 ^ _2794_/C1 (sky130_fd_sc_hd__o211a_1)
     1    0.00    0.04    0.17    8.59 ^ _2794_/X (sky130_fd_sc_hd__o211a_1)
                                         _0192_ (net)
                  0.04    0.00    8.59 ^ _3371_/D (sky130_fd_sc_hd__dfxtp_1)
                                  8.59   data arrival time

                  0.15   14.00   14.00   clock clk (rise edge)
                          0.00   14.00   clock network delay (ideal)
                         -0.25   13.75   clock uncertainty
                          0.00   13.75   clock reconvergence pessimism
                                 13.75 ^ _3371_/CLK (sky130_fd_sc_hd__dfxtp_1)
                         -0.04   13.71   library setup time
                                 13.71   data required time
-----------------------------------------------------------------------------
                                 13.71   data required time
                                 -8.59   data arrival time
-----------------------------------------------------------------------------
                                  5.13   slack (MET)


Startpoint: _3178_ (rising edge-triggered flip-flop clocked by clk')
Endpoint: _3248_ (rising edge-triggered flip-flop clocked by clk)
Path Group: clk
Path Type: max

Fanout     Cap    Slew   Delay    Time   Description
-----------------------------------------------------------------------------
                  0.15    7.00    7.00   clock clk' (rise edge)
                          0.00    7.00   clock network delay (ideal)
                  0.15    0.00    7.00 ^ _3178_/CLK (sky130_fd_sc_hd__dfxtp_2)
     4    0.03    0.15    0.45    7.45 ^ _3178_/Q (sky130_fd_sc_hd__dfxtp_2)
                                         i_spi_reg.falling_edge_detector_sof.rstb (net)
                  0.15    0.00    7.45 ^ fanout18/A (sky130_fd_sc_hd__buf_4)
    10    0.05    0.15    0.23    7.69 ^ fanout18/X (sky130_fd_sc_hd__buf_4)
                                         net18 (net)
                  0.15    0.00    7.69 ^ fanout17/A (sky130_fd_sc_hd__clkbuf_4)
    10    0.04    0.13    0.25    7.94 ^ fanout17/X (sky130_fd_sc_hd__clkbuf_4)
                                         net17 (net)
                  0.13    0.00    7.94 ^ _1604_/A (sky130_fd_sc_hd__buf_4)
    10    0.05    0.15    0.23    8.17 ^ _1604_/X (sky130_fd_sc_hd__buf_4)
                                         _1299_ (net)
                  0.15    0.00    8.17 ^ _1828_/A (sky130_fd_sc_hd__clkbuf_4)
    10    0.04    0.14    0.25    8.43 ^ _1828_/X (sky130_fd_sc_hd__clkbuf_4)
                                         _1479_ (net)
                  0.14    0.00    8.43 ^ _1967_/C1 (sky130_fd_sc_hd__o211a_1)
     1    0.00    0.04    0.16    8.59 ^ _1967_/X (sky130_fd_sc_hd__o211a_1)
                                         _0069_ (net)
                  0.04    0.00    8.59 ^ _3248_/D (sky130_fd_sc_hd__dfxtp_1)
                                  8.59   data arrival time

                  0.15   14.00   14.00   clock clk (rise edge)
                          0.00   14.00   clock network delay (ideal)
                         -0.25   13.75   clock uncertainty
                          0.00   13.75   clock reconvergence pessimism
                                 13.75 ^ _3248_/CLK (sky130_fd_sc_hd__dfxtp_1)
                         -0.04   13.71   library setup time
                                 13.71   data required time
-----------------------------------------------------------------------------
                                 13.71   data required time
                                 -8.59   data arrival time
-----------------------------------------------------------------------------
                                  5.13   slack (MET)


Startpoint: _3178_ (rising edge-triggered flip-flop clocked by clk')
Endpoint: _3372_ (rising edge-triggered flip-flop clocked by clk)
Path Group: clk
Path Type: max

Fanout     Cap    Slew   Delay    Time   Description
-----------------------------------------------------------------------------
                  0.15    7.00    7.00   clock clk' (rise edge)
                          0.00    7.00   clock network delay (ideal)
                  0.15    0.00    7.00 ^ _3178_/CLK (sky130_fd_sc_hd__dfxtp_2)
     4    0.03    0.15    0.45    7.45 ^ _3178_/Q (sky130_fd_sc_hd__dfxtp_2)
                                         i_spi_reg.falling_edge_detector_sof.rstb (net)
                  0.15    0.00    7.45 ^ fanout18/A (sky130_fd_sc_hd__buf_4)
    10    0.05    0.15    0.23    7.69 ^ fanout18/X (sky130_fd_sc_hd__buf_4)
                                         net18 (net)
                  0.15    0.00    7.69 ^ fanout17/A (sky130_fd_sc_hd__clkbuf_4)
    10    0.04    0.13    0.25    7.94 ^ fanout17/X (sky130_fd_sc_hd__clkbuf_4)
                                         net17 (net)
                  0.13    0.00    7.94 ^ _1604_/A (sky130_fd_sc_hd__buf_4)
    10    0.05    0.15    0.23    8.17 ^ _1604_/X (sky130_fd_sc_hd__buf_4)
                                         _1299_ (net)
                  0.15    0.00    8.17 ^ _2793_/A (sky130_fd_sc_hd__buf_2)
    10    0.03    0.17    0.25    8.42 ^ _2793_/X (sky130_fd_sc_hd__buf_2)
                                         _1020_ (net)
                  0.17    0.00    8.42 ^ _2798_/C1 (sky130_fd_sc_hd__o211a_1)
     1    0.00    0.04    0.17    8.59 ^ _2798_/X (sky130_fd_sc_hd__o211a_1)
                                         _0193_ (net)
                  0.04    0.00    8.59 ^ _3372_/D (sky130_fd_sc_hd__dfxtp_1)
                                  8.59   data arrival time

                  0.15   14.00   14.00   clock clk (rise edge)
                          0.00   14.00   clock network delay (ideal)
                         -0.25   13.75   clock uncertainty
                          0.00   13.75   clock reconvergence pessimism
                                 13.75 ^ _3372_/CLK (sky130_fd_sc_hd__dfxtp_1)
                         -0.04   13.71   library setup time
                                 13.71   data required time
-----------------------------------------------------------------------------
                                 13.71   data required time
                                 -8.59   data arrival time
-----------------------------------------------------------------------------
                                  5.13   slack (MET)


Startpoint: _3178_ (rising edge-triggered flip-flop clocked by clk')
Endpoint: _3377_ (rising edge-triggered flip-flop clocked by clk)
Path Group: clk
Path Type: max

Fanout     Cap    Slew   Delay    Time   Description
-----------------------------------------------------------------------------
                  0.15    7.00    7.00   clock clk' (rise edge)
                          0.00    7.00   clock network delay (ideal)
                  0.15    0.00    7.00 ^ _3178_/CLK (sky130_fd_sc_hd__dfxtp_2)
     4    0.03    0.15    0.45    7.45 ^ _3178_/Q (sky130_fd_sc_hd__dfxtp_2)
                                         i_spi_reg.falling_edge_detector_sof.rstb (net)
                  0.15    0.00    7.45 ^ fanout18/A (sky130_fd_sc_hd__buf_4)
    10    0.05    0.15    0.23    7.69 ^ fanout18/X (sky130_fd_sc_hd__buf_4)
                                         net18 (net)
                  0.15    0.00    7.69 ^ fanout17/A (sky130_fd_sc_hd__clkbuf_4)
    10    0.04    0.13    0.25    7.94 ^ fanout17/X (sky130_fd_sc_hd__clkbuf_4)
                                         net17 (net)
                  0.13    0.00    7.94 ^ _1604_/A (sky130_fd_sc_hd__buf_4)
    10    0.05    0.15    0.23    8.17 ^ _1604_/X (sky130_fd_sc_hd__buf_4)
                                         _1299_ (net)
                  0.15    0.00    8.17 ^ _2793_/A (sky130_fd_sc_hd__buf_2)
    10    0.03    0.17    0.25    8.42 ^ _2793_/X (sky130_fd_sc_hd__buf_2)
                                         _1020_ (net)
                  0.17    0.00    8.42 ^ _2808_/C1 (sky130_fd_sc_hd__o211a_1)
     1    0.00    0.04    0.17    8.59 ^ _2808_/X (sky130_fd_sc_hd__o211a_1)
                                         _0198_ (net)
                  0.04    0.00    8.59 ^ _3377_/D (sky130_fd_sc_hd__dfxtp_1)
                                  8.59   data arrival time

                  0.15   14.00   14.00   clock clk (rise edge)
                          0.00   14.00   clock network delay (ideal)
                         -0.25   13.75   clock uncertainty
                          0.00   13.75   clock reconvergence pessimism
                                 13.75 ^ _3377_/CLK (sky130_fd_sc_hd__dfxtp_1)
                         -0.04   13.71   library setup time
                                 13.71   data required time
-----------------------------------------------------------------------------
                                 13.71   data required time
                                 -8.59   data arrival time
-----------------------------------------------------------------------------
                                  5.13   slack (MET)


Startpoint: _3178_ (rising edge-triggered flip-flop clocked by clk')
Endpoint: _3379_ (rising edge-triggered flip-flop clocked by clk)
Path Group: clk
Path Type: max

Fanout     Cap    Slew   Delay    Time   Description
-----------------------------------------------------------------------------
                  0.15    7.00    7.00   clock clk' (rise edge)
                          0.00    7.00   clock network delay (ideal)
                  0.15    0.00    7.00 ^ _3178_/CLK (sky130_fd_sc_hd__dfxtp_2)
     4    0.03    0.15    0.45    7.45 ^ _3178_/Q (sky130_fd_sc_hd__dfxtp_2)
                                         i_spi_reg.falling_edge_detector_sof.rstb (net)
                  0.15    0.00    7.45 ^ fanout18/A (sky130_fd_sc_hd__buf_4)
    10    0.05    0.15    0.23    7.69 ^ fanout18/X (sky130_fd_sc_hd__buf_4)
                                         net18 (net)
                  0.15    0.00    7.69 ^ fanout17/A (sky130_fd_sc_hd__clkbuf_4)
    10    0.04    0.13    0.25    7.94 ^ fanout17/X (sky130_fd_sc_hd__clkbuf_4)
                                         net17 (net)
                  0.13    0.00    7.94 ^ _1604_/A (sky130_fd_sc_hd__buf_4)
    10    0.05    0.15    0.23    8.17 ^ _1604_/X (sky130_fd_sc_hd__buf_4)
                                         _1299_ (net)
                  0.15    0.00    8.17 ^ _2793_/A (sky130_fd_sc_hd__buf_2)
    10    0.03    0.17    0.25    8.42 ^ _2793_/X (sky130_fd_sc_hd__buf_2)
                                         _1020_ (net)
                  0.17    0.00    8.42 ^ _2812_/C1 (sky130_fd_sc_hd__o211a_1)
     1    0.00    0.04    0.17    8.59 ^ _2812_/X (sky130_fd_sc_hd__o211a_1)
                                         _0200_ (net)
                  0.04    0.00    8.59 ^ _3379_/D (sky130_fd_sc_hd__dfxtp_1)
                                  8.59   data arrival time

                  0.15   14.00   14.00   clock clk (rise edge)
                          0.00   14.00   clock network delay (ideal)
                         -0.25   13.75   clock uncertainty
                          0.00   13.75   clock reconvergence pessimism
                                 13.75 ^ _3379_/CLK (sky130_fd_sc_hd__dfxtp_1)
                         -0.04   13.71   library setup time
                                 13.71   data required time
-----------------------------------------------------------------------------
                                 13.71   data required time
                                 -8.59   data arrival time
-----------------------------------------------------------------------------
                                  5.13   slack (MET)


Startpoint: _3178_ (rising edge-triggered flip-flop clocked by clk')
Endpoint: _3237_ (rising edge-triggered flip-flop clocked by clk)
Path Group: clk
Path Type: max

Fanout     Cap    Slew   Delay    Time   Description
-----------------------------------------------------------------------------
                  0.15    7.00    7.00   clock clk' (rise edge)
                          0.00    7.00   clock network delay (ideal)
                  0.15    0.00    7.00 ^ _3178_/CLK (sky130_fd_sc_hd__dfxtp_2)
     4    0.03    0.15    0.45    7.45 ^ _3178_/Q (sky130_fd_sc_hd__dfxtp_2)
                                         i_spi_reg.falling_edge_detector_sof.rstb (net)
                  0.15    0.00    7.45 ^ fanout18/A (sky130_fd_sc_hd__buf_4)
    10    0.05    0.15    0.23    7.69 ^ fanout18/X (sky130_fd_sc_hd__buf_4)
                                         net18 (net)
                  0.15    0.00    7.69 ^ fanout17/A (sky130_fd_sc_hd__clkbuf_4)
    10    0.04    0.13    0.25    7.94 ^ fanout17/X (sky130_fd_sc_hd__clkbuf_4)
                                         net17 (net)
                  0.13    0.00    7.94 ^ _1604_/A (sky130_fd_sc_hd__buf_4)
    10    0.05    0.15    0.23    8.17 ^ _1604_/X (sky130_fd_sc_hd__buf_4)
                                         _1299_ (net)
                  0.15    0.00    8.17 ^ _1828_/A (sky130_fd_sc_hd__clkbuf_4)
    10    0.04    0.14    0.25    8.43 ^ _1828_/X (sky130_fd_sc_hd__clkbuf_4)
                                         _1479_ (net)
                  0.14    0.00    8.43 ^ _1924_/C1 (sky130_fd_sc_hd__o211a_1)
     1    0.00    0.04    0.16    8.59 ^ _1924_/X (sky130_fd_sc_hd__o211a_1)
                                         _0058_ (net)
                  0.04    0.00    8.59 ^ _3237_/D (sky130_fd_sc_hd__dfxtp_1)
                                  8.59   data arrival time

                  0.15   14.00   14.00   clock clk (rise edge)
                          0.00   14.00   clock network delay (ideal)
                         -0.25   13.75   clock uncertainty
                          0.00   13.75   clock reconvergence pessimism
                                 13.75 ^ _3237_/CLK (sky130_fd_sc_hd__dfxtp_1)
                         -0.04   13.71   library setup time
                                 13.71   data required time
-----------------------------------------------------------------------------
                                 13.71   data required time
                                 -8.59   data arrival time
-----------------------------------------------------------------------------
                                  5.13   slack (MET)


Startpoint: _3178_ (rising edge-triggered flip-flop clocked by clk')
Endpoint: _3376_ (rising edge-triggered flip-flop clocked by clk)
Path Group: clk
Path Type: max

Fanout     Cap    Slew   Delay    Time   Description
-----------------------------------------------------------------------------
                  0.15    7.00    7.00   clock clk' (rise edge)
                          0.00    7.00   clock network delay (ideal)
                  0.15    0.00    7.00 ^ _3178_/CLK (sky130_fd_sc_hd__dfxtp_2)
     4    0.03    0.15    0.45    7.45 ^ _3178_/Q (sky130_fd_sc_hd__dfxtp_2)
                                         i_spi_reg.falling_edge_detector_sof.rstb (net)
                  0.15    0.00    7.45 ^ fanout18/A (sky130_fd_sc_hd__buf_4)
    10    0.05    0.15    0.23    7.69 ^ fanout18/X (sky130_fd_sc_hd__buf_4)
                                         net18 (net)
                  0.15    0.00    7.69 ^ fanout17/A (sky130_fd_sc_hd__clkbuf_4)
    10    0.04    0.13    0.25    7.94 ^ fanout17/X (sky130_fd_sc_hd__clkbuf_4)
                                         net17 (net)
                  0.13    0.00    7.94 ^ _1604_/A (sky130_fd_sc_hd__buf_4)
    10    0.05    0.15    0.23    8.17 ^ _1604_/X (sky130_fd_sc_hd__buf_4)
                                         _1299_ (net)
                  0.15    0.00    8.17 ^ _2793_/A (sky130_fd_sc_hd__buf_2)
    10    0.03    0.17    0.25    8.42 ^ _2793_/X (sky130_fd_sc_hd__buf_2)
                                         _1020_ (net)
                  0.17    0.00    8.42 ^ _2806_/C1 (sky130_fd_sc_hd__o211a_1)
     1    0.00    0.04    0.17    8.59 ^ _2806_/X (sky130_fd_sc_hd__o211a_1)
                                         _0197_ (net)
                  0.04    0.00    8.59 ^ _3376_/D (sky130_fd_sc_hd__dfxtp_1)
                                  8.59   data arrival time

                  0.15   14.00   14.00   clock clk (rise edge)
                          0.00   14.00   clock network delay (ideal)
                         -0.25   13.75   clock uncertainty
                          0.00   13.75   clock reconvergence pessimism
                                 13.75 ^ _3376_/CLK (sky130_fd_sc_hd__dfxtp_1)
                         -0.04   13.71   library setup time
                                 13.71   data required time
-----------------------------------------------------------------------------
                                 13.71   data required time
                                 -8.59   data arrival time
-----------------------------------------------------------------------------
                                  5.13   slack (MET)


Startpoint: _3178_ (rising edge-triggered flip-flop clocked by clk')
Endpoint: _3228_ (rising edge-triggered flip-flop clocked by clk)
Path Group: clk
Path Type: max

Fanout     Cap    Slew   Delay    Time   Description
-----------------------------------------------------------------------------
                  0.15    7.00    7.00   clock clk' (rise edge)
                          0.00    7.00   clock network delay (ideal)
                  0.15    0.00    7.00 ^ _3178_/CLK (sky130_fd_sc_hd__dfxtp_2)
     4    0.03    0.15    0.45    7.45 ^ _3178_/Q (sky130_fd_sc_hd__dfxtp_2)
                                         i_spi_reg.falling_edge_detector_sof.rstb (net)
                  0.15    0.00    7.45 ^ fanout18/A (sky130_fd_sc_hd__buf_4)
    10    0.05    0.15    0.23    7.69 ^ fanout18/X (sky130_fd_sc_hd__buf_4)
                                         net18 (net)
                  0.15    0.00    7.69 ^ fanout17/A (sky130_fd_sc_hd__clkbuf_4)
    10    0.04    0.13    0.25    7.94 ^ fanout17/X (sky130_fd_sc_hd__clkbuf_4)
                                         net17 (net)
                  0.13    0.00    7.94 ^ _1604_/A (sky130_fd_sc_hd__buf_4)
    10    0.05    0.15    0.23    8.17 ^ _1604_/X (sky130_fd_sc_hd__buf_4)
                                         _1299_ (net)
                  0.15    0.00    8.17 ^ _1828_/A (sky130_fd_sc_hd__clkbuf_4)
    10    0.04    0.14    0.25    8.43 ^ _1828_/X (sky130_fd_sc_hd__clkbuf_4)
                                         _1479_ (net)
                  0.14    0.00    8.43 ^ _1859_/C1 (sky130_fd_sc_hd__o211a_1)
     1    0.00    0.04    0.16    8.59 ^ _1859_/X (sky130_fd_sc_hd__o211a_1)
                                         _0049_ (net)
                  0.04    0.00    8.59 ^ _3228_/D (sky130_fd_sc_hd__dfxtp_1)
                                  8.59   data arrival time

                  0.15   14.00   14.00   clock clk (rise edge)
                          0.00   14.00   clock network delay (ideal)
                         -0.25   13.75   clock uncertainty
                          0.00   13.75   clock reconvergence pessimism
                                 13.75 ^ _3228_/CLK (sky130_fd_sc_hd__dfxtp_1)
                         -0.04   13.71   library setup time
                                 13.71   data required time
-----------------------------------------------------------------------------
                                 13.71   data required time
                                 -8.59   data arrival time
-----------------------------------------------------------------------------
                                  5.13   slack (MET)


Startpoint: _3178_ (rising edge-triggered flip-flop clocked by clk')
Endpoint: _3378_ (rising edge-triggered flip-flop clocked by clk)
Path Group: clk
Path Type: max

Fanout     Cap    Slew   Delay    Time   Description
-----------------------------------------------------------------------------
                  0.15    7.00    7.00   clock clk' (rise edge)
                          0.00    7.00   clock network delay (ideal)
                  0.15    0.00    7.00 ^ _3178_/CLK (sky130_fd_sc_hd__dfxtp_2)
     4    0.03    0.15    0.45    7.45 ^ _3178_/Q (sky130_fd_sc_hd__dfxtp_2)
                                         i_spi_reg.falling_edge_detector_sof.rstb (net)
                  0.15    0.00    7.45 ^ fanout18/A (sky130_fd_sc_hd__buf_4)
    10    0.05    0.15    0.23    7.69 ^ fanout18/X (sky130_fd_sc_hd__buf_4)
                                         net18 (net)
                  0.15    0.00    7.69 ^ fanout17/A (sky130_fd_sc_hd__clkbuf_4)
    10    0.04    0.13    0.25    7.94 ^ fanout17/X (sky130_fd_sc_hd__clkbuf_4)
                                         net17 (net)
                  0.13    0.00    7.94 ^ _1604_/A (sky130_fd_sc_hd__buf_4)
    10    0.05    0.15    0.23    8.17 ^ _1604_/X (sky130_fd_sc_hd__buf_4)
                                         _1299_ (net)
                  0.15    0.00    8.17 ^ _2793_/A (sky130_fd_sc_hd__buf_2)
    10    0.03    0.17    0.25    8.42 ^ _2793_/X (sky130_fd_sc_hd__buf_2)
                                         _1020_ (net)
                  0.17    0.00    8.42 ^ _2810_/C1 (sky130_fd_sc_hd__o211a_1)
     1    0.00    0.04    0.17    8.59 ^ _2810_/X (sky130_fd_sc_hd__o211a_1)
                                         _0199_ (net)
                  0.04    0.00    8.59 ^ _3378_/D (sky130_fd_sc_hd__dfxtp_1)
                                  8.59   data arrival time

                  0.15   14.00   14.00   clock clk (rise edge)
                          0.00   14.00   clock network delay (ideal)
                         -0.25   13.75   clock uncertainty
                          0.00   13.75   clock reconvergence pessimism
                                 13.75 ^ _3378_/CLK (sky130_fd_sc_hd__dfxtp_1)
                         -0.04   13.71   library setup time
                                 13.71   data required time
-----------------------------------------------------------------------------
                                 13.71   data required time
                                 -8.59   data arrival time
-----------------------------------------------------------------------------
                                  5.13   slack (MET)


Startpoint: _3178_ (rising edge-triggered flip-flop clocked by clk')
Endpoint: _3380_ (rising edge-triggered flip-flop clocked by clk)
Path Group: clk
Path Type: max

Fanout     Cap    Slew   Delay    Time   Description
-----------------------------------------------------------------------------
                  0.15    7.00    7.00   clock clk' (rise edge)
                          0.00    7.00   clock network delay (ideal)
                  0.15    0.00    7.00 ^ _3178_/CLK (sky130_fd_sc_hd__dfxtp_2)
     4    0.03    0.15    0.45    7.45 ^ _3178_/Q (sky130_fd_sc_hd__dfxtp_2)
                                         i_spi_reg.falling_edge_detector_sof.rstb (net)
                  0.15    0.00    7.45 ^ fanout18/A (sky130_fd_sc_hd__buf_4)
    10    0.05    0.15    0.23    7.69 ^ fanout18/X (sky130_fd_sc_hd__buf_4)
                                         net18 (net)
                  0.15    0.00    7.69 ^ fanout17/A (sky130_fd_sc_hd__clkbuf_4)
    10    0.04    0.13    0.25    7.94 ^ fanout17/X (sky130_fd_sc_hd__clkbuf_4)
                                         net17 (net)
                  0.13    0.00    7.94 ^ _1604_/A (sky130_fd_sc_hd__buf_4)
    10    0.05    0.15    0.23    8.17 ^ _1604_/X (sky130_fd_sc_hd__buf_4)
                                         _1299_ (net)
                  0.15    0.00    8.17 ^ _2793_/A (sky130_fd_sc_hd__buf_2)
    10    0.03    0.17    0.25    8.42 ^ _2793_/X (sky130_fd_sc_hd__buf_2)
                                         _1020_ (net)
                  0.17    0.00    8.42 ^ _2814_/C1 (sky130_fd_sc_hd__o211a_1)
     1    0.00    0.04    0.17    8.59 ^ _2814_/X (sky130_fd_sc_hd__o211a_1)
                                         _0201_ (net)
                  0.04    0.00    8.59 ^ _3380_/D (sky130_fd_sc_hd__dfxtp_1)
                                  8.59   data arrival time

                  0.15   14.00   14.00   clock clk (rise edge)
                          0.00   14.00   clock network delay (ideal)
                         -0.25   13.75   clock uncertainty
                          0.00   13.75   clock reconvergence pessimism
                                 13.75 ^ _3380_/CLK (sky130_fd_sc_hd__dfxtp_1)
                         -0.04   13.71   library setup time
                                 13.71   data required time
-----------------------------------------------------------------------------
                                 13.71   data required time
                                 -8.59   data arrival time
-----------------------------------------------------------------------------
                                  5.13   slack (MET)


Startpoint: _3178_ (rising edge-triggered flip-flop clocked by clk')
Endpoint: _3373_ (rising edge-triggered flip-flop clocked by clk)
Path Group: clk
Path Type: max

Fanout     Cap    Slew   Delay    Time   Description
-----------------------------------------------------------------------------
                  0.15    7.00    7.00   clock clk' (rise edge)
                          0.00    7.00   clock network delay (ideal)
                  0.15    0.00    7.00 ^ _3178_/CLK (sky130_fd_sc_hd__dfxtp_2)
     4    0.03    0.15    0.45    7.45 ^ _3178_/Q (sky130_fd_sc_hd__dfxtp_2)
                                         i_spi_reg.falling_edge_detector_sof.rstb (net)
                  0.15    0.00    7.45 ^ fanout18/A (sky130_fd_sc_hd__buf_4)
    10    0.05    0.15    0.23    7.69 ^ fanout18/X (sky130_fd_sc_hd__buf_4)
                                         net18 (net)
                  0.15    0.00    7.69 ^ fanout17/A (sky130_fd_sc_hd__clkbuf_4)
    10    0.04    0.13    0.25    7.94 ^ fanout17/X (sky130_fd_sc_hd__clkbuf_4)
                                         net17 (net)
                  0.13    0.00    7.94 ^ _1604_/A (sky130_fd_sc_hd__buf_4)
    10    0.05    0.15    0.23    8.17 ^ _1604_/X (sky130_fd_sc_hd__buf_4)
                                         _1299_ (net)
                  0.15    0.00    8.17 ^ _2793_/A (sky130_fd_sc_hd__buf_2)
    10    0.03    0.17    0.25    8.42 ^ _2793_/X (sky130_fd_sc_hd__buf_2)
                                         _1020_ (net)
                  0.17    0.00    8.42 ^ _2800_/C1 (sky130_fd_sc_hd__o211a_1)
     1    0.00    0.04    0.16    8.59 ^ _2800_/X (sky130_fd_sc_hd__o211a_1)
                                         _0194_ (net)
                  0.04    0.00    8.59 ^ _3373_/D (sky130_fd_sc_hd__dfxtp_1)
                                  8.59   data arrival time

                  0.15   14.00   14.00   clock clk (rise edge)
                          0.00   14.00   clock network delay (ideal)
                         -0.25   13.75   clock uncertainty
                          0.00   13.75   clock reconvergence pessimism
                                 13.75 ^ _3373_/CLK (sky130_fd_sc_hd__dfxtp_1)
                         -0.04   13.71   library setup time
                                 13.71   data required time
-----------------------------------------------------------------------------
                                 13.71   data required time
                                 -8.59   data arrival time
-----------------------------------------------------------------------------
                                  5.13   slack (MET)


Startpoint: _3178_ (rising edge-triggered flip-flop clocked by clk')
Endpoint: _3247_ (rising edge-triggered flip-flop clocked by clk)
Path Group: clk
Path Type: max

Fanout     Cap    Slew   Delay    Time   Description
-----------------------------------------------------------------------------
                  0.15    7.00    7.00   clock clk' (rise edge)
                          0.00    7.00   clock network delay (ideal)
                  0.15    0.00    7.00 ^ _3178_/CLK (sky130_fd_sc_hd__dfxtp_2)
     4    0.03    0.15    0.45    7.45 ^ _3178_/Q (sky130_fd_sc_hd__dfxtp_2)
                                         i_spi_reg.falling_edge_detector_sof.rstb (net)
                  0.15    0.00    7.45 ^ fanout18/A (sky130_fd_sc_hd__buf_4)
    10    0.05    0.15    0.23    7.69 ^ fanout18/X (sky130_fd_sc_hd__buf_4)
                                         net18 (net)
                  0.15    0.00    7.69 ^ fanout17/A (sky130_fd_sc_hd__clkbuf_4)
    10    0.04    0.13    0.25    7.94 ^ fanout17/X (sky130_fd_sc_hd__clkbuf_4)
                                         net17 (net)
                  0.13    0.00    7.94 ^ _1604_/A (sky130_fd_sc_hd__buf_4)
    10    0.05    0.15    0.23    8.17 ^ _1604_/X (sky130_fd_sc_hd__buf_4)
                                         _1299_ (net)
                  0.15    0.00    8.17 ^ _1828_/A (sky130_fd_sc_hd__clkbuf_4)
    10    0.04    0.14    0.25    8.43 ^ _1828_/X (sky130_fd_sc_hd__clkbuf_4)
                                         _1479_ (net)
                  0.14    0.00    8.43 ^ _1964_/C1 (sky130_fd_sc_hd__o211a_1)
     1    0.00    0.04    0.16    8.59 ^ _1964_/X (sky130_fd_sc_hd__o211a_1)
                                         _0068_ (net)
                  0.04    0.00    8.59 ^ _3247_/D (sky130_fd_sc_hd__dfxtp_1)
                                  8.59   data arrival time

                  0.15   14.00   14.00   clock clk (rise edge)
                          0.00   14.00   clock network delay (ideal)
                         -0.25   13.75   clock uncertainty
                          0.00   13.75   clock reconvergence pessimism
                                 13.75 ^ _3247_/CLK (sky130_fd_sc_hd__dfxtp_1)
                         -0.04   13.71   library setup time
                                 13.71   data required time
-----------------------------------------------------------------------------
                                 13.71   data required time
                                 -8.59   data arrival time
-----------------------------------------------------------------------------
                                  5.13   slack (MET)


Startpoint: _3178_ (rising edge-triggered flip-flop clocked by clk')
Endpoint: _3375_ (rising edge-triggered flip-flop clocked by clk)
Path Group: clk
Path Type: max

Fanout     Cap    Slew   Delay    Time   Description
-----------------------------------------------------------------------------
                  0.15    7.00    7.00   clock clk' (rise edge)
                          0.00    7.00   clock network delay (ideal)
                  0.15    0.00    7.00 ^ _3178_/CLK (sky130_fd_sc_hd__dfxtp_2)
     4    0.03    0.15    0.45    7.45 ^ _3178_/Q (sky130_fd_sc_hd__dfxtp_2)
                                         i_spi_reg.falling_edge_detector_sof.rstb (net)
                  0.15    0.00    7.45 ^ fanout18/A (sky130_fd_sc_hd__buf_4)
    10    0.05    0.15    0.23    7.69 ^ fanout18/X (sky130_fd_sc_hd__buf_4)
                                         net18 (net)
                  0.15    0.00    7.69 ^ fanout17/A (sky130_fd_sc_hd__clkbuf_4)
    10    0.04    0.13    0.25    7.94 ^ fanout17/X (sky130_fd_sc_hd__clkbuf_4)
                                         net17 (net)
                  0.13    0.00    7.94 ^ _1604_/A (sky130_fd_sc_hd__buf_4)
    10    0.05    0.15    0.23    8.17 ^ _1604_/X (sky130_fd_sc_hd__buf_4)
                                         _1299_ (net)
                  0.15    0.00    8.17 ^ _2793_/A (sky130_fd_sc_hd__buf_2)
    10    0.03    0.17    0.25    8.42 ^ _2793_/X (sky130_fd_sc_hd__buf_2)
                                         _1020_ (net)
                  0.17    0.00    8.42 ^ _2804_/C1 (sky130_fd_sc_hd__o211a_1)
     1    0.00    0.04    0.16    8.59 ^ _2804_/X (sky130_fd_sc_hd__o211a_1)
                                         _0196_ (net)
                  0.04    0.00    8.59 ^ _3375_/D (sky130_fd_sc_hd__dfxtp_1)
                                  8.59   data arrival time

                  0.15   14.00   14.00   clock clk (rise edge)
                          0.00   14.00   clock network delay (ideal)
                         -0.25   13.75   clock uncertainty
                          0.00   13.75   clock reconvergence pessimism
                                 13.75 ^ _3375_/CLK (sky130_fd_sc_hd__dfxtp_1)
                         -0.04   13.71   library setup time
                                 13.71   data required time
-----------------------------------------------------------------------------
                                 13.71   data required time
                                 -8.59   data arrival time
-----------------------------------------------------------------------------
                                  5.13   slack (MET)


Startpoint: _3178_ (rising edge-triggered flip-flop clocked by clk')
Endpoint: _3236_ (rising edge-triggered flip-flop clocked by clk)
Path Group: clk
Path Type: max

Fanout     Cap    Slew   Delay    Time   Description
-----------------------------------------------------------------------------
                  0.15    7.00    7.00   clock clk' (rise edge)
                          0.00    7.00   clock network delay (ideal)
                  0.15    0.00    7.00 ^ _3178_/CLK (sky130_fd_sc_hd__dfxtp_2)
     4    0.03    0.15    0.45    7.45 ^ _3178_/Q (sky130_fd_sc_hd__dfxtp_2)
                                         i_spi_reg.falling_edge_detector_sof.rstb (net)
                  0.15    0.00    7.45 ^ fanout18/A (sky130_fd_sc_hd__buf_4)
    10    0.05    0.15    0.23    7.69 ^ fanout18/X (sky130_fd_sc_hd__buf_4)
                                         net18 (net)
                  0.15    0.00    7.69 ^ fanout17/A (sky130_fd_sc_hd__clkbuf_4)
    10    0.04    0.13    0.25    7.94 ^ fanout17/X (sky130_fd_sc_hd__clkbuf_4)
                                         net17 (net)
                  0.13    0.00    7.94 ^ _1604_/A (sky130_fd_sc_hd__buf_4)
    10    0.05    0.15    0.23    8.17 ^ _1604_/X (sky130_fd_sc_hd__buf_4)
                                         _1299_ (net)
                  0.15    0.00    8.17 ^ _1828_/A (sky130_fd_sc_hd__clkbuf_4)
    10    0.04    0.14    0.25    8.43 ^ _1828_/X (sky130_fd_sc_hd__clkbuf_4)
                                         _1479_ (net)
                  0.14    0.00    8.43 ^ _1918_/C1 (sky130_fd_sc_hd__o211a_1)
     1    0.00    0.04    0.16    8.59 ^ _1918_/X (sky130_fd_sc_hd__o211a_1)
                                         _0057_ (net)
                  0.04    0.00    8.59 ^ _3236_/D (sky130_fd_sc_hd__dfxtp_1)
                                  8.59   data arrival time

                  0.15   14.00   14.00   clock clk (rise edge)
                          0.00   14.00   clock network delay (ideal)
                         -0.25   13.75   clock uncertainty
                          0.00   13.75   clock reconvergence pessimism
                                 13.75 ^ _3236_/CLK (sky130_fd_sc_hd__dfxtp_1)
                         -0.04   13.71   library setup time
                                 13.71   data required time
-----------------------------------------------------------------------------
                                 13.71   data required time
                                 -8.59   data arrival time
-----------------------------------------------------------------------------
                                  5.13   slack (MET)


Startpoint: _3178_ (rising edge-triggered flip-flop clocked by clk')
Endpoint: _3365_ (rising edge-triggered flip-flop clocked by clk)
Path Group: clk
Path Type: max

Fanout     Cap    Slew   Delay    Time   Description
-----------------------------------------------------------------------------
                  0.15    7.00    7.00   clock clk' (rise edge)
                          0.00    7.00   clock network delay (ideal)
                  0.15    0.00    7.00 ^ _3178_/CLK (sky130_fd_sc_hd__dfxtp_2)
     4    0.03    0.15    0.45    7.45 ^ _3178_/Q (sky130_fd_sc_hd__dfxtp_2)
                                         i_spi_reg.falling_edge_detector_sof.rstb (net)
                  0.15    0.00    7.45 ^ fanout18/A (sky130_fd_sc_hd__buf_4)
    10    0.05    0.15    0.23    7.69 ^ fanout18/X (sky130_fd_sc_hd__buf_4)
                                         net18 (net)
                  0.15    0.00    7.69 ^ fanout17/A (sky130_fd_sc_hd__clkbuf_4)
    10    0.04    0.13    0.25    7.94 ^ fanout17/X (sky130_fd_sc_hd__clkbuf_4)
                                         net17 (net)
                  0.13    0.00    7.94 ^ _1604_/A (sky130_fd_sc_hd__buf_4)
    10    0.05    0.15    0.23    8.17 ^ _1604_/X (sky130_fd_sc_hd__buf_4)
                                         _1299_ (net)
                  0.15    0.00    8.17 ^ _2765_/A (sky130_fd_sc_hd__buf_2)
    10    0.03    0.16    0.24    8.41 ^ _2765_/X (sky130_fd_sc_hd__buf_2)
                                         _1002_ (net)
                  0.16    0.00    8.42 ^ _2781_/C1 (sky130_fd_sc_hd__o211a_1)
     1    0.00    0.04    0.17    8.58 ^ _2781_/X (sky130_fd_sc_hd__o211a_1)
                                         _0186_ (net)
                  0.04    0.00    8.58 ^ _3365_/D (sky130_fd_sc_hd__dfxtp_2)
                                  8.58   data arrival time

                  0.15   14.00   14.00   clock clk (rise edge)
                          0.00   14.00   clock network delay (ideal)
                         -0.25   13.75   clock uncertainty
                          0.00   13.75   clock reconvergence pessimism
                                 13.75 ^ _3365_/CLK (sky130_fd_sc_hd__dfxtp_2)
                         -0.04   13.71   library setup time
                                 13.71   data required time
-----------------------------------------------------------------------------
                                 13.71   data required time
                                 -8.58   data arrival time
-----------------------------------------------------------------------------
                                  5.13   slack (MET)


Startpoint: _3178_ (rising edge-triggered flip-flop clocked by clk')
Endpoint: _3400_ (rising edge-triggered flip-flop clocked by clk)
Path Group: clk
Path Type: max

Fanout     Cap    Slew   Delay    Time   Description
-----------------------------------------------------------------------------
                  0.15    7.00    7.00   clock clk' (rise edge)
                          0.00    7.00   clock network delay (ideal)
                  0.15    0.00    7.00 ^ _3178_/CLK (sky130_fd_sc_hd__dfxtp_2)
     4    0.03    0.15    0.45    7.45 ^ _3178_/Q (sky130_fd_sc_hd__dfxtp_2)
                                         i_spi_reg.falling_edge_detector_sof.rstb (net)
                  0.15    0.00    7.45 ^ fanout18/A (sky130_fd_sc_hd__buf_4)
    10    0.05    0.15    0.23    7.69 ^ fanout18/X (sky130_fd_sc_hd__buf_4)
                                         net18 (net)
                  0.15    0.00    7.69 ^ fanout17/A (sky130_fd_sc_hd__clkbuf_4)
    10    0.04    0.13    0.25    7.94 ^ fanout17/X (sky130_fd_sc_hd__clkbuf_4)
                                         net17 (net)
                  0.13    0.00    7.94 ^ _1604_/A (sky130_fd_sc_hd__buf_4)
    10    0.05    0.15    0.23    8.17 ^ _1604_/X (sky130_fd_sc_hd__buf_4)
                                         _1299_ (net)
                  0.15    0.00    8.17 ^ _2839_/A (sky130_fd_sc_hd__clkbuf_4)
    10    0.04    0.13    0.25    8.42 ^ _2839_/X (sky130_fd_sc_hd__clkbuf_4)
                                         _1046_ (net)
                  0.13    0.00    8.43 ^ _2861_/C1 (sky130_fd_sc_hd__o211a_1)
     1    0.00    0.04    0.16    8.59 ^ _2861_/X (sky130_fd_sc_hd__o211a_1)
                                         _0221_ (net)
                  0.04    0.00    8.59 ^ _3400_/D (sky130_fd_sc_hd__dfxtp_1)
                                  8.59   data arrival time

                  0.15   14.00   14.00   clock clk (rise edge)
                          0.00   14.00   clock network delay (ideal)
                         -0.25   13.75   clock uncertainty
                          0.00   13.75   clock reconvergence pessimism
                                 13.75 ^ _3400_/CLK (sky130_fd_sc_hd__dfxtp_1)
                         -0.04   13.71   library setup time
                                 13.71   data required time
-----------------------------------------------------------------------------
                                 13.71   data required time
                                 -8.59   data arrival time
-----------------------------------------------------------------------------
                                  5.13   slack (MET)


Startpoint: _3178_ (rising edge-triggered flip-flop clocked by clk')
Endpoint: _3235_ (rising edge-triggered flip-flop clocked by clk)
Path Group: clk
Path Type: max

Fanout     Cap    Slew   Delay    Time   Description
-----------------------------------------------------------------------------
                  0.15    7.00    7.00   clock clk' (rise edge)
                          0.00    7.00   clock network delay (ideal)
                  0.15    0.00    7.00 ^ _3178_/CLK (sky130_fd_sc_hd__dfxtp_2)
     4    0.03    0.15    0.45    7.45 ^ _3178_/Q (sky130_fd_sc_hd__dfxtp_2)
                                         i_spi_reg.falling_edge_detector_sof.rstb (net)
                  0.15    0.00    7.45 ^ fanout18/A (sky130_fd_sc_hd__buf_4)
    10    0.05    0.15    0.23    7.69 ^ fanout18/X (sky130_fd_sc_hd__buf_4)
                                         net18 (net)
                  0.15    0.00    7.69 ^ fanout17/A (sky130_fd_sc_hd__clkbuf_4)
    10    0.04    0.13    0.25    7.94 ^ fanout17/X (sky130_fd_sc_hd__clkbuf_4)
                                         net17 (net)
                  0.13    0.00    7.94 ^ _1604_/A (sky130_fd_sc_hd__buf_4)
    10    0.05    0.15    0.23    8.17 ^ _1604_/X (sky130_fd_sc_hd__buf_4)
                                         _1299_ (net)
                  0.15    0.00    8.17 ^ _1828_/A (sky130_fd_sc_hd__clkbuf_4)
    10    0.04    0.14    0.25    8.43 ^ _1828_/X (sky130_fd_sc_hd__clkbuf_4)
                                         _1479_ (net)
                  0.14    0.00    8.43 ^ _1911_/C1 (sky130_fd_sc_hd__o211a_1)
     1    0.00    0.04    0.16    8.59 ^ _1911_/X (sky130_fd_sc_hd__o211a_1)
                                         _0056_ (net)
                  0.04    0.00    8.59 ^ _3235_/D (sky130_fd_sc_hd__dfxtp_1)
                                  8.59   data arrival time

                  0.15   14.00   14.00   clock clk (rise edge)
                          0.00   14.00   clock network delay (ideal)
                         -0.25   13.75   clock uncertainty
                          0.00   13.75   clock reconvergence pessimism
                                 13.75 ^ _3235_/CLK (sky130_fd_sc_hd__dfxtp_1)
                         -0.04   13.71   library setup time
                                 13.71   data required time
-----------------------------------------------------------------------------
                                 13.71   data required time
                                 -8.59   data arrival time
-----------------------------------------------------------------------------
                                  5.13   slack (MET)


Startpoint: _3178_ (rising edge-triggered flip-flop clocked by clk')
Endpoint: _3398_ (rising edge-triggered flip-flop clocked by clk)
Path Group: clk
Path Type: max

Fanout     Cap    Slew   Delay    Time   Description
-----------------------------------------------------------------------------
                  0.15    7.00    7.00   clock clk' (rise edge)
                          0.00    7.00   clock network delay (ideal)
                  0.15    0.00    7.00 ^ _3178_/CLK (sky130_fd_sc_hd__dfxtp_2)
     4    0.03    0.15    0.45    7.45 ^ _3178_/Q (sky130_fd_sc_hd__dfxtp_2)
                                         i_spi_reg.falling_edge_detector_sof.rstb (net)
                  0.15    0.00    7.45 ^ fanout18/A (sky130_fd_sc_hd__buf_4)
    10    0.05    0.15    0.23    7.69 ^ fanout18/X (sky130_fd_sc_hd__buf_4)
                                         net18 (net)
                  0.15    0.00    7.69 ^ fanout17/A (sky130_fd_sc_hd__clkbuf_4)
    10    0.04    0.13    0.25    7.94 ^ fanout17/X (sky130_fd_sc_hd__clkbuf_4)
                                         net17 (net)
                  0.13    0.00    7.94 ^ _1604_/A (sky130_fd_sc_hd__buf_4)
    10    0.05    0.15    0.23    8.17 ^ _1604_/X (sky130_fd_sc_hd__buf_4)
                                         _1299_ (net)
                  0.15    0.00    8.17 ^ _2839_/A (sky130_fd_sc_hd__clkbuf_4)
    10    0.04    0.13    0.25    8.42 ^ _2839_/X (sky130_fd_sc_hd__clkbuf_4)
                                         _1046_ (net)
                  0.13    0.00    8.43 ^ _2857_/C1 (sky130_fd_sc_hd__o211a_1)
     1    0.00    0.04    0.16    8.58 ^ _2857_/X (sky130_fd_sc_hd__o211a_1)
                                         _0219_ (net)
                  0.04    0.00    8.58 ^ _3398_/D (sky130_fd_sc_hd__dfxtp_1)
                                  8.58   data arrival time

                  0.15   14.00   14.00   clock clk (rise edge)
                          0.00   14.00   clock network delay (ideal)
                         -0.25   13.75   clock uncertainty
                          0.00   13.75   clock reconvergence pessimism
                                 13.75 ^ _3398_/CLK (sky130_fd_sc_hd__dfxtp_1)
                         -0.04   13.71   library setup time
                                 13.71   data required time
-----------------------------------------------------------------------------
                                 13.71   data required time
                                 -8.58   data arrival time
-----------------------------------------------------------------------------
                                  5.13   slack (MET)


Startpoint: _3178_ (rising edge-triggered flip-flop clocked by clk')
Endpoint: _3394_ (rising edge-triggered flip-flop clocked by clk)
Path Group: clk
Path Type: max

Fanout     Cap    Slew   Delay    Time   Description
-----------------------------------------------------------------------------
                  0.15    7.00    7.00   clock clk' (rise edge)
                          0.00    7.00   clock network delay (ideal)
                  0.15    0.00    7.00 ^ _3178_/CLK (sky130_fd_sc_hd__dfxtp_2)
     4    0.03    0.15    0.45    7.45 ^ _3178_/Q (sky130_fd_sc_hd__dfxtp_2)
                                         i_spi_reg.falling_edge_detector_sof.rstb (net)
                  0.15    0.00    7.45 ^ fanout18/A (sky130_fd_sc_hd__buf_4)
    10    0.05    0.15    0.23    7.69 ^ fanout18/X (sky130_fd_sc_hd__buf_4)
                                         net18 (net)
                  0.15    0.00    7.69 ^ fanout17/A (sky130_fd_sc_hd__clkbuf_4)
    10    0.04    0.13    0.25    7.94 ^ fanout17/X (sky130_fd_sc_hd__clkbuf_4)
                                         net17 (net)
                  0.13    0.00    7.94 ^ _1604_/A (sky130_fd_sc_hd__buf_4)
    10    0.05    0.15    0.23    8.17 ^ _1604_/X (sky130_fd_sc_hd__buf_4)
                                         _1299_ (net)
                  0.15    0.00    8.17 ^ _2839_/A (sky130_fd_sc_hd__clkbuf_4)
    10    0.04    0.13    0.25    8.42 ^ _2839_/X (sky130_fd_sc_hd__clkbuf_4)
                                         _1046_ (net)
                  0.13    0.00    8.43 ^ _2849_/C1 (sky130_fd_sc_hd__o211a_1)
     1    0.00    0.04    0.16    8.58 ^ _2849_/X (sky130_fd_sc_hd__o211a_1)
                                         _0215_ (net)
                  0.04    0.00    8.58 ^ _3394_/D (sky130_fd_sc_hd__dfxtp_1)
                                  8.58   data arrival time

                  0.15   14.00   14.00   clock clk (rise edge)
                          0.00   14.00   clock network delay (ideal)
                         -0.25   13.75   clock uncertainty
                          0.00   13.75   clock reconvergence pessimism
                                 13.75 ^ _3394_/CLK (sky130_fd_sc_hd__dfxtp_1)
                         -0.04   13.71   library setup time
                                 13.71   data required time
-----------------------------------------------------------------------------
                                 13.71   data required time
                                 -8.58   data arrival time
-----------------------------------------------------------------------------
                                  5.13   slack (MET)


Startpoint: _3178_ (rising edge-triggered flip-flop clocked by clk')
Endpoint: _3362_ (rising edge-triggered flip-flop clocked by clk)
Path Group: clk
Path Type: max

Fanout     Cap    Slew   Delay    Time   Description
-----------------------------------------------------------------------------
                  0.15    7.00    7.00   clock clk' (rise edge)
                          0.00    7.00   clock network delay (ideal)
                  0.15    0.00    7.00 ^ _3178_/CLK (sky130_fd_sc_hd__dfxtp_2)
     4    0.03    0.15    0.45    7.45 ^ _3178_/Q (sky130_fd_sc_hd__dfxtp_2)
                                         i_spi_reg.falling_edge_detector_sof.rstb (net)
                  0.15    0.00    7.45 ^ fanout18/A (sky130_fd_sc_hd__buf_4)
    10    0.05    0.15    0.23    7.69 ^ fanout18/X (sky130_fd_sc_hd__buf_4)
                                         net18 (net)
                  0.15    0.00    7.69 ^ fanout17/A (sky130_fd_sc_hd__clkbuf_4)
    10    0.04    0.13    0.25    7.94 ^ fanout17/X (sky130_fd_sc_hd__clkbuf_4)
                                         net17 (net)
                  0.13    0.00    7.94 ^ _1604_/A (sky130_fd_sc_hd__buf_4)
    10    0.05    0.15    0.23    8.17 ^ _1604_/X (sky130_fd_sc_hd__buf_4)
                                         _1299_ (net)
                  0.15    0.00    8.17 ^ _2765_/A (sky130_fd_sc_hd__buf_2)
    10    0.03    0.16    0.24    8.41 ^ _2765_/X (sky130_fd_sc_hd__buf_2)
                                         _1002_ (net)
                  0.16    0.00    8.42 ^ _2775_/C1 (sky130_fd_sc_hd__o211a_1)
     1    0.00    0.04    0.16    8.58 ^ _2775_/X (sky130_fd_sc_hd__o211a_1)
                                         _0183_ (net)
                  0.04    0.00    8.58 ^ _3362_/D (sky130_fd_sc_hd__dfxtp_2)
                                  8.58   data arrival time

                  0.15   14.00   14.00   clock clk (rise edge)
                          0.00   14.00   clock network delay (ideal)
                         -0.25   13.75   clock uncertainty
                          0.00   13.75   clock reconvergence pessimism
                                 13.75 ^ _3362_/CLK (sky130_fd_sc_hd__dfxtp_2)
                         -0.04   13.71   library setup time
                                 13.71   data required time
-----------------------------------------------------------------------------
                                 13.71   data required time
                                 -8.58   data arrival time
-----------------------------------------------------------------------------
                                  5.13   slack (MET)


Startpoint: _3178_ (rising edge-triggered flip-flop clocked by clk')
Endpoint: _3396_ (rising edge-triggered flip-flop clocked by clk)
Path Group: clk
Path Type: max

Fanout     Cap    Slew   Delay    Time   Description
-----------------------------------------------------------------------------
                  0.15    7.00    7.00   clock clk' (rise edge)
                          0.00    7.00   clock network delay (ideal)
                  0.15    0.00    7.00 ^ _3178_/CLK (sky130_fd_sc_hd__dfxtp_2)
     4    0.03    0.15    0.45    7.45 ^ _3178_/Q (sky130_fd_sc_hd__dfxtp_2)
                                         i_spi_reg.falling_edge_detector_sof.rstb (net)
                  0.15    0.00    7.45 ^ fanout18/A (sky130_fd_sc_hd__buf_4)
    10    0.05    0.15    0.23    7.69 ^ fanout18/X (sky130_fd_sc_hd__buf_4)
                                         net18 (net)
                  0.15    0.00    7.69 ^ fanout17/A (sky130_fd_sc_hd__clkbuf_4)
    10    0.04    0.13    0.25    7.94 ^ fanout17/X (sky130_fd_sc_hd__clkbuf_4)
                                         net17 (net)
                  0.13    0.00    7.94 ^ _1604_/A (sky130_fd_sc_hd__buf_4)
    10    0.05    0.15    0.23    8.17 ^ _1604_/X (sky130_fd_sc_hd__buf_4)
                                         _1299_ (net)
                  0.15    0.00    8.17 ^ _2839_/A (sky130_fd_sc_hd__clkbuf_4)
    10    0.04    0.13    0.25    8.42 ^ _2839_/X (sky130_fd_sc_hd__clkbuf_4)
                                         _1046_ (net)
                  0.13    0.00    8.43 ^ _2853_/C1 (sky130_fd_sc_hd__o211a_1)
     1    0.00    0.04    0.16    8.58 ^ _2853_/X (sky130_fd_sc_hd__o211a_1)
                                         _0217_ (net)
                  0.04    0.00    8.58 ^ _3396_/D (sky130_fd_sc_hd__dfxtp_1)
                                  8.58   data arrival time

                  0.15   14.00   14.00   clock clk (rise edge)
                          0.00   14.00   clock network delay (ideal)
                         -0.25   13.75   clock uncertainty
                          0.00   13.75   clock reconvergence pessimism
                                 13.75 ^ _3396_/CLK (sky130_fd_sc_hd__dfxtp_1)
                         -0.04   13.71   library setup time
                                 13.71   data required time
-----------------------------------------------------------------------------
                                 13.71   data required time
                                 -8.58   data arrival time
-----------------------------------------------------------------------------
                                  5.13   slack (MET)


Startpoint: _3178_ (rising edge-triggered flip-flop clocked by clk')
Endpoint: _3397_ (rising edge-triggered flip-flop clocked by clk)
Path Group: clk
Path Type: max

Fanout     Cap    Slew   Delay    Time   Description
-----------------------------------------------------------------------------
                  0.15    7.00    7.00   clock clk' (rise edge)
                          0.00    7.00   clock network delay (ideal)
                  0.15    0.00    7.00 ^ _3178_/CLK (sky130_fd_sc_hd__dfxtp_2)
     4    0.03    0.15    0.45    7.45 ^ _3178_/Q (sky130_fd_sc_hd__dfxtp_2)
                                         i_spi_reg.falling_edge_detector_sof.rstb (net)
                  0.15    0.00    7.45 ^ fanout18/A (sky130_fd_sc_hd__buf_4)
    10    0.05    0.15    0.23    7.69 ^ fanout18/X (sky130_fd_sc_hd__buf_4)
                                         net18 (net)
                  0.15    0.00    7.69 ^ fanout17/A (sky130_fd_sc_hd__clkbuf_4)
    10    0.04    0.13    0.25    7.94 ^ fanout17/X (sky130_fd_sc_hd__clkbuf_4)
                                         net17 (net)
                  0.13    0.00    7.94 ^ _1604_/A (sky130_fd_sc_hd__buf_4)
    10    0.05    0.15    0.23    8.17 ^ _1604_/X (sky130_fd_sc_hd__buf_4)
                                         _1299_ (net)
                  0.15    0.00    8.17 ^ _2839_/A (sky130_fd_sc_hd__clkbuf_4)
    10    0.04    0.13    0.25    8.42 ^ _2839_/X (sky130_fd_sc_hd__clkbuf_4)
                                         _1046_ (net)
                  0.13    0.00    8.43 ^ _2855_/C1 (sky130_fd_sc_hd__o211a_1)
     1    0.00    0.04    0.16    8.58 ^ _2855_/X (sky130_fd_sc_hd__o211a_1)
                                         _0218_ (net)
                  0.04    0.00    8.58 ^ _3397_/D (sky130_fd_sc_hd__dfxtp_1)
                                  8.58   data arrival time

                  0.15   14.00   14.00   clock clk (rise edge)
                          0.00   14.00   clock network delay (ideal)
                         -0.25   13.75   clock uncertainty
                          0.00   13.75   clock reconvergence pessimism
                                 13.75 ^ _3397_/CLK (sky130_fd_sc_hd__dfxtp_1)
                         -0.04   13.71   library setup time
                                 13.71   data required time
-----------------------------------------------------------------------------
                                 13.71   data required time
                                 -8.58   data arrival time
-----------------------------------------------------------------------------
                                  5.13   slack (MET)


Startpoint: _3178_ (rising edge-triggered flip-flop clocked by clk')
Endpoint: _3399_ (rising edge-triggered flip-flop clocked by clk)
Path Group: clk
Path Type: max

Fanout     Cap    Slew   Delay    Time   Description
-----------------------------------------------------------------------------
                  0.15    7.00    7.00   clock clk' (rise edge)
                          0.00    7.00   clock network delay (ideal)
                  0.15    0.00    7.00 ^ _3178_/CLK (sky130_fd_sc_hd__dfxtp_2)
     4    0.03    0.15    0.45    7.45 ^ _3178_/Q (sky130_fd_sc_hd__dfxtp_2)
                                         i_spi_reg.falling_edge_detector_sof.rstb (net)
                  0.15    0.00    7.45 ^ fanout18/A (sky130_fd_sc_hd__buf_4)
    10    0.05    0.15    0.23    7.69 ^ fanout18/X (sky130_fd_sc_hd__buf_4)
                                         net18 (net)
                  0.15    0.00    7.69 ^ fanout17/A (sky130_fd_sc_hd__clkbuf_4)
    10    0.04    0.13    0.25    7.94 ^ fanout17/X (sky130_fd_sc_hd__clkbuf_4)
                                         net17 (net)
                  0.13    0.00    7.94 ^ _1604_/A (sky130_fd_sc_hd__buf_4)
    10    0.05    0.15    0.23    8.17 ^ _1604_/X (sky130_fd_sc_hd__buf_4)
                                         _1299_ (net)
                  0.15    0.00    8.17 ^ _2839_/A (sky130_fd_sc_hd__clkbuf_4)
    10    0.04    0.13    0.25    8.42 ^ _2839_/X (sky130_fd_sc_hd__clkbuf_4)
                                         _1046_ (net)
                  0.13    0.00    8.43 ^ _2859_/C1 (sky130_fd_sc_hd__o211a_1)
     1    0.00    0.04    0.15    8.58 ^ _2859_/X (sky130_fd_sc_hd__o211a_1)
                                         _0220_ (net)
                  0.04    0.00    8.58 ^ _3399_/D (sky130_fd_sc_hd__dfxtp_1)
                                  8.58   data arrival time

                  0.15   14.00   14.00   clock clk (rise edge)
                          0.00   14.00   clock network delay (ideal)
                         -0.25   13.75   clock uncertainty
                          0.00   13.75   clock reconvergence pessimism
                                 13.75 ^ _3399_/CLK (sky130_fd_sc_hd__dfxtp_1)
                         -0.04   13.71   library setup time
                                 13.71   data required time
-----------------------------------------------------------------------------
                                 13.71   data required time
                                 -8.58   data arrival time
-----------------------------------------------------------------------------
                                  5.13   slack (MET)


Startpoint: _3178_ (rising edge-triggered flip-flop clocked by clk')
Endpoint: _3395_ (rising edge-triggered flip-flop clocked by clk)
Path Group: clk
Path Type: max

Fanout     Cap    Slew   Delay    Time   Description
-----------------------------------------------------------------------------
                  0.15    7.00    7.00   clock clk' (rise edge)
                          0.00    7.00   clock network delay (ideal)
                  0.15    0.00    7.00 ^ _3178_/CLK (sky130_fd_sc_hd__dfxtp_2)
     4    0.03    0.15    0.45    7.45 ^ _3178_/Q (sky130_fd_sc_hd__dfxtp_2)
                                         i_spi_reg.falling_edge_detector_sof.rstb (net)
                  0.15    0.00    7.45 ^ fanout18/A (sky130_fd_sc_hd__buf_4)
    10    0.05    0.15    0.23    7.69 ^ fanout18/X (sky130_fd_sc_hd__buf_4)
                                         net18 (net)
                  0.15    0.00    7.69 ^ fanout17/A (sky130_fd_sc_hd__clkbuf_4)
    10    0.04    0.13    0.25    7.94 ^ fanout17/X (sky130_fd_sc_hd__clkbuf_4)
                                         net17 (net)
                  0.13    0.00    7.94 ^ _1604_/A (sky130_fd_sc_hd__buf_4)
    10    0.05    0.15    0.23    8.17 ^ _1604_/X (sky130_fd_sc_hd__buf_4)
                                         _1299_ (net)
                  0.15    0.00    8.17 ^ _2839_/A (sky130_fd_sc_hd__clkbuf_4)
    10    0.04    0.13    0.25    8.42 ^ _2839_/X (sky130_fd_sc_hd__clkbuf_4)
                                         _1046_ (net)
                  0.13    0.00    8.43 ^ _2851_/C1 (sky130_fd_sc_hd__o211a_1)
     1    0.00    0.04    0.15    8.58 ^ _2851_/X (sky130_fd_sc_hd__o211a_1)
                                         _0216_ (net)
                  0.04    0.00    8.58 ^ _3395_/D (sky130_fd_sc_hd__dfxtp_1)
                                  8.58   data arrival time

                  0.15   14.00   14.00   clock clk (rise edge)
                          0.00   14.00   clock network delay (ideal)
                         -0.25   13.75   clock uncertainty
                          0.00   13.75   clock reconvergence pessimism
                                 13.75 ^ _3395_/CLK (sky130_fd_sc_hd__dfxtp_1)
                         -0.04   13.71   library setup time
                                 13.71   data required time
-----------------------------------------------------------------------------
                                 13.71   data required time
                                 -8.58   data arrival time
-----------------------------------------------------------------------------
                                  5.13   slack (MET)


Startpoint: _3178_ (rising edge-triggered flip-flop clocked by clk')
Endpoint: _3363_ (rising edge-triggered flip-flop clocked by clk)
Path Group: clk
Path Type: max

Fanout     Cap    Slew   Delay    Time   Description
-----------------------------------------------------------------------------
                  0.15    7.00    7.00   clock clk' (rise edge)
                          0.00    7.00   clock network delay (ideal)
                  0.15    0.00    7.00 ^ _3178_/CLK (sky130_fd_sc_hd__dfxtp_2)
     4    0.03    0.15    0.45    7.45 ^ _3178_/Q (sky130_fd_sc_hd__dfxtp_2)
                                         i_spi_reg.falling_edge_detector_sof.rstb (net)
                  0.15    0.00    7.45 ^ fanout18/A (sky130_fd_sc_hd__buf_4)
    10    0.05    0.15    0.23    7.69 ^ fanout18/X (sky130_fd_sc_hd__buf_4)
                                         net18 (net)
                  0.15    0.00    7.69 ^ fanout17/A (sky130_fd_sc_hd__clkbuf_4)
    10    0.04    0.13    0.25    7.94 ^ fanout17/X (sky130_fd_sc_hd__clkbuf_4)
                                         net17 (net)
                  0.13    0.00    7.94 ^ _1604_/A (sky130_fd_sc_hd__buf_4)
    10    0.05    0.15    0.23    8.17 ^ _1604_/X (sky130_fd_sc_hd__buf_4)
                                         _1299_ (net)
                  0.15    0.00    8.17 ^ _2765_/A (sky130_fd_sc_hd__buf_2)
    10    0.03    0.16    0.24    8.41 ^ _2765_/X (sky130_fd_sc_hd__buf_2)
                                         _1002_ (net)
                  0.16    0.00    8.42 ^ _2777_/C1 (sky130_fd_sc_hd__o211a_1)
     1    0.00    0.04    0.16    8.58 ^ _2777_/X (sky130_fd_sc_hd__o211a_1)
                                         _0184_ (net)
                  0.04    0.00    8.58 ^ _3363_/D (sky130_fd_sc_hd__dfxtp_1)
                                  8.58   data arrival time

                  0.15   14.00   14.00   clock clk (rise edge)
                          0.00   14.00   clock network delay (ideal)
                         -0.25   13.75   clock uncertainty
                          0.00   13.75   clock reconvergence pessimism
                                 13.75 ^ _3363_/CLK (sky130_fd_sc_hd__dfxtp_1)
                         -0.04   13.71   library setup time
                                 13.71   data required time
-----------------------------------------------------------------------------
                                 13.71   data required time
                                 -8.58   data arrival time
-----------------------------------------------------------------------------
                                  5.13   slack (MET)


Startpoint: _3178_ (rising edge-triggered flip-flop clocked by clk')
Endpoint: _3368_ (rising edge-triggered flip-flop clocked by clk)
Path Group: clk
Path Type: max

Fanout     Cap    Slew   Delay    Time   Description
-----------------------------------------------------------------------------
                  0.15    7.00    7.00   clock clk' (rise edge)
                          0.00    7.00   clock network delay (ideal)
                  0.15    0.00    7.00 ^ _3178_/CLK (sky130_fd_sc_hd__dfxtp_2)
     4    0.03    0.15    0.45    7.45 ^ _3178_/Q (sky130_fd_sc_hd__dfxtp_2)
                                         i_spi_reg.falling_edge_detector_sof.rstb (net)
                  0.15    0.00    7.45 ^ fanout18/A (sky130_fd_sc_hd__buf_4)
    10    0.05    0.15    0.23    7.69 ^ fanout18/X (sky130_fd_sc_hd__buf_4)
                                         net18 (net)
                  0.15    0.00    7.69 ^ fanout17/A (sky130_fd_sc_hd__clkbuf_4)
    10    0.04    0.13    0.25    7.94 ^ fanout17/X (sky130_fd_sc_hd__clkbuf_4)
                                         net17 (net)
                  0.13    0.00    7.94 ^ _1604_/A (sky130_fd_sc_hd__buf_4)
    10    0.05    0.15    0.23    8.17 ^ _1604_/X (sky130_fd_sc_hd__buf_4)
                                         _1299_ (net)
                  0.15    0.00    8.17 ^ _2765_/A (sky130_fd_sc_hd__buf_2)
    10    0.03    0.16    0.24    8.41 ^ _2765_/X (sky130_fd_sc_hd__buf_2)
                                         _1002_ (net)
                  0.16    0.00    8.42 ^ _2787_/C1 (sky130_fd_sc_hd__o211a_1)
     1    0.00    0.04    0.16    8.58 ^ _2787_/X (sky130_fd_sc_hd__o211a_1)
                                         _0189_ (net)
                  0.04    0.00    8.58 ^ _3368_/D (sky130_fd_sc_hd__dfxtp_1)
                                  8.58   data arrival time

                  0.15   14.00   14.00   clock clk (rise edge)
                          0.00   14.00   clock network delay (ideal)
                         -0.25   13.75   clock uncertainty
                          0.00   13.75   clock reconvergence pessimism
                                 13.75 ^ _3368_/CLK (sky130_fd_sc_hd__dfxtp_1)
                         -0.04   13.71   library setup time
                                 13.71   data required time
-----------------------------------------------------------------------------
                                 13.71   data required time
                                 -8.58   data arrival time
-----------------------------------------------------------------------------
                                  5.13   slack (MET)


Startpoint: _3178_ (rising edge-triggered flip-flop clocked by clk')
Endpoint: _3391_ (rising edge-triggered flip-flop clocked by clk)
Path Group: clk
Path Type: max

Fanout     Cap    Slew   Delay    Time   Description
-----------------------------------------------------------------------------
                  0.15    7.00    7.00   clock clk' (rise edge)
                          0.00    7.00   clock network delay (ideal)
                  0.15    0.00    7.00 ^ _3178_/CLK (sky130_fd_sc_hd__dfxtp_2)
     4    0.03    0.15    0.45    7.45 ^ _3178_/Q (sky130_fd_sc_hd__dfxtp_2)
                                         i_spi_reg.falling_edge_detector_sof.rstb (net)
                  0.15    0.00    7.45 ^ fanout18/A (sky130_fd_sc_hd__buf_4)
    10    0.05    0.15    0.23    7.69 ^ fanout18/X (sky130_fd_sc_hd__buf_4)
                                         net18 (net)
                  0.15    0.00    7.69 ^ fanout17/A (sky130_fd_sc_hd__clkbuf_4)
    10    0.04    0.13    0.25    7.94 ^ fanout17/X (sky130_fd_sc_hd__clkbuf_4)
                                         net17 (net)
                  0.13    0.00    7.94 ^ _1604_/A (sky130_fd_sc_hd__buf_4)
    10    0.05    0.15    0.23    8.17 ^ _1604_/X (sky130_fd_sc_hd__buf_4)
                                         _1299_ (net)
                  0.15    0.00    8.17 ^ _2839_/A (sky130_fd_sc_hd__clkbuf_4)
    10    0.04    0.13    0.25    8.42 ^ _2839_/X (sky130_fd_sc_hd__clkbuf_4)
                                         _1046_ (net)
                  0.13    0.00    8.42 ^ _2840_/C1 (sky130_fd_sc_hd__o211a_1)
     1    0.00    0.04    0.16    8.58 ^ _2840_/X (sky130_fd_sc_hd__o211a_1)
                                         _0212_ (net)
                  0.04    0.00    8.58 ^ _3391_/D (sky130_fd_sc_hd__dfxtp_1)
                                  8.58   data arrival time

                  0.15   14.00   14.00   clock clk (rise edge)
                          0.00   14.00   clock network delay (ideal)
                         -0.25   13.75   clock uncertainty
                          0.00   13.75   clock reconvergence pessimism
                                 13.75 ^ _3391_/CLK (sky130_fd_sc_hd__dfxtp_1)
                         -0.04   13.71   library setup time
                                 13.71   data required time
-----------------------------------------------------------------------------
                                 13.71   data required time
                                 -8.58   data arrival time
-----------------------------------------------------------------------------
                                  5.13   slack (MET)


Startpoint: _3178_ (rising edge-triggered flip-flop clocked by clk')
Endpoint: _3361_ (rising edge-triggered flip-flop clocked by clk)
Path Group: clk
Path Type: max

Fanout     Cap    Slew   Delay    Time   Description
-----------------------------------------------------------------------------
                  0.15    7.00    7.00   clock clk' (rise edge)
                          0.00    7.00   clock network delay (ideal)
                  0.15    0.00    7.00 ^ _3178_/CLK (sky130_fd_sc_hd__dfxtp_2)
     4    0.03    0.15    0.45    7.45 ^ _3178_/Q (sky130_fd_sc_hd__dfxtp_2)
                                         i_spi_reg.falling_edge_detector_sof.rstb (net)
                  0.15    0.00    7.45 ^ fanout18/A (sky130_fd_sc_hd__buf_4)
    10    0.05    0.15    0.23    7.69 ^ fanout18/X (sky130_fd_sc_hd__buf_4)
                                         net18 (net)
                  0.15    0.00    7.69 ^ fanout17/A (sky130_fd_sc_hd__clkbuf_4)
    10    0.04    0.13    0.25    7.94 ^ fanout17/X (sky130_fd_sc_hd__clkbuf_4)
                                         net17 (net)
                  0.13    0.00    7.94 ^ _1604_/A (sky130_fd_sc_hd__buf_4)
    10    0.05    0.15    0.23    8.17 ^ _1604_/X (sky130_fd_sc_hd__buf_4)
                                         _1299_ (net)
                  0.15    0.00    8.17 ^ _2765_/A (sky130_fd_sc_hd__buf_2)
    10    0.03    0.16    0.24    8.41 ^ _2765_/X (sky130_fd_sc_hd__buf_2)
                                         _1002_ (net)
                  0.16    0.00    8.41 ^ _2766_/C1 (sky130_fd_sc_hd__o211a_1)
     1    0.00    0.04    0.16    8.58 ^ _2766_/X (sky130_fd_sc_hd__o211a_1)
                                         _0182_ (net)
                  0.04    0.00    8.58 ^ _3361_/D (sky130_fd_sc_hd__dfxtp_1)
                                  8.58   data arrival time

                  0.15   14.00   14.00   clock clk (rise edge)
                          0.00   14.00   clock network delay (ideal)
                         -0.25   13.75   clock uncertainty
                          0.00   13.75   clock reconvergence pessimism
                                 13.75 ^ _3361_/CLK (sky130_fd_sc_hd__dfxtp_1)
                         -0.04   13.71   library setup time
                                 13.71   data required time
-----------------------------------------------------------------------------
                                 13.71   data required time
                                 -8.58   data arrival time
-----------------------------------------------------------------------------
                                  5.13   slack (MET)


Startpoint: _3178_ (rising edge-triggered flip-flop clocked by clk')
Endpoint: _3366_ (rising edge-triggered flip-flop clocked by clk)
Path Group: clk
Path Type: max

Fanout     Cap    Slew   Delay    Time   Description
-----------------------------------------------------------------------------
                  0.15    7.00    7.00   clock clk' (rise edge)
                          0.00    7.00   clock network delay (ideal)
                  0.15    0.00    7.00 ^ _3178_/CLK (sky130_fd_sc_hd__dfxtp_2)
     4    0.03    0.15    0.45    7.45 ^ _3178_/Q (sky130_fd_sc_hd__dfxtp_2)
                                         i_spi_reg.falling_edge_detector_sof.rstb (net)
                  0.15    0.00    7.45 ^ fanout18/A (sky130_fd_sc_hd__buf_4)
    10    0.05    0.15    0.23    7.69 ^ fanout18/X (sky130_fd_sc_hd__buf_4)
                                         net18 (net)
                  0.15    0.00    7.69 ^ fanout17/A (sky130_fd_sc_hd__clkbuf_4)
    10    0.04    0.13    0.25    7.94 ^ fanout17/X (sky130_fd_sc_hd__clkbuf_4)
                                         net17 (net)
                  0.13    0.00    7.94 ^ _1604_/A (sky130_fd_sc_hd__buf_4)
    10    0.05    0.15    0.23    8.17 ^ _1604_/X (sky130_fd_sc_hd__buf_4)
                                         _1299_ (net)
                  0.15    0.00    8.17 ^ _2765_/A (sky130_fd_sc_hd__buf_2)
    10    0.03    0.16    0.24    8.41 ^ _2765_/X (sky130_fd_sc_hd__buf_2)
                                         _1002_ (net)
                  0.16    0.00    8.42 ^ _2783_/C1 (sky130_fd_sc_hd__o211a_1)
     1    0.00    0.04    0.16    8.58 ^ _2783_/X (sky130_fd_sc_hd__o211a_1)
                                         _0187_ (net)
                  0.04    0.00    8.58 ^ _3366_/D (sky130_fd_sc_hd__dfxtp_1)
                                  8.58   data arrival time

                  0.15   14.00   14.00   clock clk (rise edge)
                          0.00   14.00   clock network delay (ideal)
                         -0.25   13.75   clock uncertainty
                          0.00   13.75   clock reconvergence pessimism
                                 13.75 ^ _3366_/CLK (sky130_fd_sc_hd__dfxtp_1)
                         -0.04   13.71   library setup time
                                 13.71   data required time
-----------------------------------------------------------------------------
                                 13.71   data required time
                                 -8.58   data arrival time
-----------------------------------------------------------------------------
                                  5.13   slack (MET)


Startpoint: _3178_ (rising edge-triggered flip-flop clocked by clk')
Endpoint: _3367_ (rising edge-triggered flip-flop clocked by clk)
Path Group: clk
Path Type: max

Fanout     Cap    Slew   Delay    Time   Description
-----------------------------------------------------------------------------
                  0.15    7.00    7.00   clock clk' (rise edge)
                          0.00    7.00   clock network delay (ideal)
                  0.15    0.00    7.00 ^ _3178_/CLK (sky130_fd_sc_hd__dfxtp_2)
     4    0.03    0.15    0.45    7.45 ^ _3178_/Q (sky130_fd_sc_hd__dfxtp_2)
                                         i_spi_reg.falling_edge_detector_sof.rstb (net)
                  0.15    0.00    7.45 ^ fanout18/A (sky130_fd_sc_hd__buf_4)
    10    0.05    0.15    0.23    7.69 ^ fanout18/X (sky130_fd_sc_hd__buf_4)
                                         net18 (net)
                  0.15    0.00    7.69 ^ fanout17/A (sky130_fd_sc_hd__clkbuf_4)
    10    0.04    0.13    0.25    7.94 ^ fanout17/X (sky130_fd_sc_hd__clkbuf_4)
                                         net17 (net)
                  0.13    0.00    7.94 ^ _1604_/A (sky130_fd_sc_hd__buf_4)
    10    0.05    0.15    0.23    8.17 ^ _1604_/X (sky130_fd_sc_hd__buf_4)
                                         _1299_ (net)
                  0.15    0.00    8.17 ^ _2765_/A (sky130_fd_sc_hd__buf_2)
    10    0.03    0.16    0.24    8.41 ^ _2765_/X (sky130_fd_sc_hd__buf_2)
                                         _1002_ (net)
                  0.16    0.00    8.42 ^ _2785_/C1 (sky130_fd_sc_hd__o211a_1)
     1    0.00    0.04    0.16    8.58 ^ _2785_/X (sky130_fd_sc_hd__o211a_1)
                                         _0188_ (net)
                  0.04    0.00    8.58 ^ _3367_/D (sky130_fd_sc_hd__dfxtp_1)
                                  8.58   data arrival time

                  0.15   14.00   14.00   clock clk (rise edge)
                          0.00   14.00   clock network delay (ideal)
                         -0.25   13.75   clock uncertainty
                          0.00   13.75   clock reconvergence pessimism
                                 13.75 ^ _3367_/CLK (sky130_fd_sc_hd__dfxtp_1)
                         -0.04   13.71   library setup time
                                 13.71   data required time
-----------------------------------------------------------------------------
                                 13.71   data required time
                                 -8.58   data arrival time
-----------------------------------------------------------------------------
                                  5.13   slack (MET)


Startpoint: _3178_ (rising edge-triggered flip-flop clocked by clk')
Endpoint: _3364_ (rising edge-triggered flip-flop clocked by clk)
Path Group: clk
Path Type: max

Fanout     Cap    Slew   Delay    Time   Description
-----------------------------------------------------------------------------
                  0.15    7.00    7.00   clock clk' (rise edge)
                          0.00    7.00   clock network delay (ideal)
                  0.15    0.00    7.00 ^ _3178_/CLK (sky130_fd_sc_hd__dfxtp_2)
     4    0.03    0.15    0.45    7.45 ^ _3178_/Q (sky130_fd_sc_hd__dfxtp_2)
                                         i_spi_reg.falling_edge_detector_sof.rstb (net)
                  0.15    0.00    7.45 ^ fanout18/A (sky130_fd_sc_hd__buf_4)
    10    0.05    0.15    0.23    7.69 ^ fanout18/X (sky130_fd_sc_hd__buf_4)
                                         net18 (net)
                  0.15    0.00    7.69 ^ fanout17/A (sky130_fd_sc_hd__clkbuf_4)
    10    0.04    0.13    0.25    7.94 ^ fanout17/X (sky130_fd_sc_hd__clkbuf_4)
                                         net17 (net)
                  0.13    0.00    7.94 ^ _1604_/A (sky130_fd_sc_hd__buf_4)
    10    0.05    0.15    0.23    8.17 ^ _1604_/X (sky130_fd_sc_hd__buf_4)
                                         _1299_ (net)
                  0.15    0.00    8.17 ^ _2765_/A (sky130_fd_sc_hd__buf_2)
    10    0.03    0.16    0.24    8.41 ^ _2765_/X (sky130_fd_sc_hd__buf_2)
                                         _1002_ (net)
                  0.16    0.00    8.42 ^ _2779_/C1 (sky130_fd_sc_hd__o211a_1)
     1    0.00    0.04    0.16    8.58 ^ _2779_/X (sky130_fd_sc_hd__o211a_1)
                                         _0185_ (net)
                  0.04    0.00    8.58 ^ _3364_/D (sky130_fd_sc_hd__dfxtp_1)
                                  8.58   data arrival time

                  0.15   14.00   14.00   clock clk (rise edge)
                          0.00   14.00   clock network delay (ideal)
                         -0.25   13.75   clock uncertainty
                          0.00   13.75   clock reconvergence pessimism
                                 13.75 ^ _3364_/CLK (sky130_fd_sc_hd__dfxtp_1)
                         -0.04   13.71   library setup time
                                 13.71   data required time
-----------------------------------------------------------------------------
                                 13.71   data required time
                                 -8.58   data arrival time
-----------------------------------------------------------------------------
                                  5.13   slack (MET)


Startpoint: _3178_ (rising edge-triggered flip-flop clocked by clk')
Endpoint: _3393_ (rising edge-triggered flip-flop clocked by clk)
Path Group: clk
Path Type: max

Fanout     Cap    Slew   Delay    Time   Description
-----------------------------------------------------------------------------
                  0.15    7.00    7.00   clock clk' (rise edge)
                          0.00    7.00   clock network delay (ideal)
                  0.15    0.00    7.00 ^ _3178_/CLK (sky130_fd_sc_hd__dfxtp_2)
     4    0.03    0.15    0.45    7.45 ^ _3178_/Q (sky130_fd_sc_hd__dfxtp_2)
                                         i_spi_reg.falling_edge_detector_sof.rstb (net)
                  0.15    0.00    7.45 ^ fanout18/A (sky130_fd_sc_hd__buf_4)
    10    0.05    0.15    0.23    7.69 ^ fanout18/X (sky130_fd_sc_hd__buf_4)
                                         net18 (net)
                  0.15    0.00    7.69 ^ fanout17/A (sky130_fd_sc_hd__clkbuf_4)
    10    0.04    0.13    0.25    7.94 ^ fanout17/X (sky130_fd_sc_hd__clkbuf_4)
                                         net17 (net)
                  0.13    0.00    7.94 ^ _1604_/A (sky130_fd_sc_hd__buf_4)
    10    0.05    0.15    0.23    8.17 ^ _1604_/X (sky130_fd_sc_hd__buf_4)
                                         _1299_ (net)
                  0.15    0.00    8.17 ^ _2839_/A (sky130_fd_sc_hd__clkbuf_4)
    10    0.04    0.13    0.25    8.42 ^ _2839_/X (sky130_fd_sc_hd__clkbuf_4)
                                         _1046_ (net)
                  0.13    0.00    8.42 ^ _2844_/C1 (sky130_fd_sc_hd__o211a_1)
     1    0.00    0.04    0.15    8.58 ^ _2844_/X (sky130_fd_sc_hd__o211a_1)
                                         _0214_ (net)
                  0.04    0.00    8.58 ^ _3393_/D (sky130_fd_sc_hd__dfxtp_1)
                                  8.58   data arrival time

                  0.15   14.00   14.00   clock clk (rise edge)
                          0.00   14.00   clock network delay (ideal)
                         -0.25   13.75   clock uncertainty
                          0.00   13.75   clock reconvergence pessimism
                                 13.75 ^ _3393_/CLK (sky130_fd_sc_hd__dfxtp_1)
                         -0.04   13.71   library setup time
                                 13.71   data required time
-----------------------------------------------------------------------------
                                 13.71   data required time
                                 -8.58   data arrival time
-----------------------------------------------------------------------------
                                  5.13   slack (MET)


Startpoint: _3178_ (rising edge-triggered flip-flop clocked by clk')
Endpoint: _3392_ (rising edge-triggered flip-flop clocked by clk)
Path Group: clk
Path Type: max

Fanout     Cap    Slew   Delay    Time   Description
-----------------------------------------------------------------------------
                  0.15    7.00    7.00   clock clk' (rise edge)
                          0.00    7.00   clock network delay (ideal)
                  0.15    0.00    7.00 ^ _3178_/CLK (sky130_fd_sc_hd__dfxtp_2)
     4    0.03    0.15    0.45    7.45 ^ _3178_/Q (sky130_fd_sc_hd__dfxtp_2)
                                         i_spi_reg.falling_edge_detector_sof.rstb (net)
                  0.15    0.00    7.45 ^ fanout18/A (sky130_fd_sc_hd__buf_4)
    10    0.05    0.15    0.23    7.69 ^ fanout18/X (sky130_fd_sc_hd__buf_4)
                                         net18 (net)
                  0.15    0.00    7.69 ^ fanout17/A (sky130_fd_sc_hd__clkbuf_4)
    10    0.04    0.13    0.25    7.94 ^ fanout17/X (sky130_fd_sc_hd__clkbuf_4)
                                         net17 (net)
                  0.13    0.00    7.94 ^ _1604_/A (sky130_fd_sc_hd__buf_4)
    10    0.05    0.15    0.23    8.17 ^ _1604_/X (sky130_fd_sc_hd__buf_4)
                                         _1299_ (net)
                  0.15    0.00    8.17 ^ _2839_/A (sky130_fd_sc_hd__clkbuf_4)
    10    0.04    0.13    0.25    8.42 ^ _2839_/X (sky130_fd_sc_hd__clkbuf_4)
                                         _1046_ (net)
                  0.13    0.00    8.42 ^ _2842_/C1 (sky130_fd_sc_hd__o211a_1)
     1    0.00    0.04    0.15    8.58 ^ _2842_/X (sky130_fd_sc_hd__o211a_1)
                                         _0213_ (net)
                  0.04    0.00    8.58 ^ _3392_/D (sky130_fd_sc_hd__dfxtp_1)
                                  8.58   data arrival time

                  0.15   14.00   14.00   clock clk (rise edge)
                          0.00   14.00   clock network delay (ideal)
                         -0.25   13.75   clock uncertainty
                          0.00   13.75   clock reconvergence pessimism
                                 13.75 ^ _3392_/CLK (sky130_fd_sc_hd__dfxtp_1)
                         -0.04   13.71   library setup time
                                 13.71   data required time
-----------------------------------------------------------------------------
                                 13.71   data required time
                                 -8.58   data arrival time
-----------------------------------------------------------------------------
                                  5.13   slack (MET)


Startpoint: _3178_ (rising edge-triggered flip-flop clocked by clk')
Endpoint: _3370_ (rising edge-triggered flip-flop clocked by clk)
Path Group: clk
Path Type: max

Fanout     Cap    Slew   Delay    Time   Description
-----------------------------------------------------------------------------
                  0.15    7.00    7.00   clock clk' (rise edge)
                          0.00    7.00   clock network delay (ideal)
                  0.15    0.00    7.00 ^ _3178_/CLK (sky130_fd_sc_hd__dfxtp_2)
     4    0.03    0.15    0.45    7.45 ^ _3178_/Q (sky130_fd_sc_hd__dfxtp_2)
                                         i_spi_reg.falling_edge_detector_sof.rstb (net)
                  0.15    0.00    7.45 ^ fanout18/A (sky130_fd_sc_hd__buf_4)
    10    0.05    0.15    0.23    7.69 ^ fanout18/X (sky130_fd_sc_hd__buf_4)
                                         net18 (net)
                  0.15    0.00    7.69 ^ fanout17/A (sky130_fd_sc_hd__clkbuf_4)
    10    0.04    0.13    0.25    7.94 ^ fanout17/X (sky130_fd_sc_hd__clkbuf_4)
                                         net17 (net)
                  0.13    0.00    7.94 ^ _1604_/A (sky130_fd_sc_hd__buf_4)
    10    0.05    0.15    0.23    8.17 ^ _1604_/X (sky130_fd_sc_hd__buf_4)
                                         _1299_ (net)
                  0.15    0.00    8.17 ^ _2765_/A (sky130_fd_sc_hd__buf_2)
    10    0.03    0.16    0.24    8.41 ^ _2765_/X (sky130_fd_sc_hd__buf_2)
                                         _1002_ (net)
                  0.16    0.00    8.42 ^ _2791_/C1 (sky130_fd_sc_hd__o211a_1)
     1    0.00    0.04    0.16    8.58 ^ _2791_/X (sky130_fd_sc_hd__o211a_1)
                                         _0191_ (net)
                  0.04    0.00    8.58 ^ _3370_/D (sky130_fd_sc_hd__dfxtp_1)
                                  8.58   data arrival time

                  0.15   14.00   14.00   clock clk (rise edge)
                          0.00   14.00   clock network delay (ideal)
                         -0.25   13.75   clock uncertainty
                          0.00   13.75   clock reconvergence pessimism
                                 13.75 ^ _3370_/CLK (sky130_fd_sc_hd__dfxtp_1)
                         -0.04   13.71   library setup time
                                 13.71   data required time
-----------------------------------------------------------------------------
                                 13.71   data required time
                                 -8.58   data arrival time
-----------------------------------------------------------------------------
                                  5.13   slack (MET)


Startpoint: _3178_ (rising edge-triggered flip-flop clocked by clk')
Endpoint: _3369_ (rising edge-triggered flip-flop clocked by clk)
Path Group: clk
Path Type: max

Fanout     Cap    Slew   Delay    Time   Description
-----------------------------------------------------------------------------
                  0.15    7.00    7.00   clock clk' (rise edge)
                          0.00    7.00   clock network delay (ideal)
                  0.15    0.00    7.00 ^ _3178_/CLK (sky130_fd_sc_hd__dfxtp_2)
     4    0.03    0.15    0.45    7.45 ^ _3178_/Q (sky130_fd_sc_hd__dfxtp_2)
                                         i_spi_reg.falling_edge_detector_sof.rstb (net)
                  0.15    0.00    7.45 ^ fanout18/A (sky130_fd_sc_hd__buf_4)
    10    0.05    0.15    0.23    7.69 ^ fanout18/X (sky130_fd_sc_hd__buf_4)
                                         net18 (net)
                  0.15    0.00    7.69 ^ fanout17/A (sky130_fd_sc_hd__clkbuf_4)
    10    0.04    0.13    0.25    7.94 ^ fanout17/X (sky130_fd_sc_hd__clkbuf_4)
                                         net17 (net)
                  0.13    0.00    7.94 ^ _1604_/A (sky130_fd_sc_hd__buf_4)
    10    0.05    0.15    0.23    8.17 ^ _1604_/X (sky130_fd_sc_hd__buf_4)
                                         _1299_ (net)
                  0.15    0.00    8.17 ^ _2765_/A (sky130_fd_sc_hd__buf_2)
    10    0.03    0.16    0.24    8.41 ^ _2765_/X (sky130_fd_sc_hd__buf_2)
                                         _1002_ (net)
                  0.16    0.00    8.42 ^ _2789_/C1 (sky130_fd_sc_hd__o211a_1)
     1    0.00    0.04    0.16    8.58 ^ _2789_/X (sky130_fd_sc_hd__o211a_1)
                                         _0190_ (net)
                  0.04    0.00    8.58 ^ _3369_/D (sky130_fd_sc_hd__dfxtp_1)
                                  8.58   data arrival time

                  0.15   14.00   14.00   clock clk (rise edge)
                          0.00   14.00   clock network delay (ideal)
                         -0.25   13.75   clock uncertainty
                          0.00   13.75   clock reconvergence pessimism
                                 13.75 ^ _3369_/CLK (sky130_fd_sc_hd__dfxtp_1)
                         -0.04   13.71   library setup time
                                 13.71   data required time
-----------------------------------------------------------------------------
                                 13.71   data required time
                                 -8.58   data arrival time
-----------------------------------------------------------------------------
                                  5.13   slack (MET)


Startpoint: _3178_ (rising edge-triggered flip-flop clocked by clk')
Endpoint: _3433_ (rising edge-triggered flip-flop clocked by clk)
Path Group: clk
Path Type: max

Fanout     Cap    Slew   Delay    Time   Description
-----------------------------------------------------------------------------
                  0.15    7.00    7.00   clock clk' (rise edge)
                          0.00    7.00   clock network delay (ideal)
                  0.15    0.00    7.00 ^ _3178_/CLK (sky130_fd_sc_hd__dfxtp_2)
     4    0.03    0.15    0.45    7.45 ^ _3178_/Q (sky130_fd_sc_hd__dfxtp_2)
                                         i_spi_reg.falling_edge_detector_sof.rstb (net)
                  0.15    0.00    7.45 ^ fanout18/A (sky130_fd_sc_hd__buf_4)
    10    0.05    0.15    0.23    7.69 ^ fanout18/X (sky130_fd_sc_hd__buf_4)
                                         net18 (net)
                  0.15    0.00    7.69 ^ fanout17/A (sky130_fd_sc_hd__clkbuf_4)
    10    0.04    0.13    0.25    7.94 ^ fanout17/X (sky130_fd_sc_hd__clkbuf_4)
                                         net17 (net)
                  0.13    0.00    7.94 ^ _1604_/A (sky130_fd_sc_hd__buf_4)
    10    0.05    0.15    0.23    8.17 ^ _1604_/X (sky130_fd_sc_hd__buf_4)
                                         _1299_ (net)
                  0.15    0.00    8.17 ^ _2933_/A (sky130_fd_sc_hd__buf_2)
    10    0.03    0.16    0.24    8.41 ^ _2933_/X (sky130_fd_sc_hd__buf_2)
                                         _1109_ (net)
                  0.16    0.00    8.41 ^ _2964_/C1 (sky130_fd_sc_hd__o211a_1)
     1    0.00    0.04    0.16    8.57 ^ _2964_/X (sky130_fd_sc_hd__o211a_1)
                                         _0254_ (net)
                  0.04    0.00    8.57 ^ _3433_/D (sky130_fd_sc_hd__dfxtp_4)
                                  8.57   data arrival time

                  0.15   14.00   14.00   clock clk (rise edge)
                          0.00   14.00   clock network delay (ideal)
                         -0.25   13.75   clock uncertainty
                          0.00   13.75   clock reconvergence pessimism
                                 13.75 ^ _3433_/CLK (sky130_fd_sc_hd__dfxtp_4)
                         -0.04   13.71   library setup time
                                 13.71   data required time
-----------------------------------------------------------------------------
                                 13.71   data required time
                                 -8.57   data arrival time
-----------------------------------------------------------------------------
                                  5.14   slack (MET)


Startpoint: _3178_ (rising edge-triggered flip-flop clocked by clk')
Endpoint: _3401_ (rising edge-triggered flip-flop clocked by clk)
Path Group: clk
Path Type: max

Fanout     Cap    Slew   Delay    Time   Description
-----------------------------------------------------------------------------
                  0.15    7.00    7.00   clock clk' (rise edge)
                          0.00    7.00   clock network delay (ideal)
                  0.15    0.00    7.00 ^ _3178_/CLK (sky130_fd_sc_hd__dfxtp_2)
     4    0.03    0.15    0.45    7.45 ^ _3178_/Q (sky130_fd_sc_hd__dfxtp_2)
                                         i_spi_reg.falling_edge_detector_sof.rstb (net)
                  0.15    0.00    7.45 ^ fanout18/A (sky130_fd_sc_hd__buf_4)
    10    0.05    0.15    0.23    7.69 ^ fanout18/X (sky130_fd_sc_hd__buf_4)
                                         net18 (net)
                  0.15    0.00    7.69 ^ fanout17/A (sky130_fd_sc_hd__clkbuf_4)
    10    0.04    0.13    0.25    7.94 ^ fanout17/X (sky130_fd_sc_hd__clkbuf_4)
                                         net17 (net)
                  0.13    0.00    7.94 ^ _1604_/A (sky130_fd_sc_hd__buf_4)
    10    0.05    0.15    0.23    8.17 ^ _1604_/X (sky130_fd_sc_hd__buf_4)
                                         _1299_ (net)
                  0.15    0.00    8.17 ^ _2863_/A (sky130_fd_sc_hd__buf_2)
    10    0.03    0.16    0.24    8.41 ^ _2863_/X (sky130_fd_sc_hd__buf_2)
                                         _1060_ (net)
                  0.16    0.00    8.41 ^ _2864_/C1 (sky130_fd_sc_hd__o211a_1)
     1    0.00    0.04    0.16    8.57 ^ _2864_/X (sky130_fd_sc_hd__o211a_1)
                                         _0222_ (net)
                  0.04    0.00    8.57 ^ _3401_/D (sky130_fd_sc_hd__dfxtp_1)
                                  8.57   data arrival time

                  0.15   14.00   14.00   clock clk (rise edge)
                          0.00   14.00   clock network delay (ideal)
                         -0.25   13.75   clock uncertainty
                          0.00   13.75   clock reconvergence pessimism
                                 13.75 ^ _3401_/CLK (sky130_fd_sc_hd__dfxtp_1)
                         -0.04   13.71   library setup time
                                 13.71   data required time
-----------------------------------------------------------------------------
                                 13.71   data required time
                                 -8.57   data arrival time
-----------------------------------------------------------------------------
                                  5.14   slack (MET)


Startpoint: _3178_ (rising edge-triggered flip-flop clocked by clk')
Endpoint: _3435_ (rising edge-triggered flip-flop clocked by clk)
Path Group: clk
Path Type: max

Fanout     Cap    Slew   Delay    Time   Description
-----------------------------------------------------------------------------
                  0.15    7.00    7.00   clock clk' (rise edge)
                          0.00    7.00   clock network delay (ideal)
                  0.15    0.00    7.00 ^ _3178_/CLK (sky130_fd_sc_hd__dfxtp_2)
     4    0.03    0.15    0.45    7.45 ^ _3178_/Q (sky130_fd_sc_hd__dfxtp_2)
                                         i_spi_reg.falling_edge_detector_sof.rstb (net)
                  0.15    0.00    7.45 ^ fanout18/A (sky130_fd_sc_hd__buf_4)
    10    0.05    0.15    0.23    7.69 ^ fanout18/X (sky130_fd_sc_hd__buf_4)
                                         net18 (net)
                  0.15    0.00    7.69 ^ fanout17/A (sky130_fd_sc_hd__clkbuf_4)
    10    0.04    0.13    0.25    7.94 ^ fanout17/X (sky130_fd_sc_hd__clkbuf_4)
                                         net17 (net)
                  0.13    0.00    7.94 ^ _1604_/A (sky130_fd_sc_hd__buf_4)
    10    0.05    0.15    0.23    8.17 ^ _1604_/X (sky130_fd_sc_hd__buf_4)
                                         _1299_ (net)
                  0.15    0.00    8.17 ^ _2933_/A (sky130_fd_sc_hd__buf_2)
    10    0.03    0.16    0.24    8.41 ^ _2933_/X (sky130_fd_sc_hd__buf_2)
                                         _1109_ (net)
                  0.16    0.00    8.41 ^ _2968_/C1 (sky130_fd_sc_hd__o211a_1)
     1    0.00    0.04    0.16    8.57 ^ _2968_/X (sky130_fd_sc_hd__o211a_1)
                                         _0256_ (net)
                  0.04    0.00    8.57 ^ _3435_/D (sky130_fd_sc_hd__dfxtp_1)
                                  8.57   data arrival time

                  0.15   14.00   14.00   clock clk (rise edge)
                          0.00   14.00   clock network delay (ideal)
                         -0.25   13.75   clock uncertainty
                          0.00   13.75   clock reconvergence pessimism
                                 13.75 ^ _3435_/CLK (sky130_fd_sc_hd__dfxtp_1)
                         -0.04   13.71   library setup time
                                 13.71   data required time
-----------------------------------------------------------------------------
                                 13.71   data required time
                                 -8.57   data arrival time
-----------------------------------------------------------------------------
                                  5.14   slack (MET)


Startpoint: _3178_ (rising edge-triggered flip-flop clocked by clk')
Endpoint: _3434_ (rising edge-triggered flip-flop clocked by clk)
Path Group: clk
Path Type: max

Fanout     Cap    Slew   Delay    Time   Description
-----------------------------------------------------------------------------
                  0.15    7.00    7.00   clock clk' (rise edge)
                          0.00    7.00   clock network delay (ideal)
                  0.15    0.00    7.00 ^ _3178_/CLK (sky130_fd_sc_hd__dfxtp_2)
     4    0.03    0.15    0.45    7.45 ^ _3178_/Q (sky130_fd_sc_hd__dfxtp_2)
                                         i_spi_reg.falling_edge_detector_sof.rstb (net)
                  0.15    0.00    7.45 ^ fanout18/A (sky130_fd_sc_hd__buf_4)
    10    0.05    0.15    0.23    7.69 ^ fanout18/X (sky130_fd_sc_hd__buf_4)
                                         net18 (net)
                  0.15    0.00    7.69 ^ fanout17/A (sky130_fd_sc_hd__clkbuf_4)
    10    0.04    0.13    0.25    7.94 ^ fanout17/X (sky130_fd_sc_hd__clkbuf_4)
                                         net17 (net)
                  0.13    0.00    7.94 ^ _1604_/A (sky130_fd_sc_hd__buf_4)
    10    0.05    0.15    0.23    8.17 ^ _1604_/X (sky130_fd_sc_hd__buf_4)
                                         _1299_ (net)
                  0.15    0.00    8.17 ^ _2933_/A (sky130_fd_sc_hd__buf_2)
    10    0.03    0.16    0.24    8.41 ^ _2933_/X (sky130_fd_sc_hd__buf_2)
                                         _1109_ (net)
                  0.16    0.00    8.41 ^ _2966_/C1 (sky130_fd_sc_hd__o211a_1)
     1    0.00    0.04    0.16    8.57 ^ _2966_/X (sky130_fd_sc_hd__o211a_1)
                                         _0255_ (net)
                  0.04    0.00    8.57 ^ _3434_/D (sky130_fd_sc_hd__dfxtp_2)
                                  8.57   data arrival time

                  0.15   14.00   14.00   clock clk (rise edge)
                          0.00   14.00   clock network delay (ideal)
                         -0.25   13.75   clock uncertainty
                          0.00   13.75   clock reconvergence pessimism
                                 13.75 ^ _3434_/CLK (sky130_fd_sc_hd__dfxtp_2)
                         -0.04   13.71   library setup time
                                 13.71   data required time
-----------------------------------------------------------------------------
                                 13.71   data required time
                                 -8.57   data arrival time
-----------------------------------------------------------------------------
                                  5.14   slack (MET)


Startpoint: _3178_ (rising edge-triggered flip-flop clocked by clk')
Endpoint: _3418_ (rising edge-triggered flip-flop clocked by clk)
Path Group: clk
Path Type: max

Fanout     Cap    Slew   Delay    Time   Description
-----------------------------------------------------------------------------
                  0.15    7.00    7.00   clock clk' (rise edge)
                          0.00    7.00   clock network delay (ideal)
                  0.15    0.00    7.00 ^ _3178_/CLK (sky130_fd_sc_hd__dfxtp_2)
     4    0.03    0.15    0.45    7.45 ^ _3178_/Q (sky130_fd_sc_hd__dfxtp_2)
                                         i_spi_reg.falling_edge_detector_sof.rstb (net)
                  0.15    0.00    7.45 ^ fanout18/A (sky130_fd_sc_hd__buf_4)
    10    0.05    0.15    0.23    7.69 ^ fanout18/X (sky130_fd_sc_hd__buf_4)
                                         net18 (net)
                  0.15    0.00    7.69 ^ fanout17/A (sky130_fd_sc_hd__clkbuf_4)
    10    0.04    0.13    0.25    7.94 ^ fanout17/X (sky130_fd_sc_hd__clkbuf_4)
                                         net17 (net)
                  0.13    0.00    7.94 ^ _1604_/A (sky130_fd_sc_hd__buf_4)
    10    0.05    0.15    0.23    8.17 ^ _1604_/X (sky130_fd_sc_hd__buf_4)
                                         _1299_ (net)
                  0.15    0.00    8.17 ^ _2863_/A (sky130_fd_sc_hd__buf_2)
    10    0.03    0.16    0.24    8.41 ^ _2863_/X (sky130_fd_sc_hd__buf_2)
                                         _1060_ (net)
                  0.16    0.00    8.41 ^ _2925_/C1 (sky130_fd_sc_hd__o211a_1)
     1    0.00    0.04    0.16    8.57 ^ _2925_/X (sky130_fd_sc_hd__o211a_1)
                                         _0239_ (net)
                  0.04    0.00    8.57 ^ _3418_/D (sky130_fd_sc_hd__dfxtp_1)
                                  8.57   data arrival time

                  0.15   14.00   14.00   clock clk (rise edge)
                          0.00   14.00   clock network delay (ideal)
                         -0.25   13.75   clock uncertainty
                          0.00   13.75   clock reconvergence pessimism
                                 13.75 ^ _3418_/CLK (sky130_fd_sc_hd__dfxtp_1)
                         -0.04   13.71   library setup time
                                 13.71   data required time
-----------------------------------------------------------------------------
                                 13.71   data required time
                                 -8.57   data arrival time
-----------------------------------------------------------------------------
                                  5.14   slack (MET)


Startpoint: _3178_ (rising edge-triggered flip-flop clocked by clk')
Endpoint: _3421_ (rising edge-triggered flip-flop clocked by clk)
Path Group: clk
Path Type: max

Fanout     Cap    Slew   Delay    Time   Description
-----------------------------------------------------------------------------
                  0.15    7.00    7.00   clock clk' (rise edge)
                          0.00    7.00   clock network delay (ideal)
                  0.15    0.00    7.00 ^ _3178_/CLK (sky130_fd_sc_hd__dfxtp_2)
     4    0.03    0.15    0.45    7.45 ^ _3178_/Q (sky130_fd_sc_hd__dfxtp_2)
                                         i_spi_reg.falling_edge_detector_sof.rstb (net)
                  0.15    0.00    7.45 ^ fanout18/A (sky130_fd_sc_hd__buf_4)
    10    0.05    0.15    0.23    7.69 ^ fanout18/X (sky130_fd_sc_hd__buf_4)
                                         net18 (net)
                  0.15    0.00    7.69 ^ fanout17/A (sky130_fd_sc_hd__clkbuf_4)
    10    0.04    0.13    0.25    7.94 ^ fanout17/X (sky130_fd_sc_hd__clkbuf_4)
                                         net17 (net)
                  0.13    0.00    7.94 ^ _1604_/A (sky130_fd_sc_hd__buf_4)
    10    0.05    0.15    0.23    8.17 ^ _1604_/X (sky130_fd_sc_hd__buf_4)
                                         _1299_ (net)
                  0.15    0.00    8.17 ^ _2863_/A (sky130_fd_sc_hd__buf_2)
    10    0.03    0.16    0.24    8.41 ^ _2863_/X (sky130_fd_sc_hd__buf_2)
                                         _1060_ (net)
                  0.16    0.00    8.41 ^ _2931_/C1 (sky130_fd_sc_hd__o211a_1)
     1    0.00    0.04    0.16    8.57 ^ _2931_/X (sky130_fd_sc_hd__o211a_1)
                                         _0242_ (net)
                  0.04    0.00    8.57 ^ _3421_/D (sky130_fd_sc_hd__dfxtp_1)
                                  8.57   data arrival time

                  0.15   14.00   14.00   clock clk (rise edge)
                          0.00   14.00   clock network delay (ideal)
                         -0.25   13.75   clock uncertainty
                          0.00   13.75   clock reconvergence pessimism
                                 13.75 ^ _3421_/CLK (sky130_fd_sc_hd__dfxtp_1)
                         -0.04   13.71   library setup time
                                 13.71   data required time
-----------------------------------------------------------------------------
                                 13.71   data required time
                                 -8.57   data arrival time
-----------------------------------------------------------------------------
                                  5.14   slack (MET)


Startpoint: _3178_ (rising edge-triggered flip-flop clocked by clk')
Endpoint: _3414_ (rising edge-triggered flip-flop clocked by clk)
Path Group: clk
Path Type: max

Fanout     Cap    Slew   Delay    Time   Description
-----------------------------------------------------------------------------
                  0.15    7.00    7.00   clock clk' (rise edge)
                          0.00    7.00   clock network delay (ideal)
                  0.15    0.00    7.00 ^ _3178_/CLK (sky130_fd_sc_hd__dfxtp_2)
     4    0.03    0.15    0.45    7.45 ^ _3178_/Q (sky130_fd_sc_hd__dfxtp_2)
                                         i_spi_reg.falling_edge_detector_sof.rstb (net)
                  0.15    0.00    7.45 ^ fanout18/A (sky130_fd_sc_hd__buf_4)
    10    0.05    0.15    0.23    7.69 ^ fanout18/X (sky130_fd_sc_hd__buf_4)
                                         net18 (net)
                  0.15    0.00    7.69 ^ fanout17/A (sky130_fd_sc_hd__clkbuf_4)
    10    0.04    0.13    0.25    7.94 ^ fanout17/X (sky130_fd_sc_hd__clkbuf_4)
                                         net17 (net)
                  0.13    0.00    7.94 ^ _1604_/A (sky130_fd_sc_hd__buf_4)
    10    0.05    0.15    0.23    8.17 ^ _1604_/X (sky130_fd_sc_hd__buf_4)
                                         _1299_ (net)
                  0.15    0.00    8.17 ^ _2863_/A (sky130_fd_sc_hd__buf_2)
    10    0.03    0.16    0.24    8.41 ^ _2863_/X (sky130_fd_sc_hd__buf_2)
                                         _1060_ (net)
                  0.16    0.00    8.41 ^ _2917_/C1 (sky130_fd_sc_hd__o211a_1)
     1    0.00    0.04    0.16    8.57 ^ _2917_/X (sky130_fd_sc_hd__o211a_1)
                                         _0235_ (net)
                  0.04    0.00    8.57 ^ _3414_/D (sky130_fd_sc_hd__dfxtp_1)
                                  8.57   data arrival time

                  0.15   14.00   14.00   clock clk (rise edge)
                          0.00   14.00   clock network delay (ideal)
                         -0.25   13.75   clock uncertainty
                          0.00   13.75   clock reconvergence pessimism
                                 13.75 ^ _3414_/CLK (sky130_fd_sc_hd__dfxtp_1)
                         -0.04   13.71   library setup time
                                 13.71   data required time
-----------------------------------------------------------------------------
                                 13.71   data required time
                                 -8.57   data arrival time
-----------------------------------------------------------------------------
                                  5.14   slack (MET)


Startpoint: _3178_ (rising edge-triggered flip-flop clocked by clk')
Endpoint: _3420_ (rising edge-triggered flip-flop clocked by clk)
Path Group: clk
Path Type: max

Fanout     Cap    Slew   Delay    Time   Description
-----------------------------------------------------------------------------
                  0.15    7.00    7.00   clock clk' (rise edge)
                          0.00    7.00   clock network delay (ideal)
                  0.15    0.00    7.00 ^ _3178_/CLK (sky130_fd_sc_hd__dfxtp_2)
     4    0.03    0.15    0.45    7.45 ^ _3178_/Q (sky130_fd_sc_hd__dfxtp_2)
                                         i_spi_reg.falling_edge_detector_sof.rstb (net)
                  0.15    0.00    7.45 ^ fanout18/A (sky130_fd_sc_hd__buf_4)
    10    0.05    0.15    0.23    7.69 ^ fanout18/X (sky130_fd_sc_hd__buf_4)
                                         net18 (net)
                  0.15    0.00    7.69 ^ fanout17/A (sky130_fd_sc_hd__clkbuf_4)
    10    0.04    0.13    0.25    7.94 ^ fanout17/X (sky130_fd_sc_hd__clkbuf_4)
                                         net17 (net)
                  0.13    0.00    7.94 ^ _1604_/A (sky130_fd_sc_hd__buf_4)
    10    0.05    0.15    0.23    8.17 ^ _1604_/X (sky130_fd_sc_hd__buf_4)
                                         _1299_ (net)
                  0.15    0.00    8.17 ^ _2863_/A (sky130_fd_sc_hd__buf_2)
    10    0.03    0.16    0.24    8.41 ^ _2863_/X (sky130_fd_sc_hd__buf_2)
                                         _1060_ (net)
                  0.16    0.00    8.41 ^ _2929_/C1 (sky130_fd_sc_hd__o211a_1)
     1    0.00    0.04    0.16    8.57 ^ _2929_/X (sky130_fd_sc_hd__o211a_1)
                                         _0241_ (net)
                  0.04    0.00    8.57 ^ _3420_/D (sky130_fd_sc_hd__dfxtp_1)
                                  8.57   data arrival time

                  0.15   14.00   14.00   clock clk (rise edge)
                          0.00   14.00   clock network delay (ideal)
                         -0.25   13.75   clock uncertainty
                          0.00   13.75   clock reconvergence pessimism
                                 13.75 ^ _3420_/CLK (sky130_fd_sc_hd__dfxtp_1)
                         -0.04   13.71   library setup time
                                 13.71   data required time
-----------------------------------------------------------------------------
                                 13.71   data required time
                                 -8.57   data arrival time
-----------------------------------------------------------------------------
                                  5.14   slack (MET)


Startpoint: _3178_ (rising edge-triggered flip-flop clocked by clk')
Endpoint: _3416_ (rising edge-triggered flip-flop clocked by clk)
Path Group: clk
Path Type: max

Fanout     Cap    Slew   Delay    Time   Description
-----------------------------------------------------------------------------
                  0.15    7.00    7.00   clock clk' (rise edge)
                          0.00    7.00   clock network delay (ideal)
                  0.15    0.00    7.00 ^ _3178_/CLK (sky130_fd_sc_hd__dfxtp_2)
     4    0.03    0.15    0.45    7.45 ^ _3178_/Q (sky130_fd_sc_hd__dfxtp_2)
                                         i_spi_reg.falling_edge_detector_sof.rstb (net)
                  0.15    0.00    7.45 ^ fanout18/A (sky130_fd_sc_hd__buf_4)
    10    0.05    0.15    0.23    7.69 ^ fanout18/X (sky130_fd_sc_hd__buf_4)
                                         net18 (net)
                  0.15    0.00    7.69 ^ fanout17/A (sky130_fd_sc_hd__clkbuf_4)
    10    0.04    0.13    0.25    7.94 ^ fanout17/X (sky130_fd_sc_hd__clkbuf_4)
                                         net17 (net)
                  0.13    0.00    7.94 ^ _1604_/A (sky130_fd_sc_hd__buf_4)
    10    0.05    0.15    0.23    8.17 ^ _1604_/X (sky130_fd_sc_hd__buf_4)
                                         _1299_ (net)
                  0.15    0.00    8.17 ^ _2863_/A (sky130_fd_sc_hd__buf_2)
    10    0.03    0.16    0.24    8.41 ^ _2863_/X (sky130_fd_sc_hd__buf_2)
                                         _1060_ (net)
                  0.16    0.00    8.41 ^ _2921_/C1 (sky130_fd_sc_hd__o211a_1)
     1    0.00    0.04    0.16    8.57 ^ _2921_/X (sky130_fd_sc_hd__o211a_1)
                                         _0237_ (net)
                  0.04    0.00    8.57 ^ _3416_/D (sky130_fd_sc_hd__dfxtp_1)
                                  8.57   data arrival time

                  0.15   14.00   14.00   clock clk (rise edge)
                          0.00   14.00   clock network delay (ideal)
                         -0.25   13.75   clock uncertainty
                          0.00   13.75   clock reconvergence pessimism
                                 13.75 ^ _3416_/CLK (sky130_fd_sc_hd__dfxtp_1)
                         -0.04   13.71   library setup time
                                 13.71   data required time
-----------------------------------------------------------------------------
                                 13.71   data required time
                                 -8.57   data arrival time
-----------------------------------------------------------------------------
                                  5.14   slack (MET)


Startpoint: _3178_ (rising edge-triggered flip-flop clocked by clk')
Endpoint: _3213_ (rising edge-triggered flip-flop clocked by clk)
Path Group: clk
Path Type: max

Fanout     Cap    Slew   Delay    Time   Description
-----------------------------------------------------------------------------
                  0.15    7.00    7.00   clock clk' (rise edge)
                          0.00    7.00   clock network delay (ideal)
                  0.15    0.00    7.00 ^ _3178_/CLK (sky130_fd_sc_hd__dfxtp_2)
     4    0.03    0.15    0.45    7.45 ^ _3178_/Q (sky130_fd_sc_hd__dfxtp_2)
                                         i_spi_reg.falling_edge_detector_sof.rstb (net)
                  0.15    0.00    7.45 ^ fanout18/A (sky130_fd_sc_hd__buf_4)
    10    0.05    0.15    0.23    7.69 ^ fanout18/X (sky130_fd_sc_hd__buf_4)
                                         net18 (net)
                  0.15    0.00    7.69 ^ _1632_/A (sky130_fd_sc_hd__clkinv_4)
     9    0.04    0.10    0.13    7.82 v _1632_/Y (sky130_fd_sc_hd__clkinv_4)
                                         _1326_ (net)
                  0.10    0.00    7.82 v _1700_/A (sky130_fd_sc_hd__or2_1)
     1    0.00    0.04    0.24    8.06 v _1700_/X (sky130_fd_sc_hd__or2_1)
                                         _1363_ (net)
                  0.04    0.00    8.06 v _1701_/A (sky130_fd_sc_hd__clkbuf_4)
    10    0.04    0.09    0.20    8.26 v _1701_/X (sky130_fd_sc_hd__clkbuf_4)
                                         _1364_ (net)
                  0.09    0.00    8.27 v _1702_/A (sky130_fd_sc_hd__buf_2)
    10    0.03    0.08    0.20    8.46 v _1702_/X (sky130_fd_sc_hd__buf_2)
                                         _1365_ (net)
                  0.08    0.00    8.46 v _1721_/A (sky130_fd_sc_hd__nor2_1)
     1    0.00    0.06    0.10    8.57 ^ _1721_/Y (sky130_fd_sc_hd__nor2_1)
                                         _0034_ (net)
                  0.06    0.00    8.57 ^ _3213_/D (sky130_fd_sc_hd__dfxtp_1)
                                  8.57   data arrival time

                  0.15   14.00   14.00   clock clk (rise edge)
                          0.00   14.00   clock network delay (ideal)
                         -0.25   13.75   clock uncertainty
                          0.00   13.75   clock reconvergence pessimism
                                 13.75 ^ _3213_/CLK (sky130_fd_sc_hd__dfxtp_1)
                         -0.04   13.71   library setup time
                                 13.71   data required time
-----------------------------------------------------------------------------
                                 13.71   data required time
                                 -8.57   data arrival time
-----------------------------------------------------------------------------
                                  5.14   slack (MET)


Startpoint: _3178_ (rising edge-triggered flip-flop clocked by clk')
Endpoint: _3419_ (rising edge-triggered flip-flop clocked by clk)
Path Group: clk
Path Type: max

Fanout     Cap    Slew   Delay    Time   Description
-----------------------------------------------------------------------------
                  0.15    7.00    7.00   clock clk' (rise edge)
                          0.00    7.00   clock network delay (ideal)
                  0.15    0.00    7.00 ^ _3178_/CLK (sky130_fd_sc_hd__dfxtp_2)
     4    0.03    0.15    0.45    7.45 ^ _3178_/Q (sky130_fd_sc_hd__dfxtp_2)
                                         i_spi_reg.falling_edge_detector_sof.rstb (net)
                  0.15    0.00    7.45 ^ fanout18/A (sky130_fd_sc_hd__buf_4)
    10    0.05    0.15    0.23    7.69 ^ fanout18/X (sky130_fd_sc_hd__buf_4)
                                         net18 (net)
                  0.15    0.00    7.69 ^ fanout17/A (sky130_fd_sc_hd__clkbuf_4)
    10    0.04    0.13    0.25    7.94 ^ fanout17/X (sky130_fd_sc_hd__clkbuf_4)
                                         net17 (net)
                  0.13    0.00    7.94 ^ _1604_/A (sky130_fd_sc_hd__buf_4)
    10    0.05    0.15    0.23    8.17 ^ _1604_/X (sky130_fd_sc_hd__buf_4)
                                         _1299_ (net)
                  0.15    0.00    8.17 ^ _2863_/A (sky130_fd_sc_hd__buf_2)
    10    0.03    0.16    0.24    8.41 ^ _2863_/X (sky130_fd_sc_hd__buf_2)
                                         _1060_ (net)
                  0.16    0.00    8.41 ^ _2927_/C1 (sky130_fd_sc_hd__o211a_1)
     1    0.00    0.04    0.16    8.57 ^ _2927_/X (sky130_fd_sc_hd__o211a_1)
                                         _0240_ (net)
                  0.04    0.00    8.57 ^ _3419_/D (sky130_fd_sc_hd__dfxtp_1)
                                  8.57   data arrival time

                  0.15   14.00   14.00   clock clk (rise edge)
                          0.00   14.00   clock network delay (ideal)
                         -0.25   13.75   clock uncertainty
                          0.00   13.75   clock reconvergence pessimism
                                 13.75 ^ _3419_/CLK (sky130_fd_sc_hd__dfxtp_1)
                         -0.04   13.71   library setup time
                                 13.71   data required time
-----------------------------------------------------------------------------
                                 13.71   data required time
                                 -8.57   data arrival time
-----------------------------------------------------------------------------
                                  5.14   slack (MET)


Startpoint: _3178_ (rising edge-triggered flip-flop clocked by clk')
Endpoint: _3413_ (rising edge-triggered flip-flop clocked by clk)
Path Group: clk
Path Type: max

Fanout     Cap    Slew   Delay    Time   Description
-----------------------------------------------------------------------------
                  0.15    7.00    7.00   clock clk' (rise edge)
                          0.00    7.00   clock network delay (ideal)
                  0.15    0.00    7.00 ^ _3178_/CLK (sky130_fd_sc_hd__dfxtp_2)
     4    0.03    0.15    0.45    7.45 ^ _3178_/Q (sky130_fd_sc_hd__dfxtp_2)
                                         i_spi_reg.falling_edge_detector_sof.rstb (net)
                  0.15    0.00    7.45 ^ fanout18/A (sky130_fd_sc_hd__buf_4)
    10    0.05    0.15    0.23    7.69 ^ fanout18/X (sky130_fd_sc_hd__buf_4)
                                         net18 (net)
                  0.15    0.00    7.69 ^ fanout17/A (sky130_fd_sc_hd__clkbuf_4)
    10    0.04    0.13    0.25    7.94 ^ fanout17/X (sky130_fd_sc_hd__clkbuf_4)
                                         net17 (net)
                  0.13    0.00    7.94 ^ _1604_/A (sky130_fd_sc_hd__buf_4)
    10    0.05    0.15    0.23    8.17 ^ _1604_/X (sky130_fd_sc_hd__buf_4)
                                         _1299_ (net)
                  0.15    0.00    8.17 ^ _2863_/A (sky130_fd_sc_hd__buf_2)
    10    0.03    0.16    0.24    8.41 ^ _2863_/X (sky130_fd_sc_hd__buf_2)
                                         _1060_ (net)
                  0.16    0.00    8.41 ^ _2915_/C1 (sky130_fd_sc_hd__o211a_1)
     1    0.00    0.04    0.16    8.57 ^ _2915_/X (sky130_fd_sc_hd__o211a_1)
                                         _0234_ (net)
                  0.04    0.00    8.57 ^ _3413_/D (sky130_fd_sc_hd__dfxtp_1)
                                  8.57   data arrival time

                  0.15   14.00   14.00   clock clk (rise edge)
                          0.00   14.00   clock network delay (ideal)
                         -0.25   13.75   clock uncertainty
                          0.00   13.75   clock reconvergence pessimism
                                 13.75 ^ _3413_/CLK (sky130_fd_sc_hd__dfxtp_1)
                         -0.04   13.71   library setup time
                                 13.71   data required time
-----------------------------------------------------------------------------
                                 13.71   data required time
                                 -8.57   data arrival time
-----------------------------------------------------------------------------
                                  5.14   slack (MET)


Startpoint: _3178_ (rising edge-triggered flip-flop clocked by clk')
Endpoint: _3348_ (rising edge-triggered flip-flop clocked by clk)
Path Group: clk
Path Type: max

Fanout     Cap    Slew   Delay    Time   Description
-----------------------------------------------------------------------------
                  0.15    7.00    7.00   clock clk' (rise edge)
                          0.00    7.00   clock network delay (ideal)
                  0.15    0.00    7.00 ^ _3178_/CLK (sky130_fd_sc_hd__dfxtp_2)
     4    0.03    0.15    0.45    7.45 ^ _3178_/Q (sky130_fd_sc_hd__dfxtp_2)
                                         i_spi_reg.falling_edge_detector_sof.rstb (net)
                  0.15    0.00    7.45 ^ fanout18/A (sky130_fd_sc_hd__buf_4)
    10    0.05    0.15    0.23    7.69 ^ fanout18/X (sky130_fd_sc_hd__buf_4)
                                         net18 (net)
                  0.15    0.00    7.69 ^ fanout17/A (sky130_fd_sc_hd__clkbuf_4)
    10    0.04    0.13    0.25    7.94 ^ fanout17/X (sky130_fd_sc_hd__clkbuf_4)
                                         net17 (net)
                  0.13    0.00    7.94 ^ _1604_/A (sky130_fd_sc_hd__buf_4)
    10    0.05    0.15    0.23    8.17 ^ _1604_/X (sky130_fd_sc_hd__buf_4)
                                         _1299_ (net)
                  0.15    0.00    8.17 ^ _2538_/A (sky130_fd_sc_hd__buf_2)
    10    0.03    0.15    0.23    8.41 ^ _2538_/X (sky130_fd_sc_hd__buf_2)
                                         _0788_ (net)
                  0.15    0.00    8.41 ^ _2539_/C1 (sky130_fd_sc_hd__o211a_1)
     1    0.00    0.04    0.16    8.57 ^ _2539_/X (sky130_fd_sc_hd__o211a_1)
                                         _0169_ (net)
                  0.04    0.00    8.57 ^ _3348_/D (sky130_fd_sc_hd__dfxtp_1)
                                  8.57   data arrival time

                  0.15   14.00   14.00   clock clk (rise edge)
                          0.00   14.00   clock network delay (ideal)
                         -0.25   13.75   clock uncertainty
                          0.00   13.75   clock reconvergence pessimism
                                 13.75 ^ _3348_/CLK (sky130_fd_sc_hd__dfxtp_1)
                         -0.04   13.71   library setup time
                                 13.71   data required time
-----------------------------------------------------------------------------
                                 13.71   data required time
                                 -8.57   data arrival time
-----------------------------------------------------------------------------
                                  5.14   slack (MET)


Startpoint: _3178_ (rising edge-triggered flip-flop clocked by clk')
Endpoint: _3355_ (rising edge-triggered flip-flop clocked by clk)
Path Group: clk
Path Type: max

Fanout     Cap    Slew   Delay    Time   Description
-----------------------------------------------------------------------------
                  0.15    7.00    7.00   clock clk' (rise edge)
                          0.00    7.00   clock network delay (ideal)
                  0.15    0.00    7.00 ^ _3178_/CLK (sky130_fd_sc_hd__dfxtp_2)
     4    0.03    0.15    0.45    7.45 ^ _3178_/Q (sky130_fd_sc_hd__dfxtp_2)
                                         i_spi_reg.falling_edge_detector_sof.rstb (net)
                  0.15    0.00    7.45 ^ fanout18/A (sky130_fd_sc_hd__buf_4)
    10    0.05    0.15    0.23    7.69 ^ fanout18/X (sky130_fd_sc_hd__buf_4)
                                         net18 (net)
                  0.15    0.00    7.69 ^ fanout17/A (sky130_fd_sc_hd__clkbuf_4)
    10    0.04    0.13    0.25    7.94 ^ fanout17/X (sky130_fd_sc_hd__clkbuf_4)
                                         net17 (net)
                  0.13    0.00    7.94 ^ _1604_/A (sky130_fd_sc_hd__buf_4)
    10    0.05    0.15    0.23    8.17 ^ _1604_/X (sky130_fd_sc_hd__buf_4)
                                         _1299_ (net)
                  0.15    0.00    8.17 ^ _2538_/A (sky130_fd_sc_hd__buf_2)
    10    0.03    0.15    0.23    8.41 ^ _2538_/X (sky130_fd_sc_hd__buf_2)
                                         _0788_ (net)
                  0.15    0.00    8.41 ^ _2657_/C1 (sky130_fd_sc_hd__o211a_1)
     1    0.00    0.04    0.16    8.57 ^ _2657_/X (sky130_fd_sc_hd__o211a_1)
                                         _0176_ (net)
                  0.04    0.00    8.57 ^ _3355_/D (sky130_fd_sc_hd__dfxtp_1)
                                  8.57   data arrival time

                  0.15   14.00   14.00   clock clk (rise edge)
                          0.00   14.00   clock network delay (ideal)
                         -0.25   13.75   clock uncertainty
                          0.00   13.75   clock reconvergence pessimism
                                 13.75 ^ _3355_/CLK (sky130_fd_sc_hd__dfxtp_1)
                         -0.04   13.71   library setup time
                                 13.71   data required time
-----------------------------------------------------------------------------
                                 13.71   data required time
                                 -8.57   data arrival time
-----------------------------------------------------------------------------
                                  5.14   slack (MET)


Startpoint: _3178_ (rising edge-triggered flip-flop clocked by clk')
Endpoint: _3415_ (rising edge-triggered flip-flop clocked by clk)
Path Group: clk
Path Type: max

Fanout     Cap    Slew   Delay    Time   Description
-----------------------------------------------------------------------------
                  0.15    7.00    7.00   clock clk' (rise edge)
                          0.00    7.00   clock network delay (ideal)
                  0.15    0.00    7.00 ^ _3178_/CLK (sky130_fd_sc_hd__dfxtp_2)
     4    0.03    0.15    0.45    7.45 ^ _3178_/Q (sky130_fd_sc_hd__dfxtp_2)
                                         i_spi_reg.falling_edge_detector_sof.rstb (net)
                  0.15    0.00    7.45 ^ fanout18/A (sky130_fd_sc_hd__buf_4)
    10    0.05    0.15    0.23    7.69 ^ fanout18/X (sky130_fd_sc_hd__buf_4)
                                         net18 (net)
                  0.15    0.00    7.69 ^ fanout17/A (sky130_fd_sc_hd__clkbuf_4)
    10    0.04    0.13    0.25    7.94 ^ fanout17/X (sky130_fd_sc_hd__clkbuf_4)
                                         net17 (net)
                  0.13    0.00    7.94 ^ _1604_/A (sky130_fd_sc_hd__buf_4)
    10    0.05    0.15    0.23    8.17 ^ _1604_/X (sky130_fd_sc_hd__buf_4)
                                         _1299_ (net)
                  0.15    0.00    8.17 ^ _2863_/A (sky130_fd_sc_hd__buf_2)
    10    0.03    0.16    0.24    8.41 ^ _2863_/X (sky130_fd_sc_hd__buf_2)
                                         _1060_ (net)
                  0.16    0.00    8.41 ^ _2919_/C1 (sky130_fd_sc_hd__o211a_1)
     1    0.00    0.04    0.16    8.57 ^ _2919_/X (sky130_fd_sc_hd__o211a_1)
                                         _0236_ (net)
                  0.04    0.00    8.57 ^ _3415_/D (sky130_fd_sc_hd__dfxtp_1)
                                  8.57   data arrival time

                  0.15   14.00   14.00   clock clk (rise edge)
                          0.00   14.00   clock network delay (ideal)
                         -0.25   13.75   clock uncertainty
                          0.00   13.75   clock reconvergence pessimism
                                 13.75 ^ _3415_/CLK (sky130_fd_sc_hd__dfxtp_1)
                         -0.04   13.71   library setup time
                                 13.71   data required time
-----------------------------------------------------------------------------
                                 13.71   data required time
                                 -8.57   data arrival time
-----------------------------------------------------------------------------
                                  5.14   slack (MET)


Startpoint: _3178_ (rising edge-triggered flip-flop clocked by clk')
Endpoint: _3349_ (rising edge-triggered flip-flop clocked by clk)
Path Group: clk
Path Type: max

Fanout     Cap    Slew   Delay    Time   Description
-----------------------------------------------------------------------------
                  0.15    7.00    7.00   clock clk' (rise edge)
                          0.00    7.00   clock network delay (ideal)
                  0.15    0.00    7.00 ^ _3178_/CLK (sky130_fd_sc_hd__dfxtp_2)
     4    0.03    0.15    0.45    7.45 ^ _3178_/Q (sky130_fd_sc_hd__dfxtp_2)
                                         i_spi_reg.falling_edge_detector_sof.rstb (net)
                  0.15    0.00    7.45 ^ fanout18/A (sky130_fd_sc_hd__buf_4)
    10    0.05    0.15    0.23    7.69 ^ fanout18/X (sky130_fd_sc_hd__buf_4)
                                         net18 (net)
                  0.15    0.00    7.69 ^ fanout17/A (sky130_fd_sc_hd__clkbuf_4)
    10    0.04    0.13    0.25    7.94 ^ fanout17/X (sky130_fd_sc_hd__clkbuf_4)
                                         net17 (net)
                  0.13    0.00    7.94 ^ _1604_/A (sky130_fd_sc_hd__buf_4)
    10    0.05    0.15    0.23    8.17 ^ _1604_/X (sky130_fd_sc_hd__buf_4)
                                         _1299_ (net)
                  0.15    0.00    8.17 ^ _2538_/A (sky130_fd_sc_hd__buf_2)
    10    0.03    0.15    0.23    8.41 ^ _2538_/X (sky130_fd_sc_hd__buf_2)
                                         _0788_ (net)
                  0.15    0.00    8.41 ^ _2555_/C1 (sky130_fd_sc_hd__o211a_1)
     1    0.00    0.04    0.16    8.57 ^ _2555_/X (sky130_fd_sc_hd__o211a_1)
                                         _0170_ (net)
                  0.04    0.00    8.57 ^ _3349_/D (sky130_fd_sc_hd__dfxtp_1)
                                  8.57   data arrival time

                  0.15   14.00   14.00   clock clk (rise edge)
                          0.00   14.00   clock network delay (ideal)
                         -0.25   13.75   clock uncertainty
                          0.00   13.75   clock reconvergence pessimism
                                 13.75 ^ _3349_/CLK (sky130_fd_sc_hd__dfxtp_1)
                         -0.04   13.71   library setup time
                                 13.71   data required time
-----------------------------------------------------------------------------
                                 13.71   data required time
                                 -8.57   data arrival time
-----------------------------------------------------------------------------
                                  5.14   slack (MET)


Startpoint: _3178_ (rising edge-triggered flip-flop clocked by clk')
Endpoint: _3359_ (rising edge-triggered flip-flop clocked by clk)
Path Group: clk
Path Type: max

Fanout     Cap    Slew   Delay    Time   Description
-----------------------------------------------------------------------------
                  0.15    7.00    7.00   clock clk' (rise edge)
                          0.00    7.00   clock network delay (ideal)
                  0.15    0.00    7.00 ^ _3178_/CLK (sky130_fd_sc_hd__dfxtp_2)
     4    0.03    0.15    0.45    7.45 ^ _3178_/Q (sky130_fd_sc_hd__dfxtp_2)
                                         i_spi_reg.falling_edge_detector_sof.rstb (net)
                  0.15    0.00    7.45 ^ fanout18/A (sky130_fd_sc_hd__buf_4)
    10    0.05    0.15    0.23    7.69 ^ fanout18/X (sky130_fd_sc_hd__buf_4)
                                         net18 (net)
                  0.15    0.00    7.69 ^ fanout17/A (sky130_fd_sc_hd__clkbuf_4)
    10    0.04    0.13    0.25    7.94 ^ fanout17/X (sky130_fd_sc_hd__clkbuf_4)
                                         net17 (net)
                  0.13    0.00    7.94 ^ _1604_/A (sky130_fd_sc_hd__buf_4)
    10    0.05    0.15    0.23    8.17 ^ _1604_/X (sky130_fd_sc_hd__buf_4)
                                         _1299_ (net)
                  0.15    0.00    8.17 ^ _2538_/A (sky130_fd_sc_hd__buf_2)
    10    0.03    0.15    0.23    8.41 ^ _2538_/X (sky130_fd_sc_hd__buf_2)
                                         _0788_ (net)
                  0.15    0.00    8.41 ^ _2727_/C1 (sky130_fd_sc_hd__o211a_1)
     1    0.00    0.04    0.16    8.57 ^ _2727_/X (sky130_fd_sc_hd__o211a_1)
                                         _0180_ (net)
                  0.04    0.00    8.57 ^ _3359_/D (sky130_fd_sc_hd__dfxtp_1)
                                  8.57   data arrival time

                  0.15   14.00   14.00   clock clk (rise edge)
                          0.00   14.00   clock network delay (ideal)
                         -0.25   13.75   clock uncertainty
                          0.00   13.75   clock reconvergence pessimism
                                 13.75 ^ _3359_/CLK (sky130_fd_sc_hd__dfxtp_1)
                         -0.04   13.71   library setup time
                                 13.71   data required time
-----------------------------------------------------------------------------
                                 13.71   data required time
                                 -8.57   data arrival time
-----------------------------------------------------------------------------
                                  5.14   slack (MET)


Startpoint: _3178_ (rising edge-triggered flip-flop clocked by clk')
Endpoint: _3352_ (rising edge-triggered flip-flop clocked by clk)
Path Group: clk
Path Type: max

Fanout     Cap    Slew   Delay    Time   Description
-----------------------------------------------------------------------------
                  0.15    7.00    7.00   clock clk' (rise edge)
                          0.00    7.00   clock network delay (ideal)
                  0.15    0.00    7.00 ^ _3178_/CLK (sky130_fd_sc_hd__dfxtp_2)
     4    0.03    0.15    0.45    7.45 ^ _3178_/Q (sky130_fd_sc_hd__dfxtp_2)
                                         i_spi_reg.falling_edge_detector_sof.rstb (net)
                  0.15    0.00    7.45 ^ fanout18/A (sky130_fd_sc_hd__buf_4)
    10    0.05    0.15    0.23    7.69 ^ fanout18/X (sky130_fd_sc_hd__buf_4)
                                         net18 (net)
                  0.15    0.00    7.69 ^ fanout17/A (sky130_fd_sc_hd__clkbuf_4)
    10    0.04    0.13    0.25    7.94 ^ fanout17/X (sky130_fd_sc_hd__clkbuf_4)
                                         net17 (net)
                  0.13    0.00    7.94 ^ _1604_/A (sky130_fd_sc_hd__buf_4)
    10    0.05    0.15    0.23    8.17 ^ _1604_/X (sky130_fd_sc_hd__buf_4)
                                         _1299_ (net)
                  0.15    0.00    8.17 ^ _2538_/A (sky130_fd_sc_hd__buf_2)
    10    0.03    0.15    0.23    8.41 ^ _2538_/X (sky130_fd_sc_hd__buf_2)
                                         _0788_ (net)
                  0.15    0.00    8.41 ^ _2602_/C1 (sky130_fd_sc_hd__o211a_1)
     1    0.00    0.04    0.16    8.57 ^ _2602_/X (sky130_fd_sc_hd__o211a_1)
                                         _0173_ (net)
                  0.04    0.00    8.57 ^ _3352_/D (sky130_fd_sc_hd__dfxtp_1)
                                  8.57   data arrival time

                  0.15   14.00   14.00   clock clk (rise edge)
                          0.00   14.00   clock network delay (ideal)
                         -0.25   13.75   clock uncertainty
                          0.00   13.75   clock reconvergence pessimism
                                 13.75 ^ _3352_/CLK (sky130_fd_sc_hd__dfxtp_1)
                         -0.04   13.71   library setup time
                                 13.71   data required time
-----------------------------------------------------------------------------
                                 13.71   data required time
                                 -8.57   data arrival time
-----------------------------------------------------------------------------
                                  5.14   slack (MET)


Startpoint: _3178_ (rising edge-triggered flip-flop clocked by clk')
Endpoint: _3428_ (rising edge-triggered flip-flop clocked by clk)
Path Group: clk
Path Type: max

Fanout     Cap    Slew   Delay    Time   Description
-----------------------------------------------------------------------------
                  0.15    7.00    7.00   clock clk' (rise edge)
                          0.00    7.00   clock network delay (ideal)
                  0.15    0.00    7.00 ^ _3178_/CLK (sky130_fd_sc_hd__dfxtp_2)
     4    0.03    0.15    0.45    7.45 ^ _3178_/Q (sky130_fd_sc_hd__dfxtp_2)
                                         i_spi_reg.falling_edge_detector_sof.rstb (net)
                  0.15    0.00    7.45 ^ fanout18/A (sky130_fd_sc_hd__buf_4)
    10    0.05    0.15    0.23    7.69 ^ fanout18/X (sky130_fd_sc_hd__buf_4)
                                         net18 (net)
                  0.15    0.00    7.69 ^ fanout17/A (sky130_fd_sc_hd__clkbuf_4)
    10    0.04    0.13    0.25    7.94 ^ fanout17/X (sky130_fd_sc_hd__clkbuf_4)
                                         net17 (net)
                  0.13    0.00    7.94 ^ _1604_/A (sky130_fd_sc_hd__buf_4)
    10    0.05    0.15    0.23    8.17 ^ _1604_/X (sky130_fd_sc_hd__buf_4)
                                         _1299_ (net)
                  0.15    0.00    8.17 ^ _2933_/A (sky130_fd_sc_hd__buf_2)
    10    0.03    0.16    0.24    8.41 ^ _2933_/X (sky130_fd_sc_hd__buf_2)
                                         _1109_ (net)
                  0.16    0.00    8.41 ^ _2946_/C1 (sky130_fd_sc_hd__o211a_1)
     1    0.00    0.04    0.16    8.57 ^ _2946_/X (sky130_fd_sc_hd__o211a_1)
                                         _0249_ (net)
                  0.04    0.00    8.57 ^ _3428_/D (sky130_fd_sc_hd__dfxtp_1)
                                  8.57   data arrival time

                  0.15   14.00   14.00   clock clk (rise edge)
                          0.00   14.00   clock network delay (ideal)
                         -0.25   13.75   clock uncertainty
                          0.00   13.75   clock reconvergence pessimism
                                 13.75 ^ _3428_/CLK (sky130_fd_sc_hd__dfxtp_1)
                         -0.04   13.71   library setup time
                                 13.71   data required time
-----------------------------------------------------------------------------
                                 13.71   data required time
                                 -8.57   data arrival time
-----------------------------------------------------------------------------
                                  5.14   slack (MET)


Startpoint: _3178_ (rising edge-triggered flip-flop clocked by clk')
Endpoint: _3354_ (rising edge-triggered flip-flop clocked by clk)
Path Group: clk
Path Type: max

Fanout     Cap    Slew   Delay    Time   Description
-----------------------------------------------------------------------------
                  0.15    7.00    7.00   clock clk' (rise edge)
                          0.00    7.00   clock network delay (ideal)
                  0.15    0.00    7.00 ^ _3178_/CLK (sky130_fd_sc_hd__dfxtp_2)
     4    0.03    0.15    0.45    7.45 ^ _3178_/Q (sky130_fd_sc_hd__dfxtp_2)
                                         i_spi_reg.falling_edge_detector_sof.rstb (net)
                  0.15    0.00    7.45 ^ fanout18/A (sky130_fd_sc_hd__buf_4)
    10    0.05    0.15    0.23    7.69 ^ fanout18/X (sky130_fd_sc_hd__buf_4)
                                         net18 (net)
                  0.15    0.00    7.69 ^ fanout17/A (sky130_fd_sc_hd__clkbuf_4)
    10    0.04    0.13    0.25    7.94 ^ fanout17/X (sky130_fd_sc_hd__clkbuf_4)
                                         net17 (net)
                  0.13    0.00    7.94 ^ _1604_/A (sky130_fd_sc_hd__buf_4)
    10    0.05    0.15    0.23    8.17 ^ _1604_/X (sky130_fd_sc_hd__buf_4)
                                         _1299_ (net)
                  0.15    0.00    8.17 ^ _2538_/A (sky130_fd_sc_hd__buf_2)
    10    0.03    0.15    0.23    8.41 ^ _2538_/X (sky130_fd_sc_hd__buf_2)
                                         _0788_ (net)
                  0.15    0.00    8.41 ^ _2639_/C1 (sky130_fd_sc_hd__o211a_1)
     1    0.00    0.04    0.16    8.57 ^ _2639_/X (sky130_fd_sc_hd__o211a_1)
                                         _0175_ (net)
                  0.04    0.00    8.57 ^ _3354_/D (sky130_fd_sc_hd__dfxtp_1)
                                  8.57   data arrival time

                  0.15   14.00   14.00   clock clk (rise edge)
                          0.00   14.00   clock network delay (ideal)
                         -0.25   13.75   clock uncertainty
                          0.00   13.75   clock reconvergence pessimism
                                 13.75 ^ _3354_/CLK (sky130_fd_sc_hd__dfxtp_1)
                         -0.04   13.71   library setup time
                                 13.71   data required time
-----------------------------------------------------------------------------
                                 13.71   data required time
                                 -8.57   data arrival time
-----------------------------------------------------------------------------
                                  5.14   slack (MET)


Startpoint: _3178_ (rising edge-triggered flip-flop clocked by clk')
Endpoint: _3356_ (rising edge-triggered flip-flop clocked by clk)
Path Group: clk
Path Type: max

Fanout     Cap    Slew   Delay    Time   Description
-----------------------------------------------------------------------------
                  0.15    7.00    7.00   clock clk' (rise edge)
                          0.00    7.00   clock network delay (ideal)
                  0.15    0.00    7.00 ^ _3178_/CLK (sky130_fd_sc_hd__dfxtp_2)
     4    0.03    0.15    0.45    7.45 ^ _3178_/Q (sky130_fd_sc_hd__dfxtp_2)
                                         i_spi_reg.falling_edge_detector_sof.rstb (net)
                  0.15    0.00    7.45 ^ fanout18/A (sky130_fd_sc_hd__buf_4)
    10    0.05    0.15    0.23    7.69 ^ fanout18/X (sky130_fd_sc_hd__buf_4)
                                         net18 (net)
                  0.15    0.00    7.69 ^ fanout17/A (sky130_fd_sc_hd__clkbuf_4)
    10    0.04    0.13    0.25    7.94 ^ fanout17/X (sky130_fd_sc_hd__clkbuf_4)
                                         net17 (net)
                  0.13    0.00    7.94 ^ _1604_/A (sky130_fd_sc_hd__buf_4)
    10    0.05    0.15    0.23    8.17 ^ _1604_/X (sky130_fd_sc_hd__buf_4)
                                         _1299_ (net)
                  0.15    0.00    8.17 ^ _2538_/A (sky130_fd_sc_hd__buf_2)
    10    0.03    0.15    0.23    8.41 ^ _2538_/X (sky130_fd_sc_hd__buf_2)
                                         _0788_ (net)
                  0.15    0.00    8.41 ^ _2675_/C1 (sky130_fd_sc_hd__o211a_1)
     1    0.00    0.04    0.16    8.57 ^ _2675_/X (sky130_fd_sc_hd__o211a_1)
                                         _0177_ (net)
                  0.04    0.00    8.57 ^ _3356_/D (sky130_fd_sc_hd__dfxtp_1)
                                  8.57   data arrival time

                  0.15   14.00   14.00   clock clk (rise edge)
                          0.00   14.00   clock network delay (ideal)
                         -0.25   13.75   clock uncertainty
                          0.00   13.75   clock reconvergence pessimism
                                 13.75 ^ _3356_/CLK (sky130_fd_sc_hd__dfxtp_1)
                         -0.04   13.71   library setup time
                                 13.71   data required time
-----------------------------------------------------------------------------
                                 13.71   data required time
                                 -8.57   data arrival time
-----------------------------------------------------------------------------
                                  5.14   slack (MET)


Startpoint: _3178_ (rising edge-triggered flip-flop clocked by clk')
Endpoint: _3427_ (rising edge-triggered flip-flop clocked by clk)
Path Group: clk
Path Type: max

Fanout     Cap    Slew   Delay    Time   Description
-----------------------------------------------------------------------------
                  0.15    7.00    7.00   clock clk' (rise edge)
                          0.00    7.00   clock network delay (ideal)
                  0.15    0.00    7.00 ^ _3178_/CLK (sky130_fd_sc_hd__dfxtp_2)
     4    0.03    0.15    0.45    7.45 ^ _3178_/Q (sky130_fd_sc_hd__dfxtp_2)
                                         i_spi_reg.falling_edge_detector_sof.rstb (net)
                  0.15    0.00    7.45 ^ fanout18/A (sky130_fd_sc_hd__buf_4)
    10    0.05    0.15    0.23    7.69 ^ fanout18/X (sky130_fd_sc_hd__buf_4)
                                         net18 (net)
                  0.15    0.00    7.69 ^ fanout17/A (sky130_fd_sc_hd__clkbuf_4)
    10    0.04    0.13    0.25    7.94 ^ fanout17/X (sky130_fd_sc_hd__clkbuf_4)
                                         net17 (net)
                  0.13    0.00    7.94 ^ _1604_/A (sky130_fd_sc_hd__buf_4)
    10    0.05    0.15    0.23    8.17 ^ _1604_/X (sky130_fd_sc_hd__buf_4)
                                         _1299_ (net)
                  0.15    0.00    8.17 ^ _2933_/A (sky130_fd_sc_hd__buf_2)
    10    0.03    0.16    0.24    8.41 ^ _2933_/X (sky130_fd_sc_hd__buf_2)
                                         _1109_ (net)
                  0.16    0.00    8.41 ^ _2944_/C1 (sky130_fd_sc_hd__o211a_1)
     1    0.00    0.04    0.16    8.57 ^ _2944_/X (sky130_fd_sc_hd__o211a_1)
                                         _0248_ (net)
                  0.04    0.00    8.57 ^ _3427_/D (sky130_fd_sc_hd__dfxtp_1)
                                  8.57   data arrival time

                  0.15   14.00   14.00   clock clk (rise edge)
                          0.00   14.00   clock network delay (ideal)
                         -0.25   13.75   clock uncertainty
                          0.00   13.75   clock reconvergence pessimism
                                 13.75 ^ _3427_/CLK (sky130_fd_sc_hd__dfxtp_1)
                         -0.04   13.71   library setup time
                                 13.71   data required time
-----------------------------------------------------------------------------
                                 13.71   data required time
                                 -8.57   data arrival time
-----------------------------------------------------------------------------
                                  5.14   slack (MET)


Startpoint: _3178_ (rising edge-triggered flip-flop clocked by clk')
Endpoint: _3353_ (rising edge-triggered flip-flop clocked by clk)
Path Group: clk
Path Type: max

Fanout     Cap    Slew   Delay    Time   Description
-----------------------------------------------------------------------------
                  0.15    7.00    7.00   clock clk' (rise edge)
                          0.00    7.00   clock network delay (ideal)
                  0.15    0.00    7.00 ^ _3178_/CLK (sky130_fd_sc_hd__dfxtp_2)
     4    0.03    0.15    0.45    7.45 ^ _3178_/Q (sky130_fd_sc_hd__dfxtp_2)
                                         i_spi_reg.falling_edge_detector_sof.rstb (net)
                  0.15    0.00    7.45 ^ fanout18/A (sky130_fd_sc_hd__buf_4)
    10    0.05    0.15    0.23    7.69 ^ fanout18/X (sky130_fd_sc_hd__buf_4)
                                         net18 (net)
                  0.15    0.00    7.69 ^ fanout17/A (sky130_fd_sc_hd__clkbuf_4)
    10    0.04    0.13    0.25    7.94 ^ fanout17/X (sky130_fd_sc_hd__clkbuf_4)
                                         net17 (net)
                  0.13    0.00    7.94 ^ _1604_/A (sky130_fd_sc_hd__buf_4)
    10    0.05    0.15    0.23    8.17 ^ _1604_/X (sky130_fd_sc_hd__buf_4)
                                         _1299_ (net)
                  0.15    0.00    8.17 ^ _2538_/A (sky130_fd_sc_hd__buf_2)
    10    0.03    0.15    0.23    8.41 ^ _2538_/X (sky130_fd_sc_hd__buf_2)
                                         _0788_ (net)
                  0.15    0.00    8.41 ^ _2617_/C1 (sky130_fd_sc_hd__o211a_1)
     1    0.00    0.04    0.16    8.57 ^ _2617_/X (sky130_fd_sc_hd__o211a_1)
                                         _0174_ (net)
                  0.04    0.00    8.57 ^ _3353_/D (sky130_fd_sc_hd__dfxtp_1)
                                  8.57   data arrival time

                  0.15   14.00   14.00   clock clk (rise edge)
                          0.00   14.00   clock network delay (ideal)
                         -0.25   13.75   clock uncertainty
                          0.00   13.75   clock reconvergence pessimism
                                 13.75 ^ _3353_/CLK (sky130_fd_sc_hd__dfxtp_1)
                         -0.04   13.71   library setup time
                                 13.71   data required time
-----------------------------------------------------------------------------
                                 13.71   data required time
                                 -8.57   data arrival time
-----------------------------------------------------------------------------
                                  5.14   slack (MET)


Startpoint: _3178_ (rising edge-triggered flip-flop clocked by clk')
Endpoint: _3417_ (rising edge-triggered flip-flop clocked by clk)
Path Group: clk
Path Type: max

Fanout     Cap    Slew   Delay    Time   Description
-----------------------------------------------------------------------------
                  0.15    7.00    7.00   clock clk' (rise edge)
                          0.00    7.00   clock network delay (ideal)
                  0.15    0.00    7.00 ^ _3178_/CLK (sky130_fd_sc_hd__dfxtp_2)
     4    0.03    0.15    0.45    7.45 ^ _3178_/Q (sky130_fd_sc_hd__dfxtp_2)
                                         i_spi_reg.falling_edge_detector_sof.rstb (net)
                  0.15    0.00    7.45 ^ fanout18/A (sky130_fd_sc_hd__buf_4)
    10    0.05    0.15    0.23    7.69 ^ fanout18/X (sky130_fd_sc_hd__buf_4)
                                         net18 (net)
                  0.15    0.00    7.69 ^ fanout17/A (sky130_fd_sc_hd__clkbuf_4)
    10    0.04    0.13    0.25    7.94 ^ fanout17/X (sky130_fd_sc_hd__clkbuf_4)
                                         net17 (net)
                  0.13    0.00    7.94 ^ _1604_/A (sky130_fd_sc_hd__buf_4)
    10    0.05    0.15    0.23    8.17 ^ _1604_/X (sky130_fd_sc_hd__buf_4)
                                         _1299_ (net)
                  0.15    0.00    8.17 ^ _2863_/A (sky130_fd_sc_hd__buf_2)
    10    0.03    0.16    0.24    8.41 ^ _2863_/X (sky130_fd_sc_hd__buf_2)
                                         _1060_ (net)
                  0.16    0.00    8.41 ^ _2923_/C1 (sky130_fd_sc_hd__o211a_1)
     1    0.00    0.04    0.16    8.57 ^ _2923_/X (sky130_fd_sc_hd__o211a_1)
                                         _0238_ (net)
                  0.04    0.00    8.57 ^ _3417_/D (sky130_fd_sc_hd__dfxtp_1)
                                  8.57   data arrival time

                  0.15   14.00   14.00   clock clk (rise edge)
                          0.00   14.00   clock network delay (ideal)
                         -0.25   13.75   clock uncertainty
                          0.00   13.75   clock reconvergence pessimism
                                 13.75 ^ _3417_/CLK (sky130_fd_sc_hd__dfxtp_1)
                         -0.04   13.71   library setup time
                                 13.71   data required time
-----------------------------------------------------------------------------
                                 13.71   data required time
                                 -8.57   data arrival time
-----------------------------------------------------------------------------
                                  5.14   slack (MET)


Startpoint: _3178_ (rising edge-triggered flip-flop clocked by clk')
Endpoint: _3425_ (rising edge-triggered flip-flop clocked by clk)
Path Group: clk
Path Type: max

Fanout     Cap    Slew   Delay    Time   Description
-----------------------------------------------------------------------------
                  0.15    7.00    7.00   clock clk' (rise edge)
                          0.00    7.00   clock network delay (ideal)
                  0.15    0.00    7.00 ^ _3178_/CLK (sky130_fd_sc_hd__dfxtp_2)
     4    0.03    0.15    0.45    7.45 ^ _3178_/Q (sky130_fd_sc_hd__dfxtp_2)
                                         i_spi_reg.falling_edge_detector_sof.rstb (net)
                  0.15    0.00    7.45 ^ fanout18/A (sky130_fd_sc_hd__buf_4)
    10    0.05    0.15    0.23    7.69 ^ fanout18/X (sky130_fd_sc_hd__buf_4)
                                         net18 (net)
                  0.15    0.00    7.69 ^ fanout17/A (sky130_fd_sc_hd__clkbuf_4)
    10    0.04    0.13    0.25    7.94 ^ fanout17/X (sky130_fd_sc_hd__clkbuf_4)
                                         net17 (net)
                  0.13    0.00    7.94 ^ _1604_/A (sky130_fd_sc_hd__buf_4)
    10    0.05    0.15    0.23    8.17 ^ _1604_/X (sky130_fd_sc_hd__buf_4)
                                         _1299_ (net)
                  0.15    0.00    8.17 ^ _2933_/A (sky130_fd_sc_hd__buf_2)
    10    0.03    0.16    0.24    8.41 ^ _2933_/X (sky130_fd_sc_hd__buf_2)
                                         _1109_ (net)
                  0.16    0.00    8.41 ^ _2940_/C1 (sky130_fd_sc_hd__o211a_1)
     1    0.00    0.04    0.16    8.57 ^ _2940_/X (sky130_fd_sc_hd__o211a_1)
                                         _0246_ (net)
                  0.04    0.00    8.57 ^ _3425_/D (sky130_fd_sc_hd__dfxtp_1)
                                  8.57   data arrival time

                  0.15   14.00   14.00   clock clk (rise edge)
                          0.00   14.00   clock network delay (ideal)
                         -0.25   13.75   clock uncertainty
                          0.00   13.75   clock reconvergence pessimism
                                 13.75 ^ _3425_/CLK (sky130_fd_sc_hd__dfxtp_1)
                         -0.04   13.71   library setup time
                                 13.71   data required time
-----------------------------------------------------------------------------
                                 13.71   data required time
                                 -8.57   data arrival time
-----------------------------------------------------------------------------
                                  5.14   slack (MET)


Startpoint: _3178_ (rising edge-triggered flip-flop clocked by clk')
Endpoint: _3360_ (rising edge-triggered flip-flop clocked by clk)
Path Group: clk
Path Type: max

Fanout     Cap    Slew   Delay    Time   Description
-----------------------------------------------------------------------------
                  0.15    7.00    7.00   clock clk' (rise edge)
                          0.00    7.00   clock network delay (ideal)
                  0.15    0.00    7.00 ^ _3178_/CLK (sky130_fd_sc_hd__dfxtp_2)
     4    0.03    0.15    0.45    7.45 ^ _3178_/Q (sky130_fd_sc_hd__dfxtp_2)
                                         i_spi_reg.falling_edge_detector_sof.rstb (net)
                  0.15    0.00    7.45 ^ fanout18/A (sky130_fd_sc_hd__buf_4)
    10    0.05    0.15    0.23    7.69 ^ fanout18/X (sky130_fd_sc_hd__buf_4)
                                         net18 (net)
                  0.15    0.00    7.69 ^ fanout17/A (sky130_fd_sc_hd__clkbuf_4)
    10    0.04    0.13    0.25    7.94 ^ fanout17/X (sky130_fd_sc_hd__clkbuf_4)
                                         net17 (net)
                  0.13    0.00    7.94 ^ _1604_/A (sky130_fd_sc_hd__buf_4)
    10    0.05    0.15    0.23    8.17 ^ _1604_/X (sky130_fd_sc_hd__buf_4)
                                         _1299_ (net)
                  0.15    0.00    8.17 ^ _2538_/A (sky130_fd_sc_hd__buf_2)
    10    0.03    0.15    0.23    8.41 ^ _2538_/X (sky130_fd_sc_hd__buf_2)
                                         _0788_ (net)
                  0.15    0.00    8.41 ^ _2748_/C1 (sky130_fd_sc_hd__o211a_1)
     1    0.00    0.04    0.16    8.57 ^ _2748_/X (sky130_fd_sc_hd__o211a_1)
                                         _0181_ (net)
                  0.04    0.00    8.57 ^ _3360_/D (sky130_fd_sc_hd__dfxtp_1)
                                  8.57   data arrival time

                  0.15   14.00   14.00   clock clk (rise edge)
                          0.00   14.00   clock network delay (ideal)
                         -0.25   13.75   clock uncertainty
                          0.00   13.75   clock reconvergence pessimism
                                 13.75 ^ _3360_/CLK (sky130_fd_sc_hd__dfxtp_1)
                         -0.04   13.71   library setup time
                                 13.71   data required time
-----------------------------------------------------------------------------
                                 13.71   data required time
                                 -8.57   data arrival time
-----------------------------------------------------------------------------
                                  5.14   slack (MET)


Startpoint: _3178_ (rising edge-triggered flip-flop clocked by clk')
Endpoint: _3422_ (rising edge-triggered flip-flop clocked by clk)
Path Group: clk
Path Type: max

Fanout     Cap    Slew   Delay    Time   Description
-----------------------------------------------------------------------------
                  0.15    7.00    7.00   clock clk' (rise edge)
                          0.00    7.00   clock network delay (ideal)
                  0.15    0.00    7.00 ^ _3178_/CLK (sky130_fd_sc_hd__dfxtp_2)
     4    0.03    0.15    0.45    7.45 ^ _3178_/Q (sky130_fd_sc_hd__dfxtp_2)
                                         i_spi_reg.falling_edge_detector_sof.rstb (net)
                  0.15    0.00    7.45 ^ fanout18/A (sky130_fd_sc_hd__buf_4)
    10    0.05    0.15    0.23    7.69 ^ fanout18/X (sky130_fd_sc_hd__buf_4)
                                         net18 (net)
                  0.15    0.00    7.69 ^ fanout17/A (sky130_fd_sc_hd__clkbuf_4)
    10    0.04    0.13    0.25    7.94 ^ fanout17/X (sky130_fd_sc_hd__clkbuf_4)
                                         net17 (net)
                  0.13    0.00    7.94 ^ _1604_/A (sky130_fd_sc_hd__buf_4)
    10    0.05    0.15    0.23    8.17 ^ _1604_/X (sky130_fd_sc_hd__buf_4)
                                         _1299_ (net)
                  0.15    0.00    8.17 ^ _2933_/A (sky130_fd_sc_hd__buf_2)
    10    0.03    0.16    0.24    8.41 ^ _2933_/X (sky130_fd_sc_hd__buf_2)
                                         _1109_ (net)
                  0.16    0.00    8.41 ^ _2934_/C1 (sky130_fd_sc_hd__o211a_1)
     1    0.00    0.04    0.16    8.57 ^ _2934_/X (sky130_fd_sc_hd__o211a_1)
                                         _0243_ (net)
                  0.04    0.00    8.57 ^ _3422_/D (sky130_fd_sc_hd__dfxtp_1)
                                  8.57   data arrival time

                  0.15   14.00   14.00   clock clk (rise edge)
                          0.00   14.00   clock network delay (ideal)
                         -0.25   13.75   clock uncertainty
                          0.00   13.75   clock reconvergence pessimism
                                 13.75 ^ _3422_/CLK (sky130_fd_sc_hd__dfxtp_1)
                         -0.04   13.71   library setup time
                                 13.71   data required time
-----------------------------------------------------------------------------
                                 13.71   data required time
                                 -8.57   data arrival time
-----------------------------------------------------------------------------
                                  5.14   slack (MET)


Startpoint: _3178_ (rising edge-triggered flip-flop clocked by clk')
Endpoint: _3423_ (rising edge-triggered flip-flop clocked by clk)
Path Group: clk
Path Type: max

Fanout     Cap    Slew   Delay    Time   Description
-----------------------------------------------------------------------------
                  0.15    7.00    7.00   clock clk' (rise edge)
                          0.00    7.00   clock network delay (ideal)
                  0.15    0.00    7.00 ^ _3178_/CLK (sky130_fd_sc_hd__dfxtp_2)
     4    0.03    0.15    0.45    7.45 ^ _3178_/Q (sky130_fd_sc_hd__dfxtp_2)
                                         i_spi_reg.falling_edge_detector_sof.rstb (net)
                  0.15    0.00    7.45 ^ fanout18/A (sky130_fd_sc_hd__buf_4)
    10    0.05    0.15    0.23    7.69 ^ fanout18/X (sky130_fd_sc_hd__buf_4)
                                         net18 (net)
                  0.15    0.00    7.69 ^ fanout17/A (sky130_fd_sc_hd__clkbuf_4)
    10    0.04    0.13    0.25    7.94 ^ fanout17/X (sky130_fd_sc_hd__clkbuf_4)
                                         net17 (net)
                  0.13    0.00    7.94 ^ _1604_/A (sky130_fd_sc_hd__buf_4)
    10    0.05    0.15    0.23    8.17 ^ _1604_/X (sky130_fd_sc_hd__buf_4)
                                         _1299_ (net)
                  0.15    0.00    8.17 ^ _2933_/A (sky130_fd_sc_hd__buf_2)
    10    0.03    0.16    0.24    8.41 ^ _2933_/X (sky130_fd_sc_hd__buf_2)
                                         _1109_ (net)
                  0.16    0.00    8.41 ^ _2936_/C1 (sky130_fd_sc_hd__o211a_1)
     1    0.00    0.04    0.16    8.57 ^ _2936_/X (sky130_fd_sc_hd__o211a_1)
                                         _0244_ (net)
                  0.04    0.00    8.57 ^ _3423_/D (sky130_fd_sc_hd__dfxtp_1)
                                  8.57   data arrival time

                  0.15   14.00   14.00   clock clk (rise edge)
                          0.00   14.00   clock network delay (ideal)
                         -0.25   13.75   clock uncertainty
                          0.00   13.75   clock reconvergence pessimism
                                 13.75 ^ _3423_/CLK (sky130_fd_sc_hd__dfxtp_1)
                         -0.04   13.71   library setup time
                                 13.71   data required time
-----------------------------------------------------------------------------
                                 13.71   data required time
                                 -8.57   data arrival time
-----------------------------------------------------------------------------
                                  5.14   slack (MET)


Startpoint: _3178_ (rising edge-triggered flip-flop clocked by clk')
Endpoint: _3426_ (rising edge-triggered flip-flop clocked by clk)
Path Group: clk
Path Type: max

Fanout     Cap    Slew   Delay    Time   Description
-----------------------------------------------------------------------------
                  0.15    7.00    7.00   clock clk' (rise edge)
                          0.00    7.00   clock network delay (ideal)
                  0.15    0.00    7.00 ^ _3178_/CLK (sky130_fd_sc_hd__dfxtp_2)
     4    0.03    0.15    0.45    7.45 ^ _3178_/Q (sky130_fd_sc_hd__dfxtp_2)
                                         i_spi_reg.falling_edge_detector_sof.rstb (net)
                  0.15    0.00    7.45 ^ fanout18/A (sky130_fd_sc_hd__buf_4)
    10    0.05    0.15    0.23    7.69 ^ fanout18/X (sky130_fd_sc_hd__buf_4)
                                         net18 (net)
                  0.15    0.00    7.69 ^ fanout17/A (sky130_fd_sc_hd__clkbuf_4)
    10    0.04    0.13    0.25    7.94 ^ fanout17/X (sky130_fd_sc_hd__clkbuf_4)
                                         net17 (net)
                  0.13    0.00    7.94 ^ _1604_/A (sky130_fd_sc_hd__buf_4)
    10    0.05    0.15    0.23    8.17 ^ _1604_/X (sky130_fd_sc_hd__buf_4)
                                         _1299_ (net)
                  0.15    0.00    8.17 ^ _2933_/A (sky130_fd_sc_hd__buf_2)
    10    0.03    0.16    0.24    8.41 ^ _2933_/X (sky130_fd_sc_hd__buf_2)
                                         _1109_ (net)
                  0.16    0.00    8.41 ^ _2942_/C1 (sky130_fd_sc_hd__o211a_1)
     1    0.00    0.04    0.16    8.57 ^ _2942_/X (sky130_fd_sc_hd__o211a_1)
                                         _0247_ (net)
                  0.04    0.00    8.57 ^ _3426_/D (sky130_fd_sc_hd__dfxtp_1)
                                  8.57   data arrival time

                  0.15   14.00   14.00   clock clk (rise edge)
                          0.00   14.00   clock network delay (ideal)
                         -0.25   13.75   clock uncertainty
                          0.00   13.75   clock reconvergence pessimism
                                 13.75 ^ _3426_/CLK (sky130_fd_sc_hd__dfxtp_1)
                         -0.04   13.71   library setup time
                                 13.71   data required time
-----------------------------------------------------------------------------
                                 13.71   data required time
                                 -8.57   data arrival time
-----------------------------------------------------------------------------
                                  5.14   slack (MET)


Startpoint: _3178_ (rising edge-triggered flip-flop clocked by clk')
Endpoint: _3424_ (rising edge-triggered flip-flop clocked by clk)
Path Group: clk
Path Type: max

Fanout     Cap    Slew   Delay    Time   Description
-----------------------------------------------------------------------------
                  0.15    7.00    7.00   clock clk' (rise edge)
                          0.00    7.00   clock network delay (ideal)
                  0.15    0.00    7.00 ^ _3178_/CLK (sky130_fd_sc_hd__dfxtp_2)
     4    0.03    0.15    0.45    7.45 ^ _3178_/Q (sky130_fd_sc_hd__dfxtp_2)
                                         i_spi_reg.falling_edge_detector_sof.rstb (net)
                  0.15    0.00    7.45 ^ fanout18/A (sky130_fd_sc_hd__buf_4)
    10    0.05    0.15    0.23    7.69 ^ fanout18/X (sky130_fd_sc_hd__buf_4)
                                         net18 (net)
                  0.15    0.00    7.69 ^ fanout17/A (sky130_fd_sc_hd__clkbuf_4)
    10    0.04    0.13    0.25    7.94 ^ fanout17/X (sky130_fd_sc_hd__clkbuf_4)
                                         net17 (net)
                  0.13    0.00    7.94 ^ _1604_/A (sky130_fd_sc_hd__buf_4)
    10    0.05    0.15    0.23    8.17 ^ _1604_/X (sky130_fd_sc_hd__buf_4)
                                         _1299_ (net)
                  0.15    0.00    8.17 ^ _2933_/A (sky130_fd_sc_hd__buf_2)
    10    0.03    0.16    0.24    8.41 ^ _2933_/X (sky130_fd_sc_hd__buf_2)
                                         _1109_ (net)
                  0.16    0.00    8.41 ^ _2938_/C1 (sky130_fd_sc_hd__o211a_1)
     1    0.00    0.04    0.16    8.57 ^ _2938_/X (sky130_fd_sc_hd__o211a_1)
                                         _0245_ (net)
                  0.04    0.00    8.57 ^ _3424_/D (sky130_fd_sc_hd__dfxtp_1)
                                  8.57   data arrival time

                  0.15   14.00   14.00   clock clk (rise edge)
                          0.00   14.00   clock network delay (ideal)
                         -0.25   13.75   clock uncertainty
                          0.00   13.75   clock reconvergence pessimism
                                 13.75 ^ _3424_/CLK (sky130_fd_sc_hd__dfxtp_1)
                         -0.04   13.71   library setup time
                                 13.71   data required time
-----------------------------------------------------------------------------
                                 13.71   data required time
                                 -8.57   data arrival time
-----------------------------------------------------------------------------
                                  5.14   slack (MET)


Startpoint: _3178_ (rising edge-triggered flip-flop clocked by clk')
Endpoint: _3357_ (rising edge-triggered flip-flop clocked by clk)
Path Group: clk
Path Type: max

Fanout     Cap    Slew   Delay    Time   Description
-----------------------------------------------------------------------------
                  0.15    7.00    7.00   clock clk' (rise edge)
                          0.00    7.00   clock network delay (ideal)
                  0.15    0.00    7.00 ^ _3178_/CLK (sky130_fd_sc_hd__dfxtp_2)
     4    0.03    0.15    0.45    7.45 ^ _3178_/Q (sky130_fd_sc_hd__dfxtp_2)
                                         i_spi_reg.falling_edge_detector_sof.rstb (net)
                  0.15    0.00    7.45 ^ fanout18/A (sky130_fd_sc_hd__buf_4)
    10    0.05    0.15    0.23    7.69 ^ fanout18/X (sky130_fd_sc_hd__buf_4)
                                         net18 (net)
                  0.15    0.00    7.69 ^ fanout17/A (sky130_fd_sc_hd__clkbuf_4)
    10    0.04    0.13    0.25    7.94 ^ fanout17/X (sky130_fd_sc_hd__clkbuf_4)
                                         net17 (net)
                  0.13    0.00    7.94 ^ _1604_/A (sky130_fd_sc_hd__buf_4)
    10    0.05    0.15    0.23    8.17 ^ _1604_/X (sky130_fd_sc_hd__buf_4)
                                         _1299_ (net)
                  0.15    0.00    8.17 ^ _2538_/A (sky130_fd_sc_hd__buf_2)
    10    0.03    0.15    0.23    8.41 ^ _2538_/X (sky130_fd_sc_hd__buf_2)
                                         _0788_ (net)
                  0.15    0.00    8.41 ^ _2694_/C1 (sky130_fd_sc_hd__o211a_1)
     1    0.00    0.04    0.16    8.57 ^ _2694_/X (sky130_fd_sc_hd__o211a_1)
                                         _0178_ (net)
                  0.04    0.00    8.57 ^ _3357_/D (sky130_fd_sc_hd__dfxtp_1)
                                  8.57   data arrival time

                  0.15   14.00   14.00   clock clk (rise edge)
                          0.00   14.00   clock network delay (ideal)
                         -0.25   13.75   clock uncertainty
                          0.00   13.75   clock reconvergence pessimism
                                 13.75 ^ _3357_/CLK (sky130_fd_sc_hd__dfxtp_1)
                         -0.04   13.71   library setup time
                                 13.71   data required time
-----------------------------------------------------------------------------
                                 13.71   data required time
                                 -8.57   data arrival time
-----------------------------------------------------------------------------
                                  5.14   slack (MET)


Startpoint: _3178_ (rising edge-triggered flip-flop clocked by clk')
Endpoint: _3388_ (rising edge-triggered flip-flop clocked by clk)
Path Group: clk
Path Type: max

Fanout     Cap    Slew   Delay    Time   Description
-----------------------------------------------------------------------------
                  0.15    7.00    7.00   clock clk' (rise edge)
                          0.00    7.00   clock network delay (ideal)
                  0.15    0.00    7.00 ^ _3178_/CLK (sky130_fd_sc_hd__dfxtp_2)
     4    0.03    0.15    0.45    7.45 ^ _3178_/Q (sky130_fd_sc_hd__dfxtp_2)
                                         i_spi_reg.falling_edge_detector_sof.rstb (net)
                  0.15    0.00    7.45 ^ fanout18/A (sky130_fd_sc_hd__buf_4)
    10    0.05    0.15    0.23    7.69 ^ fanout18/X (sky130_fd_sc_hd__buf_4)
                                         net18 (net)
                  0.15    0.00    7.69 ^ fanout17/A (sky130_fd_sc_hd__clkbuf_4)
    10    0.04    0.13    0.25    7.94 ^ fanout17/X (sky130_fd_sc_hd__clkbuf_4)
                                         net17 (net)
                  0.13    0.00    7.94 ^ _1604_/A (sky130_fd_sc_hd__buf_4)
    10    0.05    0.15    0.23    8.17 ^ _1604_/X (sky130_fd_sc_hd__buf_4)
                                         _1299_ (net)
                  0.15    0.00    8.17 ^ _2816_/A (sky130_fd_sc_hd__buf_2)
    10    0.03    0.15    0.23    8.40 ^ _2816_/X (sky130_fd_sc_hd__buf_2)
                                         _1033_ (net)
                  0.15    0.00    8.40 ^ _2833_/C1 (sky130_fd_sc_hd__o211a_1)
     1    0.00    0.04    0.16    8.57 ^ _2833_/X (sky130_fd_sc_hd__o211a_1)
                                         _0209_ (net)
                  0.04    0.00    8.57 ^ _3388_/D (sky130_fd_sc_hd__dfxtp_1)
                                  8.57   data arrival time

                  0.15   14.00   14.00   clock clk (rise edge)
                          0.00   14.00   clock network delay (ideal)
                         -0.25   13.75   clock uncertainty
                          0.00   13.75   clock reconvergence pessimism
                                 13.75 ^ _3388_/CLK (sky130_fd_sc_hd__dfxtp_1)
                         -0.04   13.71   library setup time
                                 13.71   data required time
-----------------------------------------------------------------------------
                                 13.71   data required time
                                 -8.57   data arrival time
-----------------------------------------------------------------------------
                                  5.15   slack (MET)


Startpoint: _3178_ (rising edge-triggered flip-flop clocked by clk')
Endpoint: _3439_ (rising edge-triggered flip-flop clocked by clk)
Path Group: clk
Path Type: max

Fanout     Cap    Slew   Delay    Time   Description
-----------------------------------------------------------------------------
                  0.15    7.00    7.00   clock clk' (rise edge)
                          0.00    7.00   clock network delay (ideal)
                  0.15    0.00    7.00 ^ _3178_/CLK (sky130_fd_sc_hd__dfxtp_2)
     4    0.03    0.15    0.45    7.45 ^ _3178_/Q (sky130_fd_sc_hd__dfxtp_2)
                                         i_spi_reg.falling_edge_detector_sof.rstb (net)
                  0.15    0.00    7.45 ^ fanout18/A (sky130_fd_sc_hd__buf_4)
    10    0.05    0.15    0.23    7.69 ^ fanout18/X (sky130_fd_sc_hd__buf_4)
                                         net18 (net)
                  0.15    0.00    7.69 ^ fanout17/A (sky130_fd_sc_hd__clkbuf_4)
    10    0.04    0.13    0.25    7.94 ^ fanout17/X (sky130_fd_sc_hd__clkbuf_4)
                                         net17 (net)
                  0.13    0.00    7.94 ^ _1604_/A (sky130_fd_sc_hd__buf_4)
    10    0.05    0.15    0.23    8.17 ^ _1604_/X (sky130_fd_sc_hd__buf_4)
                                         _1299_ (net)
                  0.15    0.00    8.17 ^ _1828_/A (sky130_fd_sc_hd__clkbuf_4)
    10    0.04    0.14    0.25    8.43 ^ _1828_/X (sky130_fd_sc_hd__clkbuf_4)
                                         _1479_ (net)
                  0.14    0.00    8.43 ^ _2975_/B1 (sky130_fd_sc_hd__o21a_1)
     1    0.00    0.04    0.14    8.57 ^ _2975_/X (sky130_fd_sc_hd__o21a_1)
                                         _0260_ (net)
                  0.04    0.00    8.57 ^ _3439_/D (sky130_fd_sc_hd__dfxtp_1)
                                  8.57   data arrival time

                  0.15   14.00   14.00   clock clk (rise edge)
                          0.00   14.00   clock network delay (ideal)
                         -0.25   13.75   clock uncertainty
                          0.00   13.75   clock reconvergence pessimism
                                 13.75 ^ _3439_/CLK (sky130_fd_sc_hd__dfxtp_1)
                         -0.04   13.71   library setup time
                                 13.71   data required time
-----------------------------------------------------------------------------
                                 13.71   data required time
                                 -8.57   data arrival time
-----------------------------------------------------------------------------
                                  5.15   slack (MET)


Startpoint: _3178_ (rising edge-triggered flip-flop clocked by clk')
Endpoint: _3382_ (rising edge-triggered flip-flop clocked by clk)
Path Group: clk
Path Type: max

Fanout     Cap    Slew   Delay    Time   Description
-----------------------------------------------------------------------------
                  0.15    7.00    7.00   clock clk' (rise edge)
                          0.00    7.00   clock network delay (ideal)
                  0.15    0.00    7.00 ^ _3178_/CLK (sky130_fd_sc_hd__dfxtp_2)
     4    0.03    0.15    0.45    7.45 ^ _3178_/Q (sky130_fd_sc_hd__dfxtp_2)
                                         i_spi_reg.falling_edge_detector_sof.rstb (net)
                  0.15    0.00    7.45 ^ fanout18/A (sky130_fd_sc_hd__buf_4)
    10    0.05    0.15    0.23    7.69 ^ fanout18/X (sky130_fd_sc_hd__buf_4)
                                         net18 (net)
                  0.15    0.00    7.69 ^ fanout17/A (sky130_fd_sc_hd__clkbuf_4)
    10    0.04    0.13    0.25    7.94 ^ fanout17/X (sky130_fd_sc_hd__clkbuf_4)
                                         net17 (net)
                  0.13    0.00    7.94 ^ _1604_/A (sky130_fd_sc_hd__buf_4)
    10    0.05    0.15    0.23    8.17 ^ _1604_/X (sky130_fd_sc_hd__buf_4)
                                         _1299_ (net)
                  0.15    0.00    8.17 ^ _2816_/A (sky130_fd_sc_hd__buf_2)
    10    0.03    0.15    0.23    8.40 ^ _2816_/X (sky130_fd_sc_hd__buf_2)
                                         _1033_ (net)
                  0.15    0.00    8.40 ^ _2821_/C1 (sky130_fd_sc_hd__o211a_1)
     1    0.00    0.04    0.16    8.56 ^ _2821_/X (sky130_fd_sc_hd__o211a_1)
                                         _0203_ (net)
                  0.04    0.00    8.56 ^ _3382_/D (sky130_fd_sc_hd__dfxtp_1)
                                  8.56   data arrival time

                  0.15   14.00   14.00   clock clk (rise edge)
                          0.00   14.00   clock network delay (ideal)
                         -0.25   13.75   clock uncertainty
                          0.00   13.75   clock reconvergence pessimism
                                 13.75 ^ _3382_/CLK (sky130_fd_sc_hd__dfxtp_1)
                         -0.04   13.71   library setup time
                                 13.71   data required time
-----------------------------------------------------------------------------
                                 13.71   data required time
                                 -8.56   data arrival time
-----------------------------------------------------------------------------
                                  5.15   slack (MET)


Startpoint: _3178_ (rising edge-triggered flip-flop clocked by clk')
Endpoint: _3389_ (rising edge-triggered flip-flop clocked by clk)
Path Group: clk
Path Type: max

Fanout     Cap    Slew   Delay    Time   Description
-----------------------------------------------------------------------------
                  0.15    7.00    7.00   clock clk' (rise edge)
                          0.00    7.00   clock network delay (ideal)
                  0.15    0.00    7.00 ^ _3178_/CLK (sky130_fd_sc_hd__dfxtp_2)
     4    0.03    0.15    0.45    7.45 ^ _3178_/Q (sky130_fd_sc_hd__dfxtp_2)
                                         i_spi_reg.falling_edge_detector_sof.rstb (net)
                  0.15    0.00    7.45 ^ fanout18/A (sky130_fd_sc_hd__buf_4)
    10    0.05    0.15    0.23    7.69 ^ fanout18/X (sky130_fd_sc_hd__buf_4)
                                         net18 (net)
                  0.15    0.00    7.69 ^ fanout17/A (sky130_fd_sc_hd__clkbuf_4)
    10    0.04    0.13    0.25    7.94 ^ fanout17/X (sky130_fd_sc_hd__clkbuf_4)
                                         net17 (net)
                  0.13    0.00    7.94 ^ _1604_/A (sky130_fd_sc_hd__buf_4)
    10    0.05    0.15    0.23    8.17 ^ _1604_/X (sky130_fd_sc_hd__buf_4)
                                         _1299_ (net)
                  0.15    0.00    8.17 ^ _2816_/A (sky130_fd_sc_hd__buf_2)
    10    0.03    0.15    0.23    8.40 ^ _2816_/X (sky130_fd_sc_hd__buf_2)
                                         _1033_ (net)
                  0.15    0.00    8.40 ^ _2835_/C1 (sky130_fd_sc_hd__o211a_1)
     1    0.00    0.04    0.16    8.56 ^ _2835_/X (sky130_fd_sc_hd__o211a_1)
                                         _0210_ (net)
                  0.04    0.00    8.56 ^ _3389_/D (sky130_fd_sc_hd__dfxtp_1)
                                  8.56   data arrival time

                  0.15   14.00   14.00   clock clk (rise edge)
                          0.00   14.00   clock network delay (ideal)
                         -0.25   13.75   clock uncertainty
                          0.00   13.75   clock reconvergence pessimism
                                 13.75 ^ _3389_/CLK (sky130_fd_sc_hd__dfxtp_1)
                         -0.04   13.71   library setup time
                                 13.71   data required time
-----------------------------------------------------------------------------
                                 13.71   data required time
                                 -8.56   data arrival time
-----------------------------------------------------------------------------
                                  5.15   slack (MET)


Startpoint: _3178_ (rising edge-triggered flip-flop clocked by clk')
Endpoint: _3385_ (rising edge-triggered flip-flop clocked by clk)
Path Group: clk
Path Type: max

Fanout     Cap    Slew   Delay    Time   Description
-----------------------------------------------------------------------------
                  0.15    7.00    7.00   clock clk' (rise edge)
                          0.00    7.00   clock network delay (ideal)
                  0.15    0.00    7.00 ^ _3178_/CLK (sky130_fd_sc_hd__dfxtp_2)
     4    0.03    0.15    0.45    7.45 ^ _3178_/Q (sky130_fd_sc_hd__dfxtp_2)
                                         i_spi_reg.falling_edge_detector_sof.rstb (net)
                  0.15    0.00    7.45 ^ fanout18/A (sky130_fd_sc_hd__buf_4)
    10    0.05    0.15    0.23    7.69 ^ fanout18/X (sky130_fd_sc_hd__buf_4)
                                         net18 (net)
                  0.15    0.00    7.69 ^ fanout17/A (sky130_fd_sc_hd__clkbuf_4)
    10    0.04    0.13    0.25    7.94 ^ fanout17/X (sky130_fd_sc_hd__clkbuf_4)
                                         net17 (net)
                  0.13    0.00    7.94 ^ _1604_/A (sky130_fd_sc_hd__buf_4)
    10    0.05    0.15    0.23    8.17 ^ _1604_/X (sky130_fd_sc_hd__buf_4)
                                         _1299_ (net)
                  0.15    0.00    8.17 ^ _2816_/A (sky130_fd_sc_hd__buf_2)
    10    0.03    0.15    0.23    8.40 ^ _2816_/X (sky130_fd_sc_hd__buf_2)
                                         _1033_ (net)
                  0.15    0.00    8.40 ^ _2827_/C1 (sky130_fd_sc_hd__o211a_1)
     1    0.00    0.04    0.16    8.56 ^ _2827_/X (sky130_fd_sc_hd__o211a_1)
                                         _0206_ (net)
                  0.04    0.00    8.56 ^ _3385_/D (sky130_fd_sc_hd__dfxtp_1)
                                  8.56   data arrival time

                  0.15   14.00   14.00   clock clk (rise edge)
                          0.00   14.00   clock network delay (ideal)
                         -0.25   13.75   clock uncertainty
                          0.00   13.75   clock reconvergence pessimism
                                 13.75 ^ _3385_/CLK (sky130_fd_sc_hd__dfxtp_1)
                         -0.04   13.71   library setup time
                                 13.71   data required time
-----------------------------------------------------------------------------
                                 13.71   data required time
                                 -8.56   data arrival time
-----------------------------------------------------------------------------
                                  5.15   slack (MET)


Startpoint: _3178_ (rising edge-triggered flip-flop clocked by clk')
Endpoint: _3384_ (rising edge-triggered flip-flop clocked by clk)
Path Group: clk
Path Type: max

Fanout     Cap    Slew   Delay    Time   Description
-----------------------------------------------------------------------------
                  0.15    7.00    7.00   clock clk' (rise edge)
                          0.00    7.00   clock network delay (ideal)
                  0.15    0.00    7.00 ^ _3178_/CLK (sky130_fd_sc_hd__dfxtp_2)
     4    0.03    0.15    0.45    7.45 ^ _3178_/Q (sky130_fd_sc_hd__dfxtp_2)
                                         i_spi_reg.falling_edge_detector_sof.rstb (net)
                  0.15    0.00    7.45 ^ fanout18/A (sky130_fd_sc_hd__buf_4)
    10    0.05    0.15    0.23    7.69 ^ fanout18/X (sky130_fd_sc_hd__buf_4)
                                         net18 (net)
                  0.15    0.00    7.69 ^ fanout17/A (sky130_fd_sc_hd__clkbuf_4)
    10    0.04    0.13    0.25    7.94 ^ fanout17/X (sky130_fd_sc_hd__clkbuf_4)
                                         net17 (net)
                  0.13    0.00    7.94 ^ _1604_/A (sky130_fd_sc_hd__buf_4)
    10    0.05    0.15    0.23    8.17 ^ _1604_/X (sky130_fd_sc_hd__buf_4)
                                         _1299_ (net)
                  0.15    0.00    8.17 ^ _2816_/A (sky130_fd_sc_hd__buf_2)
    10    0.03    0.15    0.23    8.40 ^ _2816_/X (sky130_fd_sc_hd__buf_2)
                                         _1033_ (net)
                  0.15    0.00    8.40 ^ _2825_/C1 (sky130_fd_sc_hd__o211a_1)
     1    0.00    0.04    0.16    8.56 ^ _2825_/X (sky130_fd_sc_hd__o211a_1)
                                         _0205_ (net)
                  0.04    0.00    8.56 ^ _3384_/D (sky130_fd_sc_hd__dfxtp_1)
                                  8.56   data arrival time

                  0.15   14.00   14.00   clock clk (rise edge)
                          0.00   14.00   clock network delay (ideal)
                         -0.25   13.75   clock uncertainty
                          0.00   13.75   clock reconvergence pessimism
                                 13.75 ^ _3384_/CLK (sky130_fd_sc_hd__dfxtp_1)
                         -0.04   13.71   library setup time
                                 13.71   data required time
-----------------------------------------------------------------------------
                                 13.71   data required time
                                 -8.56   data arrival time
-----------------------------------------------------------------------------
                                  5.15   slack (MET)


Startpoint: _3178_ (rising edge-triggered flip-flop clocked by clk')
Endpoint: _3383_ (rising edge-triggered flip-flop clocked by clk)
Path Group: clk
Path Type: max

Fanout     Cap    Slew   Delay    Time   Description
-----------------------------------------------------------------------------
                  0.15    7.00    7.00   clock clk' (rise edge)
                          0.00    7.00   clock network delay (ideal)
                  0.15    0.00    7.00 ^ _3178_/CLK (sky130_fd_sc_hd__dfxtp_2)
     4    0.03    0.15    0.45    7.45 ^ _3178_/Q (sky130_fd_sc_hd__dfxtp_2)
                                         i_spi_reg.falling_edge_detector_sof.rstb (net)
                  0.15    0.00    7.45 ^ fanout18/A (sky130_fd_sc_hd__buf_4)
    10    0.05    0.15    0.23    7.69 ^ fanout18/X (sky130_fd_sc_hd__buf_4)
                                         net18 (net)
                  0.15    0.00    7.69 ^ fanout17/A (sky130_fd_sc_hd__clkbuf_4)
    10    0.04    0.13    0.25    7.94 ^ fanout17/X (sky130_fd_sc_hd__clkbuf_4)
                                         net17 (net)
                  0.13    0.00    7.94 ^ _1604_/A (sky130_fd_sc_hd__buf_4)
    10    0.05    0.15    0.23    8.17 ^ _1604_/X (sky130_fd_sc_hd__buf_4)
                                         _1299_ (net)
                  0.15    0.00    8.17 ^ _2816_/A (sky130_fd_sc_hd__buf_2)
    10    0.03    0.15    0.23    8.40 ^ _2816_/X (sky130_fd_sc_hd__buf_2)
                                         _1033_ (net)
                  0.15    0.00    8.40 ^ _2823_/C1 (sky130_fd_sc_hd__o211a_1)
     1    0.00    0.04    0.16    8.56 ^ _2823_/X (sky130_fd_sc_hd__o211a_1)
                                         _0204_ (net)
                  0.04    0.00    8.56 ^ _3383_/D (sky130_fd_sc_hd__dfxtp_1)
                                  8.56   data arrival time

                  0.15   14.00   14.00   clock clk (rise edge)
                          0.00   14.00   clock network delay (ideal)
                         -0.25   13.75   clock uncertainty
                          0.00   13.75   clock reconvergence pessimism
                                 13.75 ^ _3383_/CLK (sky130_fd_sc_hd__dfxtp_1)
                         -0.04   13.71   library setup time
                                 13.71   data required time
-----------------------------------------------------------------------------
                                 13.71   data required time
                                 -8.56   data arrival time
-----------------------------------------------------------------------------
                                  5.15   slack (MET)


Startpoint: _3178_ (rising edge-triggered flip-flop clocked by clk')
Endpoint: _3386_ (rising edge-triggered flip-flop clocked by clk)
Path Group: clk
Path Type: max

Fanout     Cap    Slew   Delay    Time   Description
-----------------------------------------------------------------------------
                  0.15    7.00    7.00   clock clk' (rise edge)
                          0.00    7.00   clock network delay (ideal)
                  0.15    0.00    7.00 ^ _3178_/CLK (sky130_fd_sc_hd__dfxtp_2)
     4    0.03    0.15    0.45    7.45 ^ _3178_/Q (sky130_fd_sc_hd__dfxtp_2)
                                         i_spi_reg.falling_edge_detector_sof.rstb (net)
                  0.15    0.00    7.45 ^ fanout18/A (sky130_fd_sc_hd__buf_4)
    10    0.05    0.15    0.23    7.69 ^ fanout18/X (sky130_fd_sc_hd__buf_4)
                                         net18 (net)
                  0.15    0.00    7.69 ^ fanout17/A (sky130_fd_sc_hd__clkbuf_4)
    10    0.04    0.13    0.25    7.94 ^ fanout17/X (sky130_fd_sc_hd__clkbuf_4)
                                         net17 (net)
                  0.13    0.00    7.94 ^ _1604_/A (sky130_fd_sc_hd__buf_4)
    10    0.05    0.15    0.23    8.17 ^ _1604_/X (sky130_fd_sc_hd__buf_4)
                                         _1299_ (net)
                  0.15    0.00    8.17 ^ _2816_/A (sky130_fd_sc_hd__buf_2)
    10    0.03    0.15    0.23    8.40 ^ _2816_/X (sky130_fd_sc_hd__buf_2)
                                         _1033_ (net)
                  0.15    0.00    8.40 ^ _2829_/C1 (sky130_fd_sc_hd__o211a_1)
     1    0.00    0.04    0.16    8.56 ^ _2829_/X (sky130_fd_sc_hd__o211a_1)
                                         _0207_ (net)
                  0.04    0.00    8.56 ^ _3386_/D (sky130_fd_sc_hd__dfxtp_1)
                                  8.56   data arrival time

                  0.15   14.00   14.00   clock clk (rise edge)
                          0.00   14.00   clock network delay (ideal)
                         -0.25   13.75   clock uncertainty
                          0.00   13.75   clock reconvergence pessimism
                                 13.75 ^ _3386_/CLK (sky130_fd_sc_hd__dfxtp_1)
                         -0.04   13.71   library setup time
                                 13.71   data required time
-----------------------------------------------------------------------------
                                 13.71   data required time
                                 -8.56   data arrival time
-----------------------------------------------------------------------------
                                  5.15   slack (MET)


Startpoint: _3178_ (rising edge-triggered flip-flop clocked by clk')
Endpoint: _3381_ (rising edge-triggered flip-flop clocked by clk)
Path Group: clk
Path Type: max

Fanout     Cap    Slew   Delay    Time   Description
-----------------------------------------------------------------------------
                  0.15    7.00    7.00   clock clk' (rise edge)
                          0.00    7.00   clock network delay (ideal)
                  0.15    0.00    7.00 ^ _3178_/CLK (sky130_fd_sc_hd__dfxtp_2)
     4    0.03    0.15    0.45    7.45 ^ _3178_/Q (sky130_fd_sc_hd__dfxtp_2)
                                         i_spi_reg.falling_edge_detector_sof.rstb (net)
                  0.15    0.00    7.45 ^ fanout18/A (sky130_fd_sc_hd__buf_4)
    10    0.05    0.15    0.23    7.69 ^ fanout18/X (sky130_fd_sc_hd__buf_4)
                                         net18 (net)
                  0.15    0.00    7.69 ^ fanout17/A (sky130_fd_sc_hd__clkbuf_4)
    10    0.04    0.13    0.25    7.94 ^ fanout17/X (sky130_fd_sc_hd__clkbuf_4)
                                         net17 (net)
                  0.13    0.00    7.94 ^ _1604_/A (sky130_fd_sc_hd__buf_4)
    10    0.05    0.15    0.23    8.17 ^ _1604_/X (sky130_fd_sc_hd__buf_4)
                                         _1299_ (net)
                  0.15    0.00    8.17 ^ _2816_/A (sky130_fd_sc_hd__buf_2)
    10    0.03    0.15    0.23    8.40 ^ _2816_/X (sky130_fd_sc_hd__buf_2)
                                         _1033_ (net)
                  0.15    0.00    8.40 ^ _2817_/C1 (sky130_fd_sc_hd__o211a_1)
     1    0.00    0.04    0.16    8.56 ^ _2817_/X (sky130_fd_sc_hd__o211a_1)
                                         _0202_ (net)
                  0.04    0.00    8.56 ^ _3381_/D (sky130_fd_sc_hd__dfxtp_1)
                                  8.56   data arrival time

                  0.15   14.00   14.00   clock clk (rise edge)
                          0.00   14.00   clock network delay (ideal)
                         -0.25   13.75   clock uncertainty
                          0.00   13.75   clock reconvergence pessimism
                                 13.75 ^ _3381_/CLK (sky130_fd_sc_hd__dfxtp_1)
                         -0.04   13.71   library setup time
                                 13.71   data required time
-----------------------------------------------------------------------------
                                 13.71   data required time
                                 -8.56   data arrival time
-----------------------------------------------------------------------------
                                  5.15   slack (MET)


Startpoint: _3178_ (rising edge-triggered flip-flop clocked by clk')
Endpoint: _3390_ (rising edge-triggered flip-flop clocked by clk)
Path Group: clk
Path Type: max

Fanout     Cap    Slew   Delay    Time   Description
-----------------------------------------------------------------------------
                  0.15    7.00    7.00   clock clk' (rise edge)
                          0.00    7.00   clock network delay (ideal)
                  0.15    0.00    7.00 ^ _3178_/CLK (sky130_fd_sc_hd__dfxtp_2)
     4    0.03    0.15    0.45    7.45 ^ _3178_/Q (sky130_fd_sc_hd__dfxtp_2)
                                         i_spi_reg.falling_edge_detector_sof.rstb (net)
                  0.15    0.00    7.45 ^ fanout18/A (sky130_fd_sc_hd__buf_4)
    10    0.05    0.15    0.23    7.69 ^ fanout18/X (sky130_fd_sc_hd__buf_4)
                                         net18 (net)
                  0.15    0.00    7.69 ^ fanout17/A (sky130_fd_sc_hd__clkbuf_4)
    10    0.04    0.13    0.25    7.94 ^ fanout17/X (sky130_fd_sc_hd__clkbuf_4)
                                         net17 (net)
                  0.13    0.00    7.94 ^ _1604_/A (sky130_fd_sc_hd__buf_4)
    10    0.05    0.15    0.23    8.17 ^ _1604_/X (sky130_fd_sc_hd__buf_4)
                                         _1299_ (net)
                  0.15    0.00    8.17 ^ _2816_/A (sky130_fd_sc_hd__buf_2)
    10    0.03    0.15    0.23    8.40 ^ _2816_/X (sky130_fd_sc_hd__buf_2)
                                         _1033_ (net)
                  0.15    0.00    8.40 ^ _2837_/C1 (sky130_fd_sc_hd__o211a_1)
     1    0.00    0.04    0.16    8.56 ^ _2837_/X (sky130_fd_sc_hd__o211a_1)
                                         _0211_ (net)
                  0.04    0.00    8.56 ^ _3390_/D (sky130_fd_sc_hd__dfxtp_1)
                                  8.56   data arrival time

                  0.15   14.00   14.00   clock clk (rise edge)
                          0.00   14.00   clock network delay (ideal)
                         -0.25   13.75   clock uncertainty
                          0.00   13.75   clock reconvergence pessimism
                                 13.75 ^ _3390_/CLK (sky130_fd_sc_hd__dfxtp_1)
                         -0.04   13.71   library setup time
                                 13.71   data required time
-----------------------------------------------------------------------------
                                 13.71   data required time
                                 -8.56   data arrival time
-----------------------------------------------------------------------------
                                  5.15   slack (MET)


Startpoint: _3178_ (rising edge-triggered flip-flop clocked by clk')
Endpoint: _3387_ (rising edge-triggered flip-flop clocked by clk)
Path Group: clk
Path Type: max

Fanout     Cap    Slew   Delay    Time   Description
-----------------------------------------------------------------------------
                  0.15    7.00    7.00   clock clk' (rise edge)
                          0.00    7.00   clock network delay (ideal)
                  0.15    0.00    7.00 ^ _3178_/CLK (sky130_fd_sc_hd__dfxtp_2)
     4    0.03    0.15    0.45    7.45 ^ _3178_/Q (sky130_fd_sc_hd__dfxtp_2)
                                         i_spi_reg.falling_edge_detector_sof.rstb (net)
                  0.15    0.00    7.45 ^ fanout18/A (sky130_fd_sc_hd__buf_4)
    10    0.05    0.15    0.23    7.69 ^ fanout18/X (sky130_fd_sc_hd__buf_4)
                                         net18 (net)
                  0.15    0.00    7.69 ^ fanout17/A (sky130_fd_sc_hd__clkbuf_4)
    10    0.04    0.13    0.25    7.94 ^ fanout17/X (sky130_fd_sc_hd__clkbuf_4)
                                         net17 (net)
                  0.13    0.00    7.94 ^ _1604_/A (sky130_fd_sc_hd__buf_4)
    10    0.05    0.15    0.23    8.17 ^ _1604_/X (sky130_fd_sc_hd__buf_4)
                                         _1299_ (net)
                  0.15    0.00    8.17 ^ _2816_/A (sky130_fd_sc_hd__buf_2)
    10    0.03    0.15    0.23    8.40 ^ _2816_/X (sky130_fd_sc_hd__buf_2)
                                         _1033_ (net)
                  0.15    0.00    8.40 ^ _2831_/C1 (sky130_fd_sc_hd__o211a_1)
     1    0.00    0.04    0.16    8.56 ^ _2831_/X (sky130_fd_sc_hd__o211a_1)
                                         _0208_ (net)
                  0.04    0.00    8.56 ^ _3387_/D (sky130_fd_sc_hd__dfxtp_1)
                                  8.56   data arrival time

                  0.15   14.00   14.00   clock clk (rise edge)
                          0.00   14.00   clock network delay (ideal)
                         -0.25   13.75   clock uncertainty
                          0.00   13.75   clock reconvergence pessimism
                                 13.75 ^ _3387_/CLK (sky130_fd_sc_hd__dfxtp_1)
                         -0.04   13.71   library setup time
                                 13.71   data required time
-----------------------------------------------------------------------------
                                 13.71   data required time
                                 -8.56   data arrival time
-----------------------------------------------------------------------------
                                  5.15   slack (MET)


Startpoint: _3178_ (rising edge-triggered flip-flop clocked by clk')
Endpoint: _3243_ (rising edge-triggered flip-flop clocked by clk)
Path Group: clk
Path Type: max

Fanout     Cap    Slew   Delay    Time   Description
-----------------------------------------------------------------------------
                  0.15    7.00    7.00   clock clk' (rise edge)
                          0.00    7.00   clock network delay (ideal)
                  0.15    0.00    7.00 ^ _3178_/CLK (sky130_fd_sc_hd__dfxtp_2)
     4    0.03    0.15    0.45    7.45 ^ _3178_/Q (sky130_fd_sc_hd__dfxtp_2)
                                         i_spi_reg.falling_edge_detector_sof.rstb (net)
                  0.15    0.00    7.45 ^ fanout18/A (sky130_fd_sc_hd__buf_4)
    10    0.05    0.15    0.23    7.69 ^ fanout18/X (sky130_fd_sc_hd__buf_4)
                                         net18 (net)
                  0.15    0.00    7.69 ^ fanout17/A (sky130_fd_sc_hd__clkbuf_4)
    10    0.04    0.13    0.25    7.94 ^ fanout17/X (sky130_fd_sc_hd__clkbuf_4)
                                         net17 (net)
                  0.13    0.00    7.94 ^ _1642_/A (sky130_fd_sc_hd__buf_2)
    10    0.03    0.14    0.22    8.16 ^ _1642_/X (sky130_fd_sc_hd__buf_2)
                                         _1329_ (net)
                  0.14    0.00    8.16 ^ _1815_/A (sky130_fd_sc_hd__clkbuf_4)
    10    0.04    0.13    0.24    8.40 ^ _1815_/X (sky130_fd_sc_hd__clkbuf_4)
                                         _1468_ (net)
                  0.13    0.00    8.40 ^ _1948_/A2 (sky130_fd_sc_hd__a31o_1)
     1    0.00    0.04    0.16    8.56 ^ _1948_/X (sky130_fd_sc_hd__a31o_1)
                                         _0064_ (net)
                  0.04    0.00    8.56 ^ _3243_/D (sky130_fd_sc_hd__dfxtp_1)
                                  8.56   data arrival time

                  0.15   14.00   14.00   clock clk (rise edge)
                          0.00   14.00   clock network delay (ideal)
                         -0.25   13.75   clock uncertainty
                          0.00   13.75   clock reconvergence pessimism
                                 13.75 ^ _3243_/CLK (sky130_fd_sc_hd__dfxtp_1)
                         -0.04   13.71   library setup time
                                 13.71   data required time
-----------------------------------------------------------------------------
                                 13.71   data required time
                                 -8.56   data arrival time
-----------------------------------------------------------------------------
                                  5.15   slack (MET)


Startpoint: _3178_ (rising edge-triggered flip-flop clocked by clk')
Endpoint: _3438_ (rising edge-triggered flip-flop clocked by clk)
Path Group: clk
Path Type: max

Fanout     Cap    Slew   Delay    Time   Description
-----------------------------------------------------------------------------
                  0.15    7.00    7.00   clock clk' (rise edge)
                          0.00    7.00   clock network delay (ideal)
                  0.15    0.00    7.00 ^ _3178_/CLK (sky130_fd_sc_hd__dfxtp_2)
     4    0.03    0.15    0.45    7.45 ^ _3178_/Q (sky130_fd_sc_hd__dfxtp_2)
                                         i_spi_reg.falling_edge_detector_sof.rstb (net)
                  0.15    0.00    7.45 ^ fanout18/A (sky130_fd_sc_hd__buf_4)
    10    0.05    0.15    0.23    7.69 ^ fanout18/X (sky130_fd_sc_hd__buf_4)
                                         net18 (net)
                  0.15    0.00    7.69 ^ fanout17/A (sky130_fd_sc_hd__clkbuf_4)
    10    0.04    0.13    0.25    7.94 ^ fanout17/X (sky130_fd_sc_hd__clkbuf_4)
                                         net17 (net)
                  0.13    0.00    7.94 ^ _1642_/A (sky130_fd_sc_hd__buf_2)
    10    0.03    0.14    0.22    8.16 ^ _1642_/X (sky130_fd_sc_hd__buf_2)
                                         _1329_ (net)
                  0.14    0.00    8.16 ^ _1815_/A (sky130_fd_sc_hd__clkbuf_4)
    10    0.04    0.13    0.24    8.40 ^ _1815_/X (sky130_fd_sc_hd__clkbuf_4)
                                         _1468_ (net)
                  0.13    0.00    8.40 ^ _2974_/C1 (sky130_fd_sc_hd__o211a_1)
     1    0.00    0.04    0.15    8.56 ^ _2974_/X (sky130_fd_sc_hd__o211a_1)
                                         _0259_ (net)
                  0.04    0.00    8.56 ^ _3438_/D (sky130_fd_sc_hd__dfxtp_1)
                                  8.56   data arrival time

                  0.15   14.00   14.00   clock clk (rise edge)
                          0.00   14.00   clock network delay (ideal)
                         -0.25   13.75   clock uncertainty
                          0.00   13.75   clock reconvergence pessimism
                                 13.75 ^ _3438_/CLK (sky130_fd_sc_hd__dfxtp_1)
                         -0.04   13.71   library setup time
                                 13.71   data required time
-----------------------------------------------------------------------------
                                 13.71   data required time
                                 -8.56   data arrival time
-----------------------------------------------------------------------------
                                  5.16   slack (MET)


Startpoint: _3178_ (rising edge-triggered flip-flop clocked by clk')
Endpoint: _3437_ (rising edge-triggered flip-flop clocked by clk)
Path Group: clk
Path Type: max

Fanout     Cap    Slew   Delay    Time   Description
-----------------------------------------------------------------------------
                  0.15    7.00    7.00   clock clk' (rise edge)
                          0.00    7.00   clock network delay (ideal)
                  0.15    0.00    7.00 ^ _3178_/CLK (sky130_fd_sc_hd__dfxtp_2)
     4    0.03    0.15    0.45    7.45 ^ _3178_/Q (sky130_fd_sc_hd__dfxtp_2)
                                         i_spi_reg.falling_edge_detector_sof.rstb (net)
                  0.15    0.00    7.45 ^ fanout18/A (sky130_fd_sc_hd__buf_4)
    10    0.05    0.15    0.23    7.69 ^ fanout18/X (sky130_fd_sc_hd__buf_4)
                                         net18 (net)
                  0.15    0.00    7.69 ^ fanout17/A (sky130_fd_sc_hd__clkbuf_4)
    10    0.04    0.13    0.25    7.94 ^ fanout17/X (sky130_fd_sc_hd__clkbuf_4)
                                         net17 (net)
                  0.13    0.00    7.94 ^ _1642_/A (sky130_fd_sc_hd__buf_2)
    10    0.03    0.14    0.22    8.16 ^ _1642_/X (sky130_fd_sc_hd__buf_2)
                                         _1329_ (net)
                  0.14    0.00    8.16 ^ _1815_/A (sky130_fd_sc_hd__clkbuf_4)
    10    0.04    0.13    0.24    8.40 ^ _1815_/X (sky130_fd_sc_hd__clkbuf_4)
                                         _1468_ (net)
                  0.13    0.00    8.40 ^ _2972_/C1 (sky130_fd_sc_hd__o211a_1)
     1    0.00    0.04    0.15    8.56 ^ _2972_/X (sky130_fd_sc_hd__o211a_1)
                                         _0258_ (net)
                  0.04    0.00    8.56 ^ _3437_/D (sky130_fd_sc_hd__dfxtp_1)
                                  8.56   data arrival time

                  0.15   14.00   14.00   clock clk (rise edge)
                          0.00   14.00   clock network delay (ideal)
                         -0.25   13.75   clock uncertainty
                          0.00   13.75   clock reconvergence pessimism
                                 13.75 ^ _3437_/CLK (sky130_fd_sc_hd__dfxtp_1)
                         -0.04   13.71   library setup time
                                 13.71   data required time
-----------------------------------------------------------------------------
                                 13.71   data required time
                                 -8.56   data arrival time
-----------------------------------------------------------------------------
                                  5.16   slack (MET)


Startpoint: _3178_ (rising edge-triggered flip-flop clocked by clk')
Endpoint: _3436_ (rising edge-triggered flip-flop clocked by clk)
Path Group: clk
Path Type: max

Fanout     Cap    Slew   Delay    Time   Description
-----------------------------------------------------------------------------
                  0.15    7.00    7.00   clock clk' (rise edge)
                          0.00    7.00   clock network delay (ideal)
                  0.15    0.00    7.00 ^ _3178_/CLK (sky130_fd_sc_hd__dfxtp_2)
     4    0.03    0.15    0.45    7.45 ^ _3178_/Q (sky130_fd_sc_hd__dfxtp_2)
                                         i_spi_reg.falling_edge_detector_sof.rstb (net)
                  0.15    0.00    7.45 ^ fanout18/A (sky130_fd_sc_hd__buf_4)
    10    0.05    0.15    0.23    7.69 ^ fanout18/X (sky130_fd_sc_hd__buf_4)
                                         net18 (net)
                  0.15    0.00    7.69 ^ fanout17/A (sky130_fd_sc_hd__clkbuf_4)
    10    0.04    0.13    0.25    7.94 ^ fanout17/X (sky130_fd_sc_hd__clkbuf_4)
                                         net17 (net)
                  0.13    0.00    7.94 ^ _1642_/A (sky130_fd_sc_hd__buf_2)
    10    0.03    0.14    0.22    8.16 ^ _1642_/X (sky130_fd_sc_hd__buf_2)
                                         _1329_ (net)
                  0.14    0.00    8.16 ^ _1815_/A (sky130_fd_sc_hd__clkbuf_4)
    10    0.04    0.13    0.24    8.40 ^ _1815_/X (sky130_fd_sc_hd__clkbuf_4)
                                         _1468_ (net)
                  0.13    0.00    8.40 ^ _2970_/C1 (sky130_fd_sc_hd__o211a_1)
     1    0.00    0.04    0.15    8.56 ^ _2970_/X (sky130_fd_sc_hd__o211a_1)
                                         _0257_ (net)
                  0.04    0.00    8.56 ^ _3436_/D (sky130_fd_sc_hd__dfxtp_1)
                                  8.56   data arrival time

                  0.15   14.00   14.00   clock clk (rise edge)
                          0.00   14.00   clock network delay (ideal)
                         -0.25   13.75   clock uncertainty
                          0.00   13.75   clock reconvergence pessimism
                                 13.75 ^ _3436_/CLK (sky130_fd_sc_hd__dfxtp_1)
                         -0.04   13.71   library setup time
                                 13.71   data required time
-----------------------------------------------------------------------------
                                 13.71   data required time
                                 -8.56   data arrival time
-----------------------------------------------------------------------------
                                  5.16   slack (MET)


Startpoint: _3178_ (rising edge-triggered flip-flop clocked by clk')
Endpoint: _3262_ (rising edge-triggered flip-flop clocked by clk)
Path Group: clk
Path Type: max

Fanout     Cap    Slew   Delay    Time   Description
-----------------------------------------------------------------------------
                  0.15    7.00    7.00   clock clk' (rise edge)
                          0.00    7.00   clock network delay (ideal)
                  0.15    0.00    7.00 ^ _3178_/CLK (sky130_fd_sc_hd__dfxtp_2)
     4    0.03    0.15    0.45    7.45 ^ _3178_/Q (sky130_fd_sc_hd__dfxtp_2)
                                         i_spi_reg.falling_edge_detector_sof.rstb (net)
                  0.15    0.00    7.45 ^ fanout18/A (sky130_fd_sc_hd__buf_4)
    10    0.05    0.15    0.23    7.69 ^ fanout18/X (sky130_fd_sc_hd__buf_4)
                                         net18 (net)
                  0.15    0.00    7.69 ^ _1632_/A (sky130_fd_sc_hd__clkinv_4)
     9    0.04    0.10    0.13    7.82 v _1632_/Y (sky130_fd_sc_hd__clkinv_4)
                                         _1326_ (net)
                  0.10    0.00    7.82 v _1700_/A (sky130_fd_sc_hd__or2_1)
     1    0.00    0.04    0.24    8.06 v _1700_/X (sky130_fd_sc_hd__or2_1)
                                         _1363_ (net)
                  0.04    0.00    8.06 v _1701_/A (sky130_fd_sc_hd__clkbuf_4)
    10    0.04    0.09    0.20    8.26 v _1701_/X (sky130_fd_sc_hd__clkbuf_4)
                                         _1364_ (net)
                  0.09    0.00    8.27 v _2010_/C1 (sky130_fd_sc_hd__a211o_1)
     1    0.00    0.04    0.24    8.51 v _2010_/X (sky130_fd_sc_hd__a211o_1)
                                         _0083_ (net)
                  0.04    0.00    8.51 v _3262_/D (sky130_fd_sc_hd__dfxtp_1)
                                  8.51   data arrival time

                  0.15   14.00   14.00   clock clk (rise edge)
                          0.00   14.00   clock network delay (ideal)
                         -0.25   13.75   clock uncertainty
                          0.00   13.75   clock reconvergence pessimism
                                 13.75 ^ _3262_/CLK (sky130_fd_sc_hd__dfxtp_1)
                         -0.09   13.66   library setup time
                                 13.66   data required time
-----------------------------------------------------------------------------
                                 13.66   data required time
                                 -8.51   data arrival time
-----------------------------------------------------------------------------
                                  5.16   slack (MET)


Startpoint: _3178_ (rising edge-triggered flip-flop clocked by clk')
Endpoint: _3259_ (rising edge-triggered flip-flop clocked by clk)
Path Group: clk
Path Type: max

Fanout     Cap    Slew   Delay    Time   Description
-----------------------------------------------------------------------------
                  0.15    7.00    7.00   clock clk' (rise edge)
                          0.00    7.00   clock network delay (ideal)
                  0.15    0.00    7.00 ^ _3178_/CLK (sky130_fd_sc_hd__dfxtp_2)
     4    0.03    0.15    0.45    7.45 ^ _3178_/Q (sky130_fd_sc_hd__dfxtp_2)
                                         i_spi_reg.falling_edge_detector_sof.rstb (net)
                  0.15    0.00    7.45 ^ fanout18/A (sky130_fd_sc_hd__buf_4)
    10    0.05    0.15    0.23    7.69 ^ fanout18/X (sky130_fd_sc_hd__buf_4)
                                         net18 (net)
                  0.15    0.00    7.69 ^ _1632_/A (sky130_fd_sc_hd__clkinv_4)
     9    0.04    0.10    0.13    7.82 v _1632_/Y (sky130_fd_sc_hd__clkinv_4)
                                         _1326_ (net)
                  0.10    0.00    7.82 v _1700_/A (sky130_fd_sc_hd__or2_1)
     1    0.00    0.04    0.24    8.06 v _1700_/X (sky130_fd_sc_hd__or2_1)
                                         _1363_ (net)
                  0.04    0.00    8.06 v _1701_/A (sky130_fd_sc_hd__clkbuf_4)
    10    0.04    0.09    0.20    8.26 v _1701_/X (sky130_fd_sc_hd__clkbuf_4)
                                         _1364_ (net)
                  0.09    0.00    8.26 v _2002_/C1 (sky130_fd_sc_hd__a211o_1)
     1    0.00    0.04    0.24    8.50 v _2002_/X (sky130_fd_sc_hd__a211o_1)
                                         _0080_ (net)
                  0.04    0.00    8.50 v _3259_/D (sky130_fd_sc_hd__dfxtp_1)
                                  8.50   data arrival time

                  0.15   14.00   14.00   clock clk (rise edge)
                          0.00   14.00   clock network delay (ideal)
                         -0.25   13.75   clock uncertainty
                          0.00   13.75   clock reconvergence pessimism
                                 13.75 ^ _3259_/CLK (sky130_fd_sc_hd__dfxtp_1)
                         -0.09   13.66   library setup time
                                 13.66   data required time
-----------------------------------------------------------------------------
                                 13.66   data required time
                                 -8.50   data arrival time
-----------------------------------------------------------------------------
                                  5.16   slack (MET)


Startpoint: _3178_ (rising edge-triggered flip-flop clocked by clk')
Endpoint: _3261_ (rising edge-triggered flip-flop clocked by clk)
Path Group: clk
Path Type: max

Fanout     Cap    Slew   Delay    Time   Description
-----------------------------------------------------------------------------
                  0.15    7.00    7.00   clock clk' (rise edge)
                          0.00    7.00   clock network delay (ideal)
                  0.15    0.00    7.00 ^ _3178_/CLK (sky130_fd_sc_hd__dfxtp_2)
     4    0.03    0.15    0.45    7.45 ^ _3178_/Q (sky130_fd_sc_hd__dfxtp_2)
                                         i_spi_reg.falling_edge_detector_sof.rstb (net)
                  0.15    0.00    7.45 ^ fanout18/A (sky130_fd_sc_hd__buf_4)
    10    0.05    0.15    0.23    7.69 ^ fanout18/X (sky130_fd_sc_hd__buf_4)
                                         net18 (net)
                  0.15    0.00    7.69 ^ _1632_/A (sky130_fd_sc_hd__clkinv_4)
     9    0.04    0.10    0.13    7.82 v _1632_/Y (sky130_fd_sc_hd__clkinv_4)
                                         _1326_ (net)
                  0.10    0.00    7.82 v _1700_/A (sky130_fd_sc_hd__or2_1)
     1    0.00    0.04    0.24    8.06 v _1700_/X (sky130_fd_sc_hd__or2_1)
                                         _1363_ (net)
                  0.04    0.00    8.06 v _1701_/A (sky130_fd_sc_hd__clkbuf_4)
    10    0.04    0.09    0.20    8.26 v _1701_/X (sky130_fd_sc_hd__clkbuf_4)
                                         _1364_ (net)
                  0.09    0.00    8.27 v _2006_/C1 (sky130_fd_sc_hd__a211o_1)
     1    0.00    0.04    0.24    8.50 v _2006_/X (sky130_fd_sc_hd__a211o_1)
                                         _0082_ (net)
                  0.04    0.00    8.50 v _3261_/D (sky130_fd_sc_hd__dfxtp_1)
                                  8.50   data arrival time

                  0.15   14.00   14.00   clock clk (rise edge)
                          0.00   14.00   clock network delay (ideal)
                         -0.25   13.75   clock uncertainty
                          0.00   13.75   clock reconvergence pessimism
                                 13.75 ^ _3261_/CLK (sky130_fd_sc_hd__dfxtp_1)
                         -0.09   13.66   library setup time
                                 13.66   data required time
-----------------------------------------------------------------------------
                                 13.66   data required time
                                 -8.50   data arrival time
-----------------------------------------------------------------------------
                                  5.16   slack (MET)


Startpoint: _3178_ (rising edge-triggered flip-flop clocked by clk')
Endpoint: _3260_ (rising edge-triggered flip-flop clocked by clk)
Path Group: clk
Path Type: max

Fanout     Cap    Slew   Delay    Time   Description
-----------------------------------------------------------------------------
                  0.15    7.00    7.00   clock clk' (rise edge)
                          0.00    7.00   clock network delay (ideal)
                  0.15    0.00    7.00 ^ _3178_/CLK (sky130_fd_sc_hd__dfxtp_2)
     4    0.03    0.15    0.45    7.45 ^ _3178_/Q (sky130_fd_sc_hd__dfxtp_2)
                                         i_spi_reg.falling_edge_detector_sof.rstb (net)
                  0.15    0.00    7.45 ^ fanout18/A (sky130_fd_sc_hd__buf_4)
    10    0.05    0.15    0.23    7.69 ^ fanout18/X (sky130_fd_sc_hd__buf_4)
                                         net18 (net)
                  0.15    0.00    7.69 ^ _1632_/A (sky130_fd_sc_hd__clkinv_4)
     9    0.04    0.10    0.13    7.82 v _1632_/Y (sky130_fd_sc_hd__clkinv_4)
                                         _1326_ (net)
                  0.10    0.00    7.82 v _1700_/A (sky130_fd_sc_hd__or2_1)
     1    0.00    0.04    0.24    8.06 v _1700_/X (sky130_fd_sc_hd__or2_1)
                                         _1363_ (net)
                  0.04    0.00    8.06 v _1701_/A (sky130_fd_sc_hd__clkbuf_4)
    10    0.04    0.09    0.20    8.26 v _1701_/X (sky130_fd_sc_hd__clkbuf_4)
                                         _1364_ (net)
                  0.09    0.00    8.26 v _2004_/C1 (sky130_fd_sc_hd__a211o_1)
     1    0.00    0.04    0.24    8.50 v _2004_/X (sky130_fd_sc_hd__a211o_1)
                                         _0081_ (net)
                  0.04    0.00    8.50 v _3260_/D (sky130_fd_sc_hd__dfxtp_1)
                                  8.50   data arrival time

                  0.15   14.00   14.00   clock clk (rise edge)
                          0.00   14.00   clock network delay (ideal)
                         -0.25   13.75   clock uncertainty
                          0.00   13.75   clock reconvergence pessimism
                                 13.75 ^ _3260_/CLK (sky130_fd_sc_hd__dfxtp_1)
                         -0.09   13.66   library setup time
                                 13.66   data required time
-----------------------------------------------------------------------------
                                 13.66   data required time
                                 -8.50   data arrival time
-----------------------------------------------------------------------------
                                  5.16   slack (MET)


Startpoint: _3178_ (rising edge-triggered flip-flop clocked by clk')
Endpoint: _3264_ (rising edge-triggered flip-flop clocked by clk)
Path Group: clk
Path Type: max

Fanout     Cap    Slew   Delay    Time   Description
-----------------------------------------------------------------------------
                  0.15    7.00    7.00   clock clk' (rise edge)
                          0.00    7.00   clock network delay (ideal)
                  0.15    0.00    7.00 ^ _3178_/CLK (sky130_fd_sc_hd__dfxtp_2)
     4    0.03    0.15    0.45    7.45 ^ _3178_/Q (sky130_fd_sc_hd__dfxtp_2)
                                         i_spi_reg.falling_edge_detector_sof.rstb (net)
                  0.15    0.00    7.45 ^ fanout18/A (sky130_fd_sc_hd__buf_4)
    10    0.05    0.15    0.23    7.69 ^ fanout18/X (sky130_fd_sc_hd__buf_4)
                                         net18 (net)
                  0.15    0.00    7.69 ^ _1632_/A (sky130_fd_sc_hd__clkinv_4)
     9    0.04    0.10    0.13    7.82 v _1632_/Y (sky130_fd_sc_hd__clkinv_4)
                                         _1326_ (net)
                  0.10    0.00    7.82 v _1700_/A (sky130_fd_sc_hd__or2_1)
     1    0.00    0.04    0.24    8.06 v _1700_/X (sky130_fd_sc_hd__or2_1)
                                         _1363_ (net)
                  0.04    0.00    8.06 v _1701_/A (sky130_fd_sc_hd__clkbuf_4)
    10    0.04    0.09    0.20    8.26 v _1701_/X (sky130_fd_sc_hd__clkbuf_4)
                                         _1364_ (net)
                  0.09    0.00    8.26 v _2014_/C1 (sky130_fd_sc_hd__a211o_1)
     1    0.00    0.04    0.24    8.50 v _2014_/X (sky130_fd_sc_hd__a211o_1)
                                         _0085_ (net)
                  0.04    0.00    8.50 v _3264_/D (sky130_fd_sc_hd__dfxtp_1)
                                  8.50   data arrival time

                  0.15   14.00   14.00   clock clk (rise edge)
                          0.00   14.00   clock network delay (ideal)
                         -0.25   13.75   clock uncertainty
                          0.00   13.75   clock reconvergence pessimism
                                 13.75 ^ _3264_/CLK (sky130_fd_sc_hd__dfxtp_1)
                         -0.09   13.66   library setup time
                                 13.66   data required time
-----------------------------------------------------------------------------
                                 13.66   data required time
                                 -8.50   data arrival time
-----------------------------------------------------------------------------
                                  5.16   slack (MET)


Startpoint: _3178_ (rising edge-triggered flip-flop clocked by clk')
Endpoint: _3263_ (rising edge-triggered flip-flop clocked by clk)
Path Group: clk
Path Type: max

Fanout     Cap    Slew   Delay    Time   Description
-----------------------------------------------------------------------------
                  0.15    7.00    7.00   clock clk' (rise edge)
                          0.00    7.00   clock network delay (ideal)
                  0.15    0.00    7.00 ^ _3178_/CLK (sky130_fd_sc_hd__dfxtp_2)
     4    0.03    0.15    0.45    7.45 ^ _3178_/Q (sky130_fd_sc_hd__dfxtp_2)
                                         i_spi_reg.falling_edge_detector_sof.rstb (net)
                  0.15    0.00    7.45 ^ fanout18/A (sky130_fd_sc_hd__buf_4)
    10    0.05    0.15    0.23    7.69 ^ fanout18/X (sky130_fd_sc_hd__buf_4)
                                         net18 (net)
                  0.15    0.00    7.69 ^ _1632_/A (sky130_fd_sc_hd__clkinv_4)
     9    0.04    0.10    0.13    7.82 v _1632_/Y (sky130_fd_sc_hd__clkinv_4)
                                         _1326_ (net)
                  0.10    0.00    7.82 v _1700_/A (sky130_fd_sc_hd__or2_1)
     1    0.00    0.04    0.24    8.06 v _1700_/X (sky130_fd_sc_hd__or2_1)
                                         _1363_ (net)
                  0.04    0.00    8.06 v _1701_/A (sky130_fd_sc_hd__clkbuf_4)
    10    0.04    0.09    0.20    8.26 v _1701_/X (sky130_fd_sc_hd__clkbuf_4)
                                         _1364_ (net)
                  0.09    0.00    8.27 v _2012_/C1 (sky130_fd_sc_hd__a211o_1)
     1    0.00    0.04    0.24    8.50 v _2012_/X (sky130_fd_sc_hd__a211o_1)
                                         _0084_ (net)
                  0.04    0.00    8.50 v _3263_/D (sky130_fd_sc_hd__dfxtp_1)
                                  8.50   data arrival time

                  0.15   14.00   14.00   clock clk (rise edge)
                          0.00   14.00   clock network delay (ideal)
                         -0.25   13.75   clock uncertainty
                          0.00   13.75   clock reconvergence pessimism
                                 13.75 ^ _3263_/CLK (sky130_fd_sc_hd__dfxtp_1)
                         -0.09   13.66   library setup time
                                 13.66   data required time
-----------------------------------------------------------------------------
                                 13.66   data required time
                                 -8.50   data arrival time
-----------------------------------------------------------------------------
                                  5.16   slack (MET)


Startpoint: _3178_ (rising edge-triggered flip-flop clocked by clk')
Endpoint: _3265_ (rising edge-triggered flip-flop clocked by clk)
Path Group: clk
Path Type: max

Fanout     Cap    Slew   Delay    Time   Description
-----------------------------------------------------------------------------
                  0.15    7.00    7.00   clock clk' (rise edge)
                          0.00    7.00   clock network delay (ideal)
                  0.15    0.00    7.00 ^ _3178_/CLK (sky130_fd_sc_hd__dfxtp_2)
     4    0.03    0.15    0.45    7.45 ^ _3178_/Q (sky130_fd_sc_hd__dfxtp_2)
                                         i_spi_reg.falling_edge_detector_sof.rstb (net)
                  0.15    0.00    7.45 ^ fanout18/A (sky130_fd_sc_hd__buf_4)
    10    0.05    0.15    0.23    7.69 ^ fanout18/X (sky130_fd_sc_hd__buf_4)
                                         net18 (net)
                  0.15    0.00    7.69 ^ _1632_/A (sky130_fd_sc_hd__clkinv_4)
     9    0.04    0.10    0.13    7.82 v _1632_/Y (sky130_fd_sc_hd__clkinv_4)
                                         _1326_ (net)
                  0.10    0.00    7.82 v _1700_/A (sky130_fd_sc_hd__or2_1)
     1    0.00    0.04    0.24    8.06 v _1700_/X (sky130_fd_sc_hd__or2_1)
                                         _1363_ (net)
                  0.04    0.00    8.06 v _1701_/A (sky130_fd_sc_hd__clkbuf_4)
    10    0.04    0.09    0.20    8.26 v _1701_/X (sky130_fd_sc_hd__clkbuf_4)
                                         _1364_ (net)
                  0.09    0.00    8.27 v _2016_/C1 (sky130_fd_sc_hd__a211o_1)
     1    0.00    0.04    0.24    8.50 v _2016_/X (sky130_fd_sc_hd__a211o_1)
                                         _0086_ (net)
                  0.04    0.00    8.50 v _3265_/D (sky130_fd_sc_hd__dfxtp_1)
                                  8.50   data arrival time

                  0.15   14.00   14.00   clock clk (rise edge)
                          0.00   14.00   clock network delay (ideal)
                         -0.25   13.75   clock uncertainty
                          0.00   13.75   clock reconvergence pessimism
                                 13.75 ^ _3265_/CLK (sky130_fd_sc_hd__dfxtp_1)
                         -0.09   13.66   library setup time
                                 13.66   data required time
-----------------------------------------------------------------------------
                                 13.66   data required time
                                 -8.50   data arrival time
-----------------------------------------------------------------------------
                                  5.16   slack (MET)


Startpoint: _3178_ (rising edge-triggered flip-flop clocked by clk')
Endpoint: _3320_ (rising edge-triggered flip-flop clocked by clk)
Path Group: clk
Path Type: max

Fanout     Cap    Slew   Delay    Time   Description
-----------------------------------------------------------------------------
                  0.15    7.00    7.00   clock clk' (rise edge)
                          0.00    7.00   clock network delay (ideal)
                  0.15    0.00    7.00 ^ _3178_/CLK (sky130_fd_sc_hd__dfxtp_2)
     4    0.03    0.15    0.45    7.45 ^ _3178_/Q (sky130_fd_sc_hd__dfxtp_2)
                                         i_spi_reg.falling_edge_detector_sof.rstb (net)
                  0.15    0.00    7.45 ^ fanout18/A (sky130_fd_sc_hd__buf_4)
    10    0.05    0.15    0.23    7.69 ^ fanout18/X (sky130_fd_sc_hd__buf_4)
                                         net18 (net)
                  0.15    0.00    7.69 ^ _1632_/A (sky130_fd_sc_hd__clkinv_4)
     9    0.04    0.10    0.13    7.82 v _1632_/Y (sky130_fd_sc_hd__clkinv_4)
                                         _1326_ (net)
                  0.10    0.00    7.82 v _2184_/A (sky130_fd_sc_hd__nor2_2)
     5    0.02    0.21    0.24    8.06 ^ _2184_/Y (sky130_fd_sc_hd__nor2_2)
                                         _0484_ (net)
                  0.21    0.00    8.06 ^ _2233_/A (sky130_fd_sc_hd__buf_2)
    10    0.03    0.14    0.24    8.30 ^ _2233_/X (sky130_fd_sc_hd__buf_2)
                                         _0513_ (net)
                  0.14    0.00    8.30 ^ _2239_/C1 (sky130_fd_sc_hd__o211a_1)
     1    0.00    0.04    0.16    8.46 ^ _2239_/X (sky130_fd_sc_hd__o211a_1)
                                         _0141_ (net)
                  0.04    0.00    8.46 ^ _3320_/D (sky130_fd_sc_hd__dfxtp_1)
                                  8.46   data arrival time

                  0.15   14.00   14.00   clock clk (rise edge)
                          0.00   14.00   clock network delay (ideal)
                         -0.25   13.75   clock uncertainty
                          0.00   13.75   clock reconvergence pessimism
                                 13.75 ^ _3320_/CLK (sky130_fd_sc_hd__dfxtp_1)
                         -0.04   13.71   library setup time
                                 13.71   data required time
-----------------------------------------------------------------------------
                                 13.71   data required time
                                 -8.46   data arrival time
-----------------------------------------------------------------------------
                                  5.25   slack (MET)


Startpoint: _3178_ (rising edge-triggered flip-flop clocked by clk')
Endpoint: _3324_ (rising edge-triggered flip-flop clocked by clk)
Path Group: clk
Path Type: max

Fanout     Cap    Slew   Delay    Time   Description
-----------------------------------------------------------------------------
                  0.15    7.00    7.00   clock clk' (rise edge)
                          0.00    7.00   clock network delay (ideal)
                  0.15    0.00    7.00 ^ _3178_/CLK (sky130_fd_sc_hd__dfxtp_2)
     4    0.03    0.15    0.45    7.45 ^ _3178_/Q (sky130_fd_sc_hd__dfxtp_2)
                                         i_spi_reg.falling_edge_detector_sof.rstb (net)
                  0.15    0.00    7.45 ^ fanout18/A (sky130_fd_sc_hd__buf_4)
    10    0.05    0.15    0.23    7.69 ^ fanout18/X (sky130_fd_sc_hd__buf_4)
                                         net18 (net)
                  0.15    0.00    7.69 ^ _1632_/A (sky130_fd_sc_hd__clkinv_4)
     9    0.04    0.10    0.13    7.82 v _1632_/Y (sky130_fd_sc_hd__clkinv_4)
                                         _1326_ (net)
                  0.10    0.00    7.82 v _2184_/A (sky130_fd_sc_hd__nor2_2)
     5    0.02    0.21    0.24    8.06 ^ _2184_/Y (sky130_fd_sc_hd__nor2_2)
                                         _0484_ (net)
                  0.21    0.00    8.06 ^ _2233_/A (sky130_fd_sc_hd__buf_2)
    10    0.03    0.14    0.24    8.30 ^ _2233_/X (sky130_fd_sc_hd__buf_2)
                                         _0513_ (net)
                  0.14    0.00    8.30 ^ _2247_/C1 (sky130_fd_sc_hd__o211a_1)
     1    0.00    0.04    0.16    8.46 ^ _2247_/X (sky130_fd_sc_hd__o211a_1)
                                         _0145_ (net)
                  0.04    0.00    8.46 ^ _3324_/D (sky130_fd_sc_hd__dfxtp_1)
                                  8.46   data arrival time

                  0.15   14.00   14.00   clock clk (rise edge)
                          0.00   14.00   clock network delay (ideal)
                         -0.25   13.75   clock uncertainty
                          0.00   13.75   clock reconvergence pessimism
                                 13.75 ^ _3324_/CLK (sky130_fd_sc_hd__dfxtp_1)
                         -0.04   13.71   library setup time
                                 13.71   data required time
-----------------------------------------------------------------------------
                                 13.71   data required time
                                 -8.46   data arrival time
-----------------------------------------------------------------------------
                                  5.25   slack (MET)


Startpoint: _3178_ (rising edge-triggered flip-flop clocked by clk')
Endpoint: _3323_ (rising edge-triggered flip-flop clocked by clk)
Path Group: clk
Path Type: max

Fanout     Cap    Slew   Delay    Time   Description
-----------------------------------------------------------------------------
                  0.15    7.00    7.00   clock clk' (rise edge)
                          0.00    7.00   clock network delay (ideal)
                  0.15    0.00    7.00 ^ _3178_/CLK (sky130_fd_sc_hd__dfxtp_2)
     4    0.03    0.15    0.45    7.45 ^ _3178_/Q (sky130_fd_sc_hd__dfxtp_2)
                                         i_spi_reg.falling_edge_detector_sof.rstb (net)
                  0.15    0.00    7.45 ^ fanout18/A (sky130_fd_sc_hd__buf_4)
    10    0.05    0.15    0.23    7.69 ^ fanout18/X (sky130_fd_sc_hd__buf_4)
                                         net18 (net)
                  0.15    0.00    7.69 ^ _1632_/A (sky130_fd_sc_hd__clkinv_4)
     9    0.04    0.10    0.13    7.82 v _1632_/Y (sky130_fd_sc_hd__clkinv_4)
                                         _1326_ (net)
                  0.10    0.00    7.82 v _2184_/A (sky130_fd_sc_hd__nor2_2)
     5    0.02    0.21    0.24    8.06 ^ _2184_/Y (sky130_fd_sc_hd__nor2_2)
                                         _0484_ (net)
                  0.21    0.00    8.06 ^ _2233_/A (sky130_fd_sc_hd__buf_2)
    10    0.03    0.14    0.24    8.30 ^ _2233_/X (sky130_fd_sc_hd__buf_2)
                                         _0513_ (net)
                  0.14    0.00    8.30 ^ _2245_/C1 (sky130_fd_sc_hd__o211a_1)
     1    0.00    0.04    0.16    8.46 ^ _2245_/X (sky130_fd_sc_hd__o211a_1)
                                         _0144_ (net)
                  0.04    0.00    8.46 ^ _3323_/D (sky130_fd_sc_hd__dfxtp_1)
                                  8.46   data arrival time

                  0.15   14.00   14.00   clock clk (rise edge)
                          0.00   14.00   clock network delay (ideal)
                         -0.25   13.75   clock uncertainty
                          0.00   13.75   clock reconvergence pessimism
                                 13.75 ^ _3323_/CLK (sky130_fd_sc_hd__dfxtp_1)
                         -0.04   13.71   library setup time
                                 13.71   data required time
-----------------------------------------------------------------------------
                                 13.71   data required time
                                 -8.46   data arrival time
-----------------------------------------------------------------------------
                                  5.25   slack (MET)


Startpoint: _3178_ (rising edge-triggered flip-flop clocked by clk')
Endpoint: _3325_ (rising edge-triggered flip-flop clocked by clk)
Path Group: clk
Path Type: max

Fanout     Cap    Slew   Delay    Time   Description
-----------------------------------------------------------------------------
                  0.15    7.00    7.00   clock clk' (rise edge)
                          0.00    7.00   clock network delay (ideal)
                  0.15    0.00    7.00 ^ _3178_/CLK (sky130_fd_sc_hd__dfxtp_2)
     4    0.03    0.15    0.45    7.45 ^ _3178_/Q (sky130_fd_sc_hd__dfxtp_2)
                                         i_spi_reg.falling_edge_detector_sof.rstb (net)
                  0.15    0.00    7.45 ^ fanout18/A (sky130_fd_sc_hd__buf_4)
    10    0.05    0.15    0.23    7.69 ^ fanout18/X (sky130_fd_sc_hd__buf_4)
                                         net18 (net)
                  0.15    0.00    7.69 ^ _1632_/A (sky130_fd_sc_hd__clkinv_4)
     9    0.04    0.10    0.13    7.82 v _1632_/Y (sky130_fd_sc_hd__clkinv_4)
                                         _1326_ (net)
                  0.10    0.00    7.82 v _2184_/A (sky130_fd_sc_hd__nor2_2)
     5    0.02    0.21    0.24    8.06 ^ _2184_/Y (sky130_fd_sc_hd__nor2_2)
                                         _0484_ (net)
                  0.21    0.00    8.06 ^ _2233_/A (sky130_fd_sc_hd__buf_2)
    10    0.03    0.14    0.24    8.30 ^ _2233_/X (sky130_fd_sc_hd__buf_2)
                                         _0513_ (net)
                  0.14    0.00    8.30 ^ _2249_/C1 (sky130_fd_sc_hd__o211a_1)
     1    0.00    0.04    0.16    8.46 ^ _2249_/X (sky130_fd_sc_hd__o211a_1)
                                         _0146_ (net)
                  0.04    0.00    8.46 ^ _3325_/D (sky130_fd_sc_hd__dfxtp_1)
                                  8.46   data arrival time

                  0.15   14.00   14.00   clock clk (rise edge)
                          0.00   14.00   clock network delay (ideal)
                         -0.25   13.75   clock uncertainty
                          0.00   13.75   clock reconvergence pessimism
                                 13.75 ^ _3325_/CLK (sky130_fd_sc_hd__dfxtp_1)
                         -0.04   13.71   library setup time
                                 13.71   data required time
-----------------------------------------------------------------------------
                                 13.71   data required time
                                 -8.46   data arrival time
-----------------------------------------------------------------------------
                                  5.25   slack (MET)


Startpoint: _3178_ (rising edge-triggered flip-flop clocked by clk')
Endpoint: _3322_ (rising edge-triggered flip-flop clocked by clk)
Path Group: clk
Path Type: max

Fanout     Cap    Slew   Delay    Time   Description
-----------------------------------------------------------------------------
                  0.15    7.00    7.00   clock clk' (rise edge)
                          0.00    7.00   clock network delay (ideal)
                  0.15    0.00    7.00 ^ _3178_/CLK (sky130_fd_sc_hd__dfxtp_2)
     4    0.03    0.15    0.45    7.45 ^ _3178_/Q (sky130_fd_sc_hd__dfxtp_2)
                                         i_spi_reg.falling_edge_detector_sof.rstb (net)
                  0.15    0.00    7.45 ^ fanout18/A (sky130_fd_sc_hd__buf_4)
    10    0.05    0.15    0.23    7.69 ^ fanout18/X (sky130_fd_sc_hd__buf_4)
                                         net18 (net)
                  0.15    0.00    7.69 ^ _1632_/A (sky130_fd_sc_hd__clkinv_4)
     9    0.04    0.10    0.13    7.82 v _1632_/Y (sky130_fd_sc_hd__clkinv_4)
                                         _1326_ (net)
                  0.10    0.00    7.82 v _2184_/A (sky130_fd_sc_hd__nor2_2)
     5    0.02    0.21    0.24    8.06 ^ _2184_/Y (sky130_fd_sc_hd__nor2_2)
                                         _0484_ (net)
                  0.21    0.00    8.06 ^ _2233_/A (sky130_fd_sc_hd__buf_2)
    10    0.03    0.14    0.24    8.30 ^ _2233_/X (sky130_fd_sc_hd__buf_2)
                                         _0513_ (net)
                  0.14    0.00    8.30 ^ _2243_/C1 (sky130_fd_sc_hd__o211a_1)
     1    0.00    0.04    0.16    8.46 ^ _2243_/X (sky130_fd_sc_hd__o211a_1)
                                         _0143_ (net)
                  0.04    0.00    8.46 ^ _3322_/D (sky130_fd_sc_hd__dfxtp_1)
                                  8.46   data arrival time

                  0.15   14.00   14.00   clock clk (rise edge)
                          0.00   14.00   clock network delay (ideal)
                         -0.25   13.75   clock uncertainty
                          0.00   13.75   clock reconvergence pessimism
                                 13.75 ^ _3322_/CLK (sky130_fd_sc_hd__dfxtp_1)
                         -0.04   13.71   library setup time
                                 13.71   data required time
-----------------------------------------------------------------------------
                                 13.71   data required time
                                 -8.46   data arrival time
-----------------------------------------------------------------------------
                                  5.25   slack (MET)


Startpoint: _3178_ (rising edge-triggered flip-flop clocked by clk')
Endpoint: _3321_ (rising edge-triggered flip-flop clocked by clk)
Path Group: clk
Path Type: max

Fanout     Cap    Slew   Delay    Time   Description
-----------------------------------------------------------------------------
                  0.15    7.00    7.00   clock clk' (rise edge)
                          0.00    7.00   clock network delay (ideal)
                  0.15    0.00    7.00 ^ _3178_/CLK (sky130_fd_sc_hd__dfxtp_2)
     4    0.03    0.15    0.45    7.45 ^ _3178_/Q (sky130_fd_sc_hd__dfxtp_2)
                                         i_spi_reg.falling_edge_detector_sof.rstb (net)
                  0.15    0.00    7.45 ^ fanout18/A (sky130_fd_sc_hd__buf_4)
    10    0.05    0.15    0.23    7.69 ^ fanout18/X (sky130_fd_sc_hd__buf_4)
                                         net18 (net)
                  0.15    0.00    7.69 ^ _1632_/A (sky130_fd_sc_hd__clkinv_4)
     9    0.04    0.10    0.13    7.82 v _1632_/Y (sky130_fd_sc_hd__clkinv_4)
                                         _1326_ (net)
                  0.10    0.00    7.82 v _2184_/A (sky130_fd_sc_hd__nor2_2)
     5    0.02    0.21    0.24    8.06 ^ _2184_/Y (sky130_fd_sc_hd__nor2_2)
                                         _0484_ (net)
                  0.21    0.00    8.06 ^ _2233_/A (sky130_fd_sc_hd__buf_2)
    10    0.03    0.14    0.24    8.30 ^ _2233_/X (sky130_fd_sc_hd__buf_2)
                                         _0513_ (net)
                  0.14    0.00    8.30 ^ _2241_/C1 (sky130_fd_sc_hd__o211a_1)
     1    0.00    0.04    0.16    8.46 ^ _2241_/X (sky130_fd_sc_hd__o211a_1)
                                         _0142_ (net)
                  0.04    0.00    8.46 ^ _3321_/D (sky130_fd_sc_hd__dfxtp_1)
                                  8.46   data arrival time

                  0.15   14.00   14.00   clock clk (rise edge)
                          0.00   14.00   clock network delay (ideal)
                         -0.25   13.75   clock uncertainty
                          0.00   13.75   clock reconvergence pessimism
                                 13.75 ^ _3321_/CLK (sky130_fd_sc_hd__dfxtp_1)
                         -0.04   13.71   library setup time
                                 13.71   data required time
-----------------------------------------------------------------------------
                                 13.71   data required time
                                 -8.46   data arrival time
-----------------------------------------------------------------------------
                                  5.25   slack (MET)


Startpoint: _3178_ (rising edge-triggered flip-flop clocked by clk')
Endpoint: _3318_ (rising edge-triggered flip-flop clocked by clk)
Path Group: clk
Path Type: max

Fanout     Cap    Slew   Delay    Time   Description
-----------------------------------------------------------------------------
                  0.15    7.00    7.00   clock clk' (rise edge)
                          0.00    7.00   clock network delay (ideal)
                  0.15    0.00    7.00 ^ _3178_/CLK (sky130_fd_sc_hd__dfxtp_2)
     4    0.03    0.15    0.45    7.45 ^ _3178_/Q (sky130_fd_sc_hd__dfxtp_2)
                                         i_spi_reg.falling_edge_detector_sof.rstb (net)
                  0.15    0.00    7.45 ^ fanout18/A (sky130_fd_sc_hd__buf_4)
    10    0.05    0.15    0.23    7.69 ^ fanout18/X (sky130_fd_sc_hd__buf_4)
                                         net18 (net)
                  0.15    0.00    7.69 ^ _1632_/A (sky130_fd_sc_hd__clkinv_4)
     9    0.04    0.10    0.13    7.82 v _1632_/Y (sky130_fd_sc_hd__clkinv_4)
                                         _1326_ (net)
                  0.10    0.00    7.82 v _2184_/A (sky130_fd_sc_hd__nor2_2)
     5    0.02    0.21    0.24    8.06 ^ _2184_/Y (sky130_fd_sc_hd__nor2_2)
                                         _0484_ (net)
                  0.21    0.00    8.06 ^ _2233_/A (sky130_fd_sc_hd__buf_2)
    10    0.03    0.14    0.24    8.30 ^ _2233_/X (sky130_fd_sc_hd__buf_2)
                                         _0513_ (net)
                  0.14    0.00    8.30 ^ _2234_/C1 (sky130_fd_sc_hd__o211a_1)
     1    0.00    0.04    0.16    8.46 ^ _2234_/X (sky130_fd_sc_hd__o211a_1)
                                         _0139_ (net)
                  0.04    0.00    8.46 ^ _3318_/D (sky130_fd_sc_hd__dfxtp_1)
                                  8.46   data arrival time

                  0.15   14.00   14.00   clock clk (rise edge)
                          0.00   14.00   clock network delay (ideal)
                         -0.25   13.75   clock uncertainty
                          0.00   13.75   clock reconvergence pessimism
                                 13.75 ^ _3318_/CLK (sky130_fd_sc_hd__dfxtp_1)
                         -0.04   13.71   library setup time
                                 13.71   data required time
-----------------------------------------------------------------------------
                                 13.71   data required time
                                 -8.46   data arrival time
-----------------------------------------------------------------------------
                                  5.25   slack (MET)


Startpoint: _3178_ (rising edge-triggered flip-flop clocked by clk')
Endpoint: _3326_ (rising edge-triggered flip-flop clocked by clk)
Path Group: clk
Path Type: max

Fanout     Cap    Slew   Delay    Time   Description
-----------------------------------------------------------------------------
                  0.15    7.00    7.00   clock clk' (rise edge)
                          0.00    7.00   clock network delay (ideal)
                  0.15    0.00    7.00 ^ _3178_/CLK (sky130_fd_sc_hd__dfxtp_2)
     4    0.03    0.15    0.45    7.45 ^ _3178_/Q (sky130_fd_sc_hd__dfxtp_2)
                                         i_spi_reg.falling_edge_detector_sof.rstb (net)
                  0.15    0.00    7.45 ^ fanout18/A (sky130_fd_sc_hd__buf_4)
    10    0.05    0.15    0.23    7.69 ^ fanout18/X (sky130_fd_sc_hd__buf_4)
                                         net18 (net)
                  0.15    0.00    7.69 ^ _1632_/A (sky130_fd_sc_hd__clkinv_4)
     9    0.04    0.10    0.13    7.82 v _1632_/Y (sky130_fd_sc_hd__clkinv_4)
                                         _1326_ (net)
                  0.10    0.00    7.82 v _2184_/A (sky130_fd_sc_hd__nor2_2)
     5    0.02    0.21    0.24    8.06 ^ _2184_/Y (sky130_fd_sc_hd__nor2_2)
                                         _0484_ (net)
                  0.21    0.00    8.06 ^ _2233_/A (sky130_fd_sc_hd__buf_2)
    10    0.03    0.14    0.24    8.30 ^ _2233_/X (sky130_fd_sc_hd__buf_2)
                                         _0513_ (net)
                  0.14    0.00    8.30 ^ _2251_/C1 (sky130_fd_sc_hd__o211a_1)
     1    0.00    0.04    0.16    8.46 ^ _2251_/X (sky130_fd_sc_hd__o211a_1)
                                         _0147_ (net)
                  0.04    0.00    8.46 ^ _3326_/D (sky130_fd_sc_hd__dfxtp_1)
                                  8.46   data arrival time

                  0.15   14.00   14.00   clock clk (rise edge)
                          0.00   14.00   clock network delay (ideal)
                         -0.25   13.75   clock uncertainty
                          0.00   13.75   clock reconvergence pessimism
                                 13.75 ^ _3326_/CLK (sky130_fd_sc_hd__dfxtp_1)
                         -0.04   13.71   library setup time
                                 13.71   data required time
-----------------------------------------------------------------------------
                                 13.71   data required time
                                 -8.46   data arrival time
-----------------------------------------------------------------------------
                                  5.25   slack (MET)


Startpoint: _3178_ (rising edge-triggered flip-flop clocked by clk')
Endpoint: _3304_ (rising edge-triggered flip-flop clocked by clk)
Path Group: clk
Path Type: max

Fanout     Cap    Slew   Delay    Time   Description
-----------------------------------------------------------------------------
                  0.15    7.00    7.00   clock clk' (rise edge)
                          0.00    7.00   clock network delay (ideal)
                  0.15    0.00    7.00 ^ _3178_/CLK (sky130_fd_sc_hd__dfxtp_2)
     4    0.03    0.15    0.45    7.45 ^ _3178_/Q (sky130_fd_sc_hd__dfxtp_2)
                                         i_spi_reg.falling_edge_detector_sof.rstb (net)
                  0.15    0.00    7.45 ^ fanout18/A (sky130_fd_sc_hd__buf_4)
    10    0.05    0.15    0.23    7.69 ^ fanout18/X (sky130_fd_sc_hd__buf_4)
                                         net18 (net)
                  0.15    0.00    7.69 ^ _1632_/A (sky130_fd_sc_hd__clkinv_4)
     9    0.04    0.10    0.13    7.82 v _1632_/Y (sky130_fd_sc_hd__clkinv_4)
                                         _1326_ (net)
                  0.10    0.00    7.82 v _2184_/A (sky130_fd_sc_hd__nor2_2)
     5    0.02    0.21    0.24    8.06 ^ _2184_/Y (sky130_fd_sc_hd__nor2_2)
                                         _0484_ (net)
                  0.21    0.00    8.06 ^ _2185_/A (sky130_fd_sc_hd__buf_2)
    10    0.03    0.14    0.24    8.30 ^ _2185_/X (sky130_fd_sc_hd__buf_2)
                                         _0485_ (net)
                  0.14    0.00    8.30 ^ _2199_/C1 (sky130_fd_sc_hd__o211a_1)
     1    0.00    0.04    0.16    8.46 ^ _2199_/X (sky130_fd_sc_hd__o211a_1)
                                         _0125_ (net)
                  0.04    0.00    8.46 ^ _3304_/D (sky130_fd_sc_hd__dfxtp_1)
                                  8.46   data arrival time

                  0.15   14.00   14.00   clock clk (rise edge)
                          0.00   14.00   clock network delay (ideal)
                         -0.25   13.75   clock uncertainty
                          0.00   13.75   clock reconvergence pessimism
                                 13.75 ^ _3304_/CLK (sky130_fd_sc_hd__dfxtp_1)
                         -0.04   13.71   library setup time
                                 13.71   data required time
-----------------------------------------------------------------------------
                                 13.71   data required time
                                 -8.46   data arrival time
-----------------------------------------------------------------------------
                                  5.25   slack (MET)


Startpoint: _3178_ (rising edge-triggered flip-flop clocked by clk')
Endpoint: _3305_ (rising edge-triggered flip-flop clocked by clk)
Path Group: clk
Path Type: max

Fanout     Cap    Slew   Delay    Time   Description
-----------------------------------------------------------------------------
                  0.15    7.00    7.00   clock clk' (rise edge)
                          0.00    7.00   clock network delay (ideal)
                  0.15    0.00    7.00 ^ _3178_/CLK (sky130_fd_sc_hd__dfxtp_2)
     4    0.03    0.15    0.45    7.45 ^ _3178_/Q (sky130_fd_sc_hd__dfxtp_2)
                                         i_spi_reg.falling_edge_detector_sof.rstb (net)
                  0.15    0.00    7.45 ^ fanout18/A (sky130_fd_sc_hd__buf_4)
    10    0.05    0.15    0.23    7.69 ^ fanout18/X (sky130_fd_sc_hd__buf_4)
                                         net18 (net)
                  0.15    0.00    7.69 ^ _1632_/A (sky130_fd_sc_hd__clkinv_4)
     9    0.04    0.10    0.13    7.82 v _1632_/Y (sky130_fd_sc_hd__clkinv_4)
                                         _1326_ (net)
                  0.10    0.00    7.82 v _2184_/A (sky130_fd_sc_hd__nor2_2)
     5    0.02    0.21    0.24    8.06 ^ _2184_/Y (sky130_fd_sc_hd__nor2_2)
                                         _0484_ (net)
                  0.21    0.00    8.06 ^ _2185_/A (sky130_fd_sc_hd__buf_2)
    10    0.03    0.14    0.24    8.30 ^ _2185_/X (sky130_fd_sc_hd__buf_2)
                                         _0485_ (net)
                  0.14    0.00    8.30 ^ _2201_/C1 (sky130_fd_sc_hd__o211a_1)
     1    0.00    0.04    0.16    8.46 ^ _2201_/X (sky130_fd_sc_hd__o211a_1)
                                         _0126_ (net)
                  0.04    0.00    8.46 ^ _3305_/D (sky130_fd_sc_hd__dfxtp_1)
                                  8.46   data arrival time

                  0.15   14.00   14.00   clock clk (rise edge)
                          0.00   14.00   clock network delay (ideal)
                         -0.25   13.75   clock uncertainty
                          0.00   13.75   clock reconvergence pessimism
                                 13.75 ^ _3305_/CLK (sky130_fd_sc_hd__dfxtp_1)
                         -0.04   13.71   library setup time
                                 13.71   data required time
-----------------------------------------------------------------------------
                                 13.71   data required time
                                 -8.46   data arrival time
-----------------------------------------------------------------------------
                                  5.25   slack (MET)


Startpoint: _3178_ (rising edge-triggered flip-flop clocked by clk')
Endpoint: _3327_ (rising edge-triggered flip-flop clocked by clk)
Path Group: clk
Path Type: max

Fanout     Cap    Slew   Delay    Time   Description
-----------------------------------------------------------------------------
                  0.15    7.00    7.00   clock clk' (rise edge)
                          0.00    7.00   clock network delay (ideal)
                  0.15    0.00    7.00 ^ _3178_/CLK (sky130_fd_sc_hd__dfxtp_2)
     4    0.03    0.15    0.45    7.45 ^ _3178_/Q (sky130_fd_sc_hd__dfxtp_2)
                                         i_spi_reg.falling_edge_detector_sof.rstb (net)
                  0.15    0.00    7.45 ^ fanout18/A (sky130_fd_sc_hd__buf_4)
    10    0.05    0.15    0.23    7.69 ^ fanout18/X (sky130_fd_sc_hd__buf_4)
                                         net18 (net)
                  0.15    0.00    7.69 ^ _1632_/A (sky130_fd_sc_hd__clkinv_4)
     9    0.04    0.10    0.13    7.82 v _1632_/Y (sky130_fd_sc_hd__clkinv_4)
                                         _1326_ (net)
                  0.10    0.00    7.82 v _2184_/A (sky130_fd_sc_hd__nor2_2)
     5    0.02    0.21    0.24    8.06 ^ _2184_/Y (sky130_fd_sc_hd__nor2_2)
                                         _0484_ (net)
                  0.21    0.00    8.06 ^ _2233_/A (sky130_fd_sc_hd__buf_2)
    10    0.03    0.14    0.24    8.30 ^ _2233_/X (sky130_fd_sc_hd__buf_2)
                                         _0513_ (net)
                  0.14    0.00    8.30 ^ _2253_/C1 (sky130_fd_sc_hd__o211a_1)
     1    0.00    0.04    0.16    8.46 ^ _2253_/X (sky130_fd_sc_hd__o211a_1)
                                         _0148_ (net)
                  0.04    0.00    8.46 ^ _3327_/D (sky130_fd_sc_hd__dfxtp_1)
                                  8.46   data arrival time

                  0.15   14.00   14.00   clock clk (rise edge)
                          0.00   14.00   clock network delay (ideal)
                         -0.25   13.75   clock uncertainty
                          0.00   13.75   clock reconvergence pessimism
                                 13.75 ^ _3327_/CLK (sky130_fd_sc_hd__dfxtp_1)
                         -0.04   13.71   library setup time
                                 13.71   data required time
-----------------------------------------------------------------------------
                                 13.71   data required time
                                 -8.46   data arrival time
-----------------------------------------------------------------------------
                                  5.25   slack (MET)


Startpoint: _3178_ (rising edge-triggered flip-flop clocked by clk')
Endpoint: _3303_ (rising edge-triggered flip-flop clocked by clk)
Path Group: clk
Path Type: max

Fanout     Cap    Slew   Delay    Time   Description
-----------------------------------------------------------------------------
                  0.15    7.00    7.00   clock clk' (rise edge)
                          0.00    7.00   clock network delay (ideal)
                  0.15    0.00    7.00 ^ _3178_/CLK (sky130_fd_sc_hd__dfxtp_2)
     4    0.03    0.15    0.45    7.45 ^ _3178_/Q (sky130_fd_sc_hd__dfxtp_2)
                                         i_spi_reg.falling_edge_detector_sof.rstb (net)
                  0.15    0.00    7.45 ^ fanout18/A (sky130_fd_sc_hd__buf_4)
    10    0.05    0.15    0.23    7.69 ^ fanout18/X (sky130_fd_sc_hd__buf_4)
                                         net18 (net)
                  0.15    0.00    7.69 ^ _1632_/A (sky130_fd_sc_hd__clkinv_4)
     9    0.04    0.10    0.13    7.82 v _1632_/Y (sky130_fd_sc_hd__clkinv_4)
                                         _1326_ (net)
                  0.10    0.00    7.82 v _2184_/A (sky130_fd_sc_hd__nor2_2)
     5    0.02    0.21    0.24    8.06 ^ _2184_/Y (sky130_fd_sc_hd__nor2_2)
                                         _0484_ (net)
                  0.21    0.00    8.06 ^ _2185_/A (sky130_fd_sc_hd__buf_2)
    10    0.03    0.14    0.24    8.30 ^ _2185_/X (sky130_fd_sc_hd__buf_2)
                                         _0485_ (net)
                  0.14    0.00    8.30 ^ _2197_/C1 (sky130_fd_sc_hd__o211a_1)
     1    0.00    0.04    0.16    8.46 ^ _2197_/X (sky130_fd_sc_hd__o211a_1)
                                         _0124_ (net)
                  0.04    0.00    8.46 ^ _3303_/D (sky130_fd_sc_hd__dfxtp_1)
                                  8.46   data arrival time

                  0.15   14.00   14.00   clock clk (rise edge)
                          0.00   14.00   clock network delay (ideal)
                         -0.25   13.75   clock uncertainty
                          0.00   13.75   clock reconvergence pessimism
                                 13.75 ^ _3303_/CLK (sky130_fd_sc_hd__dfxtp_1)
                         -0.04   13.71   library setup time
                                 13.71   data required time
-----------------------------------------------------------------------------
                                 13.71   data required time
                                 -8.46   data arrival time
-----------------------------------------------------------------------------
                                  5.25   slack (MET)


Startpoint: _3178_ (rising edge-triggered flip-flop clocked by clk')
Endpoint: _3319_ (rising edge-triggered flip-flop clocked by clk)
Path Group: clk
Path Type: max

Fanout     Cap    Slew   Delay    Time   Description
-----------------------------------------------------------------------------
                  0.15    7.00    7.00   clock clk' (rise edge)
                          0.00    7.00   clock network delay (ideal)
                  0.15    0.00    7.00 ^ _3178_/CLK (sky130_fd_sc_hd__dfxtp_2)
     4    0.03    0.15    0.45    7.45 ^ _3178_/Q (sky130_fd_sc_hd__dfxtp_2)
                                         i_spi_reg.falling_edge_detector_sof.rstb (net)
                  0.15    0.00    7.45 ^ fanout18/A (sky130_fd_sc_hd__buf_4)
    10    0.05    0.15    0.23    7.69 ^ fanout18/X (sky130_fd_sc_hd__buf_4)
                                         net18 (net)
                  0.15    0.00    7.69 ^ _1632_/A (sky130_fd_sc_hd__clkinv_4)
     9    0.04    0.10    0.13    7.82 v _1632_/Y (sky130_fd_sc_hd__clkinv_4)
                                         _1326_ (net)
                  0.10    0.00    7.82 v _2184_/A (sky130_fd_sc_hd__nor2_2)
     5    0.02    0.21    0.24    8.06 ^ _2184_/Y (sky130_fd_sc_hd__nor2_2)
                                         _0484_ (net)
                  0.21    0.00    8.06 ^ _2233_/A (sky130_fd_sc_hd__buf_2)
    10    0.03    0.14    0.24    8.30 ^ _2233_/X (sky130_fd_sc_hd__buf_2)
                                         _0513_ (net)
                  0.14    0.00    8.30 ^ _2237_/C1 (sky130_fd_sc_hd__o211a_1)
     1    0.00    0.04    0.16    8.46 ^ _2237_/X (sky130_fd_sc_hd__o211a_1)
                                         _0140_ (net)
                  0.04    0.00    8.46 ^ _3319_/D (sky130_fd_sc_hd__dfxtp_1)
                                  8.46   data arrival time

                  0.15   14.00   14.00   clock clk (rise edge)
                          0.00   14.00   clock network delay (ideal)
                         -0.25   13.75   clock uncertainty
                          0.00   13.75   clock reconvergence pessimism
                                 13.75 ^ _3319_/CLK (sky130_fd_sc_hd__dfxtp_1)
                         -0.04   13.71   library setup time
                                 13.71   data required time
-----------------------------------------------------------------------------
                                 13.71   data required time
                                 -8.46   data arrival time
-----------------------------------------------------------------------------
                                  5.25   slack (MET)


Startpoint: _3178_ (rising edge-triggered flip-flop clocked by clk')
Endpoint: _3307_ (rising edge-triggered flip-flop clocked by clk)
Path Group: clk
Path Type: max

Fanout     Cap    Slew   Delay    Time   Description
-----------------------------------------------------------------------------
                  0.15    7.00    7.00   clock clk' (rise edge)
                          0.00    7.00   clock network delay (ideal)
                  0.15    0.00    7.00 ^ _3178_/CLK (sky130_fd_sc_hd__dfxtp_2)
     4    0.03    0.15    0.45    7.45 ^ _3178_/Q (sky130_fd_sc_hd__dfxtp_2)
                                         i_spi_reg.falling_edge_detector_sof.rstb (net)
                  0.15    0.00    7.45 ^ fanout18/A (sky130_fd_sc_hd__buf_4)
    10    0.05    0.15    0.23    7.69 ^ fanout18/X (sky130_fd_sc_hd__buf_4)
                                         net18 (net)
                  0.15    0.00    7.69 ^ _1632_/A (sky130_fd_sc_hd__clkinv_4)
     9    0.04    0.10    0.13    7.82 v _1632_/Y (sky130_fd_sc_hd__clkinv_4)
                                         _1326_ (net)
                  0.10    0.00    7.82 v _2184_/A (sky130_fd_sc_hd__nor2_2)
     5    0.02    0.21    0.24    8.06 ^ _2184_/Y (sky130_fd_sc_hd__nor2_2)
                                         _0484_ (net)
                  0.21    0.00    8.06 ^ _2185_/A (sky130_fd_sc_hd__buf_2)
    10    0.03    0.14    0.24    8.30 ^ _2185_/X (sky130_fd_sc_hd__buf_2)
                                         _0485_ (net)
                  0.14    0.00    8.30 ^ _2206_/C1 (sky130_fd_sc_hd__o211a_1)
     1    0.00    0.04    0.16    8.46 ^ _2206_/X (sky130_fd_sc_hd__o211a_1)
                                         _0128_ (net)
                  0.04    0.00    8.46 ^ _3307_/D (sky130_fd_sc_hd__dfxtp_1)
                                  8.46   data arrival time

                  0.15   14.00   14.00   clock clk (rise edge)
                          0.00   14.00   clock network delay (ideal)
                         -0.25   13.75   clock uncertainty
                          0.00   13.75   clock reconvergence pessimism
                                 13.75 ^ _3307_/CLK (sky130_fd_sc_hd__dfxtp_1)
                         -0.04   13.71   library setup time
                                 13.71   data required time
-----------------------------------------------------------------------------
                                 13.71   data required time
                                 -8.46   data arrival time
-----------------------------------------------------------------------------
                                  5.25   slack (MET)


Startpoint: _3178_ (rising edge-triggered flip-flop clocked by clk')
Endpoint: _3306_ (rising edge-triggered flip-flop clocked by clk)
Path Group: clk
Path Type: max

Fanout     Cap    Slew   Delay    Time   Description
-----------------------------------------------------------------------------
                  0.15    7.00    7.00   clock clk' (rise edge)
                          0.00    7.00   clock network delay (ideal)
                  0.15    0.00    7.00 ^ _3178_/CLK (sky130_fd_sc_hd__dfxtp_2)
     4    0.03    0.15    0.45    7.45 ^ _3178_/Q (sky130_fd_sc_hd__dfxtp_2)
                                         i_spi_reg.falling_edge_detector_sof.rstb (net)
                  0.15    0.00    7.45 ^ fanout18/A (sky130_fd_sc_hd__buf_4)
    10    0.05    0.15    0.23    7.69 ^ fanout18/X (sky130_fd_sc_hd__buf_4)
                                         net18 (net)
                  0.15    0.00    7.69 ^ _1632_/A (sky130_fd_sc_hd__clkinv_4)
     9    0.04    0.10    0.13    7.82 v _1632_/Y (sky130_fd_sc_hd__clkinv_4)
                                         _1326_ (net)
                  0.10    0.00    7.82 v _2184_/A (sky130_fd_sc_hd__nor2_2)
     5    0.02    0.21    0.24    8.06 ^ _2184_/Y (sky130_fd_sc_hd__nor2_2)
                                         _0484_ (net)
                  0.21    0.00    8.06 ^ _2185_/A (sky130_fd_sc_hd__buf_2)
    10    0.03    0.14    0.24    8.30 ^ _2185_/X (sky130_fd_sc_hd__buf_2)
                                         _0485_ (net)
                  0.14    0.00    8.30 ^ _2203_/C1 (sky130_fd_sc_hd__o211a_1)
     1    0.00    0.04    0.16    8.46 ^ _2203_/X (sky130_fd_sc_hd__o211a_1)
                                         _0127_ (net)
                  0.04    0.00    8.46 ^ _3306_/D (sky130_fd_sc_hd__dfxtp_1)
                                  8.46   data arrival time

                  0.15   14.00   14.00   clock clk (rise edge)
                          0.00   14.00   clock network delay (ideal)
                         -0.25   13.75   clock uncertainty
                          0.00   13.75   clock reconvergence pessimism
                                 13.75 ^ _3306_/CLK (sky130_fd_sc_hd__dfxtp_1)
                         -0.04   13.71   library setup time
                                 13.71   data required time
-----------------------------------------------------------------------------
                                 13.71   data required time
                                 -8.46   data arrival time
-----------------------------------------------------------------------------
                                  5.25   slack (MET)


Startpoint: _3178_ (rising edge-triggered flip-flop clocked by clk')
Endpoint: _3302_ (rising edge-triggered flip-flop clocked by clk)
Path Group: clk
Path Type: max

Fanout     Cap    Slew   Delay    Time   Description
-----------------------------------------------------------------------------
                  0.15    7.00    7.00   clock clk' (rise edge)
                          0.00    7.00   clock network delay (ideal)
                  0.15    0.00    7.00 ^ _3178_/CLK (sky130_fd_sc_hd__dfxtp_2)
     4    0.03    0.15    0.45    7.45 ^ _3178_/Q (sky130_fd_sc_hd__dfxtp_2)
                                         i_spi_reg.falling_edge_detector_sof.rstb (net)
                  0.15    0.00    7.45 ^ fanout18/A (sky130_fd_sc_hd__buf_4)
    10    0.05    0.15    0.23    7.69 ^ fanout18/X (sky130_fd_sc_hd__buf_4)
                                         net18 (net)
                  0.15    0.00    7.69 ^ _1632_/A (sky130_fd_sc_hd__clkinv_4)
     9    0.04    0.10    0.13    7.82 v _1632_/Y (sky130_fd_sc_hd__clkinv_4)
                                         _1326_ (net)
                  0.10    0.00    7.82 v _2184_/A (sky130_fd_sc_hd__nor2_2)
     5    0.02    0.21    0.24    8.06 ^ _2184_/Y (sky130_fd_sc_hd__nor2_2)
                                         _0484_ (net)
                  0.21    0.00    8.06 ^ _2185_/A (sky130_fd_sc_hd__buf_2)
    10    0.03    0.14    0.24    8.30 ^ _2185_/X (sky130_fd_sc_hd__buf_2)
                                         _0485_ (net)
                  0.14    0.00    8.30 ^ _2195_/C1 (sky130_fd_sc_hd__o211a_1)
     1    0.00    0.04    0.16    8.46 ^ _2195_/X (sky130_fd_sc_hd__o211a_1)
                                         _0123_ (net)
                  0.04    0.00    8.46 ^ _3302_/D (sky130_fd_sc_hd__dfxtp_1)
                                  8.46   data arrival time

                  0.15   14.00   14.00   clock clk (rise edge)
                          0.00   14.00   clock network delay (ideal)
                         -0.25   13.75   clock uncertainty
                          0.00   13.75   clock reconvergence pessimism
                                 13.75 ^ _3302_/CLK (sky130_fd_sc_hd__dfxtp_1)
                         -0.04   13.71   library setup time
                                 13.71   data required time
-----------------------------------------------------------------------------
                                 13.71   data required time
                                 -8.46   data arrival time
-----------------------------------------------------------------------------
                                  5.25   slack (MET)


Startpoint: _3178_ (rising edge-triggered flip-flop clocked by clk')
Endpoint: _3299_ (rising edge-triggered flip-flop clocked by clk)
Path Group: clk
Path Type: max

Fanout     Cap    Slew   Delay    Time   Description
-----------------------------------------------------------------------------
                  0.15    7.00    7.00   clock clk' (rise edge)
                          0.00    7.00   clock network delay (ideal)
                  0.15    0.00    7.00 ^ _3178_/CLK (sky130_fd_sc_hd__dfxtp_2)
     4    0.03    0.15    0.45    7.45 ^ _3178_/Q (sky130_fd_sc_hd__dfxtp_2)
                                         i_spi_reg.falling_edge_detector_sof.rstb (net)
                  0.15    0.00    7.45 ^ fanout18/A (sky130_fd_sc_hd__buf_4)
    10    0.05    0.15    0.23    7.69 ^ fanout18/X (sky130_fd_sc_hd__buf_4)
                                         net18 (net)
                  0.15    0.00    7.69 ^ _1632_/A (sky130_fd_sc_hd__clkinv_4)
     9    0.04    0.10    0.13    7.82 v _1632_/Y (sky130_fd_sc_hd__clkinv_4)
                                         _1326_ (net)
                  0.10    0.00    7.82 v _2184_/A (sky130_fd_sc_hd__nor2_2)
     5    0.02    0.21    0.24    8.06 ^ _2184_/Y (sky130_fd_sc_hd__nor2_2)
                                         _0484_ (net)
                  0.21    0.00    8.06 ^ _2185_/A (sky130_fd_sc_hd__buf_2)
    10    0.03    0.14    0.24    8.30 ^ _2185_/X (sky130_fd_sc_hd__buf_2)
                                         _0485_ (net)
                  0.14    0.00    8.30 ^ _2189_/C1 (sky130_fd_sc_hd__o211a_1)
     1    0.00    0.04    0.16    8.46 ^ _2189_/X (sky130_fd_sc_hd__o211a_1)
                                         _0120_ (net)
                  0.04    0.00    8.46 ^ _3299_/D (sky130_fd_sc_hd__dfxtp_1)
                                  8.46   data arrival time

                  0.15   14.00   14.00   clock clk (rise edge)
                          0.00   14.00   clock network delay (ideal)
                         -0.25   13.75   clock uncertainty
                          0.00   13.75   clock reconvergence pessimism
                                 13.75 ^ _3299_/CLK (sky130_fd_sc_hd__dfxtp_1)
                         -0.04   13.71   library setup time
                                 13.71   data required time
-----------------------------------------------------------------------------
                                 13.71   data required time
                                 -8.46   data arrival time
-----------------------------------------------------------------------------
                                  5.25   slack (MET)


Startpoint: _3178_ (rising edge-triggered flip-flop clocked by clk')
Endpoint: _3315_ (rising edge-triggered flip-flop clocked by clk)
Path Group: clk
Path Type: max

Fanout     Cap    Slew   Delay    Time   Description
-----------------------------------------------------------------------------
                  0.15    7.00    7.00   clock clk' (rise edge)
                          0.00    7.00   clock network delay (ideal)
                  0.15    0.00    7.00 ^ _3178_/CLK (sky130_fd_sc_hd__dfxtp_2)
     4    0.03    0.15    0.45    7.45 ^ _3178_/Q (sky130_fd_sc_hd__dfxtp_2)
                                         i_spi_reg.falling_edge_detector_sof.rstb (net)
                  0.15    0.00    7.45 ^ fanout18/A (sky130_fd_sc_hd__buf_4)
    10    0.05    0.15    0.23    7.69 ^ fanout18/X (sky130_fd_sc_hd__buf_4)
                                         net18 (net)
                  0.15    0.00    7.69 ^ _1632_/A (sky130_fd_sc_hd__clkinv_4)
     9    0.04    0.10    0.13    7.82 v _1632_/Y (sky130_fd_sc_hd__clkinv_4)
                                         _1326_ (net)
                  0.10    0.00    7.82 v _2184_/A (sky130_fd_sc_hd__nor2_2)
     5    0.02    0.21    0.24    8.06 ^ _2184_/Y (sky130_fd_sc_hd__nor2_2)
                                         _0484_ (net)
                  0.21    0.00    8.06 ^ _2209_/A (sky130_fd_sc_hd__buf_2)
    10    0.03    0.14    0.24    8.30 ^ _2209_/X (sky130_fd_sc_hd__buf_2)
                                         _0499_ (net)
                  0.14    0.00    8.30 ^ _2225_/C1 (sky130_fd_sc_hd__o211a_1)
     1    0.00    0.04    0.16    8.46 ^ _2225_/X (sky130_fd_sc_hd__o211a_1)
                                         _0136_ (net)
                  0.04    0.00    8.46 ^ _3315_/D (sky130_fd_sc_hd__dfxtp_1)
                                  8.46   data arrival time

                  0.15   14.00   14.00   clock clk (rise edge)
                          0.00   14.00   clock network delay (ideal)
                         -0.25   13.75   clock uncertainty
                          0.00   13.75   clock reconvergence pessimism
                                 13.75 ^ _3315_/CLK (sky130_fd_sc_hd__dfxtp_1)
                         -0.04   13.71   library setup time
                                 13.71   data required time
-----------------------------------------------------------------------------
                                 13.71   data required time
                                 -8.46   data arrival time
-----------------------------------------------------------------------------
                                  5.25   slack (MET)


Startpoint: _3178_ (rising edge-triggered flip-flop clocked by clk')
Endpoint: _3316_ (rising edge-triggered flip-flop clocked by clk)
Path Group: clk
Path Type: max

Fanout     Cap    Slew   Delay    Time   Description
-----------------------------------------------------------------------------
                  0.15    7.00    7.00   clock clk' (rise edge)
                          0.00    7.00   clock network delay (ideal)
                  0.15    0.00    7.00 ^ _3178_/CLK (sky130_fd_sc_hd__dfxtp_2)
     4    0.03    0.15    0.45    7.45 ^ _3178_/Q (sky130_fd_sc_hd__dfxtp_2)
                                         i_spi_reg.falling_edge_detector_sof.rstb (net)
                  0.15    0.00    7.45 ^ fanout18/A (sky130_fd_sc_hd__buf_4)
    10    0.05    0.15    0.23    7.69 ^ fanout18/X (sky130_fd_sc_hd__buf_4)
                                         net18 (net)
                  0.15    0.00    7.69 ^ _1632_/A (sky130_fd_sc_hd__clkinv_4)
     9    0.04    0.10    0.13    7.82 v _1632_/Y (sky130_fd_sc_hd__clkinv_4)
                                         _1326_ (net)
                  0.10    0.00    7.82 v _2184_/A (sky130_fd_sc_hd__nor2_2)
     5    0.02    0.21    0.24    8.06 ^ _2184_/Y (sky130_fd_sc_hd__nor2_2)
                                         _0484_ (net)
                  0.21    0.00    8.06 ^ _2209_/A (sky130_fd_sc_hd__buf_2)
    10    0.03    0.14    0.24    8.30 ^ _2209_/X (sky130_fd_sc_hd__buf_2)
                                         _0499_ (net)
                  0.14    0.00    8.30 ^ _2227_/C1 (sky130_fd_sc_hd__o211a_1)
     1    0.00    0.04    0.16    8.46 ^ _2227_/X (sky130_fd_sc_hd__o211a_1)
                                         _0137_ (net)
                  0.04    0.00    8.46 ^ _3316_/D (sky130_fd_sc_hd__dfxtp_1)
                                  8.46   data arrival time

                  0.15   14.00   14.00   clock clk (rise edge)
                          0.00   14.00   clock network delay (ideal)
                         -0.25   13.75   clock uncertainty
                          0.00   13.75   clock reconvergence pessimism
                                 13.75 ^ _3316_/CLK (sky130_fd_sc_hd__dfxtp_1)
                         -0.04   13.71   library setup time
                                 13.71   data required time
-----------------------------------------------------------------------------
                                 13.71   data required time
                                 -8.46   data arrival time
-----------------------------------------------------------------------------
                                  5.25   slack (MET)


Startpoint: _3178_ (rising edge-triggered flip-flop clocked by clk')
Endpoint: _3298_ (rising edge-triggered flip-flop clocked by clk)
Path Group: clk
Path Type: max

Fanout     Cap    Slew   Delay    Time   Description
-----------------------------------------------------------------------------
                  0.15    7.00    7.00   clock clk' (rise edge)
                          0.00    7.00   clock network delay (ideal)
                  0.15    0.00    7.00 ^ _3178_/CLK (sky130_fd_sc_hd__dfxtp_2)
     4    0.03    0.15    0.45    7.45 ^ _3178_/Q (sky130_fd_sc_hd__dfxtp_2)
                                         i_spi_reg.falling_edge_detector_sof.rstb (net)
                  0.15    0.00    7.45 ^ fanout18/A (sky130_fd_sc_hd__buf_4)
    10    0.05    0.15    0.23    7.69 ^ fanout18/X (sky130_fd_sc_hd__buf_4)
                                         net18 (net)
                  0.15    0.00    7.69 ^ _1632_/A (sky130_fd_sc_hd__clkinv_4)
     9    0.04    0.10    0.13    7.82 v _1632_/Y (sky130_fd_sc_hd__clkinv_4)
                                         _1326_ (net)
                  0.10    0.00    7.82 v _2184_/A (sky130_fd_sc_hd__nor2_2)
     5    0.02    0.21    0.24    8.06 ^ _2184_/Y (sky130_fd_sc_hd__nor2_2)
                                         _0484_ (net)
                  0.21    0.00    8.06 ^ _2185_/A (sky130_fd_sc_hd__buf_2)
    10    0.03    0.14    0.24    8.30 ^ _2185_/X (sky130_fd_sc_hd__buf_2)
                                         _0485_ (net)
                  0.14    0.00    8.30 ^ _2186_/C1 (sky130_fd_sc_hd__o211a_1)
     1    0.00    0.04    0.16    8.46 ^ _2186_/X (sky130_fd_sc_hd__o211a_1)
                                         _0119_ (net)
                  0.04    0.00    8.46 ^ _3298_/D (sky130_fd_sc_hd__dfxtp_1)
                                  8.46   data arrival time

                  0.15   14.00   14.00   clock clk (rise edge)
                          0.00   14.00   clock network delay (ideal)
                         -0.25   13.75   clock uncertainty
                          0.00   13.75   clock reconvergence pessimism
                                 13.75 ^ _3298_/CLK (sky130_fd_sc_hd__dfxtp_1)
                         -0.04   13.71   library setup time
                                 13.71   data required time
-----------------------------------------------------------------------------
                                 13.71   data required time
                                 -8.46   data arrival time
-----------------------------------------------------------------------------
                                  5.25   slack (MET)


Startpoint: _3178_ (rising edge-triggered flip-flop clocked by clk')
Endpoint: _3314_ (rising edge-triggered flip-flop clocked by clk)
Path Group: clk
Path Type: max

Fanout     Cap    Slew   Delay    Time   Description
-----------------------------------------------------------------------------
                  0.15    7.00    7.00   clock clk' (rise edge)
                          0.00    7.00   clock network delay (ideal)
                  0.15    0.00    7.00 ^ _3178_/CLK (sky130_fd_sc_hd__dfxtp_2)
     4    0.03    0.15    0.45    7.45 ^ _3178_/Q (sky130_fd_sc_hd__dfxtp_2)
                                         i_spi_reg.falling_edge_detector_sof.rstb (net)
                  0.15    0.00    7.45 ^ fanout18/A (sky130_fd_sc_hd__buf_4)
    10    0.05    0.15    0.23    7.69 ^ fanout18/X (sky130_fd_sc_hd__buf_4)
                                         net18 (net)
                  0.15    0.00    7.69 ^ _1632_/A (sky130_fd_sc_hd__clkinv_4)
     9    0.04    0.10    0.13    7.82 v _1632_/Y (sky130_fd_sc_hd__clkinv_4)
                                         _1326_ (net)
                  0.10    0.00    7.82 v _2184_/A (sky130_fd_sc_hd__nor2_2)
     5    0.02    0.21    0.24    8.06 ^ _2184_/Y (sky130_fd_sc_hd__nor2_2)
                                         _0484_ (net)
                  0.21    0.00    8.06 ^ _2209_/A (sky130_fd_sc_hd__buf_2)
    10    0.03    0.14    0.24    8.30 ^ _2209_/X (sky130_fd_sc_hd__buf_2)
                                         _0499_ (net)
                  0.14    0.00    8.30 ^ _2223_/C1 (sky130_fd_sc_hd__o211a_1)
     1    0.00    0.04    0.16    8.46 ^ _2223_/X (sky130_fd_sc_hd__o211a_1)
                                         _0135_ (net)
                  0.04    0.00    8.46 ^ _3314_/D (sky130_fd_sc_hd__dfxtp_1)
                                  8.46   data arrival time

                  0.15   14.00   14.00   clock clk (rise edge)
                          0.00   14.00   clock network delay (ideal)
                         -0.25   13.75   clock uncertainty
                          0.00   13.75   clock reconvergence pessimism
                                 13.75 ^ _3314_/CLK (sky130_fd_sc_hd__dfxtp_1)
                         -0.04   13.71   library setup time
                                 13.71   data required time
-----------------------------------------------------------------------------
                                 13.71   data required time
                                 -8.46   data arrival time
-----------------------------------------------------------------------------
                                  5.25   slack (MET)


Startpoint: _3178_ (rising edge-triggered flip-flop clocked by clk')
Endpoint: _3317_ (rising edge-triggered flip-flop clocked by clk)
Path Group: clk
Path Type: max

Fanout     Cap    Slew   Delay    Time   Description
-----------------------------------------------------------------------------
                  0.15    7.00    7.00   clock clk' (rise edge)
                          0.00    7.00   clock network delay (ideal)
                  0.15    0.00    7.00 ^ _3178_/CLK (sky130_fd_sc_hd__dfxtp_2)
     4    0.03    0.15    0.45    7.45 ^ _3178_/Q (sky130_fd_sc_hd__dfxtp_2)
                                         i_spi_reg.falling_edge_detector_sof.rstb (net)
                  0.15    0.00    7.45 ^ fanout18/A (sky130_fd_sc_hd__buf_4)
    10    0.05    0.15    0.23    7.69 ^ fanout18/X (sky130_fd_sc_hd__buf_4)
                                         net18 (net)
                  0.15    0.00    7.69 ^ _1632_/A (sky130_fd_sc_hd__clkinv_4)
     9    0.04    0.10    0.13    7.82 v _1632_/Y (sky130_fd_sc_hd__clkinv_4)
                                         _1326_ (net)
                  0.10    0.00    7.82 v _2184_/A (sky130_fd_sc_hd__nor2_2)
     5    0.02    0.21    0.24    8.06 ^ _2184_/Y (sky130_fd_sc_hd__nor2_2)
                                         _0484_ (net)
                  0.21    0.00    8.06 ^ _2209_/A (sky130_fd_sc_hd__buf_2)
    10    0.03    0.14    0.24    8.30 ^ _2209_/X (sky130_fd_sc_hd__buf_2)
                                         _0499_ (net)
                  0.14    0.00    8.30 ^ _2230_/C1 (sky130_fd_sc_hd__o211a_1)
     1    0.00    0.04    0.16    8.46 ^ _2230_/X (sky130_fd_sc_hd__o211a_1)
                                         _0138_ (net)
                  0.04    0.00    8.46 ^ _3317_/D (sky130_fd_sc_hd__dfxtp_1)
                                  8.46   data arrival time

                  0.15   14.00   14.00   clock clk (rise edge)
                          0.00   14.00   clock network delay (ideal)
                         -0.25   13.75   clock uncertainty
                          0.00   13.75   clock reconvergence pessimism
                                 13.75 ^ _3317_/CLK (sky130_fd_sc_hd__dfxtp_1)
                         -0.04   13.71   library setup time
                                 13.71   data required time
-----------------------------------------------------------------------------
                                 13.71   data required time
                                 -8.46   data arrival time
-----------------------------------------------------------------------------
                                  5.25   slack (MET)


Startpoint: _3178_ (rising edge-triggered flip-flop clocked by clk')
Endpoint: _3300_ (rising edge-triggered flip-flop clocked by clk)
Path Group: clk
Path Type: max

Fanout     Cap    Slew   Delay    Time   Description
-----------------------------------------------------------------------------
                  0.15    7.00    7.00   clock clk' (rise edge)
                          0.00    7.00   clock network delay (ideal)
                  0.15    0.00    7.00 ^ _3178_/CLK (sky130_fd_sc_hd__dfxtp_2)
     4    0.03    0.15    0.45    7.45 ^ _3178_/Q (sky130_fd_sc_hd__dfxtp_2)
                                         i_spi_reg.falling_edge_detector_sof.rstb (net)
                  0.15    0.00    7.45 ^ fanout18/A (sky130_fd_sc_hd__buf_4)
    10    0.05    0.15    0.23    7.69 ^ fanout18/X (sky130_fd_sc_hd__buf_4)
                                         net18 (net)
                  0.15    0.00    7.69 ^ _1632_/A (sky130_fd_sc_hd__clkinv_4)
     9    0.04    0.10    0.13    7.82 v _1632_/Y (sky130_fd_sc_hd__clkinv_4)
                                         _1326_ (net)
                  0.10    0.00    7.82 v _2184_/A (sky130_fd_sc_hd__nor2_2)
     5    0.02    0.21    0.24    8.06 ^ _2184_/Y (sky130_fd_sc_hd__nor2_2)
                                         _0484_ (net)
                  0.21    0.00    8.06 ^ _2185_/A (sky130_fd_sc_hd__buf_2)
    10    0.03    0.14    0.24    8.30 ^ _2185_/X (sky130_fd_sc_hd__buf_2)
                                         _0485_ (net)
                  0.14    0.00    8.30 ^ _2191_/C1 (sky130_fd_sc_hd__o211a_1)
     1    0.00    0.04    0.16    8.46 ^ _2191_/X (sky130_fd_sc_hd__o211a_1)
                                         _0121_ (net)
                  0.04    0.00    8.46 ^ _3300_/D (sky130_fd_sc_hd__dfxtp_1)
                                  8.46   data arrival time

                  0.15   14.00   14.00   clock clk (rise edge)
                          0.00   14.00   clock network delay (ideal)
                         -0.25   13.75   clock uncertainty
                          0.00   13.75   clock reconvergence pessimism
                                 13.75 ^ _3300_/CLK (sky130_fd_sc_hd__dfxtp_1)
                         -0.04   13.71   library setup time
                                 13.71   data required time
-----------------------------------------------------------------------------
                                 13.71   data required time
                                 -8.46   data arrival time
-----------------------------------------------------------------------------
                                  5.25   slack (MET)


Startpoint: _3178_ (rising edge-triggered flip-flop clocked by clk')
Endpoint: _3301_ (rising edge-triggered flip-flop clocked by clk)
Path Group: clk
Path Type: max

Fanout     Cap    Slew   Delay    Time   Description
-----------------------------------------------------------------------------
                  0.15    7.00    7.00   clock clk' (rise edge)
                          0.00    7.00   clock network delay (ideal)
                  0.15    0.00    7.00 ^ _3178_/CLK (sky130_fd_sc_hd__dfxtp_2)
     4    0.03    0.15    0.45    7.45 ^ _3178_/Q (sky130_fd_sc_hd__dfxtp_2)
                                         i_spi_reg.falling_edge_detector_sof.rstb (net)
                  0.15    0.00    7.45 ^ fanout18/A (sky130_fd_sc_hd__buf_4)
    10    0.05    0.15    0.23    7.69 ^ fanout18/X (sky130_fd_sc_hd__buf_4)
                                         net18 (net)
                  0.15    0.00    7.69 ^ _1632_/A (sky130_fd_sc_hd__clkinv_4)
     9    0.04    0.10    0.13    7.82 v _1632_/Y (sky130_fd_sc_hd__clkinv_4)
                                         _1326_ (net)
                  0.10    0.00    7.82 v _2184_/A (sky130_fd_sc_hd__nor2_2)
     5    0.02    0.21    0.24    8.06 ^ _2184_/Y (sky130_fd_sc_hd__nor2_2)
                                         _0484_ (net)
                  0.21    0.00    8.06 ^ _2185_/A (sky130_fd_sc_hd__buf_2)
    10    0.03    0.14    0.24    8.30 ^ _2185_/X (sky130_fd_sc_hd__buf_2)
                                         _0485_ (net)
                  0.14    0.00    8.30 ^ _2193_/C1 (sky130_fd_sc_hd__o211a_1)
     1    0.00    0.04    0.16    8.46 ^ _2193_/X (sky130_fd_sc_hd__o211a_1)
                                         _0122_ (net)
                  0.04    0.00    8.46 ^ _3301_/D (sky130_fd_sc_hd__dfxtp_1)
                                  8.46   data arrival time

                  0.15   14.00   14.00   clock clk (rise edge)
                          0.00   14.00   clock network delay (ideal)
                         -0.25   13.75   clock uncertainty
                          0.00   13.75   clock reconvergence pessimism
                                 13.75 ^ _3301_/CLK (sky130_fd_sc_hd__dfxtp_1)
                         -0.04   13.71   library setup time
                                 13.71   data required time
-----------------------------------------------------------------------------
                                 13.71   data required time
                                 -8.46   data arrival time
-----------------------------------------------------------------------------
                                  5.26   slack (MET)


Startpoint: _3178_ (rising edge-triggered flip-flop clocked by clk')
Endpoint: _3313_ (rising edge-triggered flip-flop clocked by clk)
Path Group: clk
Path Type: max

Fanout     Cap    Slew   Delay    Time   Description
-----------------------------------------------------------------------------
                  0.15    7.00    7.00   clock clk' (rise edge)
                          0.00    7.00   clock network delay (ideal)
                  0.15    0.00    7.00 ^ _3178_/CLK (sky130_fd_sc_hd__dfxtp_2)
     4    0.03    0.15    0.45    7.45 ^ _3178_/Q (sky130_fd_sc_hd__dfxtp_2)
                                         i_spi_reg.falling_edge_detector_sof.rstb (net)
                  0.15    0.00    7.45 ^ fanout18/A (sky130_fd_sc_hd__buf_4)
    10    0.05    0.15    0.23    7.69 ^ fanout18/X (sky130_fd_sc_hd__buf_4)
                                         net18 (net)
                  0.15    0.00    7.69 ^ _1632_/A (sky130_fd_sc_hd__clkinv_4)
     9    0.04    0.10    0.13    7.82 v _1632_/Y (sky130_fd_sc_hd__clkinv_4)
                                         _1326_ (net)
                  0.10    0.00    7.82 v _2184_/A (sky130_fd_sc_hd__nor2_2)
     5    0.02    0.21    0.24    8.06 ^ _2184_/Y (sky130_fd_sc_hd__nor2_2)
                                         _0484_ (net)
                  0.21    0.00    8.06 ^ _2209_/A (sky130_fd_sc_hd__buf_2)
    10    0.03    0.14    0.24    8.30 ^ _2209_/X (sky130_fd_sc_hd__buf_2)
                                         _0499_ (net)
                  0.14    0.00    8.30 ^ _2221_/C1 (sky130_fd_sc_hd__o211a_1)
     1    0.00    0.04    0.16    8.46 ^ _2221_/X (sky130_fd_sc_hd__o211a_1)
                                         _0134_ (net)
                  0.04    0.00    8.46 ^ _3313_/D (sky130_fd_sc_hd__dfxtp_1)
                                  8.46   data arrival time

                  0.15   14.00   14.00   clock clk (rise edge)
                          0.00   14.00   clock network delay (ideal)
                         -0.25   13.75   clock uncertainty
                          0.00   13.75   clock reconvergence pessimism
                                 13.75 ^ _3313_/CLK (sky130_fd_sc_hd__dfxtp_1)
                         -0.04   13.71   library setup time
                                 13.71   data required time
-----------------------------------------------------------------------------
                                 13.71   data required time
                                 -8.46   data arrival time
-----------------------------------------------------------------------------
                                  5.26   slack (MET)


Startpoint: _3178_ (rising edge-triggered flip-flop clocked by clk')
Endpoint: _3312_ (rising edge-triggered flip-flop clocked by clk)
Path Group: clk
Path Type: max

Fanout     Cap    Slew   Delay    Time   Description
-----------------------------------------------------------------------------
                  0.15    7.00    7.00   clock clk' (rise edge)
                          0.00    7.00   clock network delay (ideal)
                  0.15    0.00    7.00 ^ _3178_/CLK (sky130_fd_sc_hd__dfxtp_2)
     4    0.03    0.15    0.45    7.45 ^ _3178_/Q (sky130_fd_sc_hd__dfxtp_2)
                                         i_spi_reg.falling_edge_detector_sof.rstb (net)
                  0.15    0.00    7.45 ^ fanout18/A (sky130_fd_sc_hd__buf_4)
    10    0.05    0.15    0.23    7.69 ^ fanout18/X (sky130_fd_sc_hd__buf_4)
                                         net18 (net)
                  0.15    0.00    7.69 ^ _1632_/A (sky130_fd_sc_hd__clkinv_4)
     9    0.04    0.10    0.13    7.82 v _1632_/Y (sky130_fd_sc_hd__clkinv_4)
                                         _1326_ (net)
                  0.10    0.00    7.82 v _2184_/A (sky130_fd_sc_hd__nor2_2)
     5    0.02    0.21    0.24    8.06 ^ _2184_/Y (sky130_fd_sc_hd__nor2_2)
                                         _0484_ (net)
                  0.21    0.00    8.06 ^ _2209_/A (sky130_fd_sc_hd__buf_2)
    10    0.03    0.14    0.24    8.30 ^ _2209_/X (sky130_fd_sc_hd__buf_2)
                                         _0499_ (net)
                  0.14    0.00    8.30 ^ _2219_/C1 (sky130_fd_sc_hd__o211a_1)
     1    0.00    0.04    0.16    8.46 ^ _2219_/X (sky130_fd_sc_hd__o211a_1)
                                         _0133_ (net)
                  0.04    0.00    8.46 ^ _3312_/D (sky130_fd_sc_hd__dfxtp_1)
                                  8.46   data arrival time

                  0.15   14.00   14.00   clock clk (rise edge)
                          0.00   14.00   clock network delay (ideal)
                         -0.25   13.75   clock uncertainty
                          0.00   13.75   clock reconvergence pessimism
                                 13.75 ^ _3312_/CLK (sky130_fd_sc_hd__dfxtp_1)
                         -0.04   13.71   library setup time
                                 13.71   data required time
-----------------------------------------------------------------------------
                                 13.71   data required time
                                 -8.46   data arrival time
-----------------------------------------------------------------------------
                                  5.26   slack (MET)


Startpoint: _3178_ (rising edge-triggered flip-flop clocked by clk')
Endpoint: _3311_ (rising edge-triggered flip-flop clocked by clk)
Path Group: clk
Path Type: max

Fanout     Cap    Slew   Delay    Time   Description
-----------------------------------------------------------------------------
                  0.15    7.00    7.00   clock clk' (rise edge)
                          0.00    7.00   clock network delay (ideal)
                  0.15    0.00    7.00 ^ _3178_/CLK (sky130_fd_sc_hd__dfxtp_2)
     4    0.03    0.15    0.45    7.45 ^ _3178_/Q (sky130_fd_sc_hd__dfxtp_2)
                                         i_spi_reg.falling_edge_detector_sof.rstb (net)
                  0.15    0.00    7.45 ^ fanout18/A (sky130_fd_sc_hd__buf_4)
    10    0.05    0.15    0.23    7.69 ^ fanout18/X (sky130_fd_sc_hd__buf_4)
                                         net18 (net)
                  0.15    0.00    7.69 ^ _1632_/A (sky130_fd_sc_hd__clkinv_4)
     9    0.04    0.10    0.13    7.82 v _1632_/Y (sky130_fd_sc_hd__clkinv_4)
                                         _1326_ (net)
                  0.10    0.00    7.82 v _2184_/A (sky130_fd_sc_hd__nor2_2)
     5    0.02    0.21    0.24    8.06 ^ _2184_/Y (sky130_fd_sc_hd__nor2_2)
                                         _0484_ (net)
                  0.21    0.00    8.06 ^ _2209_/A (sky130_fd_sc_hd__buf_2)
    10    0.03    0.14    0.24    8.30 ^ _2209_/X (sky130_fd_sc_hd__buf_2)
                                         _0499_ (net)
                  0.14    0.00    8.30 ^ _2217_/C1 (sky130_fd_sc_hd__o211a_1)
     1    0.00    0.04    0.16    8.46 ^ _2217_/X (sky130_fd_sc_hd__o211a_1)
                                         _0132_ (net)
                  0.04    0.00    8.46 ^ _3311_/D (sky130_fd_sc_hd__dfxtp_1)
                                  8.46   data arrival time

                  0.15   14.00   14.00   clock clk (rise edge)
                          0.00   14.00   clock network delay (ideal)
                         -0.25   13.75   clock uncertainty
                          0.00   13.75   clock reconvergence pessimism
                                 13.75 ^ _3311_/CLK (sky130_fd_sc_hd__dfxtp_1)
                         -0.04   13.71   library setup time
                                 13.71   data required time
-----------------------------------------------------------------------------
                                 13.71   data required time
                                 -8.46   data arrival time
-----------------------------------------------------------------------------
                                  5.26   slack (MET)


Startpoint: _3178_ (rising edge-triggered flip-flop clocked by clk')
Endpoint: _3310_ (rising edge-triggered flip-flop clocked by clk)
Path Group: clk
Path Type: max

Fanout     Cap    Slew   Delay    Time   Description
-----------------------------------------------------------------------------
                  0.15    7.00    7.00   clock clk' (rise edge)
                          0.00    7.00   clock network delay (ideal)
                  0.15    0.00    7.00 ^ _3178_/CLK (sky130_fd_sc_hd__dfxtp_2)
     4    0.03    0.15    0.45    7.45 ^ _3178_/Q (sky130_fd_sc_hd__dfxtp_2)
                                         i_spi_reg.falling_edge_detector_sof.rstb (net)
                  0.15    0.00    7.45 ^ fanout18/A (sky130_fd_sc_hd__buf_4)
    10    0.05    0.15    0.23    7.69 ^ fanout18/X (sky130_fd_sc_hd__buf_4)
                                         net18 (net)
                  0.15    0.00    7.69 ^ _1632_/A (sky130_fd_sc_hd__clkinv_4)
     9    0.04    0.10    0.13    7.82 v _1632_/Y (sky130_fd_sc_hd__clkinv_4)
                                         _1326_ (net)
                  0.10    0.00    7.82 v _2184_/A (sky130_fd_sc_hd__nor2_2)
     5    0.02    0.21    0.24    8.06 ^ _2184_/Y (sky130_fd_sc_hd__nor2_2)
                                         _0484_ (net)
                  0.21    0.00    8.06 ^ _2209_/A (sky130_fd_sc_hd__buf_2)
    10    0.03    0.14    0.24    8.30 ^ _2209_/X (sky130_fd_sc_hd__buf_2)
                                         _0499_ (net)
                  0.14    0.00    8.30 ^ _2215_/C1 (sky130_fd_sc_hd__o211a_1)
     1    0.00    0.04    0.16    8.46 ^ _2215_/X (sky130_fd_sc_hd__o211a_1)
                                         _0131_ (net)
                  0.04    0.00    8.46 ^ _3310_/D (sky130_fd_sc_hd__dfxtp_1)
                                  8.46   data arrival time

                  0.15   14.00   14.00   clock clk (rise edge)
                          0.00   14.00   clock network delay (ideal)
                         -0.25   13.75   clock uncertainty
                          0.00   13.75   clock reconvergence pessimism
                                 13.75 ^ _3310_/CLK (sky130_fd_sc_hd__dfxtp_1)
                         -0.04   13.71   library setup time
                                 13.71   data required time
-----------------------------------------------------------------------------
                                 13.71   data required time
                                 -8.46   data arrival time
-----------------------------------------------------------------------------
                                  5.26   slack (MET)


Startpoint: _3178_ (rising edge-triggered flip-flop clocked by clk')
Endpoint: _3308_ (rising edge-triggered flip-flop clocked by clk)
Path Group: clk
Path Type: max

Fanout     Cap    Slew   Delay    Time   Description
-----------------------------------------------------------------------------
                  0.15    7.00    7.00   clock clk' (rise edge)
                          0.00    7.00   clock network delay (ideal)
                  0.15    0.00    7.00 ^ _3178_/CLK (sky130_fd_sc_hd__dfxtp_2)
     4    0.03    0.15    0.45    7.45 ^ _3178_/Q (sky130_fd_sc_hd__dfxtp_2)
                                         i_spi_reg.falling_edge_detector_sof.rstb (net)
                  0.15    0.00    7.45 ^ fanout18/A (sky130_fd_sc_hd__buf_4)
    10    0.05    0.15    0.23    7.69 ^ fanout18/X (sky130_fd_sc_hd__buf_4)
                                         net18 (net)
                  0.15    0.00    7.69 ^ _1632_/A (sky130_fd_sc_hd__clkinv_4)
     9    0.04    0.10    0.13    7.82 v _1632_/Y (sky130_fd_sc_hd__clkinv_4)
                                         _1326_ (net)
                  0.10    0.00    7.82 v _2184_/A (sky130_fd_sc_hd__nor2_2)
     5    0.02    0.21    0.24    8.06 ^ _2184_/Y (sky130_fd_sc_hd__nor2_2)
                                         _0484_ (net)
                  0.21    0.00    8.06 ^ _2209_/A (sky130_fd_sc_hd__buf_2)
    10    0.03    0.14    0.24    8.30 ^ _2209_/X (sky130_fd_sc_hd__buf_2)
                                         _0499_ (net)
                  0.14    0.00    8.30 ^ _2210_/C1 (sky130_fd_sc_hd__o211a_1)
     1    0.00    0.04    0.16    8.46 ^ _2210_/X (sky130_fd_sc_hd__o211a_1)
                                         _0129_ (net)
                  0.04    0.00    8.46 ^ _3308_/D (sky130_fd_sc_hd__dfxtp_1)
                                  8.46   data arrival time

                  0.15   14.00   14.00   clock clk (rise edge)
                          0.00   14.00   clock network delay (ideal)
                         -0.25   13.75   clock uncertainty
                          0.00   13.75   clock reconvergence pessimism
                                 13.75 ^ _3308_/CLK (sky130_fd_sc_hd__dfxtp_1)
                         -0.04   13.71   library setup time
                                 13.71   data required time
-----------------------------------------------------------------------------
                                 13.71   data required time
                                 -8.46   data arrival time
-----------------------------------------------------------------------------
                                  5.26   slack (MET)


Startpoint: _3178_ (rising edge-triggered flip-flop clocked by clk')
Endpoint: _3309_ (rising edge-triggered flip-flop clocked by clk)
Path Group: clk
Path Type: max

Fanout     Cap    Slew   Delay    Time   Description
-----------------------------------------------------------------------------
                  0.15    7.00    7.00   clock clk' (rise edge)
                          0.00    7.00   clock network delay (ideal)
                  0.15    0.00    7.00 ^ _3178_/CLK (sky130_fd_sc_hd__dfxtp_2)
     4    0.03    0.15    0.45    7.45 ^ _3178_/Q (sky130_fd_sc_hd__dfxtp_2)
                                         i_spi_reg.falling_edge_detector_sof.rstb (net)
                  0.15    0.00    7.45 ^ fanout18/A (sky130_fd_sc_hd__buf_4)
    10    0.05    0.15    0.23    7.69 ^ fanout18/X (sky130_fd_sc_hd__buf_4)
                                         net18 (net)
                  0.15    0.00    7.69 ^ _1632_/A (sky130_fd_sc_hd__clkinv_4)
     9    0.04    0.10    0.13    7.82 v _1632_/Y (sky130_fd_sc_hd__clkinv_4)
                                         _1326_ (net)
                  0.10    0.00    7.82 v _2184_/A (sky130_fd_sc_hd__nor2_2)
     5    0.02    0.21    0.24    8.06 ^ _2184_/Y (sky130_fd_sc_hd__nor2_2)
                                         _0484_ (net)
                  0.21    0.00    8.06 ^ _2209_/A (sky130_fd_sc_hd__buf_2)
    10    0.03    0.14    0.24    8.30 ^ _2209_/X (sky130_fd_sc_hd__buf_2)
                                         _0499_ (net)
                  0.14    0.00    8.30 ^ _2213_/C1 (sky130_fd_sc_hd__o211a_1)
     1    0.00    0.04    0.16    8.46 ^ _2213_/X (sky130_fd_sc_hd__o211a_1)
                                         _0130_ (net)
                  0.04    0.00    8.46 ^ _3309_/D (sky130_fd_sc_hd__dfxtp_1)
                                  8.46   data arrival time

                  0.15   14.00   14.00   clock clk (rise edge)
                          0.00   14.00   clock network delay (ideal)
                         -0.25   13.75   clock uncertainty
                          0.00   13.75   clock reconvergence pessimism
                                 13.75 ^ _3309_/CLK (sky130_fd_sc_hd__dfxtp_1)
                         -0.04   13.71   library setup time
                                 13.71   data required time
-----------------------------------------------------------------------------
                                 13.71   data required time
                                 -8.46   data arrival time
-----------------------------------------------------------------------------
                                  5.26   slack (MET)


Startpoint: _3178_ (rising edge-triggered flip-flop clocked by clk')
Endpoint: _3187_ (rising edge-triggered flip-flop clocked by clk)
Path Group: clk
Path Type: max

Fanout     Cap    Slew   Delay    Time   Description
-----------------------------------------------------------------------------
                  0.15    7.00    7.00   clock clk' (rise edge)
                          0.00    7.00   clock network delay (ideal)
                  0.15    0.00    7.00 ^ _3178_/CLK (sky130_fd_sc_hd__dfxtp_2)
     4    0.03    0.15    0.45    7.45 ^ _3178_/Q (sky130_fd_sc_hd__dfxtp_2)
                                         i_spi_reg.falling_edge_detector_sof.rstb (net)
                  0.15    0.00    7.45 ^ fanout18/A (sky130_fd_sc_hd__buf_4)
    10    0.05    0.15    0.23    7.69 ^ fanout18/X (sky130_fd_sc_hd__buf_4)
                                         net18 (net)
                  0.15    0.00    7.69 ^ fanout17/A (sky130_fd_sc_hd__clkbuf_4)
    10    0.04    0.13    0.25    7.94 ^ fanout17/X (sky130_fd_sc_hd__clkbuf_4)
                                         net17 (net)
                  0.13    0.00    7.94 ^ _1604_/A (sky130_fd_sc_hd__buf_4)
    10    0.05    0.15    0.23    8.17 ^ _1604_/X (sky130_fd_sc_hd__buf_4)
                                         _1299_ (net)
                  0.15    0.00    8.17 ^ _1639_/B (sky130_fd_sc_hd__and3_1)
     1    0.00    0.05    0.18    8.35 ^ _1639_/X (sky130_fd_sc_hd__and3_1)
                                         _1328_ (net)
                  0.05    0.00    8.35 ^ _1640_/A (sky130_fd_sc_hd__clkbuf_1)
     1    0.00    0.04    0.08    8.43 ^ _1640_/X (sky130_fd_sc_hd__clkbuf_1)
                                         _0008_ (net)
                  0.04    0.00    8.43 ^ _3187_/D (sky130_fd_sc_hd__dfxtp_1)
                                  8.43   data arrival time

                  0.15   14.00   14.00   clock clk (rise edge)
                          0.00   14.00   clock network delay (ideal)
                         -0.25   13.75   clock uncertainty
                          0.00   13.75   clock reconvergence pessimism
                                 13.75 ^ _3187_/CLK (sky130_fd_sc_hd__dfxtp_1)
                         -0.04   13.71   library setup time
                                 13.71   data required time
-----------------------------------------------------------------------------
                                 13.71   data required time
                                 -8.43   data arrival time
-----------------------------------------------------------------------------
                                  5.28   slack (MET)


Startpoint: _3178_ (rising edge-triggered flip-flop clocked by clk')
Endpoint: _3181_ (rising edge-triggered flip-flop clocked by clk)
Path Group: clk
Path Type: max

Fanout     Cap    Slew   Delay    Time   Description
-----------------------------------------------------------------------------
                  0.15    7.00    7.00   clock clk' (rise edge)
                          0.00    7.00   clock network delay (ideal)
                  0.15    0.00    7.00 ^ _3178_/CLK (sky130_fd_sc_hd__dfxtp_2)
     4    0.03    0.15    0.45    7.45 ^ _3178_/Q (sky130_fd_sc_hd__dfxtp_2)
                                         i_spi_reg.falling_edge_detector_sof.rstb (net)
                  0.15    0.00    7.45 ^ fanout18/A (sky130_fd_sc_hd__buf_4)
    10    0.05    0.15    0.23    7.69 ^ fanout18/X (sky130_fd_sc_hd__buf_4)
                                         net18 (net)
                  0.15    0.00    7.69 ^ fanout17/A (sky130_fd_sc_hd__clkbuf_4)
    10    0.04    0.13    0.25    7.94 ^ fanout17/X (sky130_fd_sc_hd__clkbuf_4)
                                         net17 (net)
                  0.13    0.00    7.94 ^ _1604_/A (sky130_fd_sc_hd__buf_4)
    10    0.05    0.15    0.23    8.17 ^ _1604_/X (sky130_fd_sc_hd__buf_4)
                                         _1299_ (net)
                  0.15    0.00    8.17 ^ _1630_/B (sky130_fd_sc_hd__and3_1)
     1    0.00    0.05    0.18    8.35 ^ _1630_/X (sky130_fd_sc_hd__and3_1)
                                         _1325_ (net)
                  0.05    0.00    8.35 ^ _1631_/A (sky130_fd_sc_hd__clkbuf_1)
     1    0.00    0.04    0.08    8.43 ^ _1631_/X (sky130_fd_sc_hd__clkbuf_1)
                                         _0002_ (net)
                  0.04    0.00    8.43 ^ _3181_/D (sky130_fd_sc_hd__dfxtp_1)
                                  8.43   data arrival time

                  0.15   14.00   14.00   clock clk (rise edge)
                          0.00   14.00   clock network delay (ideal)
                         -0.25   13.75   clock uncertainty
                          0.00   13.75   clock reconvergence pessimism
                                 13.75 ^ _3181_/CLK (sky130_fd_sc_hd__dfxtp_1)
                         -0.04   13.71   library setup time
                                 13.71   data required time
-----------------------------------------------------------------------------
                                 13.71   data required time
                                 -8.43   data arrival time
-----------------------------------------------------------------------------
                                  5.29   slack (MET)


Startpoint: _3178_ (rising edge-triggered flip-flop clocked by clk')
Endpoint: _3244_ (rising edge-triggered flip-flop clocked by clk)
Path Group: clk
Path Type: max

Fanout     Cap    Slew   Delay    Time   Description
-----------------------------------------------------------------------------
                  0.15    7.00    7.00   clock clk' (rise edge)
                          0.00    7.00   clock network delay (ideal)
                  0.15    0.00    7.00 ^ _3178_/CLK (sky130_fd_sc_hd__dfxtp_2)
     4    0.03    0.15    0.45    7.45 ^ _3178_/Q (sky130_fd_sc_hd__dfxtp_2)
                                         i_spi_reg.falling_edge_detector_sof.rstb (net)
                  0.15    0.00    7.45 ^ fanout18/A (sky130_fd_sc_hd__buf_4)
    10    0.05    0.15    0.23    7.69 ^ fanout18/X (sky130_fd_sc_hd__buf_4)
                                         net18 (net)
                  0.15    0.00    7.69 ^ _1632_/A (sky130_fd_sc_hd__clkinv_4)
     9    0.04    0.10    0.13    7.82 v _1632_/Y (sky130_fd_sc_hd__clkinv_4)
                                         _1326_ (net)
                  0.10    0.00    7.82 v _1674_/A (sky130_fd_sc_hd__buf_2)
    10    0.03    0.08    0.21    8.03 v _1674_/X (sky130_fd_sc_hd__buf_2)
                                         _1348_ (net)
                  0.08    0.00    8.03 v _1952_/B1 (sky130_fd_sc_hd__a31o_1)
     1    0.00    0.04    0.20    8.23 v _1952_/X (sky130_fd_sc_hd__a31o_1)
                                         _1584_ (net)
                  0.04    0.00    8.23 v _1953_/B1 (sky130_fd_sc_hd__a21o_1)
     1    0.00    0.03    0.15    8.38 v _1953_/X (sky130_fd_sc_hd__a21o_1)
                                         _0065_ (net)
                  0.03    0.00    8.38 v _3244_/D (sky130_fd_sc_hd__dfxtp_1)
                                  8.38   data arrival time

                  0.15   14.00   14.00   clock clk (rise edge)
                          0.00   14.00   clock network delay (ideal)
                         -0.25   13.75   clock uncertainty
                          0.00   13.75   clock reconvergence pessimism
                                 13.75 ^ _3244_/CLK (sky130_fd_sc_hd__dfxtp_1)
                         -0.08   13.67   library setup time
                                 13.67   data required time
-----------------------------------------------------------------------------
                                 13.67   data required time
                                 -8.38   data arrival time
-----------------------------------------------------------------------------
                                  5.29   slack (MET)


Startpoint: _3178_ (rising edge-triggered flip-flop clocked by clk')
Endpoint: _3191_ (rising edge-triggered flip-flop clocked by clk)
Path Group: clk
Path Type: max

Fanout     Cap    Slew   Delay    Time   Description
-----------------------------------------------------------------------------
                  0.15    7.00    7.00   clock clk' (rise edge)
                          0.00    7.00   clock network delay (ideal)
                  0.15    0.00    7.00 ^ _3178_/CLK (sky130_fd_sc_hd__dfxtp_2)
     4    0.03    0.15    0.45    7.45 ^ _3178_/Q (sky130_fd_sc_hd__dfxtp_2)
                                         i_spi_reg.falling_edge_detector_sof.rstb (net)
                  0.15    0.00    7.45 ^ fanout18/A (sky130_fd_sc_hd__buf_4)
    10    0.05    0.15    0.23    7.69 ^ fanout18/X (sky130_fd_sc_hd__buf_4)
                                         net18 (net)
                  0.15    0.00    7.69 ^ fanout17/A (sky130_fd_sc_hd__clkbuf_4)
    10    0.04    0.13    0.25    7.94 ^ fanout17/X (sky130_fd_sc_hd__clkbuf_4)
                                         net17 (net)
                  0.13    0.00    7.94 ^ _1642_/A (sky130_fd_sc_hd__buf_2)
    10    0.03    0.14    0.22    8.16 ^ _1642_/X (sky130_fd_sc_hd__buf_2)
                                         _1329_ (net)
                  0.14    0.00    8.16 ^ _1652_/B (sky130_fd_sc_hd__and3_1)
     1    0.00    0.05    0.18    8.34 ^ _1652_/X (sky130_fd_sc_hd__and3_1)
                                         _1337_ (net)
                  0.05    0.00    8.34 ^ _1653_/A (sky130_fd_sc_hd__clkbuf_1)
     1    0.00    0.04    0.08    8.42 ^ _1653_/X (sky130_fd_sc_hd__clkbuf_1)
                                         _0012_ (net)
                  0.04    0.00    8.42 ^ _3191_/D (sky130_fd_sc_hd__dfxtp_1)
                                  8.42   data arrival time

                  0.15   14.00   14.00   clock clk (rise edge)
                          0.00   14.00   clock network delay (ideal)
                         -0.25   13.75   clock uncertainty
                          0.00   13.75   clock reconvergence pessimism
                                 13.75 ^ _3191_/CLK (sky130_fd_sc_hd__dfxtp_1)
                         -0.04   13.71   library setup time
                                 13.71   data required time
-----------------------------------------------------------------------------
                                 13.71   data required time
                                 -8.42   data arrival time
-----------------------------------------------------------------------------
                                  5.29   slack (MET)


Startpoint: _3178_ (rising edge-triggered flip-flop clocked by clk')
Endpoint: _3245_ (rising edge-triggered flip-flop clocked by clk)
Path Group: clk
Path Type: max

Fanout     Cap    Slew   Delay    Time   Description
-----------------------------------------------------------------------------
                  0.15    7.00    7.00   clock clk' (rise edge)
                          0.00    7.00   clock network delay (ideal)
                  0.15    0.00    7.00 ^ _3178_/CLK (sky130_fd_sc_hd__dfxtp_2)
     4    0.03    0.15    0.45    7.45 ^ _3178_/Q (sky130_fd_sc_hd__dfxtp_2)
                                         i_spi_reg.falling_edge_detector_sof.rstb (net)
                  0.15    0.00    7.45 ^ fanout18/A (sky130_fd_sc_hd__buf_4)
    10    0.05    0.15    0.23    7.69 ^ fanout18/X (sky130_fd_sc_hd__buf_4)
                                         net18 (net)
                  0.15    0.00    7.69 ^ _1632_/A (sky130_fd_sc_hd__clkinv_4)
     9    0.04    0.10    0.13    7.82 v _1632_/Y (sky130_fd_sc_hd__clkinv_4)
                                         _1326_ (net)
                  0.10    0.00    7.82 v _1674_/A (sky130_fd_sc_hd__buf_2)
    10    0.03    0.08    0.21    8.03 v _1674_/X (sky130_fd_sc_hd__buf_2)
                                         _1348_ (net)
                  0.08    0.00    8.03 v _1954_/B1 (sky130_fd_sc_hd__a31o_1)
     1    0.00    0.04    0.20    8.23 v _1954_/X (sky130_fd_sc_hd__a31o_1)
                                         _1585_ (net)
                  0.04    0.00    8.23 v _1955_/B1 (sky130_fd_sc_hd__a21o_1)
     1    0.00    0.03    0.15    8.37 v _1955_/X (sky130_fd_sc_hd__a21o_1)
                                         _0066_ (net)
                  0.03    0.00    8.37 v _3245_/D (sky130_fd_sc_hd__dfxtp_1)
                                  8.37   data arrival time

                  0.15   14.00   14.00   clock clk (rise edge)
                          0.00   14.00   clock network delay (ideal)
                         -0.25   13.75   clock uncertainty
                          0.00   13.75   clock reconvergence pessimism
                                 13.75 ^ _3245_/CLK (sky130_fd_sc_hd__dfxtp_1)
                         -0.08   13.67   library setup time
                                 13.67   data required time
-----------------------------------------------------------------------------
                                 13.67   data required time
                                 -8.37   data arrival time
-----------------------------------------------------------------------------
                                  5.30   slack (MET)


Startpoint: _3178_ (rising edge-triggered flip-flop clocked by clk')
Endpoint: _3210_ (rising edge-triggered flip-flop clocked by clk)
Path Group: clk
Path Type: max

Fanout     Cap    Slew   Delay    Time   Description
-----------------------------------------------------------------------------
                  0.15    7.00    7.00   clock clk' (rise edge)
                          0.00    7.00   clock network delay (ideal)
                  0.15    0.00    7.00 ^ _3178_/CLK (sky130_fd_sc_hd__dfxtp_2)
     4    0.03    0.15    0.45    7.45 ^ _3178_/Q (sky130_fd_sc_hd__dfxtp_2)
                                         i_spi_reg.falling_edge_detector_sof.rstb (net)
                  0.15    0.00    7.45 ^ fanout18/A (sky130_fd_sc_hd__buf_4)
    10    0.05    0.15    0.23    7.69 ^ fanout18/X (sky130_fd_sc_hd__buf_4)
                                         net18 (net)
                  0.15    0.00    7.69 ^ fanout17/A (sky130_fd_sc_hd__clkbuf_4)
    10    0.04    0.13    0.25    7.94 ^ fanout17/X (sky130_fd_sc_hd__clkbuf_4)
                                         net17 (net)
                  0.13    0.00    7.94 ^ _1642_/A (sky130_fd_sc_hd__buf_2)
    10    0.03    0.14    0.22    8.16 ^ _1642_/X (sky130_fd_sc_hd__buf_2)
                                         _1329_ (net)
                  0.14    0.00    8.16 ^ _1691_/B (sky130_fd_sc_hd__and3_1)
     1    0.00    0.05    0.17    8.33 ^ _1691_/X (sky130_fd_sc_hd__and3_1)
                                         _1357_ (net)
                  0.05    0.00    8.33 ^ _1692_/A (sky130_fd_sc_hd__clkbuf_1)
     1    0.00    0.04    0.08    8.41 ^ _1692_/X (sky130_fd_sc_hd__clkbuf_1)
                                         _0031_ (net)
                  0.04    0.00    8.41 ^ _3210_/D (sky130_fd_sc_hd__dfxtp_1)
                                  8.41   data arrival time

                  0.15   14.00   14.00   clock clk (rise edge)
                          0.00   14.00   clock network delay (ideal)
                         -0.25   13.75   clock uncertainty
                          0.00   13.75   clock reconvergence pessimism
                                 13.75 ^ _3210_/CLK (sky130_fd_sc_hd__dfxtp_1)
                         -0.04   13.71   library setup time
                                 13.71   data required time
-----------------------------------------------------------------------------
                                 13.71   data required time
                                 -8.41   data arrival time
-----------------------------------------------------------------------------
                                  5.30   slack (MET)


Startpoint: _3178_ (rising edge-triggered flip-flop clocked by clk')
Endpoint: _3197_ (rising edge-triggered flip-flop clocked by clk)
Path Group: clk
Path Type: max

Fanout     Cap    Slew   Delay    Time   Description
-----------------------------------------------------------------------------
                  0.15    7.00    7.00   clock clk' (rise edge)
                          0.00    7.00   clock network delay (ideal)
                  0.15    0.00    7.00 ^ _3178_/CLK (sky130_fd_sc_hd__dfxtp_2)
     4    0.03    0.15    0.45    7.45 ^ _3178_/Q (sky130_fd_sc_hd__dfxtp_2)
                                         i_spi_reg.falling_edge_detector_sof.rstb (net)
                  0.15    0.00    7.45 ^ fanout18/A (sky130_fd_sc_hd__buf_4)
    10    0.05    0.15    0.23    7.69 ^ fanout18/X (sky130_fd_sc_hd__buf_4)
                                         net18 (net)
                  0.15    0.00    7.69 ^ fanout17/A (sky130_fd_sc_hd__clkbuf_4)
    10    0.04    0.13    0.25    7.94 ^ fanout17/X (sky130_fd_sc_hd__clkbuf_4)
                                         net17 (net)
                  0.13    0.00    7.94 ^ _1642_/A (sky130_fd_sc_hd__buf_2)
    10    0.03    0.14    0.22    8.16 ^ _1642_/X (sky130_fd_sc_hd__buf_2)
                                         _1329_ (net)
                  0.14    0.00    8.16 ^ _1664_/B (sky130_fd_sc_hd__and3_1)
     1    0.00    0.05    0.18    8.33 ^ _1664_/X (sky130_fd_sc_hd__and3_1)
                                         _1343_ (net)
                  0.05    0.00    8.33 ^ _1665_/A (sky130_fd_sc_hd__clkbuf_1)
     1    0.00    0.04    0.08    8.41 ^ _1665_/X (sky130_fd_sc_hd__clkbuf_1)
                                         _0018_ (net)
                  0.04    0.00    8.41 ^ _3197_/D (sky130_fd_sc_hd__dfxtp_1)
                                  8.41   data arrival time

                  0.15   14.00   14.00   clock clk (rise edge)
                          0.00   14.00   clock network delay (ideal)
                         -0.25   13.75   clock uncertainty
                          0.00   13.75   clock reconvergence pessimism
                                 13.75 ^ _3197_/CLK (sky130_fd_sc_hd__dfxtp_1)
                         -0.04   13.71   library setup time
                                 13.71   data required time
-----------------------------------------------------------------------------
                                 13.71   data required time
                                 -8.41   data arrival time
-----------------------------------------------------------------------------
                                  5.30   slack (MET)


Startpoint: _3178_ (rising edge-triggered flip-flop clocked by clk')
Endpoint: _3195_ (rising edge-triggered flip-flop clocked by clk)
Path Group: clk
Path Type: max

Fanout     Cap    Slew   Delay    Time   Description
-----------------------------------------------------------------------------
                  0.15    7.00    7.00   clock clk' (rise edge)
                          0.00    7.00   clock network delay (ideal)
                  0.15    0.00    7.00 ^ _3178_/CLK (sky130_fd_sc_hd__dfxtp_2)
     4    0.03    0.15    0.45    7.45 ^ _3178_/Q (sky130_fd_sc_hd__dfxtp_2)
                                         i_spi_reg.falling_edge_detector_sof.rstb (net)
                  0.15    0.00    7.45 ^ fanout18/A (sky130_fd_sc_hd__buf_4)
    10    0.05    0.15    0.23    7.69 ^ fanout18/X (sky130_fd_sc_hd__buf_4)
                                         net18 (net)
                  0.15    0.00    7.69 ^ fanout17/A (sky130_fd_sc_hd__clkbuf_4)
    10    0.04    0.13    0.25    7.94 ^ fanout17/X (sky130_fd_sc_hd__clkbuf_4)
                                         net17 (net)
                  0.13    0.00    7.94 ^ _1642_/A (sky130_fd_sc_hd__buf_2)
    10    0.03    0.14    0.22    8.16 ^ _1642_/X (sky130_fd_sc_hd__buf_2)
                                         _1329_ (net)
                  0.14    0.00    8.16 ^ _1660_/B (sky130_fd_sc_hd__and3_1)
     1    0.00    0.05    0.18    8.33 ^ _1660_/X (sky130_fd_sc_hd__and3_1)
                                         _1341_ (net)
                  0.05    0.00    8.33 ^ _1661_/A (sky130_fd_sc_hd__clkbuf_1)
     1    0.00    0.04    0.08    8.41 ^ _1661_/X (sky130_fd_sc_hd__clkbuf_1)
                                         _0016_ (net)
                  0.04    0.00    8.41 ^ _3195_/D (sky130_fd_sc_hd__dfxtp_1)
                                  8.41   data arrival time

                  0.15   14.00   14.00   clock clk (rise edge)
                          0.00   14.00   clock network delay (ideal)
                         -0.25   13.75   clock uncertainty
                          0.00   13.75   clock reconvergence pessimism
                                 13.75 ^ _3195_/CLK (sky130_fd_sc_hd__dfxtp_1)
                         -0.04   13.71   library setup time
                                 13.71   data required time
-----------------------------------------------------------------------------
                                 13.71   data required time
                                 -8.41   data arrival time
-----------------------------------------------------------------------------
                                  5.30   slack (MET)


Startpoint: _3178_ (rising edge-triggered flip-flop clocked by clk')
Endpoint: _3205_ (rising edge-triggered flip-flop clocked by clk)
Path Group: clk
Path Type: max

Fanout     Cap    Slew   Delay    Time   Description
-----------------------------------------------------------------------------
                  0.15    7.00    7.00   clock clk' (rise edge)
                          0.00    7.00   clock network delay (ideal)
                  0.15    0.00    7.00 ^ _3178_/CLK (sky130_fd_sc_hd__dfxtp_2)
     4    0.03    0.15    0.45    7.45 ^ _3178_/Q (sky130_fd_sc_hd__dfxtp_2)
                                         i_spi_reg.falling_edge_detector_sof.rstb (net)
                  0.15    0.00    7.45 ^ fanout18/A (sky130_fd_sc_hd__buf_4)
    10    0.05    0.15    0.23    7.69 ^ fanout18/X (sky130_fd_sc_hd__buf_4)
                                         net18 (net)
                  0.15    0.00    7.69 ^ fanout17/A (sky130_fd_sc_hd__clkbuf_4)
    10    0.04    0.13    0.25    7.94 ^ fanout17/X (sky130_fd_sc_hd__clkbuf_4)
                                         net17 (net)
                  0.13    0.00    7.94 ^ _1642_/A (sky130_fd_sc_hd__buf_2)
    10    0.03    0.14    0.22    8.16 ^ _1642_/X (sky130_fd_sc_hd__buf_2)
                                         _1329_ (net)
                  0.14    0.00    8.16 ^ _1681_/B (sky130_fd_sc_hd__and3_1)
     1    0.00    0.05    0.18    8.33 ^ _1681_/X (sky130_fd_sc_hd__and3_1)
                                         _1352_ (net)
                  0.05    0.00    8.33 ^ _1682_/A (sky130_fd_sc_hd__clkbuf_1)
     1    0.00    0.04    0.08    8.41 ^ _1682_/X (sky130_fd_sc_hd__clkbuf_1)
                                         _0026_ (net)
                  0.04    0.00    8.41 ^ _3205_/D (sky130_fd_sc_hd__dfxtp_1)
                                  8.41   data arrival time

                  0.15   14.00   14.00   clock clk (rise edge)
                          0.00   14.00   clock network delay (ideal)
                         -0.25   13.75   clock uncertainty
                          0.00   13.75   clock reconvergence pessimism
                                 13.75 ^ _3205_/CLK (sky130_fd_sc_hd__dfxtp_1)
                         -0.04   13.71   library setup time
                                 13.71   data required time
-----------------------------------------------------------------------------
                                 13.71   data required time
                                 -8.41   data arrival time
-----------------------------------------------------------------------------
                                  5.30   slack (MET)


Startpoint: _3178_ (rising edge-triggered flip-flop clocked by clk')
Endpoint: _3446_ (rising edge-triggered flip-flop clocked by clk)
Path Group: clk
Path Type: max

Fanout     Cap    Slew   Delay    Time   Description
-----------------------------------------------------------------------------
                  0.15    7.00    7.00   clock clk' (rise edge)
                          0.00    7.00   clock network delay (ideal)
                  0.15    0.00    7.00 ^ _3178_/CLK (sky130_fd_sc_hd__dfxtp_2)
     4    0.03    0.15    0.45    7.45 ^ _3178_/Q (sky130_fd_sc_hd__dfxtp_2)
                                         i_spi_reg.falling_edge_detector_sof.rstb (net)
                  0.15    0.00    7.45 ^ fanout18/A (sky130_fd_sc_hd__buf_4)
    10    0.05    0.15    0.23    7.69 ^ fanout18/X (sky130_fd_sc_hd__buf_4)
                                         net18 (net)
                  0.15    0.00    7.69 ^ _1632_/A (sky130_fd_sc_hd__clkinv_4)
     9    0.04    0.10    0.13    7.82 v _1632_/Y (sky130_fd_sc_hd__clkinv_4)
                                         _1326_ (net)
                  0.10    0.00    7.82 v _1756_/A (sky130_fd_sc_hd__nor2_1)
     3    0.01    0.17    0.19    8.01 ^ _1756_/Y (sky130_fd_sc_hd__nor2_1)
                                         _1418_ (net)
                  0.17    0.00    8.01 ^ _1757_/A (sky130_fd_sc_hd__clkbuf_4)
    10    0.04    0.13    0.25    8.27 ^ _1757_/X (sky130_fd_sc_hd__clkbuf_4)
                                         _1419_ (net)
                  0.13    0.00    8.27 ^ _2997_/B2 (sky130_fd_sc_hd__a2bb2o_1)
     1    0.00    0.04    0.15    8.41 ^ _2997_/X (sky130_fd_sc_hd__a2bb2o_1)
                                         _0261_ (net)
                  0.04    0.00    8.41 ^ _3446_/D (sky130_fd_sc_hd__dfxtp_1)
                                  8.41   data arrival time

                  0.15   14.00   14.00   clock clk (rise edge)
                          0.00   14.00   clock network delay (ideal)
                         -0.25   13.75   clock uncertainty
                          0.00   13.75   clock reconvergence pessimism
                                 13.75 ^ _3446_/CLK (sky130_fd_sc_hd__dfxtp_1)
                         -0.04   13.71   library setup time
                                 13.71   data required time
-----------------------------------------------------------------------------
                                 13.71   data required time
                                 -8.41   data arrival time
-----------------------------------------------------------------------------
                                  5.30   slack (MET)


Startpoint: _3178_ (rising edge-triggered flip-flop clocked by clk')
Endpoint: _3207_ (rising edge-triggered flip-flop clocked by clk)
Path Group: clk
Path Type: max

Fanout     Cap    Slew   Delay    Time   Description
-----------------------------------------------------------------------------
                  0.15    7.00    7.00   clock clk' (rise edge)
                          0.00    7.00   clock network delay (ideal)
                  0.15    0.00    7.00 ^ _3178_/CLK (sky130_fd_sc_hd__dfxtp_2)
     4    0.03    0.15    0.45    7.45 ^ _3178_/Q (sky130_fd_sc_hd__dfxtp_2)
                                         i_spi_reg.falling_edge_detector_sof.rstb (net)
                  0.15    0.00    7.45 ^ fanout18/A (sky130_fd_sc_hd__buf_4)
    10    0.05    0.15    0.23    7.69 ^ fanout18/X (sky130_fd_sc_hd__buf_4)
                                         net18 (net)
                  0.15    0.00    7.69 ^ fanout17/A (sky130_fd_sc_hd__clkbuf_4)
    10    0.04    0.13    0.25    7.94 ^ fanout17/X (sky130_fd_sc_hd__clkbuf_4)
                                         net17 (net)
                  0.13    0.00    7.94 ^ _1642_/A (sky130_fd_sc_hd__buf_2)
    10    0.03    0.14    0.22    8.16 ^ _1642_/X (sky130_fd_sc_hd__buf_2)
                                         _1329_ (net)
                  0.14    0.00    8.16 ^ _1685_/B (sky130_fd_sc_hd__and3_1)
     1    0.00    0.05    0.18    8.33 ^ _1685_/X (sky130_fd_sc_hd__and3_1)
                                         _1354_ (net)
                  0.05    0.00    8.33 ^ _1686_/A (sky130_fd_sc_hd__clkbuf_1)
     1    0.00    0.03    0.08    8.41 ^ _1686_/X (sky130_fd_sc_hd__clkbuf_1)
                                         _0028_ (net)
                  0.03    0.00    8.41 ^ _3207_/D (sky130_fd_sc_hd__dfxtp_1)
                                  8.41   data arrival time

                  0.15   14.00   14.00   clock clk (rise edge)
                          0.00   14.00   clock network delay (ideal)
                         -0.25   13.75   clock uncertainty
                          0.00   13.75   clock reconvergence pessimism
                                 13.75 ^ _3207_/CLK (sky130_fd_sc_hd__dfxtp_1)
                         -0.04   13.71   library setup time
                                 13.71   data required time
-----------------------------------------------------------------------------
                                 13.71   data required time
                                 -8.41   data arrival time
-----------------------------------------------------------------------------
                                  5.30   slack (MET)


Startpoint: _3178_ (rising edge-triggered flip-flop clocked by clk')
Endpoint: _3189_ (rising edge-triggered flip-flop clocked by clk)
Path Group: clk
Path Type: max

Fanout     Cap    Slew   Delay    Time   Description
-----------------------------------------------------------------------------
                  0.15    7.00    7.00   clock clk' (rise edge)
                          0.00    7.00   clock network delay (ideal)
                  0.15    0.00    7.00 ^ _3178_/CLK (sky130_fd_sc_hd__dfxtp_2)
     4    0.03    0.15    0.45    7.45 ^ _3178_/Q (sky130_fd_sc_hd__dfxtp_2)
                                         i_spi_reg.falling_edge_detector_sof.rstb (net)
                  0.15    0.00    7.45 ^ fanout18/A (sky130_fd_sc_hd__buf_4)
    10    0.05    0.15    0.23    7.69 ^ fanout18/X (sky130_fd_sc_hd__buf_4)
                                         net18 (net)
                  0.15    0.00    7.69 ^ fanout17/A (sky130_fd_sc_hd__clkbuf_4)
    10    0.04    0.13    0.25    7.94 ^ fanout17/X (sky130_fd_sc_hd__clkbuf_4)
                                         net17 (net)
                  0.13    0.00    7.94 ^ _1642_/A (sky130_fd_sc_hd__buf_2)
    10    0.03    0.14    0.22    8.16 ^ _1642_/X (sky130_fd_sc_hd__buf_2)
                                         _1329_ (net)
                  0.14    0.00    8.16 ^ _1643_/B (sky130_fd_sc_hd__and3_1)
     1    0.00    0.05    0.17    8.33 ^ _1643_/X (sky130_fd_sc_hd__and3_1)
                                         _1330_ (net)
                  0.05    0.00    8.33 ^ _1644_/A (sky130_fd_sc_hd__clkbuf_1)
     1    0.00    0.03    0.08    8.41 ^ _1644_/X (sky130_fd_sc_hd__clkbuf_1)
                                         _0010_ (net)
                  0.03    0.00    8.41 ^ _3189_/D (sky130_fd_sc_hd__dfxtp_1)
                                  8.41   data arrival time

                  0.15   14.00   14.00   clock clk (rise edge)
                          0.00   14.00   clock network delay (ideal)
                         -0.25   13.75   clock uncertainty
                          0.00   13.75   clock reconvergence pessimism
                                 13.75 ^ _3189_/CLK (sky130_fd_sc_hd__dfxtp_1)
                         -0.04   13.71   library setup time
                                 13.71   data required time
-----------------------------------------------------------------------------
                                 13.71   data required time
                                 -8.41   data arrival time
-----------------------------------------------------------------------------
                                  5.30   slack (MET)


Startpoint: _3178_ (rising edge-triggered flip-flop clocked by clk')
Endpoint: _3209_ (rising edge-triggered flip-flop clocked by clk)
Path Group: clk
Path Type: max

Fanout     Cap    Slew   Delay    Time   Description
-----------------------------------------------------------------------------
                  0.15    7.00    7.00   clock clk' (rise edge)
                          0.00    7.00   clock network delay (ideal)
                  0.15    0.00    7.00 ^ _3178_/CLK (sky130_fd_sc_hd__dfxtp_2)
     4    0.03    0.15    0.45    7.45 ^ _3178_/Q (sky130_fd_sc_hd__dfxtp_2)
                                         i_spi_reg.falling_edge_detector_sof.rstb (net)
                  0.15    0.00    7.45 ^ fanout18/A (sky130_fd_sc_hd__buf_4)
    10    0.05    0.15    0.23    7.69 ^ fanout18/X (sky130_fd_sc_hd__buf_4)
                                         net18 (net)
                  0.15    0.00    7.69 ^ fanout17/A (sky130_fd_sc_hd__clkbuf_4)
    10    0.04    0.13    0.25    7.94 ^ fanout17/X (sky130_fd_sc_hd__clkbuf_4)
                                         net17 (net)
                  0.13    0.00    7.94 ^ _1642_/A (sky130_fd_sc_hd__buf_2)
    10    0.03    0.14    0.22    8.16 ^ _1642_/X (sky130_fd_sc_hd__buf_2)
                                         _1329_ (net)
                  0.14    0.00    8.16 ^ _1689_/B (sky130_fd_sc_hd__and3_1)
     1    0.00    0.05    0.17    8.33 ^ _1689_/X (sky130_fd_sc_hd__and3_1)
                                         _1356_ (net)
                  0.05    0.00    8.33 ^ _1690_/A (sky130_fd_sc_hd__clkbuf_1)
     1    0.00    0.04    0.08    8.41 ^ _1690_/X (sky130_fd_sc_hd__clkbuf_1)
                                         _0030_ (net)
                  0.04    0.00    8.41 ^ _3209_/D (sky130_fd_sc_hd__dfxtp_1)
                                  8.41   data arrival time

                  0.15   14.00   14.00   clock clk (rise edge)
                          0.00   14.00   clock network delay (ideal)
                         -0.25   13.75   clock uncertainty
                          0.00   13.75   clock reconvergence pessimism
                                 13.75 ^ _3209_/CLK (sky130_fd_sc_hd__dfxtp_1)
                         -0.04   13.71   library setup time
                                 13.71   data required time
-----------------------------------------------------------------------------
                                 13.71   data required time
                                 -8.41   data arrival time
-----------------------------------------------------------------------------
                                  5.31   slack (MET)


Startpoint: _3178_ (rising edge-triggered flip-flop clocked by clk')
Endpoint: _3402_ (rising edge-triggered flip-flop clocked by clk)
Path Group: clk
Path Type: max

Fanout     Cap    Slew   Delay    Time   Description
-----------------------------------------------------------------------------
                  0.15    7.00    7.00   clock clk' (rise edge)
                          0.00    7.00   clock network delay (ideal)
                  0.15    0.00    7.00 ^ _3178_/CLK (sky130_fd_sc_hd__dfxtp_2)
     4    0.03    0.15    0.45    7.45 ^ _3178_/Q (sky130_fd_sc_hd__dfxtp_2)
                                         i_spi_reg.falling_edge_detector_sof.rstb (net)
                  0.15    0.00    7.45 ^ fanout18/A (sky130_fd_sc_hd__buf_4)
    10    0.05    0.15    0.23    7.69 ^ fanout18/X (sky130_fd_sc_hd__buf_4)
                                         net18 (net)
                  0.15    0.00    7.69 ^ _1632_/A (sky130_fd_sc_hd__clkinv_4)
     9    0.04    0.10    0.13    7.82 v _1632_/Y (sky130_fd_sc_hd__clkinv_4)
                                         _1326_ (net)
                  0.10    0.00    7.82 v _1674_/A (sky130_fd_sc_hd__buf_2)
    10    0.03    0.08    0.21    8.03 v _1674_/X (sky130_fd_sc_hd__buf_2)
                                         _1348_ (net)
                  0.08    0.00    8.03 v _2866_/A (sky130_fd_sc_hd__or2_1)
     1    0.00    0.05    0.24    8.27 v _2866_/X (sky130_fd_sc_hd__or2_1)
                                         _1062_ (net)
                  0.05    0.00    8.27 v _2867_/A (sky130_fd_sc_hd__clkbuf_1)
     1    0.00    0.02    0.09    8.36 v _2867_/X (sky130_fd_sc_hd__clkbuf_1)
                                         _0223_ (net)
                  0.02    0.00    8.36 v _3402_/D (sky130_fd_sc_hd__dfxtp_1)
                                  8.36   data arrival time

                  0.15   14.00   14.00   clock clk (rise edge)
                          0.00   14.00   clock network delay (ideal)
                         -0.25   13.75   clock uncertainty
                          0.00   13.75   clock reconvergence pessimism
                                 13.75 ^ _3402_/CLK (sky130_fd_sc_hd__dfxtp_1)
                         -0.08   13.67   library setup time
                                 13.67   data required time
-----------------------------------------------------------------------------
                                 13.67   data required time
                                 -8.36   data arrival time
-----------------------------------------------------------------------------
                                  5.31   slack (MET)


Startpoint: _3178_ (rising edge-triggered flip-flop clocked by clk')
Endpoint: _3431_ (rising edge-triggered flip-flop clocked by clk)
Path Group: clk
Path Type: max

Fanout     Cap    Slew   Delay    Time   Description
-----------------------------------------------------------------------------
                  0.15    7.00    7.00   clock clk' (rise edge)
                          0.00    7.00   clock network delay (ideal)
                  0.15    0.00    7.00 ^ _3178_/CLK (sky130_fd_sc_hd__dfxtp_2)
     4    0.03    0.15    0.45    7.45 ^ _3178_/Q (sky130_fd_sc_hd__dfxtp_2)
                                         i_spi_reg.falling_edge_detector_sof.rstb (net)
                  0.15    0.00    7.45 ^ fanout18/A (sky130_fd_sc_hd__buf_4)
    10    0.05    0.15    0.23    7.69 ^ fanout18/X (sky130_fd_sc_hd__buf_4)
                                         net18 (net)
                  0.15    0.00    7.69 ^ _1632_/A (sky130_fd_sc_hd__clkinv_4)
     9    0.04    0.10    0.13    7.82 v _1632_/Y (sky130_fd_sc_hd__clkinv_4)
                                         _1326_ (net)
                  0.10    0.00    7.82 v _2868_/A (sky130_fd_sc_hd__buf_2)
    10    0.03    0.08    0.20    8.02 v _2868_/X (sky130_fd_sc_hd__buf_2)
                                         _1063_ (net)
                  0.08    0.00    8.02 v _2957_/A (sky130_fd_sc_hd__or2_1)
     1    0.00    0.05    0.24    8.26 v _2957_/X (sky130_fd_sc_hd__or2_1)
                                         _1124_ (net)
                  0.05    0.00    8.26 v _2958_/A (sky130_fd_sc_hd__clkbuf_1)
     1    0.00    0.02    0.09    8.35 v _2958_/X (sky130_fd_sc_hd__clkbuf_1)
                                         _0252_ (net)
                  0.02    0.00    8.35 v _3431_/D (sky130_fd_sc_hd__dfxtp_2)
                                  8.35   data arrival time

                  0.15   14.00   14.00   clock clk (rise edge)
                          0.00   14.00   clock network delay (ideal)
                         -0.25   13.75   clock uncertainty
                          0.00   13.75   clock reconvergence pessimism
                                 13.75 ^ _3431_/CLK (sky130_fd_sc_hd__dfxtp_2)
                         -0.08   13.67   library setup time
                                 13.67   data required time
-----------------------------------------------------------------------------
                                 13.67   data required time
                                 -8.35   data arrival time
-----------------------------------------------------------------------------
                                  5.32   slack (MET)


Startpoint: _3178_ (rising edge-triggered flip-flop clocked by clk')
Endpoint: _3407_ (rising edge-triggered flip-flop clocked by clk)
Path Group: clk
Path Type: max

Fanout     Cap    Slew   Delay    Time   Description
-----------------------------------------------------------------------------
                  0.15    7.00    7.00   clock clk' (rise edge)
                          0.00    7.00   clock network delay (ideal)
                  0.15    0.00    7.00 ^ _3178_/CLK (sky130_fd_sc_hd__dfxtp_2)
     4    0.03    0.15    0.45    7.45 ^ _3178_/Q (sky130_fd_sc_hd__dfxtp_2)
                                         i_spi_reg.falling_edge_detector_sof.rstb (net)
                  0.15    0.00    7.45 ^ fanout18/A (sky130_fd_sc_hd__buf_4)
    10    0.05    0.15    0.23    7.69 ^ fanout18/X (sky130_fd_sc_hd__buf_4)
                                         net18 (net)
                  0.15    0.00    7.69 ^ _1632_/A (sky130_fd_sc_hd__clkinv_4)
     9    0.04    0.10    0.13    7.82 v _1632_/Y (sky130_fd_sc_hd__clkinv_4)
                                         _1326_ (net)
                  0.10    0.00    7.82 v _2868_/A (sky130_fd_sc_hd__buf_2)
    10    0.03    0.08    0.20    8.02 v _2868_/X (sky130_fd_sc_hd__buf_2)
                                         _1063_ (net)
                  0.08    0.00    8.02 v _2882_/A (sky130_fd_sc_hd__or2_1)
     1    0.00    0.05    0.24    8.27 v _2882_/X (sky130_fd_sc_hd__or2_1)
                                         _1073_ (net)
                  0.05    0.00    8.27 v _2883_/A (sky130_fd_sc_hd__clkbuf_1)
     1    0.00    0.02    0.09    8.35 v _2883_/X (sky130_fd_sc_hd__clkbuf_1)
                                         _0228_ (net)
                  0.02    0.00    8.35 v _3407_/D (sky130_fd_sc_hd__dfxtp_1)
                                  8.35   data arrival time

                  0.15   14.00   14.00   clock clk (rise edge)
                          0.00   14.00   clock network delay (ideal)
                         -0.25   13.75   clock uncertainty
                          0.00   13.75   clock reconvergence pessimism
                                 13.75 ^ _3407_/CLK (sky130_fd_sc_hd__dfxtp_1)
                         -0.08   13.67   library setup time
                                 13.67   data required time
-----------------------------------------------------------------------------
                                 13.67   data required time
                                 -8.35   data arrival time
-----------------------------------------------------------------------------
                                  5.32   slack (MET)


Startpoint: _3178_ (rising edge-triggered flip-flop clocked by clk')
Endpoint: _3403_ (rising edge-triggered flip-flop clocked by clk)
Path Group: clk
Path Type: max

Fanout     Cap    Slew   Delay    Time   Description
-----------------------------------------------------------------------------
                  0.15    7.00    7.00   clock clk' (rise edge)
                          0.00    7.00   clock network delay (ideal)
                  0.15    0.00    7.00 ^ _3178_/CLK (sky130_fd_sc_hd__dfxtp_2)
     4    0.03    0.15    0.45    7.45 ^ _3178_/Q (sky130_fd_sc_hd__dfxtp_2)
                                         i_spi_reg.falling_edge_detector_sof.rstb (net)
                  0.15    0.00    7.45 ^ fanout18/A (sky130_fd_sc_hd__buf_4)
    10    0.05    0.15    0.23    7.69 ^ fanout18/X (sky130_fd_sc_hd__buf_4)
                                         net18 (net)
                  0.15    0.00    7.69 ^ _1632_/A (sky130_fd_sc_hd__clkinv_4)
     9    0.04    0.10    0.13    7.82 v _1632_/Y (sky130_fd_sc_hd__clkinv_4)
                                         _1326_ (net)
                  0.10    0.00    7.82 v _2868_/A (sky130_fd_sc_hd__buf_2)
    10    0.03    0.08    0.20    8.02 v _2868_/X (sky130_fd_sc_hd__buf_2)
                                         _1063_ (net)
                  0.08    0.00    8.02 v _2870_/A (sky130_fd_sc_hd__or2_1)
     1    0.00    0.05    0.24    8.26 v _2870_/X (sky130_fd_sc_hd__or2_1)
                                         _1065_ (net)
                  0.05    0.00    8.26 v _2871_/A (sky130_fd_sc_hd__clkbuf_1)
     1    0.00    0.02    0.09    8.35 v _2871_/X (sky130_fd_sc_hd__clkbuf_1)
                                         _0224_ (net)
                  0.02    0.00    8.35 v _3403_/D (sky130_fd_sc_hd__dfxtp_1)
                                  8.35   data arrival time

                  0.15   14.00   14.00   clock clk (rise edge)
                          0.00   14.00   clock network delay (ideal)
                         -0.25   13.75   clock uncertainty
                          0.00   13.75   clock reconvergence pessimism
                                 13.75 ^ _3403_/CLK (sky130_fd_sc_hd__dfxtp_1)
                         -0.08   13.67   library setup time
                                 13.67   data required time
-----------------------------------------------------------------------------
                                 13.67   data required time
                                 -8.35   data arrival time
-----------------------------------------------------------------------------
                                  5.32   slack (MET)


Startpoint: _3178_ (rising edge-triggered flip-flop clocked by clk')
Endpoint: _3405_ (rising edge-triggered flip-flop clocked by clk)
Path Group: clk
Path Type: max

Fanout     Cap    Slew   Delay    Time   Description
-----------------------------------------------------------------------------
                  0.15    7.00    7.00   clock clk' (rise edge)
                          0.00    7.00   clock network delay (ideal)
                  0.15    0.00    7.00 ^ _3178_/CLK (sky130_fd_sc_hd__dfxtp_2)
     4    0.03    0.15    0.45    7.45 ^ _3178_/Q (sky130_fd_sc_hd__dfxtp_2)
                                         i_spi_reg.falling_edge_detector_sof.rstb (net)
                  0.15    0.00    7.45 ^ fanout18/A (sky130_fd_sc_hd__buf_4)
    10    0.05    0.15    0.23    7.69 ^ fanout18/X (sky130_fd_sc_hd__buf_4)
                                         net18 (net)
                  0.15    0.00    7.69 ^ _1632_/A (sky130_fd_sc_hd__clkinv_4)
     9    0.04    0.10    0.13    7.82 v _1632_/Y (sky130_fd_sc_hd__clkinv_4)
                                         _1326_ (net)
                  0.10    0.00    7.82 v _2868_/A (sky130_fd_sc_hd__buf_2)
    10    0.03    0.08    0.20    8.02 v _2868_/X (sky130_fd_sc_hd__buf_2)
                                         _1063_ (net)
                  0.08    0.00    8.02 v _2876_/A (sky130_fd_sc_hd__or2_1)
     1    0.00    0.05    0.24    8.26 v _2876_/X (sky130_fd_sc_hd__or2_1)
                                         _1069_ (net)
                  0.05    0.00    8.26 v _2877_/A (sky130_fd_sc_hd__clkbuf_1)
     1    0.00    0.02    0.09    8.35 v _2877_/X (sky130_fd_sc_hd__clkbuf_1)
                                         _0226_ (net)
                  0.02    0.00    8.35 v _3405_/D (sky130_fd_sc_hd__dfxtp_1)
                                  8.35   data arrival time

                  0.15   14.00   14.00   clock clk (rise edge)
                          0.00   14.00   clock network delay (ideal)
                         -0.25   13.75   clock uncertainty
                          0.00   13.75   clock reconvergence pessimism
                                 13.75 ^ _3405_/CLK (sky130_fd_sc_hd__dfxtp_1)
                         -0.08   13.67   library setup time
                                 13.67   data required time
-----------------------------------------------------------------------------
                                 13.67   data required time
                                 -8.35   data arrival time
-----------------------------------------------------------------------------
                                  5.32   slack (MET)


Startpoint: _3178_ (rising edge-triggered flip-flop clocked by clk')
Endpoint: _3404_ (rising edge-triggered flip-flop clocked by clk)
Path Group: clk
Path Type: max

Fanout     Cap    Slew   Delay    Time   Description
-----------------------------------------------------------------------------
                  0.15    7.00    7.00   clock clk' (rise edge)
                          0.00    7.00   clock network delay (ideal)
                  0.15    0.00    7.00 ^ _3178_/CLK (sky130_fd_sc_hd__dfxtp_2)
     4    0.03    0.15    0.45    7.45 ^ _3178_/Q (sky130_fd_sc_hd__dfxtp_2)
                                         i_spi_reg.falling_edge_detector_sof.rstb (net)
                  0.15    0.00    7.45 ^ fanout18/A (sky130_fd_sc_hd__buf_4)
    10    0.05    0.15    0.23    7.69 ^ fanout18/X (sky130_fd_sc_hd__buf_4)
                                         net18 (net)
                  0.15    0.00    7.69 ^ _1632_/A (sky130_fd_sc_hd__clkinv_4)
     9    0.04    0.10    0.13    7.82 v _1632_/Y (sky130_fd_sc_hd__clkinv_4)
                                         _1326_ (net)
                  0.10    0.00    7.82 v _2868_/A (sky130_fd_sc_hd__buf_2)
    10    0.03    0.08    0.20    8.02 v _2868_/X (sky130_fd_sc_hd__buf_2)
                                         _1063_ (net)
                  0.08    0.00    8.02 v _2873_/A (sky130_fd_sc_hd__or2_1)
     1    0.00    0.05    0.24    8.26 v _2873_/X (sky130_fd_sc_hd__or2_1)
                                         _1067_ (net)
                  0.05    0.00    8.26 v _2874_/A (sky130_fd_sc_hd__clkbuf_1)
     1    0.00    0.02    0.09    8.35 v _2874_/X (sky130_fd_sc_hd__clkbuf_1)
                                         _0225_ (net)
                  0.02    0.00    8.35 v _3404_/D (sky130_fd_sc_hd__dfxtp_1)
                                  8.35   data arrival time

                  0.15   14.00   14.00   clock clk (rise edge)
                          0.00   14.00   clock network delay (ideal)
                         -0.25   13.75   clock uncertainty
                          0.00   13.75   clock reconvergence pessimism
                                 13.75 ^ _3404_/CLK (sky130_fd_sc_hd__dfxtp_1)
                         -0.08   13.67   library setup time
                                 13.67   data required time
-----------------------------------------------------------------------------
                                 13.67   data required time
                                 -8.35   data arrival time
-----------------------------------------------------------------------------
                                  5.32   slack (MET)


Startpoint: _3178_ (rising edge-triggered flip-flop clocked by clk')
Endpoint: _3409_ (rising edge-triggered flip-flop clocked by clk)
Path Group: clk
Path Type: max

Fanout     Cap    Slew   Delay    Time   Description
-----------------------------------------------------------------------------
                  0.15    7.00    7.00   clock clk' (rise edge)
                          0.00    7.00   clock network delay (ideal)
                  0.15    0.00    7.00 ^ _3178_/CLK (sky130_fd_sc_hd__dfxtp_2)
     4    0.03    0.15    0.45    7.45 ^ _3178_/Q (sky130_fd_sc_hd__dfxtp_2)
                                         i_spi_reg.falling_edge_detector_sof.rstb (net)
                  0.15    0.00    7.45 ^ fanout18/A (sky130_fd_sc_hd__buf_4)
    10    0.05    0.15    0.23    7.69 ^ fanout18/X (sky130_fd_sc_hd__buf_4)
                                         net18 (net)
                  0.15    0.00    7.69 ^ _1632_/A (sky130_fd_sc_hd__clkinv_4)
     9    0.04    0.10    0.13    7.82 v _1632_/Y (sky130_fd_sc_hd__clkinv_4)
                                         _1326_ (net)
                  0.10    0.00    7.82 v _2868_/A (sky130_fd_sc_hd__buf_2)
    10    0.03    0.08    0.20    8.02 v _2868_/X (sky130_fd_sc_hd__buf_2)
                                         _1063_ (net)
                  0.08    0.00    8.02 v _2888_/A (sky130_fd_sc_hd__or2_1)
     1    0.00    0.05    0.24    8.26 v _2888_/X (sky130_fd_sc_hd__or2_1)
                                         _1077_ (net)
                  0.05    0.00    8.26 v _2889_/A (sky130_fd_sc_hd__clkbuf_1)
     1    0.00    0.02    0.09    8.35 v _2889_/X (sky130_fd_sc_hd__clkbuf_1)
                                         _0230_ (net)
                  0.02    0.00    8.35 v _3409_/D (sky130_fd_sc_hd__dfxtp_1)
                                  8.35   data arrival time

                  0.15   14.00   14.00   clock clk (rise edge)
                          0.00   14.00   clock network delay (ideal)
                         -0.25   13.75   clock uncertainty
                          0.00   13.75   clock reconvergence pessimism
                                 13.75 ^ _3409_/CLK (sky130_fd_sc_hd__dfxtp_1)
                         -0.08   13.67   library setup time
                                 13.67   data required time
-----------------------------------------------------------------------------
                                 13.67   data required time
                                 -8.35   data arrival time
-----------------------------------------------------------------------------
                                  5.32   slack (MET)


Startpoint: _3178_ (rising edge-triggered flip-flop clocked by clk')
Endpoint: _3408_ (rising edge-triggered flip-flop clocked by clk)
Path Group: clk
Path Type: max

Fanout     Cap    Slew   Delay    Time   Description
-----------------------------------------------------------------------------
                  0.15    7.00    7.00   clock clk' (rise edge)
                          0.00    7.00   clock network delay (ideal)
                  0.15    0.00    7.00 ^ _3178_/CLK (sky130_fd_sc_hd__dfxtp_2)
     4    0.03    0.15    0.45    7.45 ^ _3178_/Q (sky130_fd_sc_hd__dfxtp_2)
                                         i_spi_reg.falling_edge_detector_sof.rstb (net)
                  0.15    0.00    7.45 ^ fanout18/A (sky130_fd_sc_hd__buf_4)
    10    0.05    0.15    0.23    7.69 ^ fanout18/X (sky130_fd_sc_hd__buf_4)
                                         net18 (net)
                  0.15    0.00    7.69 ^ _1632_/A (sky130_fd_sc_hd__clkinv_4)
     9    0.04    0.10    0.13    7.82 v _1632_/Y (sky130_fd_sc_hd__clkinv_4)
                                         _1326_ (net)
                  0.10    0.00    7.82 v _2868_/A (sky130_fd_sc_hd__buf_2)
    10    0.03    0.08    0.20    8.02 v _2868_/X (sky130_fd_sc_hd__buf_2)
                                         _1063_ (net)
                  0.08    0.00    8.02 v _2885_/A (sky130_fd_sc_hd__or2_1)
     1    0.00    0.05    0.24    8.26 v _2885_/X (sky130_fd_sc_hd__or2_1)
                                         _1075_ (net)
                  0.05    0.00    8.26 v _2886_/A (sky130_fd_sc_hd__clkbuf_1)
     1    0.00    0.02    0.09    8.35 v _2886_/X (sky130_fd_sc_hd__clkbuf_1)
                                         _0229_ (net)
                  0.02    0.00    8.35 v _3408_/D (sky130_fd_sc_hd__dfxtp_1)
                                  8.35   data arrival time

                  0.15   14.00   14.00   clock clk (rise edge)
                          0.00   14.00   clock network delay (ideal)
                         -0.25   13.75   clock uncertainty
                          0.00   13.75   clock reconvergence pessimism
                                 13.75 ^ _3408_/CLK (sky130_fd_sc_hd__dfxtp_1)
                         -0.08   13.67   library setup time
                                 13.67   data required time
-----------------------------------------------------------------------------
                                 13.67   data required time
                                 -8.35   data arrival time
-----------------------------------------------------------------------------
                                  5.32   slack (MET)


Startpoint: _3178_ (rising edge-triggered flip-flop clocked by clk')
Endpoint: _3278_ (rising edge-triggered flip-flop clocked by clk)
Path Group: clk
Path Type: max

Fanout     Cap    Slew   Delay    Time   Description
-----------------------------------------------------------------------------
                  0.15    7.00    7.00   clock clk' (rise edge)
                          0.00    7.00   clock network delay (ideal)
                  0.15    0.00    7.00 ^ _3178_/CLK (sky130_fd_sc_hd__dfxtp_2)
     4    0.03    0.15    0.45    7.45 ^ _3178_/Q (sky130_fd_sc_hd__dfxtp_2)
                                         i_spi_reg.falling_edge_detector_sof.rstb (net)
                  0.15    0.00    7.45 ^ fanout19/A (sky130_fd_sc_hd__clkbuf_4)
    10    0.05    0.15    0.26    7.72 ^ fanout19/X (sky130_fd_sc_hd__clkbuf_4)
                                         net19 (net)
                  0.15    0.00    7.72 ^ _1846_/A (sky130_fd_sc_hd__clkbuf_4)
    10    0.04    0.14    0.25    7.97 ^ _1846_/X (sky130_fd_sc_hd__clkbuf_4)
                                         _1495_ (net)
                  0.14    0.00    7.98 ^ _2099_/A (sky130_fd_sc_hd__buf_2)
    10    0.03    0.17    0.24    8.22 ^ _2099_/X (sky130_fd_sc_hd__buf_2)
                                         _0422_ (net)
                  0.17    0.00    8.22 ^ _2113_/C1 (sky130_fd_sc_hd__o211a_1)
     1    0.00    0.04    0.17    8.39 ^ _2113_/X (sky130_fd_sc_hd__o211a_1)
                                         _0099_ (net)
                  0.04    0.00    8.39 ^ _3278_/D (sky130_fd_sc_hd__dfxtp_1)
                                  8.39   data arrival time

                  0.15   14.00   14.00   clock clk (rise edge)
                          0.00   14.00   clock network delay (ideal)
                         -0.25   13.75   clock uncertainty
                          0.00   13.75   clock reconvergence pessimism
                                 13.75 ^ _3278_/CLK (sky130_fd_sc_hd__dfxtp_1)
                         -0.04   13.71   library setup time
                                 13.71   data required time
-----------------------------------------------------------------------------
                                 13.71   data required time
                                 -8.39   data arrival time
-----------------------------------------------------------------------------
                                  5.32   slack (MET)


Startpoint: _3178_ (rising edge-triggered flip-flop clocked by clk')
Endpoint: _3406_ (rising edge-triggered flip-flop clocked by clk)
Path Group: clk
Path Type: max

Fanout     Cap    Slew   Delay    Time   Description
-----------------------------------------------------------------------------
                  0.15    7.00    7.00   clock clk' (rise edge)
                          0.00    7.00   clock network delay (ideal)
                  0.15    0.00    7.00 ^ _3178_/CLK (sky130_fd_sc_hd__dfxtp_2)
     4    0.03    0.15    0.45    7.45 ^ _3178_/Q (sky130_fd_sc_hd__dfxtp_2)
                                         i_spi_reg.falling_edge_detector_sof.rstb (net)
                  0.15    0.00    7.45 ^ fanout18/A (sky130_fd_sc_hd__buf_4)
    10    0.05    0.15    0.23    7.69 ^ fanout18/X (sky130_fd_sc_hd__buf_4)
                                         net18 (net)
                  0.15    0.00    7.69 ^ _1632_/A (sky130_fd_sc_hd__clkinv_4)
     9    0.04    0.10    0.13    7.82 v _1632_/Y (sky130_fd_sc_hd__clkinv_4)
                                         _1326_ (net)
                  0.10    0.00    7.82 v _2868_/A (sky130_fd_sc_hd__buf_2)
    10    0.03    0.08    0.20    8.02 v _2868_/X (sky130_fd_sc_hd__buf_2)
                                         _1063_ (net)
                  0.08    0.00    8.02 v _2879_/A (sky130_fd_sc_hd__or2_1)
     1    0.00    0.04    0.24    8.26 v _2879_/X (sky130_fd_sc_hd__or2_1)
                                         _1071_ (net)
                  0.04    0.00    8.26 v _2880_/A (sky130_fd_sc_hd__clkbuf_1)
     1    0.00    0.02    0.09    8.35 v _2880_/X (sky130_fd_sc_hd__clkbuf_1)
                                         _0227_ (net)
                  0.02    0.00    8.35 v _3406_/D (sky130_fd_sc_hd__dfxtp_1)
                                  8.35   data arrival time

                  0.15   14.00   14.00   clock clk (rise edge)
                          0.00   14.00   clock network delay (ideal)
                         -0.25   13.75   clock uncertainty
                          0.00   13.75   clock reconvergence pessimism
                                 13.75 ^ _3406_/CLK (sky130_fd_sc_hd__dfxtp_1)
                         -0.08   13.67   library setup time
                                 13.67   data required time
-----------------------------------------------------------------------------
                                 13.67   data required time
                                 -8.35   data arrival time
-----------------------------------------------------------------------------
                                  5.33   slack (MET)


Startpoint: _3178_ (rising edge-triggered flip-flop clocked by clk')
Endpoint: _3432_ (rising edge-triggered flip-flop clocked by clk)
Path Group: clk
Path Type: max

Fanout     Cap    Slew   Delay    Time   Description
-----------------------------------------------------------------------------
                  0.15    7.00    7.00   clock clk' (rise edge)
                          0.00    7.00   clock network delay (ideal)
                  0.15    0.00    7.00 ^ _3178_/CLK (sky130_fd_sc_hd__dfxtp_2)
     4    0.03    0.15    0.45    7.45 ^ _3178_/Q (sky130_fd_sc_hd__dfxtp_2)
                                         i_spi_reg.falling_edge_detector_sof.rstb (net)
                  0.15    0.00    7.45 ^ fanout18/A (sky130_fd_sc_hd__buf_4)
    10    0.05    0.15    0.23    7.69 ^ fanout18/X (sky130_fd_sc_hd__buf_4)
                                         net18 (net)
                  0.15    0.00    7.69 ^ _1632_/A (sky130_fd_sc_hd__clkinv_4)
     9    0.04    0.10    0.13    7.82 v _1632_/Y (sky130_fd_sc_hd__clkinv_4)
                                         _1326_ (net)
                  0.10    0.00    7.82 v _2868_/A (sky130_fd_sc_hd__buf_2)
    10    0.03    0.08    0.20    8.02 v _2868_/X (sky130_fd_sc_hd__buf_2)
                                         _1063_ (net)
                  0.08    0.00    8.02 v _2960_/A (sky130_fd_sc_hd__or2_1)
     1    0.00    0.05    0.24    8.26 v _2960_/X (sky130_fd_sc_hd__or2_1)
                                         _1126_ (net)
                  0.05    0.00    8.26 v _2961_/A (sky130_fd_sc_hd__clkbuf_1)
     1    0.00    0.02    0.09    8.35 v _2961_/X (sky130_fd_sc_hd__clkbuf_1)
                                         _0253_ (net)
                  0.02    0.00    8.35 v _3432_/D (sky130_fd_sc_hd__dfxtp_1)
                                  8.35   data arrival time

                  0.15   14.00   14.00   clock clk (rise edge)
                          0.00   14.00   clock network delay (ideal)
                         -0.25   13.75   clock uncertainty
                          0.00   13.75   clock reconvergence pessimism
                                 13.75 ^ _3432_/CLK (sky130_fd_sc_hd__dfxtp_1)
                         -0.08   13.67   library setup time
                                 13.67   data required time
-----------------------------------------------------------------------------
                                 13.67   data required time
                                 -8.35   data arrival time
-----------------------------------------------------------------------------
                                  5.33   slack (MET)


Startpoint: _3178_ (rising edge-triggered flip-flop clocked by clk')
Endpoint: _3430_ (rising edge-triggered flip-flop clocked by clk)
Path Group: clk
Path Type: max

Fanout     Cap    Slew   Delay    Time   Description
-----------------------------------------------------------------------------
                  0.15    7.00    7.00   clock clk' (rise edge)
                          0.00    7.00   clock network delay (ideal)
                  0.15    0.00    7.00 ^ _3178_/CLK (sky130_fd_sc_hd__dfxtp_2)
     4    0.03    0.15    0.45    7.45 ^ _3178_/Q (sky130_fd_sc_hd__dfxtp_2)
                                         i_spi_reg.falling_edge_detector_sof.rstb (net)
                  0.15    0.00    7.45 ^ fanout18/A (sky130_fd_sc_hd__buf_4)
    10    0.05    0.15    0.23    7.69 ^ fanout18/X (sky130_fd_sc_hd__buf_4)
                                         net18 (net)
                  0.15    0.00    7.69 ^ _1632_/A (sky130_fd_sc_hd__clkinv_4)
     9    0.04    0.10    0.13    7.82 v _1632_/Y (sky130_fd_sc_hd__clkinv_4)
                                         _1326_ (net)
                  0.10    0.00    7.82 v _2868_/A (sky130_fd_sc_hd__buf_2)
    10    0.03    0.08    0.20    8.02 v _2868_/X (sky130_fd_sc_hd__buf_2)
                                         _1063_ (net)
                  0.08    0.00    8.02 v _2954_/A (sky130_fd_sc_hd__or2_1)
     1    0.00    0.05    0.24    8.26 v _2954_/X (sky130_fd_sc_hd__or2_1)
                                         _1122_ (net)
                  0.05    0.00    8.26 v _2955_/A (sky130_fd_sc_hd__clkbuf_1)
     1    0.00    0.02    0.09    8.35 v _2955_/X (sky130_fd_sc_hd__clkbuf_1)
                                         _0251_ (net)
                  0.02    0.00    8.35 v _3430_/D (sky130_fd_sc_hd__dfxtp_1)
                                  8.35   data arrival time

                  0.15   14.00   14.00   clock clk (rise edge)
                          0.00   14.00   clock network delay (ideal)
                         -0.25   13.75   clock uncertainty
                          0.00   13.75   clock reconvergence pessimism
                                 13.75 ^ _3430_/CLK (sky130_fd_sc_hd__dfxtp_1)
                         -0.08   13.67   library setup time
                                 13.67   data required time
-----------------------------------------------------------------------------
                                 13.67   data required time
                                 -8.35   data arrival time
-----------------------------------------------------------------------------
                                  5.33   slack (MET)


Startpoint: _3178_ (rising edge-triggered flip-flop clocked by clk')
Endpoint: _3275_ (rising edge-triggered flip-flop clocked by clk)
Path Group: clk
Path Type: max

Fanout     Cap    Slew   Delay    Time   Description
-----------------------------------------------------------------------------
                  0.15    7.00    7.00   clock clk' (rise edge)
                          0.00    7.00   clock network delay (ideal)
                  0.15    0.00    7.00 ^ _3178_/CLK (sky130_fd_sc_hd__dfxtp_2)
     4    0.03    0.15    0.45    7.45 ^ _3178_/Q (sky130_fd_sc_hd__dfxtp_2)
                                         i_spi_reg.falling_edge_detector_sof.rstb (net)
                  0.15    0.00    7.45 ^ fanout19/A (sky130_fd_sc_hd__clkbuf_4)
    10    0.05    0.15    0.26    7.72 ^ fanout19/X (sky130_fd_sc_hd__clkbuf_4)
                                         net19 (net)
                  0.15    0.00    7.72 ^ _1846_/A (sky130_fd_sc_hd__clkbuf_4)
    10    0.04    0.14    0.25    7.97 ^ _1846_/X (sky130_fd_sc_hd__clkbuf_4)
                                         _1495_ (net)
                  0.14    0.00    7.98 ^ _2099_/A (sky130_fd_sc_hd__buf_2)
    10    0.03    0.17    0.24    8.22 ^ _2099_/X (sky130_fd_sc_hd__buf_2)
                                         _0422_ (net)
                  0.17    0.00    8.22 ^ _2100_/C1 (sky130_fd_sc_hd__o211a_1)
     1    0.00    0.04    0.17    8.38 ^ _2100_/X (sky130_fd_sc_hd__o211a_1)
                                         _0096_ (net)
                  0.04    0.00    8.38 ^ _3275_/D (sky130_fd_sc_hd__dfxtp_1)
                                  8.38   data arrival time

                  0.15   14.00   14.00   clock clk (rise edge)
                          0.00   14.00   clock network delay (ideal)
                         -0.25   13.75   clock uncertainty
                          0.00   13.75   clock reconvergence pessimism
                                 13.75 ^ _3275_/CLK (sky130_fd_sc_hd__dfxtp_1)
                         -0.04   13.71   library setup time
                                 13.71   data required time
-----------------------------------------------------------------------------
                                 13.71   data required time
                                 -8.38   data arrival time
-----------------------------------------------------------------------------
                                  5.33   slack (MET)


Startpoint: _3178_ (rising edge-triggered flip-flop clocked by clk')
Endpoint: _3280_ (rising edge-triggered flip-flop clocked by clk)
Path Group: clk
Path Type: max

Fanout     Cap    Slew   Delay    Time   Description
-----------------------------------------------------------------------------
                  0.15    7.00    7.00   clock clk' (rise edge)
                          0.00    7.00   clock network delay (ideal)
                  0.15    0.00    7.00 ^ _3178_/CLK (sky130_fd_sc_hd__dfxtp_2)
     4    0.03    0.15    0.45    7.45 ^ _3178_/Q (sky130_fd_sc_hd__dfxtp_2)
                                         i_spi_reg.falling_edge_detector_sof.rstb (net)
                  0.15    0.00    7.45 ^ fanout19/A (sky130_fd_sc_hd__clkbuf_4)
    10    0.05    0.15    0.26    7.72 ^ fanout19/X (sky130_fd_sc_hd__clkbuf_4)
                                         net19 (net)
                  0.15    0.00    7.72 ^ _1846_/A (sky130_fd_sc_hd__clkbuf_4)
    10    0.04    0.14    0.25    7.97 ^ _1846_/X (sky130_fd_sc_hd__clkbuf_4)
                                         _1495_ (net)
                  0.14    0.00    7.98 ^ _2099_/A (sky130_fd_sc_hd__buf_2)
    10    0.03    0.17    0.24    8.22 ^ _2099_/X (sky130_fd_sc_hd__buf_2)
                                         _0422_ (net)
                  0.17    0.00    8.22 ^ _2122_/C1 (sky130_fd_sc_hd__o211a_1)
     1    0.00    0.04    0.17    8.38 ^ _2122_/X (sky130_fd_sc_hd__o211a_1)
                                         _0101_ (net)
                  0.04    0.00    8.38 ^ _3280_/D (sky130_fd_sc_hd__dfxtp_1)
                                  8.38   data arrival time

                  0.15   14.00   14.00   clock clk (rise edge)
                          0.00   14.00   clock network delay (ideal)
                         -0.25   13.75   clock uncertainty
                          0.00   13.75   clock reconvergence pessimism
                                 13.75 ^ _3280_/CLK (sky130_fd_sc_hd__dfxtp_1)
                         -0.04   13.71   library setup time
                                 13.71   data required time
-----------------------------------------------------------------------------
                                 13.71   data required time
                                 -8.38   data arrival time
-----------------------------------------------------------------------------
                                  5.33   slack (MET)


Startpoint: _3178_ (rising edge-triggered flip-flop clocked by clk')
Endpoint: _3283_ (rising edge-triggered flip-flop clocked by clk)
Path Group: clk
Path Type: max

Fanout     Cap    Slew   Delay    Time   Description
-----------------------------------------------------------------------------
                  0.15    7.00    7.00   clock clk' (rise edge)
                          0.00    7.00   clock network delay (ideal)
                  0.15    0.00    7.00 ^ _3178_/CLK (sky130_fd_sc_hd__dfxtp_2)
     4    0.03    0.15    0.45    7.45 ^ _3178_/Q (sky130_fd_sc_hd__dfxtp_2)
                                         i_spi_reg.falling_edge_detector_sof.rstb (net)
                  0.15    0.00    7.45 ^ fanout19/A (sky130_fd_sc_hd__clkbuf_4)
    10    0.05    0.15    0.26    7.72 ^ fanout19/X (sky130_fd_sc_hd__clkbuf_4)
                                         net19 (net)
                  0.15    0.00    7.72 ^ _1846_/A (sky130_fd_sc_hd__clkbuf_4)
    10    0.04    0.14    0.25    7.97 ^ _1846_/X (sky130_fd_sc_hd__clkbuf_4)
                                         _1495_ (net)
                  0.14    0.00    7.98 ^ _2099_/A (sky130_fd_sc_hd__buf_2)
    10    0.03    0.17    0.24    8.22 ^ _2099_/X (sky130_fd_sc_hd__buf_2)
                                         _0422_ (net)
                  0.17    0.00    8.22 ^ _2134_/C1 (sky130_fd_sc_hd__o211a_1)
     1    0.00    0.04    0.17    8.38 ^ _2134_/X (sky130_fd_sc_hd__o211a_1)
                                         _0104_ (net)
                  0.04    0.00    8.38 ^ _3283_/D (sky130_fd_sc_hd__dfxtp_1)
                                  8.38   data arrival time

                  0.15   14.00   14.00   clock clk (rise edge)
                          0.00   14.00   clock network delay (ideal)
                         -0.25   13.75   clock uncertainty
                          0.00   13.75   clock reconvergence pessimism
                                 13.75 ^ _3283_/CLK (sky130_fd_sc_hd__dfxtp_1)
                         -0.04   13.71   library setup time
                                 13.71   data required time
-----------------------------------------------------------------------------
                                 13.71   data required time
                                 -8.38   data arrival time
-----------------------------------------------------------------------------
                                  5.33   slack (MET)


Startpoint: _3178_ (rising edge-triggered flip-flop clocked by clk')
Endpoint: _3276_ (rising edge-triggered flip-flop clocked by clk)
Path Group: clk
Path Type: max

Fanout     Cap    Slew   Delay    Time   Description
-----------------------------------------------------------------------------
                  0.15    7.00    7.00   clock clk' (rise edge)
                          0.00    7.00   clock network delay (ideal)
                  0.15    0.00    7.00 ^ _3178_/CLK (sky130_fd_sc_hd__dfxtp_2)
     4    0.03    0.15    0.45    7.45 ^ _3178_/Q (sky130_fd_sc_hd__dfxtp_2)
                                         i_spi_reg.falling_edge_detector_sof.rstb (net)
                  0.15    0.00    7.45 ^ fanout19/A (sky130_fd_sc_hd__clkbuf_4)
    10    0.05    0.15    0.26    7.72 ^ fanout19/X (sky130_fd_sc_hd__clkbuf_4)
                                         net19 (net)
                  0.15    0.00    7.72 ^ _1846_/A (sky130_fd_sc_hd__clkbuf_4)
    10    0.04    0.14    0.25    7.97 ^ _1846_/X (sky130_fd_sc_hd__clkbuf_4)
                                         _1495_ (net)
                  0.14    0.00    7.98 ^ _2099_/A (sky130_fd_sc_hd__buf_2)
    10    0.03    0.17    0.24    8.22 ^ _2099_/X (sky130_fd_sc_hd__buf_2)
                                         _0422_ (net)
                  0.17    0.00    8.22 ^ _2105_/C1 (sky130_fd_sc_hd__o211a_1)
     1    0.00    0.04    0.17    8.38 ^ _2105_/X (sky130_fd_sc_hd__o211a_1)
                                         _0097_ (net)
                  0.04    0.00    8.38 ^ _3276_/D (sky130_fd_sc_hd__dfxtp_1)
                                  8.38   data arrival time

                  0.15   14.00   14.00   clock clk (rise edge)
                          0.00   14.00   clock network delay (ideal)
                         -0.25   13.75   clock uncertainty
                          0.00   13.75   clock reconvergence pessimism
                                 13.75 ^ _3276_/CLK (sky130_fd_sc_hd__dfxtp_1)
                         -0.04   13.71   library setup time
                                 13.71   data required time
-----------------------------------------------------------------------------
                                 13.71   data required time
                                 -8.38   data arrival time
-----------------------------------------------------------------------------
                                  5.33   slack (MET)


Startpoint: _3178_ (rising edge-triggered flip-flop clocked by clk')
Endpoint: _3279_ (rising edge-triggered flip-flop clocked by clk)
Path Group: clk
Path Type: max

Fanout     Cap    Slew   Delay    Time   Description
-----------------------------------------------------------------------------
                  0.15    7.00    7.00   clock clk' (rise edge)
                          0.00    7.00   clock network delay (ideal)
                  0.15    0.00    7.00 ^ _3178_/CLK (sky130_fd_sc_hd__dfxtp_2)
     4    0.03    0.15    0.45    7.45 ^ _3178_/Q (sky130_fd_sc_hd__dfxtp_2)
                                         i_spi_reg.falling_edge_detector_sof.rstb (net)
                  0.15    0.00    7.45 ^ fanout19/A (sky130_fd_sc_hd__clkbuf_4)
    10    0.05    0.15    0.26    7.72 ^ fanout19/X (sky130_fd_sc_hd__clkbuf_4)
                                         net19 (net)
                  0.15    0.00    7.72 ^ _1846_/A (sky130_fd_sc_hd__clkbuf_4)
    10    0.04    0.14    0.25    7.97 ^ _1846_/X (sky130_fd_sc_hd__clkbuf_4)
                                         _1495_ (net)
                  0.14    0.00    7.98 ^ _2099_/A (sky130_fd_sc_hd__buf_2)
    10    0.03    0.17    0.24    8.22 ^ _2099_/X (sky130_fd_sc_hd__buf_2)
                                         _0422_ (net)
                  0.17    0.00    8.22 ^ _2117_/C1 (sky130_fd_sc_hd__o211a_1)
     1    0.00    0.04    0.17    8.38 ^ _2117_/X (sky130_fd_sc_hd__o211a_1)
                                         _0100_ (net)
                  0.04    0.00    8.38 ^ _3279_/D (sky130_fd_sc_hd__dfxtp_1)
                                  8.38   data arrival time

                  0.15   14.00   14.00   clock clk (rise edge)
                          0.00   14.00   clock network delay (ideal)
                         -0.25   13.75   clock uncertainty
                          0.00   13.75   clock reconvergence pessimism
                                 13.75 ^ _3279_/CLK (sky130_fd_sc_hd__dfxtp_1)
                         -0.04   13.71   library setup time
                                 13.71   data required time
-----------------------------------------------------------------------------
                                 13.71   data required time
                                 -8.38   data arrival time
-----------------------------------------------------------------------------
                                  5.33   slack (MET)


Startpoint: _3178_ (rising edge-triggered flip-flop clocked by clk')
Endpoint: _3277_ (rising edge-triggered flip-flop clocked by clk)
Path Group: clk
Path Type: max

Fanout     Cap    Slew   Delay    Time   Description
-----------------------------------------------------------------------------
                  0.15    7.00    7.00   clock clk' (rise edge)
                          0.00    7.00   clock network delay (ideal)
                  0.15    0.00    7.00 ^ _3178_/CLK (sky130_fd_sc_hd__dfxtp_2)
     4    0.03    0.15    0.45    7.45 ^ _3178_/Q (sky130_fd_sc_hd__dfxtp_2)
                                         i_spi_reg.falling_edge_detector_sof.rstb (net)
                  0.15    0.00    7.45 ^ fanout19/A (sky130_fd_sc_hd__clkbuf_4)
    10    0.05    0.15    0.26    7.72 ^ fanout19/X (sky130_fd_sc_hd__clkbuf_4)
                                         net19 (net)
                  0.15    0.00    7.72 ^ _1846_/A (sky130_fd_sc_hd__clkbuf_4)
    10    0.04    0.14    0.25    7.97 ^ _1846_/X (sky130_fd_sc_hd__clkbuf_4)
                                         _1495_ (net)
                  0.14    0.00    7.98 ^ _2099_/A (sky130_fd_sc_hd__buf_2)
    10    0.03    0.17    0.24    8.22 ^ _2099_/X (sky130_fd_sc_hd__buf_2)
                                         _0422_ (net)
                  0.17    0.00    8.22 ^ _2109_/C1 (sky130_fd_sc_hd__o211a_1)
     1    0.00    0.04    0.16    8.38 ^ _2109_/X (sky130_fd_sc_hd__o211a_1)
                                         _0098_ (net)
                  0.04    0.00    8.38 ^ _3277_/D (sky130_fd_sc_hd__dfxtp_1)
                                  8.38   data arrival time

                  0.15   14.00   14.00   clock clk (rise edge)
                          0.00   14.00   clock network delay (ideal)
                         -0.25   13.75   clock uncertainty
                          0.00   13.75   clock reconvergence pessimism
                                 13.75 ^ _3277_/CLK (sky130_fd_sc_hd__dfxtp_1)
                         -0.04   13.71   library setup time
                                 13.71   data required time
-----------------------------------------------------------------------------
                                 13.71   data required time
                                 -8.38   data arrival time
-----------------------------------------------------------------------------
                                  5.33   slack (MET)


Startpoint: _3178_ (rising edge-triggered flip-flop clocked by clk')
Endpoint: _3281_ (rising edge-triggered flip-flop clocked by clk)
Path Group: clk
Path Type: max

Fanout     Cap    Slew   Delay    Time   Description
-----------------------------------------------------------------------------
                  0.15    7.00    7.00   clock clk' (rise edge)
                          0.00    7.00   clock network delay (ideal)
                  0.15    0.00    7.00 ^ _3178_/CLK (sky130_fd_sc_hd__dfxtp_2)
     4    0.03    0.15    0.45    7.45 ^ _3178_/Q (sky130_fd_sc_hd__dfxtp_2)
                                         i_spi_reg.falling_edge_detector_sof.rstb (net)
                  0.15    0.00    7.45 ^ fanout19/A (sky130_fd_sc_hd__clkbuf_4)
    10    0.05    0.15    0.26    7.72 ^ fanout19/X (sky130_fd_sc_hd__clkbuf_4)
                                         net19 (net)
                  0.15    0.00    7.72 ^ _1846_/A (sky130_fd_sc_hd__clkbuf_4)
    10    0.04    0.14    0.25    7.97 ^ _1846_/X (sky130_fd_sc_hd__clkbuf_4)
                                         _1495_ (net)
                  0.14    0.00    7.98 ^ _2099_/A (sky130_fd_sc_hd__buf_2)
    10    0.03    0.17    0.24    8.22 ^ _2099_/X (sky130_fd_sc_hd__buf_2)
                                         _0422_ (net)
                  0.17    0.00    8.22 ^ _2126_/C1 (sky130_fd_sc_hd__o211a_1)
     1    0.00    0.04    0.16    8.38 ^ _2126_/X (sky130_fd_sc_hd__o211a_1)
                                         _0102_ (net)
                  0.04    0.00    8.38 ^ _3281_/D (sky130_fd_sc_hd__dfxtp_1)
                                  8.38   data arrival time

                  0.15   14.00   14.00   clock clk (rise edge)
                          0.00   14.00   clock network delay (ideal)
                         -0.25   13.75   clock uncertainty
                          0.00   13.75   clock reconvergence pessimism
                                 13.75 ^ _3281_/CLK (sky130_fd_sc_hd__dfxtp_1)
                         -0.04   13.71   library setup time
                                 13.71   data required time
-----------------------------------------------------------------------------
                                 13.71   data required time
                                 -8.38   data arrival time
-----------------------------------------------------------------------------
                                  5.33   slack (MET)


Startpoint: _3178_ (rising edge-triggered flip-flop clocked by clk')
Endpoint: _3284_ (rising edge-triggered flip-flop clocked by clk)
Path Group: clk
Path Type: max

Fanout     Cap    Slew   Delay    Time   Description
-----------------------------------------------------------------------------
                  0.15    7.00    7.00   clock clk' (rise edge)
                          0.00    7.00   clock network delay (ideal)
                  0.15    0.00    7.00 ^ _3178_/CLK (sky130_fd_sc_hd__dfxtp_2)
     4    0.03    0.15    0.45    7.45 ^ _3178_/Q (sky130_fd_sc_hd__dfxtp_2)
                                         i_spi_reg.falling_edge_detector_sof.rstb (net)
                  0.15    0.00    7.45 ^ fanout19/A (sky130_fd_sc_hd__clkbuf_4)
    10    0.05    0.15    0.26    7.72 ^ fanout19/X (sky130_fd_sc_hd__clkbuf_4)
                                         net19 (net)
                  0.15    0.00    7.72 ^ _1846_/A (sky130_fd_sc_hd__clkbuf_4)
    10    0.04    0.14    0.25    7.97 ^ _1846_/X (sky130_fd_sc_hd__clkbuf_4)
                                         _1495_ (net)
                  0.14    0.00    7.98 ^ _2099_/A (sky130_fd_sc_hd__buf_2)
    10    0.03    0.17    0.24    8.22 ^ _2099_/X (sky130_fd_sc_hd__buf_2)
                                         _0422_ (net)
                  0.17    0.00    8.22 ^ _2138_/C1 (sky130_fd_sc_hd__o211a_1)
     1    0.00    0.04    0.16    8.38 ^ _2138_/X (sky130_fd_sc_hd__o211a_1)
                                         _0105_ (net)
                  0.04    0.00    8.38 ^ _3284_/D (sky130_fd_sc_hd__dfxtp_1)
                                  8.38   data arrival time

                  0.15   14.00   14.00   clock clk (rise edge)
                          0.00   14.00   clock network delay (ideal)
                         -0.25   13.75   clock uncertainty
                          0.00   13.75   clock reconvergence pessimism
                                 13.75 ^ _3284_/CLK (sky130_fd_sc_hd__dfxtp_1)
                         -0.04   13.71   library setup time
                                 13.71   data required time
-----------------------------------------------------------------------------
                                 13.71   data required time
                                 -8.38   data arrival time
-----------------------------------------------------------------------------
                                  5.33   slack (MET)


Startpoint: _3178_ (rising edge-triggered flip-flop clocked by clk')
Endpoint: _3282_ (rising edge-triggered flip-flop clocked by clk)
Path Group: clk
Path Type: max

Fanout     Cap    Slew   Delay    Time   Description
-----------------------------------------------------------------------------
                  0.15    7.00    7.00   clock clk' (rise edge)
                          0.00    7.00   clock network delay (ideal)
                  0.15    0.00    7.00 ^ _3178_/CLK (sky130_fd_sc_hd__dfxtp_2)
     4    0.03    0.15    0.45    7.45 ^ _3178_/Q (sky130_fd_sc_hd__dfxtp_2)
                                         i_spi_reg.falling_edge_detector_sof.rstb (net)
                  0.15    0.00    7.45 ^ fanout19/A (sky130_fd_sc_hd__clkbuf_4)
    10    0.05    0.15    0.26    7.72 ^ fanout19/X (sky130_fd_sc_hd__clkbuf_4)
                                         net19 (net)
                  0.15    0.00    7.72 ^ _1846_/A (sky130_fd_sc_hd__clkbuf_4)
    10    0.04    0.14    0.25    7.97 ^ _1846_/X (sky130_fd_sc_hd__clkbuf_4)
                                         _1495_ (net)
                  0.14    0.00    7.98 ^ _2099_/A (sky130_fd_sc_hd__buf_2)
    10    0.03    0.17    0.24    8.22 ^ _2099_/X (sky130_fd_sc_hd__buf_2)
                                         _0422_ (net)
                  0.17    0.00    8.22 ^ _2131_/C1 (sky130_fd_sc_hd__o211a_1)
     1    0.00    0.04    0.16    8.38 ^ _2131_/X (sky130_fd_sc_hd__o211a_1)
                                         _0103_ (net)
                  0.04    0.00    8.38 ^ _3282_/D (sky130_fd_sc_hd__dfxtp_1)
                                  8.38   data arrival time

                  0.15   14.00   14.00   clock clk (rise edge)
                          0.00   14.00   clock network delay (ideal)
                         -0.25   13.75   clock uncertainty
                          0.00   13.75   clock reconvergence pessimism
                                 13.75 ^ _3282_/CLK (sky130_fd_sc_hd__dfxtp_1)
                         -0.04   13.71   library setup time
                                 13.71   data required time
-----------------------------------------------------------------------------
                                 13.71   data required time
                                 -8.38   data arrival time
-----------------------------------------------------------------------------
                                  5.33   slack (MET)


Startpoint: _3178_ (rising edge-triggered flip-flop clocked by clk')
Endpoint: _3334_ (rising edge-triggered flip-flop clocked by clk)
Path Group: clk
Path Type: max

Fanout     Cap    Slew   Delay    Time   Description
-----------------------------------------------------------------------------
                  0.15    7.00    7.00   clock clk' (rise edge)
                          0.00    7.00   clock network delay (ideal)
                  0.15    0.00    7.00 ^ _3178_/CLK (sky130_fd_sc_hd__dfxtp_2)
     4    0.03    0.15    0.45    7.45 ^ _3178_/Q (sky130_fd_sc_hd__dfxtp_2)
                                         i_spi_reg.falling_edge_detector_sof.rstb (net)
                  0.15    0.00    7.45 ^ fanout19/A (sky130_fd_sc_hd__clkbuf_4)
    10    0.05    0.15    0.26    7.72 ^ fanout19/X (sky130_fd_sc_hd__clkbuf_4)
                                         net19 (net)
                  0.15    0.00    7.72 ^ _1846_/A (sky130_fd_sc_hd__clkbuf_4)
    10    0.04    0.14    0.25    7.97 ^ _1846_/X (sky130_fd_sc_hd__clkbuf_4)
                                         _1495_ (net)
                  0.14    0.00    7.98 ^ _2174_/A (sky130_fd_sc_hd__clkbuf_4)
    10    0.04    0.13    0.24    8.21 ^ _2174_/X (sky130_fd_sc_hd__clkbuf_4)
                                         _0477_ (net)
                  0.13    0.00    8.22 ^ _2349_/C1 (sky130_fd_sc_hd__o211a_1)
     1    0.00    0.04    0.16    8.37 ^ _2349_/X (sky130_fd_sc_hd__o211a_1)
                                         _0155_ (net)
                  0.04    0.00    8.37 ^ _3334_/D (sky130_fd_sc_hd__dfxtp_1)
                                  8.37   data arrival time

                  0.15   14.00   14.00   clock clk (rise edge)
                          0.00   14.00   clock network delay (ideal)
                         -0.25   13.75   clock uncertainty
                          0.00   13.75   clock reconvergence pessimism
                                 13.75 ^ _3334_/CLK (sky130_fd_sc_hd__dfxtp_1)
                         -0.04   13.71   library setup time
                                 13.71   data required time
-----------------------------------------------------------------------------
                                 13.71   data required time
                                 -8.37   data arrival time
-----------------------------------------------------------------------------
                                  5.34   slack (MET)


Startpoint: _3178_ (rising edge-triggered flip-flop clocked by clk')
Endpoint: _3330_ (rising edge-triggered flip-flop clocked by clk)
Path Group: clk
Path Type: max

Fanout     Cap    Slew   Delay    Time   Description
-----------------------------------------------------------------------------
                  0.15    7.00    7.00   clock clk' (rise edge)
                          0.00    7.00   clock network delay (ideal)
                  0.15    0.00    7.00 ^ _3178_/CLK (sky130_fd_sc_hd__dfxtp_2)
     4    0.03    0.15    0.45    7.45 ^ _3178_/Q (sky130_fd_sc_hd__dfxtp_2)
                                         i_spi_reg.falling_edge_detector_sof.rstb (net)
                  0.15    0.00    7.45 ^ fanout19/A (sky130_fd_sc_hd__clkbuf_4)
    10    0.05    0.15    0.26    7.72 ^ fanout19/X (sky130_fd_sc_hd__clkbuf_4)
                                         net19 (net)
                  0.15    0.00    7.72 ^ _1846_/A (sky130_fd_sc_hd__clkbuf_4)
    10    0.04    0.14    0.25    7.97 ^ _1846_/X (sky130_fd_sc_hd__clkbuf_4)
                                         _1495_ (net)
                  0.14    0.00    7.98 ^ _2174_/A (sky130_fd_sc_hd__clkbuf_4)
    10    0.04    0.13    0.24    8.21 ^ _2174_/X (sky130_fd_sc_hd__clkbuf_4)
                                         _0477_ (net)
                  0.13    0.00    8.22 ^ _2271_/C1 (sky130_fd_sc_hd__o211a_1)
     1    0.00    0.04    0.15    8.37 ^ _2271_/X (sky130_fd_sc_hd__o211a_1)
                                         _0151_ (net)
                  0.04    0.00    8.37 ^ _3330_/D (sky130_fd_sc_hd__dfxtp_1)
                                  8.37   data arrival time

                  0.15   14.00   14.00   clock clk (rise edge)
                          0.00   14.00   clock network delay (ideal)
                         -0.25   13.75   clock uncertainty
                          0.00   13.75   clock reconvergence pessimism
                                 13.75 ^ _3330_/CLK (sky130_fd_sc_hd__dfxtp_1)
                         -0.04   13.71   library setup time
                                 13.71   data required time
-----------------------------------------------------------------------------
                                 13.71   data required time
                                 -8.37   data arrival time
-----------------------------------------------------------------------------
                                  5.34   slack (MET)


Startpoint: _3178_ (rising edge-triggered flip-flop clocked by clk')
Endpoint: _3337_ (rising edge-triggered flip-flop clocked by clk)
Path Group: clk
Path Type: max

Fanout     Cap    Slew   Delay    Time   Description
-----------------------------------------------------------------------------
                  0.15    7.00    7.00   clock clk' (rise edge)
                          0.00    7.00   clock network delay (ideal)
                  0.15    0.00    7.00 ^ _3178_/CLK (sky130_fd_sc_hd__dfxtp_2)
     4    0.03    0.15    0.45    7.45 ^ _3178_/Q (sky130_fd_sc_hd__dfxtp_2)
                                         i_spi_reg.falling_edge_detector_sof.rstb (net)
                  0.15    0.00    7.45 ^ fanout19/A (sky130_fd_sc_hd__clkbuf_4)
    10    0.05    0.15    0.26    7.72 ^ fanout19/X (sky130_fd_sc_hd__clkbuf_4)
                                         net19 (net)
                  0.15    0.00    7.72 ^ _1846_/A (sky130_fd_sc_hd__clkbuf_4)
    10    0.04    0.14    0.25    7.97 ^ _1846_/X (sky130_fd_sc_hd__clkbuf_4)
                                         _1495_ (net)
                  0.14    0.00    7.98 ^ _2174_/A (sky130_fd_sc_hd__clkbuf_4)
    10    0.04    0.13    0.24    8.21 ^ _2174_/X (sky130_fd_sc_hd__clkbuf_4)
                                         _0477_ (net)
                  0.13    0.00    8.22 ^ _2384_/C1 (sky130_fd_sc_hd__o211a_1)
     1    0.00    0.04    0.15    8.37 ^ _2384_/X (sky130_fd_sc_hd__o211a_1)
                                         _0158_ (net)
                  0.04    0.00    8.37 ^ _3337_/D (sky130_fd_sc_hd__dfxtp_1)
                                  8.37   data arrival time

                  0.15   14.00   14.00   clock clk (rise edge)
                          0.00   14.00   clock network delay (ideal)
                         -0.25   13.75   clock uncertainty
                          0.00   13.75   clock reconvergence pessimism
                                 13.75 ^ _3337_/CLK (sky130_fd_sc_hd__dfxtp_1)
                         -0.04   13.71   library setup time
                                 13.71   data required time
-----------------------------------------------------------------------------
                                 13.71   data required time
                                 -8.37   data arrival time
-----------------------------------------------------------------------------
                                  5.34   slack (MET)


Startpoint: _3178_ (rising edge-triggered flip-flop clocked by clk')
Endpoint: _3333_ (rising edge-triggered flip-flop clocked by clk)
Path Group: clk
Path Type: max

Fanout     Cap    Slew   Delay    Time   Description
-----------------------------------------------------------------------------
                  0.15    7.00    7.00   clock clk' (rise edge)
                          0.00    7.00   clock network delay (ideal)
                  0.15    0.00    7.00 ^ _3178_/CLK (sky130_fd_sc_hd__dfxtp_2)
     4    0.03    0.15    0.45    7.45 ^ _3178_/Q (sky130_fd_sc_hd__dfxtp_2)
                                         i_spi_reg.falling_edge_detector_sof.rstb (net)
                  0.15    0.00    7.45 ^ fanout19/A (sky130_fd_sc_hd__clkbuf_4)
    10    0.05    0.15    0.26    7.72 ^ fanout19/X (sky130_fd_sc_hd__clkbuf_4)
                                         net19 (net)
                  0.15    0.00    7.72 ^ _1846_/A (sky130_fd_sc_hd__clkbuf_4)
    10    0.04    0.14    0.25    7.97 ^ _1846_/X (sky130_fd_sc_hd__clkbuf_4)
                                         _1495_ (net)
                  0.14    0.00    7.98 ^ _2174_/A (sky130_fd_sc_hd__clkbuf_4)
    10    0.04    0.13    0.24    8.21 ^ _2174_/X (sky130_fd_sc_hd__clkbuf_4)
                                         _0477_ (net)
                  0.13    0.00    8.22 ^ _2334_/C1 (sky130_fd_sc_hd__o211a_1)
     1    0.00    0.04    0.15    8.37 ^ _2334_/X (sky130_fd_sc_hd__o211a_1)
                                         _0154_ (net)
                  0.04    0.00    8.37 ^ _3333_/D (sky130_fd_sc_hd__dfxtp_1)
                                  8.37   data arrival time

                  0.15   14.00   14.00   clock clk (rise edge)
                          0.00   14.00   clock network delay (ideal)
                         -0.25   13.75   clock uncertainty
                          0.00   13.75   clock reconvergence pessimism
                                 13.75 ^ _3333_/CLK (sky130_fd_sc_hd__dfxtp_1)
                         -0.04   13.71   library setup time
                                 13.71   data required time
-----------------------------------------------------------------------------
                                 13.71   data required time
                                 -8.37   data arrival time
-----------------------------------------------------------------------------
                                  5.34   slack (MET)


Startpoint: _3178_ (rising edge-triggered flip-flop clocked by clk')
Endpoint: _3336_ (rising edge-triggered flip-flop clocked by clk)
Path Group: clk
Path Type: max

Fanout     Cap    Slew   Delay    Time   Description
-----------------------------------------------------------------------------
                  0.15    7.00    7.00   clock clk' (rise edge)
                          0.00    7.00   clock network delay (ideal)
                  0.15    0.00    7.00 ^ _3178_/CLK (sky130_fd_sc_hd__dfxtp_2)
     4    0.03    0.15    0.45    7.45 ^ _3178_/Q (sky130_fd_sc_hd__dfxtp_2)
                                         i_spi_reg.falling_edge_detector_sof.rstb (net)
                  0.15    0.00    7.45 ^ fanout19/A (sky130_fd_sc_hd__clkbuf_4)
    10    0.05    0.15    0.26    7.72 ^ fanout19/X (sky130_fd_sc_hd__clkbuf_4)
                                         net19 (net)
                  0.15    0.00    7.72 ^ _1846_/A (sky130_fd_sc_hd__clkbuf_4)
    10    0.04    0.14    0.25    7.97 ^ _1846_/X (sky130_fd_sc_hd__clkbuf_4)
                                         _1495_ (net)
                  0.14    0.00    7.98 ^ _2174_/A (sky130_fd_sc_hd__clkbuf_4)
    10    0.04    0.13    0.24    8.21 ^ _2174_/X (sky130_fd_sc_hd__clkbuf_4)
                                         _0477_ (net)
                  0.13    0.00    8.22 ^ _2372_/C1 (sky130_fd_sc_hd__o211a_1)
     1    0.00    0.04    0.15    8.37 ^ _2372_/X (sky130_fd_sc_hd__o211a_1)
                                         _0157_ (net)
                  0.04    0.00    8.37 ^ _3336_/D (sky130_fd_sc_hd__dfxtp_1)
                                  8.37   data arrival time

                  0.15   14.00   14.00   clock clk (rise edge)
                          0.00   14.00   clock network delay (ideal)
                         -0.25   13.75   clock uncertainty
                          0.00   13.75   clock reconvergence pessimism
                                 13.75 ^ _3336_/CLK (sky130_fd_sc_hd__dfxtp_1)
                         -0.04   13.71   library setup time
                                 13.71   data required time
-----------------------------------------------------------------------------
                                 13.71   data required time
                                 -8.37   data arrival time
-----------------------------------------------------------------------------
                                  5.34   slack (MET)


Startpoint: _3178_ (rising edge-triggered flip-flop clocked by clk')
Endpoint: _3331_ (rising edge-triggered flip-flop clocked by clk)
Path Group: clk
Path Type: max

Fanout     Cap    Slew   Delay    Time   Description
-----------------------------------------------------------------------------
                  0.15    7.00    7.00   clock clk' (rise edge)
                          0.00    7.00   clock network delay (ideal)
                  0.15    0.00    7.00 ^ _3178_/CLK (sky130_fd_sc_hd__dfxtp_2)
     4    0.03    0.15    0.45    7.45 ^ _3178_/Q (sky130_fd_sc_hd__dfxtp_2)
                                         i_spi_reg.falling_edge_detector_sof.rstb (net)
                  0.15    0.00    7.45 ^ fanout19/A (sky130_fd_sc_hd__clkbuf_4)
    10    0.05    0.15    0.26    7.72 ^ fanout19/X (sky130_fd_sc_hd__clkbuf_4)
                                         net19 (net)
                  0.15    0.00    7.72 ^ _1846_/A (sky130_fd_sc_hd__clkbuf_4)
    10    0.04    0.14    0.25    7.97 ^ _1846_/X (sky130_fd_sc_hd__clkbuf_4)
                                         _1495_ (net)
                  0.14    0.00    7.98 ^ _2174_/A (sky130_fd_sc_hd__clkbuf_4)
    10    0.04    0.13    0.24    8.21 ^ _2174_/X (sky130_fd_sc_hd__clkbuf_4)
                                         _0477_ (net)
                  0.13    0.00    8.22 ^ _2301_/C1 (sky130_fd_sc_hd__o211a_1)
     1    0.00    0.04    0.15    8.37 ^ _2301_/X (sky130_fd_sc_hd__o211a_1)
                                         _0152_ (net)
                  0.04    0.00    8.37 ^ _3331_/D (sky130_fd_sc_hd__dfxtp_1)
                                  8.37   data arrival time

                  0.15   14.00   14.00   clock clk (rise edge)
                          0.00   14.00   clock network delay (ideal)
                         -0.25   13.75   clock uncertainty
                          0.00   13.75   clock reconvergence pessimism
                                 13.75 ^ _3331_/CLK (sky130_fd_sc_hd__dfxtp_1)
                         -0.04   13.71   library setup time
                                 13.71   data required time
-----------------------------------------------------------------------------
                                 13.71   data required time
                                 -8.37   data arrival time
-----------------------------------------------------------------------------
                                  5.34   slack (MET)


Startpoint: _3178_ (rising edge-triggered flip-flop clocked by clk')
Endpoint: _3332_ (rising edge-triggered flip-flop clocked by clk)
Path Group: clk
Path Type: max

Fanout     Cap    Slew   Delay    Time   Description
-----------------------------------------------------------------------------
                  0.15    7.00    7.00   clock clk' (rise edge)
                          0.00    7.00   clock network delay (ideal)
                  0.15    0.00    7.00 ^ _3178_/CLK (sky130_fd_sc_hd__dfxtp_2)
     4    0.03    0.15    0.45    7.45 ^ _3178_/Q (sky130_fd_sc_hd__dfxtp_2)
                                         i_spi_reg.falling_edge_detector_sof.rstb (net)
                  0.15    0.00    7.45 ^ fanout19/A (sky130_fd_sc_hd__clkbuf_4)
    10    0.05    0.15    0.26    7.72 ^ fanout19/X (sky130_fd_sc_hd__clkbuf_4)
                                         net19 (net)
                  0.15    0.00    7.72 ^ _1846_/A (sky130_fd_sc_hd__clkbuf_4)
    10    0.04    0.14    0.25    7.97 ^ _1846_/X (sky130_fd_sc_hd__clkbuf_4)
                                         _1495_ (net)
                  0.14    0.00    7.98 ^ _2174_/A (sky130_fd_sc_hd__clkbuf_4)
    10    0.04    0.13    0.24    8.21 ^ _2174_/X (sky130_fd_sc_hd__clkbuf_4)
                                         _0477_ (net)
                  0.13    0.00    8.22 ^ _2320_/C1 (sky130_fd_sc_hd__o211a_1)
     1    0.00    0.04    0.15    8.37 ^ _2320_/X (sky130_fd_sc_hd__o211a_1)
                                         _0153_ (net)
                  0.04    0.00    8.37 ^ _3332_/D (sky130_fd_sc_hd__dfxtp_1)
                                  8.37   data arrival time

                  0.15   14.00   14.00   clock clk (rise edge)
                          0.00   14.00   clock network delay (ideal)
                         -0.25   13.75   clock uncertainty
                          0.00   13.75   clock reconvergence pessimism
                                 13.75 ^ _3332_/CLK (sky130_fd_sc_hd__dfxtp_1)
                         -0.04   13.71   library setup time
                                 13.71   data required time
-----------------------------------------------------------------------------
                                 13.71   data required time
                                 -8.37   data arrival time
-----------------------------------------------------------------------------
                                  5.34   slack (MET)


Startpoint: _3178_ (rising edge-triggered flip-flop clocked by clk')
Endpoint: _3295_ (rising edge-triggered flip-flop clocked by clk)
Path Group: clk
Path Type: max

Fanout     Cap    Slew   Delay    Time   Description
-----------------------------------------------------------------------------
                  0.15    7.00    7.00   clock clk' (rise edge)
                          0.00    7.00   clock network delay (ideal)
                  0.15    0.00    7.00 ^ _3178_/CLK (sky130_fd_sc_hd__dfxtp_2)
     4    0.03    0.15    0.45    7.45 ^ _3178_/Q (sky130_fd_sc_hd__dfxtp_2)
                                         i_spi_reg.falling_edge_detector_sof.rstb (net)
                  0.15    0.00    7.45 ^ fanout19/A (sky130_fd_sc_hd__clkbuf_4)
    10    0.05    0.15    0.26    7.72 ^ fanout19/X (sky130_fd_sc_hd__clkbuf_4)
                                         net19 (net)
                  0.15    0.00    7.72 ^ _1846_/A (sky130_fd_sc_hd__clkbuf_4)
    10    0.04    0.14    0.25    7.97 ^ _1846_/X (sky130_fd_sc_hd__clkbuf_4)
                                         _1495_ (net)
                  0.14    0.00    7.98 ^ _2174_/A (sky130_fd_sc_hd__clkbuf_4)
    10    0.04    0.13    0.24    8.21 ^ _2174_/X (sky130_fd_sc_hd__clkbuf_4)
                                         _0477_ (net)
                  0.13    0.00    8.21 ^ _2175_/C1 (sky130_fd_sc_hd__o211a_1)
     1    0.00    0.04    0.15    8.37 ^ _2175_/X (sky130_fd_sc_hd__o211a_1)
                                         _0116_ (net)
                  0.04    0.00    8.37 ^ _3295_/D (sky130_fd_sc_hd__dfxtp_1)
                                  8.37   data arrival time

                  0.15   14.00   14.00   clock clk (rise edge)
                          0.00   14.00   clock network delay (ideal)
                         -0.25   13.75   clock uncertainty
                          0.00   13.75   clock reconvergence pessimism
                                 13.75 ^ _3295_/CLK (sky130_fd_sc_hd__dfxtp_1)
                         -0.04   13.71   library setup time
                                 13.71   data required time
-----------------------------------------------------------------------------
                                 13.71   data required time
                                 -8.37   data arrival time
-----------------------------------------------------------------------------
                                  5.34   slack (MET)


Startpoint: _3178_ (rising edge-triggered flip-flop clocked by clk')
Endpoint: _3296_ (rising edge-triggered flip-flop clocked by clk)
Path Group: clk
Path Type: max

Fanout     Cap    Slew   Delay    Time   Description
-----------------------------------------------------------------------------
                  0.15    7.00    7.00   clock clk' (rise edge)
                          0.00    7.00   clock network delay (ideal)
                  0.15    0.00    7.00 ^ _3178_/CLK (sky130_fd_sc_hd__dfxtp_2)
     4    0.03    0.15    0.45    7.45 ^ _3178_/Q (sky130_fd_sc_hd__dfxtp_2)
                                         i_spi_reg.falling_edge_detector_sof.rstb (net)
                  0.15    0.00    7.45 ^ fanout19/A (sky130_fd_sc_hd__clkbuf_4)
    10    0.05    0.15    0.26    7.72 ^ fanout19/X (sky130_fd_sc_hd__clkbuf_4)
                                         net19 (net)
                  0.15    0.00    7.72 ^ _1846_/A (sky130_fd_sc_hd__clkbuf_4)
    10    0.04    0.14    0.25    7.97 ^ _1846_/X (sky130_fd_sc_hd__clkbuf_4)
                                         _1495_ (net)
                  0.14    0.00    7.98 ^ _2174_/A (sky130_fd_sc_hd__clkbuf_4)
    10    0.04    0.13    0.24    8.21 ^ _2174_/X (sky130_fd_sc_hd__clkbuf_4)
                                         _0477_ (net)
                  0.13    0.00    8.21 ^ _2178_/C1 (sky130_fd_sc_hd__o211a_1)
     1    0.00    0.04    0.15    8.37 ^ _2178_/X (sky130_fd_sc_hd__o211a_1)
                                         _0117_ (net)
                  0.04    0.00    8.37 ^ _3296_/D (sky130_fd_sc_hd__dfxtp_1)
                                  8.37   data arrival time

                  0.15   14.00   14.00   clock clk (rise edge)
                          0.00   14.00   clock network delay (ideal)
                         -0.25   13.75   clock uncertainty
                          0.00   13.75   clock reconvergence pessimism
                                 13.75 ^ _3296_/CLK (sky130_fd_sc_hd__dfxtp_1)
                         -0.04   13.71   library setup time
                                 13.71   data required time
-----------------------------------------------------------------------------
                                 13.71   data required time
                                 -8.37   data arrival time
-----------------------------------------------------------------------------
                                  5.34   slack (MET)


Startpoint: _3178_ (rising edge-triggered flip-flop clocked by clk')
Endpoint: _3297_ (rising edge-triggered flip-flop clocked by clk)
Path Group: clk
Path Type: max

Fanout     Cap    Slew   Delay    Time   Description
-----------------------------------------------------------------------------
                  0.15    7.00    7.00   clock clk' (rise edge)
                          0.00    7.00   clock network delay (ideal)
                  0.15    0.00    7.00 ^ _3178_/CLK (sky130_fd_sc_hd__dfxtp_2)
     4    0.03    0.15    0.45    7.45 ^ _3178_/Q (sky130_fd_sc_hd__dfxtp_2)
                                         i_spi_reg.falling_edge_detector_sof.rstb (net)
                  0.15    0.00    7.45 ^ fanout19/A (sky130_fd_sc_hd__clkbuf_4)
    10    0.05    0.15    0.26    7.72 ^ fanout19/X (sky130_fd_sc_hd__clkbuf_4)
                                         net19 (net)
                  0.15    0.00    7.72 ^ _1846_/A (sky130_fd_sc_hd__clkbuf_4)
    10    0.04    0.14    0.25    7.97 ^ _1846_/X (sky130_fd_sc_hd__clkbuf_4)
                                         _1495_ (net)
                  0.14    0.00    7.98 ^ _2174_/A (sky130_fd_sc_hd__clkbuf_4)
    10    0.04    0.13    0.24    8.21 ^ _2174_/X (sky130_fd_sc_hd__clkbuf_4)
                                         _0477_ (net)
                  0.13    0.00    8.21 ^ _2181_/C1 (sky130_fd_sc_hd__o211a_1)
     1    0.00    0.04    0.15    8.37 ^ _2181_/X (sky130_fd_sc_hd__o211a_1)
                                         _0118_ (net)
                  0.04    0.00    8.37 ^ _3297_/D (sky130_fd_sc_hd__dfxtp_1)
                                  8.37   data arrival time

                  0.15   14.00   14.00   clock clk (rise edge)
                          0.00   14.00   clock network delay (ideal)
                         -0.25   13.75   clock uncertainty
                          0.00   13.75   clock reconvergence pessimism
                                 13.75 ^ _3297_/CLK (sky130_fd_sc_hd__dfxtp_1)
                         -0.04   13.71   library setup time
                                 13.71   data required time
-----------------------------------------------------------------------------
                                 13.71   data required time
                                 -8.37   data arrival time
-----------------------------------------------------------------------------
                                  5.35   slack (MET)


Startpoint: _3178_ (rising edge-triggered flip-flop clocked by clk')
Endpoint: _3342_ (rising edge-triggered flip-flop clocked by clk)
Path Group: clk
Path Type: max

Fanout     Cap    Slew   Delay    Time   Description
-----------------------------------------------------------------------------
                  0.15    7.00    7.00   clock clk' (rise edge)
                          0.00    7.00   clock network delay (ideal)
                  0.15    0.00    7.00 ^ _3178_/CLK (sky130_fd_sc_hd__dfxtp_2)
     4    0.03    0.15    0.45    7.45 ^ _3178_/Q (sky130_fd_sc_hd__dfxtp_2)
                                         i_spi_reg.falling_edge_detector_sof.rstb (net)
                  0.15    0.00    7.45 ^ fanout19/A (sky130_fd_sc_hd__clkbuf_4)
    10    0.05    0.15    0.26    7.72 ^ fanout19/X (sky130_fd_sc_hd__clkbuf_4)
                                         net19 (net)
                  0.15    0.00    7.72 ^ _1846_/A (sky130_fd_sc_hd__clkbuf_4)
    10    0.04    0.14    0.25    7.97 ^ _1846_/X (sky130_fd_sc_hd__clkbuf_4)
                                         _1495_ (net)
                  0.14    0.00    7.97 ^ _2397_/A (sky130_fd_sc_hd__buf_2)
    10    0.03    0.15    0.22    8.20 ^ _2397_/X (sky130_fd_sc_hd__buf_2)
                                         _0657_ (net)
                  0.15    0.00    8.20 ^ _2453_/C1 (sky130_fd_sc_hd__o211a_1)
     1    0.00    0.04    0.16    8.36 ^ _2453_/X (sky130_fd_sc_hd__o211a_1)
                                         _0163_ (net)
                  0.04    0.00    8.36 ^ _3342_/D (sky130_fd_sc_hd__dfxtp_1)
                                  8.36   data arrival time

                  0.15   14.00   14.00   clock clk (rise edge)
                          0.00   14.00   clock network delay (ideal)
                         -0.25   13.75   clock uncertainty
                          0.00   13.75   clock reconvergence pessimism
                                 13.75 ^ _3342_/CLK (sky130_fd_sc_hd__dfxtp_1)
                         -0.04   13.71   library setup time
                                 13.71   data required time
-----------------------------------------------------------------------------
                                 13.71   data required time
                                 -8.36   data arrival time
-----------------------------------------------------------------------------
                                  5.35   slack (MET)


Startpoint: _3178_ (rising edge-triggered flip-flop clocked by clk')
Endpoint: _3274_ (rising edge-triggered flip-flop clocked by clk)
Path Group: clk
Path Type: max

Fanout     Cap    Slew   Delay    Time   Description
-----------------------------------------------------------------------------
                  0.15    7.00    7.00   clock clk' (rise edge)
                          0.00    7.00   clock network delay (ideal)
                  0.15    0.00    7.00 ^ _3178_/CLK (sky130_fd_sc_hd__dfxtp_2)
     4    0.03    0.15    0.45    7.45 ^ _3178_/Q (sky130_fd_sc_hd__dfxtp_2)
                                         i_spi_reg.falling_edge_detector_sof.rstb (net)
                  0.15    0.00    7.45 ^ fanout19/A (sky130_fd_sc_hd__clkbuf_4)
    10    0.05    0.15    0.26    7.72 ^ fanout19/X (sky130_fd_sc_hd__clkbuf_4)
                                         net19 (net)
                  0.15    0.00    7.72 ^ _1846_/A (sky130_fd_sc_hd__clkbuf_4)
    10    0.04    0.14    0.25    7.97 ^ _1846_/X (sky130_fd_sc_hd__clkbuf_4)
                                         _1495_ (net)
                  0.14    0.00    7.98 ^ _1970_/A (sky130_fd_sc_hd__buf_2)
    10    0.03    0.15    0.22    8.20 ^ _1970_/X (sky130_fd_sc_hd__buf_2)
                                         _0319_ (net)
                  0.15    0.00    8.20 ^ _2095_/C1 (sky130_fd_sc_hd__o211a_1)
     1    0.00    0.04    0.16    8.36 ^ _2095_/X (sky130_fd_sc_hd__o211a_1)
                                         _0095_ (net)
                  0.04    0.00    8.36 ^ _3274_/D (sky130_fd_sc_hd__dfxtp_1)
                                  8.36   data arrival time

                  0.15   14.00   14.00   clock clk (rise edge)
                          0.00   14.00   clock network delay (ideal)
                         -0.25   13.75   clock uncertainty
                          0.00   13.75   clock reconvergence pessimism
                                 13.75 ^ _3274_/CLK (sky130_fd_sc_hd__dfxtp_1)
                         -0.04   13.71   library setup time
                                 13.71   data required time
-----------------------------------------------------------------------------
                                 13.71   data required time
                                 -8.36   data arrival time
-----------------------------------------------------------------------------
                                  5.35   slack (MET)


Startpoint: _3178_ (rising edge-triggered flip-flop clocked by clk')
Endpoint: _3338_ (rising edge-triggered flip-flop clocked by clk)
Path Group: clk
Path Type: max

Fanout     Cap    Slew   Delay    Time   Description
-----------------------------------------------------------------------------
                  0.15    7.00    7.00   clock clk' (rise edge)
                          0.00    7.00   clock network delay (ideal)
                  0.15    0.00    7.00 ^ _3178_/CLK (sky130_fd_sc_hd__dfxtp_2)
     4    0.03    0.15    0.45    7.45 ^ _3178_/Q (sky130_fd_sc_hd__dfxtp_2)
                                         i_spi_reg.falling_edge_detector_sof.rstb (net)
                  0.15    0.00    7.45 ^ fanout19/A (sky130_fd_sc_hd__clkbuf_4)
    10    0.05    0.15    0.26    7.72 ^ fanout19/X (sky130_fd_sc_hd__clkbuf_4)
                                         net19 (net)
                  0.15    0.00    7.72 ^ _1846_/A (sky130_fd_sc_hd__clkbuf_4)
    10    0.04    0.14    0.25    7.97 ^ _1846_/X (sky130_fd_sc_hd__clkbuf_4)
                                         _1495_ (net)
                  0.14    0.00    7.97 ^ _2397_/A (sky130_fd_sc_hd__buf_2)
    10    0.03    0.15    0.22    8.20 ^ _2397_/X (sky130_fd_sc_hd__buf_2)
                                         _0657_ (net)
                  0.15    0.00    8.20 ^ _2398_/C1 (sky130_fd_sc_hd__o211a_1)
     1    0.00    0.04    0.16    8.36 ^ _2398_/X (sky130_fd_sc_hd__o211a_1)
                                         _0159_ (net)
                  0.04    0.00    8.36 ^ _3338_/D (sky130_fd_sc_hd__dfxtp_1)
                                  8.36   data arrival time

                  0.15   14.00   14.00   clock clk (rise edge)
                          0.00   14.00   clock network delay (ideal)
                         -0.25   13.75   clock uncertainty
                          0.00   13.75   clock reconvergence pessimism
                                 13.75 ^ _3338_/CLK (sky130_fd_sc_hd__dfxtp_1)
                         -0.04   13.71   library setup time
                                 13.71   data required time
-----------------------------------------------------------------------------
                                 13.71   data required time
                                 -8.36   data arrival time
-----------------------------------------------------------------------------
                                  5.35   slack (MET)


Startpoint: _3178_ (rising edge-triggered flip-flop clocked by clk')
Endpoint: _3347_ (rising edge-triggered flip-flop clocked by clk)
Path Group: clk
Path Type: max

Fanout     Cap    Slew   Delay    Time   Description
-----------------------------------------------------------------------------
                  0.15    7.00    7.00   clock clk' (rise edge)
                          0.00    7.00   clock network delay (ideal)
                  0.15    0.00    7.00 ^ _3178_/CLK (sky130_fd_sc_hd__dfxtp_2)
     4    0.03    0.15    0.45    7.45 ^ _3178_/Q (sky130_fd_sc_hd__dfxtp_2)
                                         i_spi_reg.falling_edge_detector_sof.rstb (net)
                  0.15    0.00    7.45 ^ fanout19/A (sky130_fd_sc_hd__clkbuf_4)
    10    0.05    0.15    0.26    7.72 ^ fanout19/X (sky130_fd_sc_hd__clkbuf_4)
                                         net19 (net)
                  0.15    0.00    7.72 ^ _1846_/A (sky130_fd_sc_hd__clkbuf_4)
    10    0.04    0.14    0.25    7.97 ^ _1846_/X (sky130_fd_sc_hd__clkbuf_4)
                                         _1495_ (net)
                  0.14    0.00    7.97 ^ _2397_/A (sky130_fd_sc_hd__buf_2)
    10    0.03    0.15    0.22    8.20 ^ _2397_/X (sky130_fd_sc_hd__buf_2)
                                         _0657_ (net)
                  0.15    0.00    8.20 ^ _2523_/C1 (sky130_fd_sc_hd__o211a_1)
     1    0.00    0.04    0.16    8.36 ^ _2523_/X (sky130_fd_sc_hd__o211a_1)
                                         _0168_ (net)
                  0.04    0.00    8.36 ^ _3347_/D (sky130_fd_sc_hd__dfxtp_1)
                                  8.36   data arrival time

                  0.15   14.00   14.00   clock clk (rise edge)
                          0.00   14.00   clock network delay (ideal)
                         -0.25   13.75   clock uncertainty
                          0.00   13.75   clock reconvergence pessimism
                                 13.75 ^ _3347_/CLK (sky130_fd_sc_hd__dfxtp_1)
                         -0.04   13.71   library setup time
                                 13.71   data required time
-----------------------------------------------------------------------------
                                 13.71   data required time
                                 -8.36   data arrival time
-----------------------------------------------------------------------------
                                  5.35   slack (MET)


Startpoint: _3178_ (rising edge-triggered flip-flop clocked by clk')
Endpoint: _3266_ (rising edge-triggered flip-flop clocked by clk)
Path Group: clk
Path Type: max

Fanout     Cap    Slew   Delay    Time   Description
-----------------------------------------------------------------------------
                  0.15    7.00    7.00   clock clk' (rise edge)
                          0.00    7.00   clock network delay (ideal)
                  0.15    0.00    7.00 ^ _3178_/CLK (sky130_fd_sc_hd__dfxtp_2)
     4    0.03    0.15    0.45    7.45 ^ _3178_/Q (sky130_fd_sc_hd__dfxtp_2)
                                         i_spi_reg.falling_edge_detector_sof.rstb (net)
                  0.15    0.00    7.45 ^ fanout19/A (sky130_fd_sc_hd__clkbuf_4)
    10    0.05    0.15    0.26    7.72 ^ fanout19/X (sky130_fd_sc_hd__clkbuf_4)
                                         net19 (net)
                  0.15    0.00    7.72 ^ _1846_/A (sky130_fd_sc_hd__clkbuf_4)
    10    0.04    0.14    0.25    7.97 ^ _1846_/X (sky130_fd_sc_hd__clkbuf_4)
                                         _1495_ (net)
                  0.14    0.00    7.98 ^ _1970_/A (sky130_fd_sc_hd__buf_2)
    10    0.03    0.15    0.22    8.20 ^ _1970_/X (sky130_fd_sc_hd__buf_2)
                                         _0319_ (net)
                  0.15    0.00    8.20 ^ _2045_/C1 (sky130_fd_sc_hd__o211a_1)
     1    0.00    0.04    0.16    8.36 ^ _2045_/X (sky130_fd_sc_hd__o211a_1)
                                         _0087_ (net)
                  0.04    0.00    8.36 ^ _3266_/D (sky130_fd_sc_hd__dfxtp_1)
                                  8.36   data arrival time

                  0.15   14.00   14.00   clock clk (rise edge)
                          0.00   14.00   clock network delay (ideal)
                         -0.25   13.75   clock uncertainty
                          0.00   13.75   clock reconvergence pessimism
                                 13.75 ^ _3266_/CLK (sky130_fd_sc_hd__dfxtp_1)
                         -0.04   13.71   library setup time
                                 13.71   data required time
-----------------------------------------------------------------------------
                                 13.71   data required time
                                 -8.36   data arrival time
-----------------------------------------------------------------------------
                                  5.35   slack (MET)


Startpoint: _3178_ (rising edge-triggered flip-flop clocked by clk')
Endpoint: _3344_ (rising edge-triggered flip-flop clocked by clk)
Path Group: clk
Path Type: max

Fanout     Cap    Slew   Delay    Time   Description
-----------------------------------------------------------------------------
                  0.15    7.00    7.00   clock clk' (rise edge)
                          0.00    7.00   clock network delay (ideal)
                  0.15    0.00    7.00 ^ _3178_/CLK (sky130_fd_sc_hd__dfxtp_2)
     4    0.03    0.15    0.45    7.45 ^ _3178_/Q (sky130_fd_sc_hd__dfxtp_2)
                                         i_spi_reg.falling_edge_detector_sof.rstb (net)
                  0.15    0.00    7.45 ^ fanout19/A (sky130_fd_sc_hd__clkbuf_4)
    10    0.05    0.15    0.26    7.72 ^ fanout19/X (sky130_fd_sc_hd__clkbuf_4)
                                         net19 (net)
                  0.15    0.00    7.72 ^ _1846_/A (sky130_fd_sc_hd__clkbuf_4)
    10    0.04    0.14    0.25    7.97 ^ _1846_/X (sky130_fd_sc_hd__clkbuf_4)
                                         _1495_ (net)
                  0.14    0.00    7.97 ^ _2397_/A (sky130_fd_sc_hd__buf_2)
    10    0.03    0.15    0.22    8.20 ^ _2397_/X (sky130_fd_sc_hd__buf_2)
                                         _0657_ (net)
                  0.15    0.00    8.20 ^ _2479_/C1 (sky130_fd_sc_hd__o211a_1)
     1    0.00    0.04    0.16    8.36 ^ _2479_/X (sky130_fd_sc_hd__o211a_1)
                                         _0165_ (net)
                  0.04    0.00    8.36 ^ _3344_/D (sky130_fd_sc_hd__dfxtp_1)
                                  8.36   data arrival time

                  0.15   14.00   14.00   clock clk (rise edge)
                          0.00   14.00   clock network delay (ideal)
                         -0.25   13.75   clock uncertainty
                          0.00   13.75   clock reconvergence pessimism
                                 13.75 ^ _3344_/CLK (sky130_fd_sc_hd__dfxtp_1)
                         -0.04   13.71   library setup time
                                 13.71   data required time
-----------------------------------------------------------------------------
                                 13.71   data required time
                                 -8.36   data arrival time
-----------------------------------------------------------------------------
                                  5.35   slack (MET)


Startpoint: _3178_ (rising edge-triggered flip-flop clocked by clk')
Endpoint: _3272_ (rising edge-triggered flip-flop clocked by clk)
Path Group: clk
Path Type: max

Fanout     Cap    Slew   Delay    Time   Description
-----------------------------------------------------------------------------
                  0.15    7.00    7.00   clock clk' (rise edge)
                          0.00    7.00   clock network delay (ideal)
                  0.15    0.00    7.00 ^ _3178_/CLK (sky130_fd_sc_hd__dfxtp_2)
     4    0.03    0.15    0.45    7.45 ^ _3178_/Q (sky130_fd_sc_hd__dfxtp_2)
                                         i_spi_reg.falling_edge_detector_sof.rstb (net)
                  0.15    0.00    7.45 ^ fanout19/A (sky130_fd_sc_hd__clkbuf_4)
    10    0.05    0.15    0.26    7.72 ^ fanout19/X (sky130_fd_sc_hd__clkbuf_4)
                                         net19 (net)
                  0.15    0.00    7.72 ^ _1846_/A (sky130_fd_sc_hd__clkbuf_4)
    10    0.04    0.14    0.25    7.97 ^ _1846_/X (sky130_fd_sc_hd__clkbuf_4)
                                         _1495_ (net)
                  0.14    0.00    7.98 ^ _1970_/A (sky130_fd_sc_hd__buf_2)
    10    0.03    0.15    0.22    8.20 ^ _1970_/X (sky130_fd_sc_hd__buf_2)
                                         _0319_ (net)
                  0.15    0.00    8.20 ^ _2084_/C1 (sky130_fd_sc_hd__o211a_1)
     1    0.00    0.04    0.16    8.36 ^ _2084_/X (sky130_fd_sc_hd__o211a_1)
                                         _0093_ (net)
                  0.04    0.00    8.36 ^ _3272_/D (sky130_fd_sc_hd__dfxtp_1)
                                  8.36   data arrival time

                  0.15   14.00   14.00   clock clk (rise edge)
                          0.00   14.00   clock network delay (ideal)
                         -0.25   13.75   clock uncertainty
                          0.00   13.75   clock reconvergence pessimism
                                 13.75 ^ _3272_/CLK (sky130_fd_sc_hd__dfxtp_1)
                         -0.04   13.71   library setup time
                                 13.71   data required time
-----------------------------------------------------------------------------
                                 13.71   data required time
                                 -8.36   data arrival time
-----------------------------------------------------------------------------
                                  5.35   slack (MET)


Startpoint: _3178_ (rising edge-triggered flip-flop clocked by clk')
Endpoint: _3273_ (rising edge-triggered flip-flop clocked by clk)
Path Group: clk
Path Type: max

Fanout     Cap    Slew   Delay    Time   Description
-----------------------------------------------------------------------------
                  0.15    7.00    7.00   clock clk' (rise edge)
                          0.00    7.00   clock network delay (ideal)
                  0.15    0.00    7.00 ^ _3178_/CLK (sky130_fd_sc_hd__dfxtp_2)
     4    0.03    0.15    0.45    7.45 ^ _3178_/Q (sky130_fd_sc_hd__dfxtp_2)
                                         i_spi_reg.falling_edge_detector_sof.rstb (net)
                  0.15    0.00    7.45 ^ fanout19/A (sky130_fd_sc_hd__clkbuf_4)
    10    0.05    0.15    0.26    7.72 ^ fanout19/X (sky130_fd_sc_hd__clkbuf_4)
                                         net19 (net)
                  0.15    0.00    7.72 ^ _1846_/A (sky130_fd_sc_hd__clkbuf_4)
    10    0.04    0.14    0.25    7.97 ^ _1846_/X (sky130_fd_sc_hd__clkbuf_4)
                                         _1495_ (net)
                  0.14    0.00    7.98 ^ _1970_/A (sky130_fd_sc_hd__buf_2)
    10    0.03    0.15    0.22    8.20 ^ _1970_/X (sky130_fd_sc_hd__buf_2)
                                         _0319_ (net)
                  0.15    0.00    8.20 ^ _2090_/C1 (sky130_fd_sc_hd__o211a_1)
     1    0.00    0.04    0.16    8.36 ^ _2090_/X (sky130_fd_sc_hd__o211a_1)
                                         _0094_ (net)
                  0.04    0.00    8.36 ^ _3273_/D (sky130_fd_sc_hd__dfxtp_1)
                                  8.36   data arrival time

                  0.15   14.00   14.00   clock clk (rise edge)
                          0.00   14.00   clock network delay (ideal)
                         -0.25   13.75   clock uncertainty
                          0.00   13.75   clock reconvergence pessimism
                                 13.75 ^ _3273_/CLK (sky130_fd_sc_hd__dfxtp_1)
                         -0.04   13.71   library setup time
                                 13.71   data required time
-----------------------------------------------------------------------------
                                 13.71   data required time
                                 -8.36   data arrival time
-----------------------------------------------------------------------------
                                  5.35   slack (MET)


Startpoint: _3178_ (rising edge-triggered flip-flop clocked by clk')
Endpoint: _3267_ (rising edge-triggered flip-flop clocked by clk)
Path Group: clk
Path Type: max

Fanout     Cap    Slew   Delay    Time   Description
-----------------------------------------------------------------------------
                  0.15    7.00    7.00   clock clk' (rise edge)
                          0.00    7.00   clock network delay (ideal)
                  0.15    0.00    7.00 ^ _3178_/CLK (sky130_fd_sc_hd__dfxtp_2)
     4    0.03    0.15    0.45    7.45 ^ _3178_/Q (sky130_fd_sc_hd__dfxtp_2)
                                         i_spi_reg.falling_edge_detector_sof.rstb (net)
                  0.15    0.00    7.45 ^ fanout19/A (sky130_fd_sc_hd__clkbuf_4)
    10    0.05    0.15    0.26    7.72 ^ fanout19/X (sky130_fd_sc_hd__clkbuf_4)
                                         net19 (net)
                  0.15    0.00    7.72 ^ _1846_/A (sky130_fd_sc_hd__clkbuf_4)
    10    0.04    0.14    0.25    7.97 ^ _1846_/X (sky130_fd_sc_hd__clkbuf_4)
                                         _1495_ (net)
                  0.14    0.00    7.98 ^ _1970_/A (sky130_fd_sc_hd__buf_2)
    10    0.03    0.15    0.22    8.20 ^ _1970_/X (sky130_fd_sc_hd__buf_2)
                                         _0319_ (net)
                  0.15    0.00    8.20 ^ _2053_/C1 (sky130_fd_sc_hd__o211a_1)
     1    0.00    0.04    0.16    8.36 ^ _2053_/X (sky130_fd_sc_hd__o211a_1)
                                         _0088_ (net)
                  0.04    0.00    8.36 ^ _3267_/D (sky130_fd_sc_hd__dfxtp_1)
                                  8.36   data arrival time

                  0.15   14.00   14.00   clock clk (rise edge)
                          0.00   14.00   clock network delay (ideal)
                         -0.25   13.75   clock uncertainty
                          0.00   13.75   clock reconvergence pessimism
                                 13.75 ^ _3267_/CLK (sky130_fd_sc_hd__dfxtp_1)
                         -0.04   13.71   library setup time
                                 13.71   data required time
-----------------------------------------------------------------------------
                                 13.71   data required time
                                 -8.36   data arrival time
-----------------------------------------------------------------------------
                                  5.35   slack (MET)


Startpoint: _3178_ (rising edge-triggered flip-flop clocked by clk')
Endpoint: _3249_ (rising edge-triggered flip-flop clocked by clk)
Path Group: clk
Path Type: max

Fanout     Cap    Slew   Delay    Time   Description
-----------------------------------------------------------------------------
                  0.15    7.00    7.00   clock clk' (rise edge)
                          0.00    7.00   clock network delay (ideal)
                  0.15    0.00    7.00 ^ _3178_/CLK (sky130_fd_sc_hd__dfxtp_2)
     4    0.03    0.15    0.45    7.45 ^ _3178_/Q (sky130_fd_sc_hd__dfxtp_2)
                                         i_spi_reg.falling_edge_detector_sof.rstb (net)
                  0.15    0.00    7.45 ^ fanout19/A (sky130_fd_sc_hd__clkbuf_4)
    10    0.05    0.15    0.26    7.72 ^ fanout19/X (sky130_fd_sc_hd__clkbuf_4)
                                         net19 (net)
                  0.15    0.00    7.72 ^ _1846_/A (sky130_fd_sc_hd__clkbuf_4)
    10    0.04    0.14    0.25    7.97 ^ _1846_/X (sky130_fd_sc_hd__clkbuf_4)
                                         _1495_ (net)
                  0.14    0.00    7.98 ^ _1970_/A (sky130_fd_sc_hd__buf_2)
    10    0.03    0.15    0.22    8.20 ^ _1970_/X (sky130_fd_sc_hd__buf_2)
                                         _0319_ (net)
                  0.15    0.00    8.20 ^ _1971_/C1 (sky130_fd_sc_hd__o211a_1)
     1    0.00    0.04    0.16    8.36 ^ _1971_/X (sky130_fd_sc_hd__o211a_1)
                                         _0070_ (net)
                  0.04    0.00    8.36 ^ _3249_/D (sky130_fd_sc_hd__dfxtp_1)
                                  8.36   data arrival time

                  0.15   14.00   14.00   clock clk (rise edge)
                          0.00   14.00   clock network delay (ideal)
                         -0.25   13.75   clock uncertainty
                          0.00   13.75   clock reconvergence pessimism
                                 13.75 ^ _3249_/CLK (sky130_fd_sc_hd__dfxtp_1)
                         -0.04   13.71   library setup time
                                 13.71   data required time
-----------------------------------------------------------------------------
                                 13.71   data required time
                                 -8.36   data arrival time
-----------------------------------------------------------------------------
                                  5.35   slack (MET)


Startpoint: _3178_ (rising edge-triggered flip-flop clocked by clk')
Endpoint: _3287_ (rising edge-triggered flip-flop clocked by clk)
Path Group: clk
Path Type: max

Fanout     Cap    Slew   Delay    Time   Description
-----------------------------------------------------------------------------
                  0.15    7.00    7.00   clock clk' (rise edge)
                          0.00    7.00   clock network delay (ideal)
                  0.15    0.00    7.00 ^ _3178_/CLK (sky130_fd_sc_hd__dfxtp_2)
     4    0.03    0.15    0.45    7.45 ^ _3178_/Q (sky130_fd_sc_hd__dfxtp_2)
                                         i_spi_reg.falling_edge_detector_sof.rstb (net)
                  0.15    0.00    7.45 ^ fanout19/A (sky130_fd_sc_hd__clkbuf_4)
    10    0.05    0.15    0.26    7.72 ^ fanout19/X (sky130_fd_sc_hd__clkbuf_4)
                                         net19 (net)
                  0.15    0.00    7.72 ^ _1846_/A (sky130_fd_sc_hd__clkbuf_4)
    10    0.04    0.14    0.25    7.97 ^ _1846_/X (sky130_fd_sc_hd__clkbuf_4)
                                         _1495_ (net)
                  0.14    0.00    7.98 ^ _2141_/A (sky130_fd_sc_hd__buf_2)
    10    0.03    0.14    0.22    8.20 ^ _2141_/X (sky130_fd_sc_hd__buf_2)
                                         _0454_ (net)
                  0.14    0.00    8.20 ^ _2149_/C1 (sky130_fd_sc_hd__o211a_1)
     1    0.00    0.04    0.16    8.36 ^ _2149_/X (sky130_fd_sc_hd__o211a_1)
                                         _0108_ (net)
                  0.04    0.00    8.36 ^ _3287_/D (sky130_fd_sc_hd__dfxtp_1)
                                  8.36   data arrival time

                  0.15   14.00   14.00   clock clk (rise edge)
                          0.00   14.00   clock network delay (ideal)
                         -0.25   13.75   clock uncertainty
                          0.00   13.75   clock reconvergence pessimism
                                 13.75 ^ _3287_/CLK (sky130_fd_sc_hd__dfxtp_1)
                         -0.04   13.71   library setup time
                                 13.71   data required time
-----------------------------------------------------------------------------
                                 13.71   data required time
                                 -8.36   data arrival time
-----------------------------------------------------------------------------
                                  5.35   slack (MET)


Startpoint: _3178_ (rising edge-triggered flip-flop clocked by clk')
Endpoint: _3271_ (rising edge-triggered flip-flop clocked by clk)
Path Group: clk
Path Type: max

Fanout     Cap    Slew   Delay    Time   Description
-----------------------------------------------------------------------------
                  0.15    7.00    7.00   clock clk' (rise edge)
                          0.00    7.00   clock network delay (ideal)
                  0.15    0.00    7.00 ^ _3178_/CLK (sky130_fd_sc_hd__dfxtp_2)
     4    0.03    0.15    0.45    7.45 ^ _3178_/Q (sky130_fd_sc_hd__dfxtp_2)
                                         i_spi_reg.falling_edge_detector_sof.rstb (net)
                  0.15    0.00    7.45 ^ fanout19/A (sky130_fd_sc_hd__clkbuf_4)
    10    0.05    0.15    0.26    7.72 ^ fanout19/X (sky130_fd_sc_hd__clkbuf_4)
                                         net19 (net)
                  0.15    0.00    7.72 ^ _1846_/A (sky130_fd_sc_hd__clkbuf_4)
    10    0.04    0.14    0.25    7.97 ^ _1846_/X (sky130_fd_sc_hd__clkbuf_4)
                                         _1495_ (net)
                  0.14    0.00    7.98 ^ _1970_/A (sky130_fd_sc_hd__buf_2)
    10    0.03    0.15    0.22    8.20 ^ _1970_/X (sky130_fd_sc_hd__buf_2)
                                         _0319_ (net)
                  0.15    0.00    8.20 ^ _2078_/C1 (sky130_fd_sc_hd__o211a_1)
     1    0.00    0.04    0.16    8.36 ^ _2078_/X (sky130_fd_sc_hd__o211a_1)
                                         _0092_ (net)
                  0.04    0.00    8.36 ^ _3271_/D (sky130_fd_sc_hd__dfxtp_1)
                                  8.36   data arrival time

                  0.15   14.00   14.00   clock clk (rise edge)
                          0.00   14.00   clock network delay (ideal)
                         -0.25   13.75   clock uncertainty
                          0.00   13.75   clock reconvergence pessimism
                                 13.75 ^ _3271_/CLK (sky130_fd_sc_hd__dfxtp_1)
                         -0.04   13.71   library setup time
                                 13.71   data required time
-----------------------------------------------------------------------------
                                 13.71   data required time
                                 -8.36   data arrival time
-----------------------------------------------------------------------------
                                  5.35   slack (MET)


Startpoint: _3178_ (rising edge-triggered flip-flop clocked by clk')
Endpoint: _3269_ (rising edge-triggered flip-flop clocked by clk)
Path Group: clk
Path Type: max

Fanout     Cap    Slew   Delay    Time   Description
-----------------------------------------------------------------------------
                  0.15    7.00    7.00   clock clk' (rise edge)
                          0.00    7.00   clock network delay (ideal)
                  0.15    0.00    7.00 ^ _3178_/CLK (sky130_fd_sc_hd__dfxtp_2)
     4    0.03    0.15    0.45    7.45 ^ _3178_/Q (sky130_fd_sc_hd__dfxtp_2)
                                         i_spi_reg.falling_edge_detector_sof.rstb (net)
                  0.15    0.00    7.45 ^ fanout19/A (sky130_fd_sc_hd__clkbuf_4)
    10    0.05    0.15    0.26    7.72 ^ fanout19/X (sky130_fd_sc_hd__clkbuf_4)
                                         net19 (net)
                  0.15    0.00    7.72 ^ _1846_/A (sky130_fd_sc_hd__clkbuf_4)
    10    0.04    0.14    0.25    7.97 ^ _1846_/X (sky130_fd_sc_hd__clkbuf_4)
                                         _1495_ (net)
                  0.14    0.00    7.98 ^ _1970_/A (sky130_fd_sc_hd__buf_2)
    10    0.03    0.15    0.22    8.20 ^ _1970_/X (sky130_fd_sc_hd__buf_2)
                                         _0319_ (net)
                  0.15    0.00    8.20 ^ _2066_/C1 (sky130_fd_sc_hd__o211a_1)
     1    0.00    0.04    0.16    8.36 ^ _2066_/X (sky130_fd_sc_hd__o211a_1)
                                         _0090_ (net)
                  0.04    0.00    8.36 ^ _3269_/D (sky130_fd_sc_hd__dfxtp_1)
                                  8.36   data arrival time

                  0.15   14.00   14.00   clock clk (rise edge)
                          0.00   14.00   clock network delay (ideal)
                         -0.25   13.75   clock uncertainty
                          0.00   13.75   clock reconvergence pessimism
                                 13.75 ^ _3269_/CLK (sky130_fd_sc_hd__dfxtp_1)
                         -0.04   13.71   library setup time
                                 13.71   data required time
-----------------------------------------------------------------------------
                                 13.71   data required time
                                 -8.36   data arrival time
-----------------------------------------------------------------------------
                                  5.35   slack (MET)


Startpoint: _3178_ (rising edge-triggered flip-flop clocked by clk')
Endpoint: _3346_ (rising edge-triggered flip-flop clocked by clk)
Path Group: clk
Path Type: max

Fanout     Cap    Slew   Delay    Time   Description
-----------------------------------------------------------------------------
                  0.15    7.00    7.00   clock clk' (rise edge)
                          0.00    7.00   clock network delay (ideal)
                  0.15    0.00    7.00 ^ _3178_/CLK (sky130_fd_sc_hd__dfxtp_2)
     4    0.03    0.15    0.45    7.45 ^ _3178_/Q (sky130_fd_sc_hd__dfxtp_2)
                                         i_spi_reg.falling_edge_detector_sof.rstb (net)
                  0.15    0.00    7.45 ^ fanout19/A (sky130_fd_sc_hd__clkbuf_4)
    10    0.05    0.15    0.26    7.72 ^ fanout19/X (sky130_fd_sc_hd__clkbuf_4)
                                         net19 (net)
                  0.15    0.00    7.72 ^ _1846_/A (sky130_fd_sc_hd__clkbuf_4)
    10    0.04    0.14    0.25    7.97 ^ _1846_/X (sky130_fd_sc_hd__clkbuf_4)
                                         _1495_ (net)
                  0.14    0.00    7.97 ^ _2397_/A (sky130_fd_sc_hd__buf_2)
    10    0.03    0.15    0.22    8.20 ^ _2397_/X (sky130_fd_sc_hd__buf_2)
                                         _0657_ (net)
                  0.15    0.00    8.20 ^ _2506_/C1 (sky130_fd_sc_hd__o211a_1)
     1    0.00    0.04    0.16    8.36 ^ _2506_/X (sky130_fd_sc_hd__o211a_1)
                                         _0167_ (net)
                  0.04    0.00    8.36 ^ _3346_/D (sky130_fd_sc_hd__dfxtp_1)
                                  8.36   data arrival time

                  0.15   14.00   14.00   clock clk (rise edge)
                          0.00   14.00   clock network delay (ideal)
                         -0.25   13.75   clock uncertainty
                          0.00   13.75   clock reconvergence pessimism
                                 13.75 ^ _3346_/CLK (sky130_fd_sc_hd__dfxtp_1)
                         -0.04   13.71   library setup time
                                 13.71   data required time
-----------------------------------------------------------------------------
                                 13.71   data required time
                                 -8.36   data arrival time
-----------------------------------------------------------------------------
                                  5.35   slack (MET)


Startpoint: _3178_ (rising edge-triggered flip-flop clocked by clk')
Endpoint: _3343_ (rising edge-triggered flip-flop clocked by clk)
Path Group: clk
Path Type: max

Fanout     Cap    Slew   Delay    Time   Description
-----------------------------------------------------------------------------
                  0.15    7.00    7.00   clock clk' (rise edge)
                          0.00    7.00   clock network delay (ideal)
                  0.15    0.00    7.00 ^ _3178_/CLK (sky130_fd_sc_hd__dfxtp_2)
     4    0.03    0.15    0.45    7.45 ^ _3178_/Q (sky130_fd_sc_hd__dfxtp_2)
                                         i_spi_reg.falling_edge_detector_sof.rstb (net)
                  0.15    0.00    7.45 ^ fanout19/A (sky130_fd_sc_hd__clkbuf_4)
    10    0.05    0.15    0.26    7.72 ^ fanout19/X (sky130_fd_sc_hd__clkbuf_4)
                                         net19 (net)
                  0.15    0.00    7.72 ^ _1846_/A (sky130_fd_sc_hd__clkbuf_4)
    10    0.04    0.14    0.25    7.97 ^ _1846_/X (sky130_fd_sc_hd__clkbuf_4)
                                         _1495_ (net)
                  0.14    0.00    7.97 ^ _2397_/A (sky130_fd_sc_hd__buf_2)
    10    0.03    0.15    0.22    8.20 ^ _2397_/X (sky130_fd_sc_hd__buf_2)
                                         _0657_ (net)
                  0.15    0.00    8.20 ^ _2467_/C1 (sky130_fd_sc_hd__o211a_1)
     1    0.00    0.04    0.16    8.36 ^ _2467_/X (sky130_fd_sc_hd__o211a_1)
                                         _0164_ (net)
                  0.04    0.00    8.36 ^ _3343_/D (sky130_fd_sc_hd__dfxtp_1)
                                  8.36   data arrival time

                  0.15   14.00   14.00   clock clk (rise edge)
                          0.00   14.00   clock network delay (ideal)
                         -0.25   13.75   clock uncertainty
                          0.00   13.75   clock reconvergence pessimism
                                 13.75 ^ _3343_/CLK (sky130_fd_sc_hd__dfxtp_1)
                         -0.04   13.71   library setup time
                                 13.71   data required time
-----------------------------------------------------------------------------
                                 13.71   data required time
                                 -8.36   data arrival time
-----------------------------------------------------------------------------
                                  5.35   slack (MET)


Startpoint: _3178_ (rising edge-triggered flip-flop clocked by clk')
Endpoint: _3345_ (rising edge-triggered flip-flop clocked by clk)
Path Group: clk
Path Type: max

Fanout     Cap    Slew   Delay    Time   Description
-----------------------------------------------------------------------------
                  0.15    7.00    7.00   clock clk' (rise edge)
                          0.00    7.00   clock network delay (ideal)
                  0.15    0.00    7.00 ^ _3178_/CLK (sky130_fd_sc_hd__dfxtp_2)
     4    0.03    0.15    0.45    7.45 ^ _3178_/Q (sky130_fd_sc_hd__dfxtp_2)
                                         i_spi_reg.falling_edge_detector_sof.rstb (net)
                  0.15    0.00    7.45 ^ fanout19/A (sky130_fd_sc_hd__clkbuf_4)
    10    0.05    0.15    0.26    7.72 ^ fanout19/X (sky130_fd_sc_hd__clkbuf_4)
                                         net19 (net)
                  0.15    0.00    7.72 ^ _1846_/A (sky130_fd_sc_hd__clkbuf_4)
    10    0.04    0.14    0.25    7.97 ^ _1846_/X (sky130_fd_sc_hd__clkbuf_4)
                                         _1495_ (net)
                  0.14    0.00    7.97 ^ _2397_/A (sky130_fd_sc_hd__buf_2)
    10    0.03    0.15    0.22    8.20 ^ _2397_/X (sky130_fd_sc_hd__buf_2)
                                         _0657_ (net)
                  0.15    0.00    8.20 ^ _2492_/C1 (sky130_fd_sc_hd__o211a_1)
     1    0.00    0.04    0.16    8.36 ^ _2492_/X (sky130_fd_sc_hd__o211a_1)
                                         _0166_ (net)
                  0.04    0.00    8.36 ^ _3345_/D (sky130_fd_sc_hd__dfxtp_1)
                                  8.36   data arrival time

                  0.15   14.00   14.00   clock clk (rise edge)
                          0.00   14.00   clock network delay (ideal)
                         -0.25   13.75   clock uncertainty
                          0.00   13.75   clock reconvergence pessimism
                                 13.75 ^ _3345_/CLK (sky130_fd_sc_hd__dfxtp_1)
                         -0.04   13.71   library setup time
                                 13.71   data required time
-----------------------------------------------------------------------------
                                 13.71   data required time
                                 -8.36   data arrival time
-----------------------------------------------------------------------------
                                  5.35   slack (MET)


Startpoint: _3178_ (rising edge-triggered flip-flop clocked by clk')
Endpoint: _3268_ (rising edge-triggered flip-flop clocked by clk)
Path Group: clk
Path Type: max

Fanout     Cap    Slew   Delay    Time   Description
-----------------------------------------------------------------------------
                  0.15    7.00    7.00   clock clk' (rise edge)
                          0.00    7.00   clock network delay (ideal)
                  0.15    0.00    7.00 ^ _3178_/CLK (sky130_fd_sc_hd__dfxtp_2)
     4    0.03    0.15    0.45    7.45 ^ _3178_/Q (sky130_fd_sc_hd__dfxtp_2)
                                         i_spi_reg.falling_edge_detector_sof.rstb (net)
                  0.15    0.00    7.45 ^ fanout19/A (sky130_fd_sc_hd__clkbuf_4)
    10    0.05    0.15    0.26    7.72 ^ fanout19/X (sky130_fd_sc_hd__clkbuf_4)
                                         net19 (net)
                  0.15    0.00    7.72 ^ _1846_/A (sky130_fd_sc_hd__clkbuf_4)
    10    0.04    0.14    0.25    7.97 ^ _1846_/X (sky130_fd_sc_hd__clkbuf_4)
                                         _1495_ (net)
                  0.14    0.00    7.98 ^ _1970_/A (sky130_fd_sc_hd__buf_2)
    10    0.03    0.15    0.22    8.20 ^ _1970_/X (sky130_fd_sc_hd__buf_2)
                                         _0319_ (net)
                  0.15    0.00    8.20 ^ _2059_/C1 (sky130_fd_sc_hd__o211a_1)
     1    0.00    0.04    0.16    8.36 ^ _2059_/X (sky130_fd_sc_hd__o211a_1)
                                         _0089_ (net)
                  0.04    0.00    8.36 ^ _3268_/D (sky130_fd_sc_hd__dfxtp_1)
                                  8.36   data arrival time

                  0.15   14.00   14.00   clock clk (rise edge)
                          0.00   14.00   clock network delay (ideal)
                         -0.25   13.75   clock uncertainty
                          0.00   13.75   clock reconvergence pessimism
                                 13.75 ^ _3268_/CLK (sky130_fd_sc_hd__dfxtp_1)
                         -0.04   13.71   library setup time
                                 13.71   data required time
-----------------------------------------------------------------------------
                                 13.71   data required time
                                 -8.36   data arrival time
-----------------------------------------------------------------------------
                                  5.35   slack (MET)


Startpoint: _3178_ (rising edge-triggered flip-flop clocked by clk')
Endpoint: _3341_ (rising edge-triggered flip-flop clocked by clk)
Path Group: clk
Path Type: max

Fanout     Cap    Slew   Delay    Time   Description
-----------------------------------------------------------------------------
                  0.15    7.00    7.00   clock clk' (rise edge)
                          0.00    7.00   clock network delay (ideal)
                  0.15    0.00    7.00 ^ _3178_/CLK (sky130_fd_sc_hd__dfxtp_2)
     4    0.03    0.15    0.45    7.45 ^ _3178_/Q (sky130_fd_sc_hd__dfxtp_2)
                                         i_spi_reg.falling_edge_detector_sof.rstb (net)
                  0.15    0.00    7.45 ^ fanout19/A (sky130_fd_sc_hd__clkbuf_4)
    10    0.05    0.15    0.26    7.72 ^ fanout19/X (sky130_fd_sc_hd__clkbuf_4)
                                         net19 (net)
                  0.15    0.00    7.72 ^ _1846_/A (sky130_fd_sc_hd__clkbuf_4)
    10    0.04    0.14    0.25    7.97 ^ _1846_/X (sky130_fd_sc_hd__clkbuf_4)
                                         _1495_ (net)
                  0.14    0.00    7.97 ^ _2397_/A (sky130_fd_sc_hd__buf_2)
    10    0.03    0.15    0.22    8.20 ^ _2397_/X (sky130_fd_sc_hd__buf_2)
                                         _0657_ (net)
                  0.15    0.00    8.20 ^ _2438_/C1 (sky130_fd_sc_hd__o211a_1)
     1    0.00    0.04    0.16    8.36 ^ _2438_/X (sky130_fd_sc_hd__o211a_1)
                                         _0162_ (net)
                  0.04    0.00    8.36 ^ _3341_/D (sky130_fd_sc_hd__dfxtp_1)
                                  8.36   data arrival time

                  0.15   14.00   14.00   clock clk (rise edge)
                          0.00   14.00   clock network delay (ideal)
                         -0.25   13.75   clock uncertainty
                          0.00   13.75   clock reconvergence pessimism
                                 13.75 ^ _3341_/CLK (sky130_fd_sc_hd__dfxtp_1)
                         -0.04   13.71   library setup time
                                 13.71   data required time
-----------------------------------------------------------------------------
                                 13.71   data required time
                                 -8.36   data arrival time
-----------------------------------------------------------------------------
                                  5.35   slack (MET)


Startpoint: _3178_ (rising edge-triggered flip-flop clocked by clk')
Endpoint: _3340_ (rising edge-triggered flip-flop clocked by clk)
Path Group: clk
Path Type: max

Fanout     Cap    Slew   Delay    Time   Description
-----------------------------------------------------------------------------
                  0.15    7.00    7.00   clock clk' (rise edge)
                          0.00    7.00   clock network delay (ideal)
                  0.15    0.00    7.00 ^ _3178_/CLK (sky130_fd_sc_hd__dfxtp_2)
     4    0.03    0.15    0.45    7.45 ^ _3178_/Q (sky130_fd_sc_hd__dfxtp_2)
                                         i_spi_reg.falling_edge_detector_sof.rstb (net)
                  0.15    0.00    7.45 ^ fanout19/A (sky130_fd_sc_hd__clkbuf_4)
    10    0.05    0.15    0.26    7.72 ^ fanout19/X (sky130_fd_sc_hd__clkbuf_4)
                                         net19 (net)
                  0.15    0.00    7.72 ^ _1846_/A (sky130_fd_sc_hd__clkbuf_4)
    10    0.04    0.14    0.25    7.97 ^ _1846_/X (sky130_fd_sc_hd__clkbuf_4)
                                         _1495_ (net)
                  0.14    0.00    7.97 ^ _2397_/A (sky130_fd_sc_hd__buf_2)
    10    0.03    0.15    0.22    8.20 ^ _2397_/X (sky130_fd_sc_hd__buf_2)
                                         _0657_ (net)
                  0.15    0.00    8.20 ^ _2424_/C1 (sky130_fd_sc_hd__o211a_1)
     1    0.00    0.04    0.16    8.36 ^ _2424_/X (sky130_fd_sc_hd__o211a_1)
                                         _0161_ (net)
                  0.04    0.00    8.36 ^ _3340_/D (sky130_fd_sc_hd__dfxtp_1)
                                  8.36   data arrival time

                  0.15   14.00   14.00   clock clk (rise edge)
                          0.00   14.00   clock network delay (ideal)
                         -0.25   13.75   clock uncertainty
                          0.00   13.75   clock reconvergence pessimism
                                 13.75 ^ _3340_/CLK (sky130_fd_sc_hd__dfxtp_1)
                         -0.04   13.71   library setup time
                                 13.71   data required time
-----------------------------------------------------------------------------
                                 13.71   data required time
                                 -8.36   data arrival time
-----------------------------------------------------------------------------
                                  5.35   slack (MET)


Startpoint: _3178_ (rising edge-triggered flip-flop clocked by clk')
Endpoint: _3339_ (rising edge-triggered flip-flop clocked by clk)
Path Group: clk
Path Type: max

Fanout     Cap    Slew   Delay    Time   Description
-----------------------------------------------------------------------------
                  0.15    7.00    7.00   clock clk' (rise edge)
                          0.00    7.00   clock network delay (ideal)
                  0.15    0.00    7.00 ^ _3178_/CLK (sky130_fd_sc_hd__dfxtp_2)
     4    0.03    0.15    0.45    7.45 ^ _3178_/Q (sky130_fd_sc_hd__dfxtp_2)
                                         i_spi_reg.falling_edge_detector_sof.rstb (net)
                  0.15    0.00    7.45 ^ fanout19/A (sky130_fd_sc_hd__clkbuf_4)
    10    0.05    0.15    0.26    7.72 ^ fanout19/X (sky130_fd_sc_hd__clkbuf_4)
                                         net19 (net)
                  0.15    0.00    7.72 ^ _1846_/A (sky130_fd_sc_hd__clkbuf_4)
    10    0.04    0.14    0.25    7.97 ^ _1846_/X (sky130_fd_sc_hd__clkbuf_4)
                                         _1495_ (net)
                  0.14    0.00    7.97 ^ _2397_/A (sky130_fd_sc_hd__buf_2)
    10    0.03    0.15    0.22    8.20 ^ _2397_/X (sky130_fd_sc_hd__buf_2)
                                         _0657_ (net)
                  0.15    0.00    8.20 ^ _2411_/C1 (sky130_fd_sc_hd__o211a_1)
     1    0.00    0.04    0.16    8.36 ^ _2411_/X (sky130_fd_sc_hd__o211a_1)
                                         _0160_ (net)
                  0.04    0.00    8.36 ^ _3339_/D (sky130_fd_sc_hd__dfxtp_1)
                                  8.36   data arrival time

                  0.15   14.00   14.00   clock clk (rise edge)
                          0.00   14.00   clock network delay (ideal)
                         -0.25   13.75   clock uncertainty
                          0.00   13.75   clock reconvergence pessimism
                                 13.75 ^ _3339_/CLK (sky130_fd_sc_hd__dfxtp_1)
                         -0.04   13.71   library setup time
                                 13.71   data required time
-----------------------------------------------------------------------------
                                 13.71   data required time
                                 -8.36   data arrival time
-----------------------------------------------------------------------------
                                  5.35   slack (MET)


Startpoint: _3178_ (rising edge-triggered flip-flop clocked by clk')
Endpoint: _3270_ (rising edge-triggered flip-flop clocked by clk)
Path Group: clk
Path Type: max

Fanout     Cap    Slew   Delay    Time   Description
-----------------------------------------------------------------------------
                  0.15    7.00    7.00   clock clk' (rise edge)
                          0.00    7.00   clock network delay (ideal)
                  0.15    0.00    7.00 ^ _3178_/CLK (sky130_fd_sc_hd__dfxtp_2)
     4    0.03    0.15    0.45    7.45 ^ _3178_/Q (sky130_fd_sc_hd__dfxtp_2)
                                         i_spi_reg.falling_edge_detector_sof.rstb (net)
                  0.15    0.00    7.45 ^ fanout19/A (sky130_fd_sc_hd__clkbuf_4)
    10    0.05    0.15    0.26    7.72 ^ fanout19/X (sky130_fd_sc_hd__clkbuf_4)
                                         net19 (net)
                  0.15    0.00    7.72 ^ _1846_/A (sky130_fd_sc_hd__clkbuf_4)
    10    0.04    0.14    0.25    7.97 ^ _1846_/X (sky130_fd_sc_hd__clkbuf_4)
                                         _1495_ (net)
                  0.14    0.00    7.98 ^ _1970_/A (sky130_fd_sc_hd__buf_2)
    10    0.03    0.15    0.22    8.20 ^ _1970_/X (sky130_fd_sc_hd__buf_2)
                                         _0319_ (net)
                  0.15    0.00    8.20 ^ _2072_/C1 (sky130_fd_sc_hd__o211a_1)
     1    0.00    0.04    0.16    8.36 ^ _2072_/X (sky130_fd_sc_hd__o211a_1)
                                         _0091_ (net)
                  0.04    0.00    8.36 ^ _3270_/D (sky130_fd_sc_hd__dfxtp_1)
                                  8.36   data arrival time

                  0.15   14.00   14.00   clock clk (rise edge)
                          0.00   14.00   clock network delay (ideal)
                         -0.25   13.75   clock uncertainty
                          0.00   13.75   clock reconvergence pessimism
                                 13.75 ^ _3270_/CLK (sky130_fd_sc_hd__dfxtp_1)
                         -0.04   13.71   library setup time
                                 13.71   data required time
-----------------------------------------------------------------------------
                                 13.71   data required time
                                 -8.36   data arrival time
-----------------------------------------------------------------------------
                                  5.35   slack (MET)


Startpoint: _3178_ (rising edge-triggered flip-flop clocked by clk')
Endpoint: _3286_ (rising edge-triggered flip-flop clocked by clk)
Path Group: clk
Path Type: max

Fanout     Cap    Slew   Delay    Time   Description
-----------------------------------------------------------------------------
                  0.15    7.00    7.00   clock clk' (rise edge)
                          0.00    7.00   clock network delay (ideal)
                  0.15    0.00    7.00 ^ _3178_/CLK (sky130_fd_sc_hd__dfxtp_2)
     4    0.03    0.15    0.45    7.45 ^ _3178_/Q (sky130_fd_sc_hd__dfxtp_2)
                                         i_spi_reg.falling_edge_detector_sof.rstb (net)
                  0.15    0.00    7.45 ^ fanout19/A (sky130_fd_sc_hd__clkbuf_4)
    10    0.05    0.15    0.26    7.72 ^ fanout19/X (sky130_fd_sc_hd__clkbuf_4)
                                         net19 (net)
                  0.15    0.00    7.72 ^ _1846_/A (sky130_fd_sc_hd__clkbuf_4)
    10    0.04    0.14    0.25    7.97 ^ _1846_/X (sky130_fd_sc_hd__clkbuf_4)
                                         _1495_ (net)
                  0.14    0.00    7.98 ^ _2141_/A (sky130_fd_sc_hd__buf_2)
    10    0.03    0.14    0.22    8.20 ^ _2141_/X (sky130_fd_sc_hd__buf_2)
                                         _0454_ (net)
                  0.14    0.00    8.20 ^ _2146_/C1 (sky130_fd_sc_hd__o211a_1)
     1    0.00    0.04    0.16    8.36 ^ _2146_/X (sky130_fd_sc_hd__o211a_1)
                                         _0107_ (net)
                  0.04    0.00    8.36 ^ _3286_/D (sky130_fd_sc_hd__dfxtp_1)
                                  8.36   data arrival time

                  0.15   14.00   14.00   clock clk (rise edge)
                          0.00   14.00   clock network delay (ideal)
                         -0.25   13.75   clock uncertainty
                          0.00   13.75   clock reconvergence pessimism
                                 13.75 ^ _3286_/CLK (sky130_fd_sc_hd__dfxtp_1)
                         -0.04   13.71   library setup time
                                 13.71   data required time
-----------------------------------------------------------------------------
                                 13.71   data required time
                                 -8.36   data arrival time
-----------------------------------------------------------------------------
                                  5.36   slack (MET)


Startpoint: _3178_ (rising edge-triggered flip-flop clocked by clk')
Endpoint: _3285_ (rising edge-triggered flip-flop clocked by clk)
Path Group: clk
Path Type: max

Fanout     Cap    Slew   Delay    Time   Description
-----------------------------------------------------------------------------
                  0.15    7.00    7.00   clock clk' (rise edge)
                          0.00    7.00   clock network delay (ideal)
                  0.15    0.00    7.00 ^ _3178_/CLK (sky130_fd_sc_hd__dfxtp_2)
     4    0.03    0.15    0.45    7.45 ^ _3178_/Q (sky130_fd_sc_hd__dfxtp_2)
                                         i_spi_reg.falling_edge_detector_sof.rstb (net)
                  0.15    0.00    7.45 ^ fanout19/A (sky130_fd_sc_hd__clkbuf_4)
    10    0.05    0.15    0.26    7.72 ^ fanout19/X (sky130_fd_sc_hd__clkbuf_4)
                                         net19 (net)
                  0.15    0.00    7.72 ^ _1846_/A (sky130_fd_sc_hd__clkbuf_4)
    10    0.04    0.14    0.25    7.97 ^ _1846_/X (sky130_fd_sc_hd__clkbuf_4)
                                         _1495_ (net)
                  0.14    0.00    7.98 ^ _2141_/A (sky130_fd_sc_hd__buf_2)
    10    0.03    0.14    0.22    8.20 ^ _2141_/X (sky130_fd_sc_hd__buf_2)
                                         _0454_ (net)
                  0.14    0.00    8.20 ^ _2142_/C1 (sky130_fd_sc_hd__o211a_1)
     1    0.00    0.04    0.16    8.36 ^ _2142_/X (sky130_fd_sc_hd__o211a_1)
                                         _0106_ (net)
                  0.04    0.00    8.36 ^ _3285_/D (sky130_fd_sc_hd__dfxtp_1)
                                  8.36   data arrival time

                  0.15   14.00   14.00   clock clk (rise edge)
                          0.00   14.00   clock network delay (ideal)
                         -0.25   13.75   clock uncertainty
                          0.00   13.75   clock reconvergence pessimism
                                 13.75 ^ _3285_/CLK (sky130_fd_sc_hd__dfxtp_1)
                         -0.04   13.71   library setup time
                                 13.71   data required time
-----------------------------------------------------------------------------
                                 13.71   data required time
                                 -8.36   data arrival time
-----------------------------------------------------------------------------
                                  5.36   slack (MET)


Startpoint: _3178_ (rising edge-triggered flip-flop clocked by clk')
Endpoint: _3289_ (rising edge-triggered flip-flop clocked by clk)
Path Group: clk
Path Type: max

Fanout     Cap    Slew   Delay    Time   Description
-----------------------------------------------------------------------------
                  0.15    7.00    7.00   clock clk' (rise edge)
                          0.00    7.00   clock network delay (ideal)
                  0.15    0.00    7.00 ^ _3178_/CLK (sky130_fd_sc_hd__dfxtp_2)
     4    0.03    0.15    0.45    7.45 ^ _3178_/Q (sky130_fd_sc_hd__dfxtp_2)
                                         i_spi_reg.falling_edge_detector_sof.rstb (net)
                  0.15    0.00    7.45 ^ fanout19/A (sky130_fd_sc_hd__clkbuf_4)
    10    0.05    0.15    0.26    7.72 ^ fanout19/X (sky130_fd_sc_hd__clkbuf_4)
                                         net19 (net)
                  0.15    0.00    7.72 ^ _1846_/A (sky130_fd_sc_hd__clkbuf_4)
    10    0.04    0.14    0.25    7.97 ^ _1846_/X (sky130_fd_sc_hd__clkbuf_4)
                                         _1495_ (net)
                  0.14    0.00    7.98 ^ _2141_/A (sky130_fd_sc_hd__buf_2)
    10    0.03    0.14    0.22    8.20 ^ _2141_/X (sky130_fd_sc_hd__buf_2)
                                         _0454_ (net)
                  0.14    0.00    8.20 ^ _2156_/C1 (sky130_fd_sc_hd__o211a_1)
     1    0.00    0.04    0.16    8.36 ^ _2156_/X (sky130_fd_sc_hd__o211a_1)
                                         _0110_ (net)
                  0.04    0.00    8.36 ^ _3289_/D (sky130_fd_sc_hd__dfxtp_1)
                                  8.36   data arrival time

                  0.15   14.00   14.00   clock clk (rise edge)
                          0.00   14.00   clock network delay (ideal)
                         -0.25   13.75   clock uncertainty
                          0.00   13.75   clock reconvergence pessimism
                                 13.75 ^ _3289_/CLK (sky130_fd_sc_hd__dfxtp_1)
                         -0.04   13.71   library setup time
                                 13.71   data required time
-----------------------------------------------------------------------------
                                 13.71   data required time
                                 -8.36   data arrival time
-----------------------------------------------------------------------------
                                  5.36   slack (MET)


Startpoint: _3178_ (rising edge-triggered flip-flop clocked by clk')
Endpoint: _3291_ (rising edge-triggered flip-flop clocked by clk)
Path Group: clk
Path Type: max

Fanout     Cap    Slew   Delay    Time   Description
-----------------------------------------------------------------------------
                  0.15    7.00    7.00   clock clk' (rise edge)
                          0.00    7.00   clock network delay (ideal)
                  0.15    0.00    7.00 ^ _3178_/CLK (sky130_fd_sc_hd__dfxtp_2)
     4    0.03    0.15    0.45    7.45 ^ _3178_/Q (sky130_fd_sc_hd__dfxtp_2)
                                         i_spi_reg.falling_edge_detector_sof.rstb (net)
                  0.15    0.00    7.45 ^ fanout19/A (sky130_fd_sc_hd__clkbuf_4)
    10    0.05    0.15    0.26    7.72 ^ fanout19/X (sky130_fd_sc_hd__clkbuf_4)
                                         net19 (net)
                  0.15    0.00    7.72 ^ _1846_/A (sky130_fd_sc_hd__clkbuf_4)
    10    0.04    0.14    0.25    7.97 ^ _1846_/X (sky130_fd_sc_hd__clkbuf_4)
                                         _1495_ (net)
                  0.14    0.00    7.98 ^ _2141_/A (sky130_fd_sc_hd__buf_2)
    10    0.03    0.14    0.22    8.20 ^ _2141_/X (sky130_fd_sc_hd__buf_2)
                                         _0454_ (net)
                  0.14    0.00    8.20 ^ _2162_/C1 (sky130_fd_sc_hd__o211a_1)
     1    0.00    0.04    0.16    8.36 ^ _2162_/X (sky130_fd_sc_hd__o211a_1)
                                         _0112_ (net)
                  0.04    0.00    8.36 ^ _3291_/D (sky130_fd_sc_hd__dfxtp_1)
                                  8.36   data arrival time

                  0.15   14.00   14.00   clock clk (rise edge)
                          0.00   14.00   clock network delay (ideal)
                         -0.25   13.75   clock uncertainty
                          0.00   13.75   clock reconvergence pessimism
                                 13.75 ^ _3291_/CLK (sky130_fd_sc_hd__dfxtp_1)
                         -0.04   13.71   library setup time
                                 13.71   data required time
-----------------------------------------------------------------------------
                                 13.71   data required time
                                 -8.36   data arrival time
-----------------------------------------------------------------------------
                                  5.36   slack (MET)


Startpoint: _3178_ (rising edge-triggered flip-flop clocked by clk')
Endpoint: _3292_ (rising edge-triggered flip-flop clocked by clk)
Path Group: clk
Path Type: max

Fanout     Cap    Slew   Delay    Time   Description
-----------------------------------------------------------------------------
                  0.15    7.00    7.00   clock clk' (rise edge)
                          0.00    7.00   clock network delay (ideal)
                  0.15    0.00    7.00 ^ _3178_/CLK (sky130_fd_sc_hd__dfxtp_2)
     4    0.03    0.15    0.45    7.45 ^ _3178_/Q (sky130_fd_sc_hd__dfxtp_2)
                                         i_spi_reg.falling_edge_detector_sof.rstb (net)
                  0.15    0.00    7.45 ^ fanout19/A (sky130_fd_sc_hd__clkbuf_4)
    10    0.05    0.15    0.26    7.72 ^ fanout19/X (sky130_fd_sc_hd__clkbuf_4)
                                         net19 (net)
                  0.15    0.00    7.72 ^ _1846_/A (sky130_fd_sc_hd__clkbuf_4)
    10    0.04    0.14    0.25    7.97 ^ _1846_/X (sky130_fd_sc_hd__clkbuf_4)
                                         _1495_ (net)
                  0.14    0.00    7.98 ^ _2141_/A (sky130_fd_sc_hd__buf_2)
    10    0.03    0.14    0.22    8.20 ^ _2141_/X (sky130_fd_sc_hd__buf_2)
                                         _0454_ (net)
                  0.14    0.00    8.20 ^ _2165_/C1 (sky130_fd_sc_hd__o211a_1)
     1    0.00    0.04    0.16    8.36 ^ _2165_/X (sky130_fd_sc_hd__o211a_1)
                                         _0113_ (net)
                  0.04    0.00    8.36 ^ _3292_/D (sky130_fd_sc_hd__dfxtp_1)
                                  8.36   data arrival time

                  0.15   14.00   14.00   clock clk (rise edge)
                          0.00   14.00   clock network delay (ideal)
                         -0.25   13.75   clock uncertainty
                          0.00   13.75   clock reconvergence pessimism
                                 13.75 ^ _3292_/CLK (sky130_fd_sc_hd__dfxtp_1)
                         -0.04   13.71   library setup time
                                 13.71   data required time
-----------------------------------------------------------------------------
                                 13.71   data required time
                                 -8.36   data arrival time
-----------------------------------------------------------------------------
                                  5.36   slack (MET)


Startpoint: _3178_ (rising edge-triggered flip-flop clocked by clk')
Endpoint: _3293_ (rising edge-triggered flip-flop clocked by clk)
Path Group: clk
Path Type: max

Fanout     Cap    Slew   Delay    Time   Description
-----------------------------------------------------------------------------
                  0.15    7.00    7.00   clock clk' (rise edge)
                          0.00    7.00   clock network delay (ideal)
                  0.15    0.00    7.00 ^ _3178_/CLK (sky130_fd_sc_hd__dfxtp_2)
     4    0.03    0.15    0.45    7.45 ^ _3178_/Q (sky130_fd_sc_hd__dfxtp_2)
                                         i_spi_reg.falling_edge_detector_sof.rstb (net)
                  0.15    0.00    7.45 ^ fanout19/A (sky130_fd_sc_hd__clkbuf_4)
    10    0.05    0.15    0.26    7.72 ^ fanout19/X (sky130_fd_sc_hd__clkbuf_4)
                                         net19 (net)
                  0.15    0.00    7.72 ^ _1846_/A (sky130_fd_sc_hd__clkbuf_4)
    10    0.04    0.14    0.25    7.97 ^ _1846_/X (sky130_fd_sc_hd__clkbuf_4)
                                         _1495_ (net)
                  0.14    0.00    7.98 ^ _2141_/A (sky130_fd_sc_hd__buf_2)
    10    0.03    0.14    0.22    8.20 ^ _2141_/X (sky130_fd_sc_hd__buf_2)
                                         _0454_ (net)
                  0.14    0.00    8.20 ^ _2168_/C1 (sky130_fd_sc_hd__o211a_1)
     1    0.00    0.04    0.16    8.36 ^ _2168_/X (sky130_fd_sc_hd__o211a_1)
                                         _0114_ (net)
                  0.04    0.00    8.36 ^ _3293_/D (sky130_fd_sc_hd__dfxtp_1)
                                  8.36   data arrival time

                  0.15   14.00   14.00   clock clk (rise edge)
                          0.00   14.00   clock network delay (ideal)
                         -0.25   13.75   clock uncertainty
                          0.00   13.75   clock reconvergence pessimism
                                 13.75 ^ _3293_/CLK (sky130_fd_sc_hd__dfxtp_1)
                         -0.04   13.71   library setup time
                                 13.71   data required time
-----------------------------------------------------------------------------
                                 13.71   data required time
                                 -8.36   data arrival time
-----------------------------------------------------------------------------
                                  5.36   slack (MET)


Startpoint: _3178_ (rising edge-triggered flip-flop clocked by clk')
Endpoint: _3294_ (rising edge-triggered flip-flop clocked by clk)
Path Group: clk
Path Type: max

Fanout     Cap    Slew   Delay    Time   Description
-----------------------------------------------------------------------------
                  0.15    7.00    7.00   clock clk' (rise edge)
                          0.00    7.00   clock network delay (ideal)
                  0.15    0.00    7.00 ^ _3178_/CLK (sky130_fd_sc_hd__dfxtp_2)
     4    0.03    0.15    0.45    7.45 ^ _3178_/Q (sky130_fd_sc_hd__dfxtp_2)
                                         i_spi_reg.falling_edge_detector_sof.rstb (net)
                  0.15    0.00    7.45 ^ fanout19/A (sky130_fd_sc_hd__clkbuf_4)
    10    0.05    0.15    0.26    7.72 ^ fanout19/X (sky130_fd_sc_hd__clkbuf_4)
                                         net19 (net)
                  0.15    0.00    7.72 ^ _1846_/A (sky130_fd_sc_hd__clkbuf_4)
    10    0.04    0.14    0.25    7.97 ^ _1846_/X (sky130_fd_sc_hd__clkbuf_4)
                                         _1495_ (net)
                  0.14    0.00    7.98 ^ _2141_/A (sky130_fd_sc_hd__buf_2)
    10    0.03    0.14    0.22    8.20 ^ _2141_/X (sky130_fd_sc_hd__buf_2)
                                         _0454_ (net)
                  0.14    0.00    8.20 ^ _2171_/C1 (sky130_fd_sc_hd__o211a_1)
     1    0.00    0.04    0.16    8.36 ^ _2171_/X (sky130_fd_sc_hd__o211a_1)
                                         _0115_ (net)
                  0.04    0.00    8.36 ^ _3294_/D (sky130_fd_sc_hd__dfxtp_1)
                                  8.36   data arrival time

                  0.15   14.00   14.00   clock clk (rise edge)
                          0.00   14.00   clock network delay (ideal)
                         -0.25   13.75   clock uncertainty
                          0.00   13.75   clock reconvergence pessimism
                                 13.75 ^ _3294_/CLK (sky130_fd_sc_hd__dfxtp_1)
                         -0.04   13.71   library setup time
                                 13.71   data required time
-----------------------------------------------------------------------------
                                 13.71   data required time
                                 -8.36   data arrival time
-----------------------------------------------------------------------------
                                  5.36   slack (MET)


Startpoint: _3178_ (rising edge-triggered flip-flop clocked by clk')
Endpoint: _3288_ (rising edge-triggered flip-flop clocked by clk)
Path Group: clk
Path Type: max

Fanout     Cap    Slew   Delay    Time   Description
-----------------------------------------------------------------------------
                  0.15    7.00    7.00   clock clk' (rise edge)
                          0.00    7.00   clock network delay (ideal)
                  0.15    0.00    7.00 ^ _3178_/CLK (sky130_fd_sc_hd__dfxtp_2)
     4    0.03    0.15    0.45    7.45 ^ _3178_/Q (sky130_fd_sc_hd__dfxtp_2)
                                         i_spi_reg.falling_edge_detector_sof.rstb (net)
                  0.15    0.00    7.45 ^ fanout19/A (sky130_fd_sc_hd__clkbuf_4)
    10    0.05    0.15    0.26    7.72 ^ fanout19/X (sky130_fd_sc_hd__clkbuf_4)
                                         net19 (net)
                  0.15    0.00    7.72 ^ _1846_/A (sky130_fd_sc_hd__clkbuf_4)
    10    0.04    0.14    0.25    7.97 ^ _1846_/X (sky130_fd_sc_hd__clkbuf_4)
                                         _1495_ (net)
                  0.14    0.00    7.98 ^ _2141_/A (sky130_fd_sc_hd__buf_2)
    10    0.03    0.14    0.22    8.20 ^ _2141_/X (sky130_fd_sc_hd__buf_2)
                                         _0454_ (net)
                  0.14    0.00    8.20 ^ _2153_/C1 (sky130_fd_sc_hd__o211a_1)
     1    0.00    0.04    0.16    8.36 ^ _2153_/X (sky130_fd_sc_hd__o211a_1)
                                         _0109_ (net)
                  0.04    0.00    8.36 ^ _3288_/D (sky130_fd_sc_hd__dfxtp_1)
                                  8.36   data arrival time

                  0.15   14.00   14.00   clock clk (rise edge)
                          0.00   14.00   clock network delay (ideal)
                         -0.25   13.75   clock uncertainty
                          0.00   13.75   clock reconvergence pessimism
                                 13.75 ^ _3288_/CLK (sky130_fd_sc_hd__dfxtp_1)
                         -0.04   13.71   library setup time
                                 13.71   data required time
-----------------------------------------------------------------------------
                                 13.71   data required time
                                 -8.36   data arrival time
-----------------------------------------------------------------------------
                                  5.36   slack (MET)


Startpoint: _3178_ (rising edge-triggered flip-flop clocked by clk')
Endpoint: _3290_ (rising edge-triggered flip-flop clocked by clk)
Path Group: clk
Path Type: max

Fanout     Cap    Slew   Delay    Time   Description
-----------------------------------------------------------------------------
                  0.15    7.00    7.00   clock clk' (rise edge)
                          0.00    7.00   clock network delay (ideal)
                  0.15    0.00    7.00 ^ _3178_/CLK (sky130_fd_sc_hd__dfxtp_2)
     4    0.03    0.15    0.45    7.45 ^ _3178_/Q (sky130_fd_sc_hd__dfxtp_2)
                                         i_spi_reg.falling_edge_detector_sof.rstb (net)
                  0.15    0.00    7.45 ^ fanout19/A (sky130_fd_sc_hd__clkbuf_4)
    10    0.05    0.15    0.26    7.72 ^ fanout19/X (sky130_fd_sc_hd__clkbuf_4)
                                         net19 (net)
                  0.15    0.00    7.72 ^ _1846_/A (sky130_fd_sc_hd__clkbuf_4)
    10    0.04    0.14    0.25    7.97 ^ _1846_/X (sky130_fd_sc_hd__clkbuf_4)
                                         _1495_ (net)
                  0.14    0.00    7.98 ^ _2141_/A (sky130_fd_sc_hd__buf_2)
    10    0.03    0.14    0.22    8.20 ^ _2141_/X (sky130_fd_sc_hd__buf_2)
                                         _0454_ (net)
                  0.14    0.00    8.20 ^ _2159_/C1 (sky130_fd_sc_hd__o211a_1)
     1    0.00    0.04    0.16    8.36 ^ _2159_/X (sky130_fd_sc_hd__o211a_1)
                                         _0111_ (net)
                  0.04    0.00    8.36 ^ _3290_/D (sky130_fd_sc_hd__dfxtp_1)
                                  8.36   data arrival time

                  0.15   14.00   14.00   clock clk (rise edge)
                          0.00   14.00   clock network delay (ideal)
                         -0.25   13.75   clock uncertainty
                          0.00   13.75   clock reconvergence pessimism
                                 13.75 ^ _3290_/CLK (sky130_fd_sc_hd__dfxtp_1)
                         -0.04   13.71   library setup time
                                 13.71   data required time
-----------------------------------------------------------------------------
                                 13.71   data required time
                                 -8.36   data arrival time
-----------------------------------------------------------------------------
                                  5.36   slack (MET)


Startpoint: _3178_ (rising edge-triggered flip-flop clocked by clk')
Endpoint: _3227_ (rising edge-triggered flip-flop clocked by clk)
Path Group: clk
Path Type: max

Fanout     Cap    Slew   Delay    Time   Description
-----------------------------------------------------------------------------
                  0.15    7.00    7.00   clock clk' (rise edge)
                          0.00    7.00   clock network delay (ideal)
                  0.15    0.00    7.00 ^ _3178_/CLK (sky130_fd_sc_hd__dfxtp_2)
     4    0.03    0.15    0.45    7.45 ^ _3178_/Q (sky130_fd_sc_hd__dfxtp_2)
                                         i_spi_reg.falling_edge_detector_sof.rstb (net)
                  0.15    0.00    7.45 ^ fanout19/A (sky130_fd_sc_hd__clkbuf_4)
    10    0.05    0.15    0.26    7.72 ^ fanout19/X (sky130_fd_sc_hd__clkbuf_4)
                                         net19 (net)
                  0.15    0.00    7.72 ^ _1846_/A (sky130_fd_sc_hd__clkbuf_4)
    10    0.04    0.14    0.25    7.97 ^ _1846_/X (sky130_fd_sc_hd__clkbuf_4)
                                         _1495_ (net)
                  0.14    0.00    7.97 ^ _1847_/C1 (sky130_fd_sc_hd__o211a_1)
     1    0.00    0.05    0.17    8.14 ^ _1847_/X (sky130_fd_sc_hd__o211a_1)
                                         _1496_ (net)
                  0.05    0.00    8.14 ^ _1848_/B1 (sky130_fd_sc_hd__o21a_1)
     1    0.00    0.04    0.11    8.25 ^ _1848_/X (sky130_fd_sc_hd__o21a_1)
                                         _0048_ (net)
                  0.04    0.00    8.25 ^ _3227_/D (sky130_fd_sc_hd__dfxtp_1)
                                  8.25   data arrival time

                  0.15   14.00   14.00   clock clk (rise edge)
                          0.00   14.00   clock network delay (ideal)
                         -0.25   13.75   clock uncertainty
                          0.00   13.75   clock reconvergence pessimism
                                 13.75 ^ _3227_/CLK (sky130_fd_sc_hd__dfxtp_1)
                         -0.04   13.71   library setup time
                                 13.71   data required time
-----------------------------------------------------------------------------
                                 13.71   data required time
                                 -8.25   data arrival time
-----------------------------------------------------------------------------
                                  5.47   slack (MET)


Startpoint: _3178_ (rising edge-triggered flip-flop clocked by clk')
Endpoint: _3329_ (rising edge-triggered flip-flop clocked by clk)
Path Group: clk
Path Type: max

Fanout     Cap    Slew   Delay    Time   Description
-----------------------------------------------------------------------------
                  0.15    7.00    7.00   clock clk' (rise edge)
                          0.00    7.00   clock network delay (ideal)
                  0.15    0.00    7.00 ^ _3178_/CLK (sky130_fd_sc_hd__dfxtp_2)
     4    0.03    0.15    0.45    7.45 ^ _3178_/Q (sky130_fd_sc_hd__dfxtp_2)
                                         i_spi_reg.falling_edge_detector_sof.rstb (net)
                  0.15    0.00    7.45 ^ fanout18/A (sky130_fd_sc_hd__buf_4)
    10    0.05    0.15    0.23    7.69 ^ fanout18/X (sky130_fd_sc_hd__buf_4)
                                         net18 (net)
                  0.15    0.00    7.69 ^ _1632_/A (sky130_fd_sc_hd__clkinv_4)
     9    0.04    0.10    0.13    7.82 v _1632_/Y (sky130_fd_sc_hd__clkinv_4)
                                         _1326_ (net)
                  0.10    0.00    7.82 v _2184_/A (sky130_fd_sc_hd__nor2_2)
     5    0.02    0.21    0.24    8.06 ^ _2184_/Y (sky130_fd_sc_hd__nor2_2)
                                         _0484_ (net)
                  0.21    0.00    8.06 ^ _2257_/C1 (sky130_fd_sc_hd__o211a_1)
     1    0.00    0.04    0.18    8.23 ^ _2257_/X (sky130_fd_sc_hd__o211a_1)
                                         _0150_ (net)
                  0.04    0.00    8.23 ^ _3329_/D (sky130_fd_sc_hd__dfxtp_1)
                                  8.23   data arrival time

                  0.15   14.00   14.00   clock clk (rise edge)
                          0.00   14.00   clock network delay (ideal)
                         -0.25   13.75   clock uncertainty
                          0.00   13.75   clock reconvergence pessimism
                                 13.75 ^ _3329_/CLK (sky130_fd_sc_hd__dfxtp_1)
                         -0.04   13.71   library setup time
                                 13.71   data required time
-----------------------------------------------------------------------------
                                 13.71   data required time
                                 -8.23   data arrival time
-----------------------------------------------------------------------------
                                  5.48   slack (MET)


Startpoint: _3178_ (rising edge-triggered flip-flop clocked by clk')
Endpoint: _3328_ (rising edge-triggered flip-flop clocked by clk)
Path Group: clk
Path Type: max

Fanout     Cap    Slew   Delay    Time   Description
-----------------------------------------------------------------------------
                  0.15    7.00    7.00   clock clk' (rise edge)
                          0.00    7.00   clock network delay (ideal)
                  0.15    0.00    7.00 ^ _3178_/CLK (sky130_fd_sc_hd__dfxtp_2)
     4    0.03    0.15    0.45    7.45 ^ _3178_/Q (sky130_fd_sc_hd__dfxtp_2)
                                         i_spi_reg.falling_edge_detector_sof.rstb (net)
                  0.15    0.00    7.45 ^ fanout18/A (sky130_fd_sc_hd__buf_4)
    10    0.05    0.15    0.23    7.69 ^ fanout18/X (sky130_fd_sc_hd__buf_4)
                                         net18 (net)
                  0.15    0.00    7.69 ^ _1632_/A (sky130_fd_sc_hd__clkinv_4)
     9    0.04    0.10    0.13    7.82 v _1632_/Y (sky130_fd_sc_hd__clkinv_4)
                                         _1326_ (net)
                  0.10    0.00    7.82 v _2184_/A (sky130_fd_sc_hd__nor2_2)
     5    0.02    0.21    0.24    8.06 ^ _2184_/Y (sky130_fd_sc_hd__nor2_2)
                                         _0484_ (net)
                  0.21    0.00    8.06 ^ _2255_/C1 (sky130_fd_sc_hd__o211a_1)
     1    0.00    0.04    0.18    8.23 ^ _2255_/X (sky130_fd_sc_hd__o211a_1)
                                         _0149_ (net)
                  0.04    0.00    8.23 ^ _3328_/D (sky130_fd_sc_hd__dfxtp_1)
                                  8.23   data arrival time

                  0.15   14.00   14.00   clock clk (rise edge)
                          0.00   14.00   clock network delay (ideal)
                         -0.25   13.75   clock uncertainty
                          0.00   13.75   clock reconvergence pessimism
                                 13.75 ^ _3328_/CLK (sky130_fd_sc_hd__dfxtp_1)
                         -0.04   13.71   library setup time
                                 13.71   data required time
-----------------------------------------------------------------------------
                                 13.71   data required time
                                 -8.23   data arrival time
-----------------------------------------------------------------------------
                                  5.48   slack (MET)


Startpoint: _3178_ (rising edge-triggered flip-flop clocked by clk')
Endpoint: _3232_ (rising edge-triggered flip-flop clocked by clk)
Path Group: clk
Path Type: max

Fanout     Cap    Slew   Delay    Time   Description
-----------------------------------------------------------------------------
                  0.15    7.00    7.00   clock clk' (rise edge)
                          0.00    7.00   clock network delay (ideal)
                  0.15    0.00    7.00 ^ _3178_/CLK (sky130_fd_sc_hd__dfxtp_2)
     4    0.03    0.15    0.45    7.45 ^ _3178_/Q (sky130_fd_sc_hd__dfxtp_2)
                                         i_spi_reg.falling_edge_detector_sof.rstb (net)
                  0.15    0.00    7.45 ^ fanout19/A (sky130_fd_sc_hd__clkbuf_4)
    10    0.05    0.15    0.26    7.72 ^ fanout19/X (sky130_fd_sc_hd__clkbuf_4)
                                         net19 (net)
                  0.15    0.00    7.72 ^ _1846_/A (sky130_fd_sc_hd__clkbuf_4)
    10    0.04    0.14    0.25    7.97 ^ _1846_/X (sky130_fd_sc_hd__clkbuf_4)
                                         _1495_ (net)
                  0.14    0.00    7.97 ^ _1882_/A (sky130_fd_sc_hd__and3_1)
     1    0.00    0.06    0.18    8.15 ^ _1882_/X (sky130_fd_sc_hd__and3_1)
                                         _1526_ (net)
                  0.06    0.00    8.15 ^ _1883_/A (sky130_fd_sc_hd__clkbuf_1)
     1    0.00    0.04    0.08    8.23 ^ _1883_/X (sky130_fd_sc_hd__clkbuf_1)
                                         _0053_ (net)
                  0.04    0.00    8.23 ^ _3232_/D (sky130_fd_sc_hd__dfxtp_1)
                                  8.23   data arrival time

                  0.15   14.00   14.00   clock clk (rise edge)
                          0.00   14.00   clock network delay (ideal)
                         -0.25   13.75   clock uncertainty
                          0.00   13.75   clock reconvergence pessimism
                                 13.75 ^ _3232_/CLK (sky130_fd_sc_hd__dfxtp_1)
                         -0.04   13.71   library setup time
                                 13.71   data required time
-----------------------------------------------------------------------------
                                 13.71   data required time
                                 -8.23   data arrival time
-----------------------------------------------------------------------------
                                  5.48   slack (MET)


Startpoint: _3178_ (rising edge-triggered flip-flop clocked by clk')
Endpoint: _3182_ (rising edge-triggered flip-flop clocked by clk)
Path Group: clk
Path Type: max

Fanout     Cap    Slew   Delay    Time   Description
-----------------------------------------------------------------------------
                  0.15    7.00    7.00   clock clk' (rise edge)
                          0.00    7.00   clock network delay (ideal)
                  0.15    0.00    7.00 ^ _3178_/CLK (sky130_fd_sc_hd__dfxtp_2)
     4    0.03    0.15    0.45    7.45 ^ _3178_/Q (sky130_fd_sc_hd__dfxtp_2)
                                         i_spi_reg.falling_edge_detector_sof.rstb (net)
                  0.15    0.00    7.45 ^ fanout18/A (sky130_fd_sc_hd__buf_4)
    10    0.05    0.15    0.23    7.69 ^ fanout18/X (sky130_fd_sc_hd__buf_4)
                                         net18 (net)
                  0.15    0.00    7.69 ^ _1632_/A (sky130_fd_sc_hd__clkinv_4)
     9    0.04    0.10    0.13    7.82 v _1632_/Y (sky130_fd_sc_hd__clkinv_4)
                                         _1326_ (net)
                  0.10    0.00    7.82 v _1633_/A (sky130_fd_sc_hd__nor2_2)
     6    0.02    0.22    0.24    8.06 ^ _1633_/Y (sky130_fd_sc_hd__nor2_2)
                                         _1327_ (net)
                  0.22    0.00    8.06 ^ _1634_/B1 (sky130_fd_sc_hd__o21a_1)
     1    0.00    0.04    0.16    8.22 ^ _1634_/X (sky130_fd_sc_hd__o21a_1)
                                         _0003_ (net)
                  0.04    0.00    8.22 ^ _3182_/D (sky130_fd_sc_hd__dfxtp_1)
                                  8.22   data arrival time

                  0.15   14.00   14.00   clock clk (rise edge)
                          0.00   14.00   clock network delay (ideal)
                         -0.25   13.75   clock uncertainty
                          0.00   13.75   clock reconvergence pessimism
                                 13.75 ^ _3182_/CLK (sky130_fd_sc_hd__dfxtp_1)
                         -0.04   13.71   library setup time
                                 13.71   data required time
-----------------------------------------------------------------------------
                                 13.71   data required time
                                 -8.22   data arrival time
-----------------------------------------------------------------------------
                                  5.49   slack (MET)


Startpoint: _3178_ (rising edge-triggered flip-flop clocked by clk')
Endpoint: _3429_ (rising edge-triggered flip-flop clocked by clk)
Path Group: clk
Path Type: max

Fanout     Cap    Slew   Delay    Time   Description
-----------------------------------------------------------------------------
                  0.15    7.00    7.00   clock clk' (rise edge)
                          0.00    7.00   clock network delay (ideal)
                  0.15    0.00    7.00 ^ _3178_/CLK (sky130_fd_sc_hd__dfxtp_2)
     4    0.03    0.15    0.45    7.45 ^ _3178_/Q (sky130_fd_sc_hd__dfxtp_2)
                                         i_spi_reg.falling_edge_detector_sof.rstb (net)
                  0.15    0.00    7.45 ^ fanout19/A (sky130_fd_sc_hd__clkbuf_4)
    10    0.05    0.15    0.26    7.72 ^ fanout19/X (sky130_fd_sc_hd__clkbuf_4)
                                         net19 (net)
                  0.15    0.00    7.72 ^ _1846_/A (sky130_fd_sc_hd__clkbuf_4)
    10    0.04    0.14    0.25    7.97 ^ _1846_/X (sky130_fd_sc_hd__clkbuf_4)
                                         _1495_ (net)
                  0.14    0.00    7.97 ^ _2949_/A (sky130_fd_sc_hd__and3_1)
     1    0.00    0.05    0.17    8.14 ^ _2949_/X (sky130_fd_sc_hd__and3_1)
                                         _1118_ (net)
                  0.05    0.00    8.14 ^ _2950_/A (sky130_fd_sc_hd__clkbuf_1)
     1    0.00    0.04    0.08    8.22 ^ _2950_/X (sky130_fd_sc_hd__clkbuf_1)
                                         _0250_ (net)
                  0.04    0.00    8.22 ^ _3429_/D (sky130_fd_sc_hd__dfxtp_1)
                                  8.22   data arrival time

                  0.15   14.00   14.00   clock clk (rise edge)
                          0.00   14.00   clock network delay (ideal)
                         -0.25   13.75   clock uncertainty
                          0.00   13.75   clock reconvergence pessimism
                                 13.75 ^ _3429_/CLK (sky130_fd_sc_hd__dfxtp_1)
                         -0.04   13.71   library setup time
                                 13.71   data required time
-----------------------------------------------------------------------------
                                 13.71   data required time
                                 -8.22   data arrival time
-----------------------------------------------------------------------------
                                  5.49   slack (MET)


Startpoint: _3178_ (rising edge-triggered flip-flop clocked by clk')
Endpoint: _3188_ (rising edge-triggered flip-flop clocked by clk)
Path Group: clk
Path Type: max

Fanout     Cap    Slew   Delay    Time   Description
-----------------------------------------------------------------------------
                  0.15    7.00    7.00   clock clk' (rise edge)
                          0.00    7.00   clock network delay (ideal)
                  0.15    0.00    7.00 ^ _3178_/CLK (sky130_fd_sc_hd__dfxtp_2)
     4    0.03    0.15    0.45    7.45 ^ _3178_/Q (sky130_fd_sc_hd__dfxtp_2)
                                         i_spi_reg.falling_edge_detector_sof.rstb (net)
                  0.15    0.00    7.45 ^ fanout18/A (sky130_fd_sc_hd__buf_4)
    10    0.05    0.15    0.23    7.69 ^ fanout18/X (sky130_fd_sc_hd__buf_4)
                                         net18 (net)
                  0.15    0.00    7.69 ^ _1632_/A (sky130_fd_sc_hd__clkinv_4)
     9    0.04    0.10    0.13    7.82 v _1632_/Y (sky130_fd_sc_hd__clkinv_4)
                                         _1326_ (net)
                  0.10    0.00    7.82 v _1633_/A (sky130_fd_sc_hd__nor2_2)
     6    0.02    0.22    0.24    8.06 ^ _1633_/Y (sky130_fd_sc_hd__nor2_2)
                                         _1327_ (net)
                  0.22    0.00    8.06 ^ _1641_/B1 (sky130_fd_sc_hd__o21a_1)
     1    0.00    0.04    0.15    8.22 ^ _1641_/X (sky130_fd_sc_hd__o21a_1)
                                         _0009_ (net)
                  0.04    0.00    8.22 ^ _3188_/D (sky130_fd_sc_hd__dfxtp_1)
                                  8.22   data arrival time

                  0.15   14.00   14.00   clock clk (rise edge)
                          0.00   14.00   clock network delay (ideal)
                         -0.25   13.75   clock uncertainty
                          0.00   13.75   clock reconvergence pessimism
                                 13.75 ^ _3188_/CLK (sky130_fd_sc_hd__dfxtp_1)
                         -0.04   13.71   library setup time
                                 13.71   data required time
-----------------------------------------------------------------------------
                                 13.71   data required time
                                 -8.22   data arrival time
-----------------------------------------------------------------------------
                                  5.49   slack (MET)


Startpoint: _3178_ (rising edge-triggered flip-flop clocked by clk')
Endpoint: _3186_ (rising edge-triggered flip-flop clocked by clk)
Path Group: clk
Path Type: max

Fanout     Cap    Slew   Delay    Time   Description
-----------------------------------------------------------------------------
                  0.15    7.00    7.00   clock clk' (rise edge)
                          0.00    7.00   clock network delay (ideal)
                  0.15    0.00    7.00 ^ _3178_/CLK (sky130_fd_sc_hd__dfxtp_2)
     4    0.03    0.15    0.45    7.45 ^ _3178_/Q (sky130_fd_sc_hd__dfxtp_2)
                                         i_spi_reg.falling_edge_detector_sof.rstb (net)
                  0.15    0.00    7.45 ^ fanout18/A (sky130_fd_sc_hd__buf_4)
    10    0.05    0.15    0.23    7.69 ^ fanout18/X (sky130_fd_sc_hd__buf_4)
                                         net18 (net)
                  0.15    0.00    7.69 ^ _1632_/A (sky130_fd_sc_hd__clkinv_4)
     9    0.04    0.10    0.13    7.82 v _1632_/Y (sky130_fd_sc_hd__clkinv_4)
                                         _1326_ (net)
                  0.10    0.00    7.82 v _1633_/A (sky130_fd_sc_hd__nor2_2)
     6    0.02    0.22    0.24    8.06 ^ _1633_/Y (sky130_fd_sc_hd__nor2_2)
                                         _1327_ (net)
                  0.22    0.00    8.06 ^ _1638_/B1 (sky130_fd_sc_hd__o21a_1)
     1    0.00    0.04    0.15    8.22 ^ _1638_/X (sky130_fd_sc_hd__o21a_1)
                                         _0007_ (net)
                  0.04    0.00    8.22 ^ _3186_/D (sky130_fd_sc_hd__dfxtp_1)
                                  8.22   data arrival time

                  0.15   14.00   14.00   clock clk (rise edge)
                          0.00   14.00   clock network delay (ideal)
                         -0.25   13.75   clock uncertainty
                          0.00   13.75   clock reconvergence pessimism
                                 13.75 ^ _3186_/CLK (sky130_fd_sc_hd__dfxtp_1)
                         -0.04   13.71   library setup time
                                 13.71   data required time
-----------------------------------------------------------------------------
                                 13.71   data required time
                                 -8.22   data arrival time
-----------------------------------------------------------------------------
                                  5.50   slack (MET)


Startpoint: _3178_ (rising edge-triggered flip-flop clocked by clk')
Endpoint: _3183_ (rising edge-triggered flip-flop clocked by clk)
Path Group: clk
Path Type: max

Fanout     Cap    Slew   Delay    Time   Description
-----------------------------------------------------------------------------
                  0.15    7.00    7.00   clock clk' (rise edge)
                          0.00    7.00   clock network delay (ideal)
                  0.15    0.00    7.00 ^ _3178_/CLK (sky130_fd_sc_hd__dfxtp_2)
     4    0.03    0.15    0.45    7.45 ^ _3178_/Q (sky130_fd_sc_hd__dfxtp_2)
                                         i_spi_reg.falling_edge_detector_sof.rstb (net)
                  0.15    0.00    7.45 ^ fanout18/A (sky130_fd_sc_hd__buf_4)
    10    0.05    0.15    0.23    7.69 ^ fanout18/X (sky130_fd_sc_hd__buf_4)
                                         net18 (net)
                  0.15    0.00    7.69 ^ _1632_/A (sky130_fd_sc_hd__clkinv_4)
     9    0.04    0.10    0.13    7.82 v _1632_/Y (sky130_fd_sc_hd__clkinv_4)
                                         _1326_ (net)
                  0.10    0.00    7.82 v _1633_/A (sky130_fd_sc_hd__nor2_2)
     6    0.02    0.22    0.24    8.06 ^ _1633_/Y (sky130_fd_sc_hd__nor2_2)
                                         _1327_ (net)
                  0.22    0.00    8.06 ^ _1635_/B1 (sky130_fd_sc_hd__o21a_1)
     1    0.00    0.04    0.15    8.22 ^ _1635_/X (sky130_fd_sc_hd__o21a_1)
                                         _0004_ (net)
                  0.04    0.00    8.22 ^ _3183_/D (sky130_fd_sc_hd__dfxtp_1)
                                  8.22   data arrival time

                  0.15   14.00   14.00   clock clk (rise edge)
                          0.00   14.00   clock network delay (ideal)
                         -0.25   13.75   clock uncertainty
                          0.00   13.75   clock reconvergence pessimism
                                 13.75 ^ _3183_/CLK (sky130_fd_sc_hd__dfxtp_1)
                         -0.04   13.71   library setup time
                                 13.71   data required time
-----------------------------------------------------------------------------
                                 13.71   data required time
                                 -8.22   data arrival time
-----------------------------------------------------------------------------
                                  5.50   slack (MET)


Startpoint: _3178_ (rising edge-triggered flip-flop clocked by clk')
Endpoint: _3185_ (rising edge-triggered flip-flop clocked by clk)
Path Group: clk
Path Type: max

Fanout     Cap    Slew   Delay    Time   Description
-----------------------------------------------------------------------------
                  0.15    7.00    7.00   clock clk' (rise edge)
                          0.00    7.00   clock network delay (ideal)
                  0.15    0.00    7.00 ^ _3178_/CLK (sky130_fd_sc_hd__dfxtp_2)
     4    0.03    0.15    0.45    7.45 ^ _3178_/Q (sky130_fd_sc_hd__dfxtp_2)
                                         i_spi_reg.falling_edge_detector_sof.rstb (net)
                  0.15    0.00    7.45 ^ fanout18/A (sky130_fd_sc_hd__buf_4)
    10    0.05    0.15    0.23    7.69 ^ fanout18/X (sky130_fd_sc_hd__buf_4)
                                         net18 (net)
                  0.15    0.00    7.69 ^ _1632_/A (sky130_fd_sc_hd__clkinv_4)
     9    0.04    0.10    0.13    7.82 v _1632_/Y (sky130_fd_sc_hd__clkinv_4)
                                         _1326_ (net)
                  0.10    0.00    7.82 v _1633_/A (sky130_fd_sc_hd__nor2_2)
     6    0.02    0.22    0.24    8.06 ^ _1633_/Y (sky130_fd_sc_hd__nor2_2)
                                         _1327_ (net)
                  0.22    0.00    8.06 ^ _1637_/B1 (sky130_fd_sc_hd__o21a_1)
     1    0.00    0.04    0.15    8.22 ^ _1637_/X (sky130_fd_sc_hd__o21a_1)
                                         _0006_ (net)
                  0.04    0.00    8.22 ^ _3185_/D (sky130_fd_sc_hd__dfxtp_1)
                                  8.22   data arrival time

                  0.15   14.00   14.00   clock clk (rise edge)
                          0.00   14.00   clock network delay (ideal)
                         -0.25   13.75   clock uncertainty
                          0.00   13.75   clock reconvergence pessimism
                                 13.75 ^ _3185_/CLK (sky130_fd_sc_hd__dfxtp_1)
                         -0.04   13.71   library setup time
                                 13.71   data required time
-----------------------------------------------------------------------------
                                 13.71   data required time
                                 -8.22   data arrival time
-----------------------------------------------------------------------------
                                  5.50   slack (MET)


Startpoint: _3178_ (rising edge-triggered flip-flop clocked by clk')
Endpoint: _3184_ (rising edge-triggered flip-flop clocked by clk)
Path Group: clk
Path Type: max

Fanout     Cap    Slew   Delay    Time   Description
-----------------------------------------------------------------------------
                  0.15    7.00    7.00   clock clk' (rise edge)
                          0.00    7.00   clock network delay (ideal)
                  0.15    0.00    7.00 ^ _3178_/CLK (sky130_fd_sc_hd__dfxtp_2)
     4    0.03    0.15    0.45    7.45 ^ _3178_/Q (sky130_fd_sc_hd__dfxtp_2)
                                         i_spi_reg.falling_edge_detector_sof.rstb (net)
                  0.15    0.00    7.45 ^ fanout18/A (sky130_fd_sc_hd__buf_4)
    10    0.05    0.15    0.23    7.69 ^ fanout18/X (sky130_fd_sc_hd__buf_4)
                                         net18 (net)
                  0.15    0.00    7.69 ^ _1632_/A (sky130_fd_sc_hd__clkinv_4)
     9    0.04    0.10    0.13    7.82 v _1632_/Y (sky130_fd_sc_hd__clkinv_4)
                                         _1326_ (net)
                  0.10    0.00    7.82 v _1633_/A (sky130_fd_sc_hd__nor2_2)
     6    0.02    0.22    0.24    8.06 ^ _1633_/Y (sky130_fd_sc_hd__nor2_2)
                                         _1327_ (net)
                  0.22    0.00    8.06 ^ _1636_/B1 (sky130_fd_sc_hd__o21a_1)
     1    0.00    0.04    0.15    8.22 ^ _1636_/X (sky130_fd_sc_hd__o21a_1)
                                         _0005_ (net)
                  0.04    0.00    8.22 ^ _3184_/D (sky130_fd_sc_hd__dfxtp_1)
                                  8.22   data arrival time

                  0.15   14.00   14.00   clock clk (rise edge)
                          0.00   14.00   clock network delay (ideal)
                         -0.25   13.75   clock uncertainty
                          0.00   13.75   clock reconvergence pessimism
                                 13.75 ^ _3184_/CLK (sky130_fd_sc_hd__dfxtp_1)
                         -0.04   13.71   library setup time
                                 13.71   data required time
-----------------------------------------------------------------------------
                                 13.71   data required time
                                 -8.22   data arrival time
-----------------------------------------------------------------------------
                                  5.50   slack (MET)


Startpoint: _3178_ (rising edge-triggered flip-flop clocked by clk')
Endpoint: _3230_ (rising edge-triggered flip-flop clocked by clk)
Path Group: clk
Path Type: max

Fanout     Cap    Slew   Delay    Time   Description
-----------------------------------------------------------------------------
                  0.15    7.00    7.00   clock clk' (rise edge)
                          0.00    7.00   clock network delay (ideal)
                  0.15    0.00    7.00 ^ _3178_/CLK (sky130_fd_sc_hd__dfxtp_2)
     4    0.03    0.15    0.45    7.45 ^ _3178_/Q (sky130_fd_sc_hd__dfxtp_2)
                                         i_spi_reg.falling_edge_detector_sof.rstb (net)
                  0.15    0.00    7.45 ^ fanout19/A (sky130_fd_sc_hd__clkbuf_4)
    10    0.05    0.15    0.26    7.72 ^ fanout19/X (sky130_fd_sc_hd__clkbuf_4)
                                         net19 (net)
                  0.15    0.00    7.72 ^ _1846_/A (sky130_fd_sc_hd__clkbuf_4)
    10    0.04    0.14    0.25    7.97 ^ _1846_/X (sky130_fd_sc_hd__clkbuf_4)
                                         _1495_ (net)
                  0.14    0.00    7.97 ^ _1869_/A (sky130_fd_sc_hd__and2_1)
     1    0.00    0.05    0.14    8.12 ^ _1869_/X (sky130_fd_sc_hd__and2_1)
                                         _1515_ (net)
                  0.05    0.00    8.12 ^ _1870_/A (sky130_fd_sc_hd__clkbuf_1)
     1    0.00    0.04    0.08    8.20 ^ _1870_/X (sky130_fd_sc_hd__clkbuf_1)
                                         _0051_ (net)
                  0.04    0.00    8.20 ^ _3230_/D (sky130_fd_sc_hd__dfxtp_1)
                                  8.20   data arrival time

                  0.15   14.00   14.00   clock clk (rise edge)
                          0.00   14.00   clock network delay (ideal)
                         -0.25   13.75   clock uncertainty
                          0.00   13.75   clock reconvergence pessimism
                                 13.75 ^ _3230_/CLK (sky130_fd_sc_hd__dfxtp_1)
                         -0.04   13.71   library setup time
                                 13.71   data required time
-----------------------------------------------------------------------------
                                 13.71   data required time
                                 -8.20   data arrival time
-----------------------------------------------------------------------------
                                  5.52   slack (MET)


Startpoint: _3178_ (rising edge-triggered flip-flop clocked by clk')
Endpoint: _3358_ (rising edge-triggered flip-flop clocked by clk)
Path Group: clk
Path Type: max

Fanout     Cap    Slew   Delay    Time   Description
-----------------------------------------------------------------------------
                  0.15    7.00    7.00   clock clk' (rise edge)
                          0.00    7.00   clock network delay (ideal)
                  0.15    0.00    7.00 ^ _3178_/CLK (sky130_fd_sc_hd__dfxtp_2)
     4    0.03    0.15    0.45    7.45 ^ _3178_/Q (sky130_fd_sc_hd__dfxtp_2)
                                         i_spi_reg.falling_edge_detector_sof.rstb (net)
                  0.15    0.00    7.45 ^ fanout19/A (sky130_fd_sc_hd__clkbuf_4)
    10    0.05    0.15    0.26    7.72 ^ fanout19/X (sky130_fd_sc_hd__clkbuf_4)
                                         net19 (net)
                  0.15    0.00    7.72 ^ _1846_/A (sky130_fd_sc_hd__clkbuf_4)
    10    0.04    0.14    0.25    7.97 ^ _1846_/X (sky130_fd_sc_hd__clkbuf_4)
                                         _1495_ (net)
                  0.14    0.00    7.97 ^ _2709_/B1 (sky130_fd_sc_hd__o21ai_1)
     1    0.00    0.05    0.09    8.06 v _2709_/Y (sky130_fd_sc_hd__o21ai_1)
                                         _0949_ (net)
                  0.05    0.00    8.06 v _2710_/B1 (sky130_fd_sc_hd__a21oi_1)
     1    0.00    0.09    0.10    8.16 ^ _2710_/Y (sky130_fd_sc_hd__a21oi_1)
                                         _0179_ (net)
                  0.09    0.00    8.16 ^ _3358_/D (sky130_fd_sc_hd__dfxtp_1)
                                  8.16   data arrival time

                  0.15   14.00   14.00   clock clk (rise edge)
                          0.00   14.00   clock network delay (ideal)
                         -0.25   13.75   clock uncertainty
                          0.00   13.75   clock reconvergence pessimism
                                 13.75 ^ _3358_/CLK (sky130_fd_sc_hd__dfxtp_1)
                         -0.05   13.70   library setup time
                                 13.70   data required time
-----------------------------------------------------------------------------
                                 13.70   data required time
                                 -8.16   data arrival time
-----------------------------------------------------------------------------
                                  5.54   slack (MET)


Startpoint: _3178_ (rising edge-triggered flip-flop clocked by clk')
Endpoint: _3206_ (rising edge-triggered flip-flop clocked by clk)
Path Group: clk
Path Type: max

Fanout     Cap    Slew   Delay    Time   Description
-----------------------------------------------------------------------------
                  0.15    7.00    7.00   clock clk' (rise edge)
                          0.00    7.00   clock network delay (ideal)
                  0.15    0.00    7.00 ^ _3178_/CLK (sky130_fd_sc_hd__dfxtp_2)
     4    0.03    0.15    0.45    7.45 ^ _3178_/Q (sky130_fd_sc_hd__dfxtp_2)
                                         i_spi_reg.falling_edge_detector_sof.rstb (net)
                  0.15    0.00    7.45 ^ fanout18/A (sky130_fd_sc_hd__buf_4)
    10    0.05    0.15    0.23    7.69 ^ fanout18/X (sky130_fd_sc_hd__buf_4)
                                         net18 (net)
                  0.15    0.00    7.69 ^ _1632_/A (sky130_fd_sc_hd__clkinv_4)
     9    0.04    0.10    0.13    7.82 v _1632_/Y (sky130_fd_sc_hd__clkinv_4)
                                         _1326_ (net)
                  0.10    0.00    7.82 v _1674_/A (sky130_fd_sc_hd__buf_2)
    10    0.03    0.08    0.21    8.03 v _1674_/X (sky130_fd_sc_hd__buf_2)
                                         _1348_ (net)
                  0.08    0.00    8.03 v _1684_/A (sky130_fd_sc_hd__nor2_1)
     1    0.00    0.07    0.11    8.14 ^ _1684_/Y (sky130_fd_sc_hd__nor2_1)
                                         _0027_ (net)
                  0.07    0.00    8.14 ^ _3206_/D (sky130_fd_sc_hd__dfxtp_1)
                                  8.14   data arrival time

                  0.15   14.00   14.00   clock clk (rise edge)
                          0.00   14.00   clock network delay (ideal)
                         -0.25   13.75   clock uncertainty
                          0.00   13.75   clock reconvergence pessimism
                                 13.75 ^ _3206_/CLK (sky130_fd_sc_hd__dfxtp_1)
                         -0.05   13.70   library setup time
                                 13.70   data required time
-----------------------------------------------------------------------------
                                 13.70   data required time
                                 -8.14   data arrival time
-----------------------------------------------------------------------------
                                  5.57   slack (MET)


Startpoint: _3178_ (rising edge-triggered flip-flop clocked by clk')
Endpoint: _3202_ (rising edge-triggered flip-flop clocked by clk)
Path Group: clk
Path Type: max

Fanout     Cap    Slew   Delay    Time   Description
-----------------------------------------------------------------------------
                  0.15    7.00    7.00   clock clk' (rise edge)
                          0.00    7.00   clock network delay (ideal)
                  0.15    0.00    7.00 ^ _3178_/CLK (sky130_fd_sc_hd__dfxtp_2)
     4    0.03    0.15    0.45    7.45 ^ _3178_/Q (sky130_fd_sc_hd__dfxtp_2)
                                         i_spi_reg.falling_edge_detector_sof.rstb (net)
                  0.15    0.00    7.45 ^ fanout18/A (sky130_fd_sc_hd__buf_4)
    10    0.05    0.15    0.23    7.69 ^ fanout18/X (sky130_fd_sc_hd__buf_4)
                                         net18 (net)
                  0.15    0.00    7.69 ^ _1632_/A (sky130_fd_sc_hd__clkinv_4)
     9    0.04    0.10    0.13    7.82 v _1632_/Y (sky130_fd_sc_hd__clkinv_4)
                                         _1326_ (net)
                  0.10    0.00    7.82 v _1674_/A (sky130_fd_sc_hd__buf_2)
    10    0.03    0.08    0.21    8.03 v _1674_/X (sky130_fd_sc_hd__buf_2)
                                         _1348_ (net)
                  0.08    0.00    8.03 v _1676_/A (sky130_fd_sc_hd__nor2_1)
     1    0.00    0.07    0.11    8.14 ^ _1676_/Y (sky130_fd_sc_hd__nor2_1)
                                         _0023_ (net)
                  0.07    0.00    8.14 ^ _3202_/D (sky130_fd_sc_hd__dfxtp_1)
                                  8.14   data arrival time

                  0.15   14.00   14.00   clock clk (rise edge)
                          0.00   14.00   clock network delay (ideal)
                         -0.25   13.75   clock uncertainty
                          0.00   13.75   clock reconvergence pessimism
                                 13.75 ^ _3202_/CLK (sky130_fd_sc_hd__dfxtp_1)
                         -0.04   13.71   library setup time
                                 13.71   data required time
-----------------------------------------------------------------------------
                                 13.71   data required time
                                 -8.14   data arrival time
-----------------------------------------------------------------------------
                                  5.57   slack (MET)


Startpoint: _3178_ (rising edge-triggered flip-flop clocked by clk')
Endpoint: _3196_ (rising edge-triggered flip-flop clocked by clk)
Path Group: clk
Path Type: max

Fanout     Cap    Slew   Delay    Time   Description
-----------------------------------------------------------------------------
                  0.15    7.00    7.00   clock clk' (rise edge)
                          0.00    7.00   clock network delay (ideal)
                  0.15    0.00    7.00 ^ _3178_/CLK (sky130_fd_sc_hd__dfxtp_2)
     4    0.03    0.15    0.45    7.45 ^ _3178_/Q (sky130_fd_sc_hd__dfxtp_2)
                                         i_spi_reg.falling_edge_detector_sof.rstb (net)
                  0.15    0.00    7.45 ^ fanout18/A (sky130_fd_sc_hd__buf_4)
    10    0.05    0.15    0.23    7.69 ^ fanout18/X (sky130_fd_sc_hd__buf_4)
                                         net18 (net)
                  0.15    0.00    7.69 ^ _1632_/A (sky130_fd_sc_hd__clkinv_4)
     9    0.04    0.10    0.13    7.82 v _1632_/Y (sky130_fd_sc_hd__clkinv_4)
                                         _1326_ (net)
                  0.10    0.00    7.82 v _1645_/A (sky130_fd_sc_hd__buf_2)
    10    0.03    0.08    0.21    8.03 v _1645_/X (sky130_fd_sc_hd__buf_2)
                                         _1331_ (net)
                  0.08    0.00    8.03 v _1663_/A (sky130_fd_sc_hd__nor2_1)
     1    0.00    0.07    0.11    8.14 ^ _1663_/Y (sky130_fd_sc_hd__nor2_1)
                                         _0017_ (net)
                  0.07    0.00    8.14 ^ _3196_/D (sky130_fd_sc_hd__dfxtp_1)
                                  8.14   data arrival time

                  0.15   14.00   14.00   clock clk (rise edge)
                          0.00   14.00   clock network delay (ideal)
                         -0.25   13.75   clock uncertainty
                          0.00   13.75   clock reconvergence pessimism
                                 13.75 ^ _3196_/CLK (sky130_fd_sc_hd__dfxtp_1)
                         -0.04   13.71   library setup time
                                 13.71   data required time
-----------------------------------------------------------------------------
                                 13.71   data required time
                                 -8.14   data arrival time
-----------------------------------------------------------------------------
                                  5.57   slack (MET)


Startpoint: _3178_ (rising edge-triggered flip-flop clocked by clk')
Endpoint: _3193_ (rising edge-triggered flip-flop clocked by clk)
Path Group: clk
Path Type: max

Fanout     Cap    Slew   Delay    Time   Description
-----------------------------------------------------------------------------
                  0.15    7.00    7.00   clock clk' (rise edge)
                          0.00    7.00   clock network delay (ideal)
                  0.15    0.00    7.00 ^ _3178_/CLK (sky130_fd_sc_hd__dfxtp_2)
     4    0.03    0.15    0.45    7.45 ^ _3178_/Q (sky130_fd_sc_hd__dfxtp_2)
                                         i_spi_reg.falling_edge_detector_sof.rstb (net)
                  0.15    0.00    7.45 ^ fanout18/A (sky130_fd_sc_hd__buf_4)
    10    0.05    0.15    0.23    7.69 ^ fanout18/X (sky130_fd_sc_hd__buf_4)
                                         net18 (net)
                  0.15    0.00    7.69 ^ _1632_/A (sky130_fd_sc_hd__clkinv_4)
     9    0.04    0.10    0.13    7.82 v _1632_/Y (sky130_fd_sc_hd__clkinv_4)
                                         _1326_ (net)
                  0.10    0.00    7.82 v _1645_/A (sky130_fd_sc_hd__buf_2)
    10    0.03    0.08    0.21    8.03 v _1645_/X (sky130_fd_sc_hd__buf_2)
                                         _1331_ (net)
                  0.08    0.00    8.03 v _1657_/A (sky130_fd_sc_hd__nor2_1)
     1    0.00    0.07    0.11    8.13 ^ _1657_/Y (sky130_fd_sc_hd__nor2_1)
                                         _0014_ (net)
                  0.07    0.00    8.13 ^ _3193_/D (sky130_fd_sc_hd__dfxtp_1)
                                  8.13   data arrival time

                  0.15   14.00   14.00   clock clk (rise edge)
                          0.00   14.00   clock network delay (ideal)
                         -0.25   13.75   clock uncertainty
                          0.00   13.75   clock reconvergence pessimism
                                 13.75 ^ _3193_/CLK (sky130_fd_sc_hd__dfxtp_1)
                         -0.04   13.71   library setup time
                                 13.71   data required time
-----------------------------------------------------------------------------
                                 13.71   data required time
                                 -8.13   data arrival time
-----------------------------------------------------------------------------
                                  5.57   slack (MET)


Startpoint: _3178_ (rising edge-triggered flip-flop clocked by clk')
Endpoint: _3190_ (rising edge-triggered flip-flop clocked by clk)
Path Group: clk
Path Type: max

Fanout     Cap    Slew   Delay    Time   Description
-----------------------------------------------------------------------------
                  0.15    7.00    7.00   clock clk' (rise edge)
                          0.00    7.00   clock network delay (ideal)
                  0.15    0.00    7.00 ^ _3178_/CLK (sky130_fd_sc_hd__dfxtp_2)
     4    0.03    0.15    0.45    7.45 ^ _3178_/Q (sky130_fd_sc_hd__dfxtp_2)
                                         i_spi_reg.falling_edge_detector_sof.rstb (net)
                  0.15    0.00    7.45 ^ fanout18/A (sky130_fd_sc_hd__buf_4)
    10    0.05    0.15    0.23    7.69 ^ fanout18/X (sky130_fd_sc_hd__buf_4)
                                         net18 (net)
                  0.15    0.00    7.69 ^ _1632_/A (sky130_fd_sc_hd__clkinv_4)
     9    0.04    0.10    0.13    7.82 v _1632_/Y (sky130_fd_sc_hd__clkinv_4)
                                         _1326_ (net)
                  0.10    0.00    7.82 v _1645_/A (sky130_fd_sc_hd__buf_2)
    10    0.03    0.08    0.21    8.03 v _1645_/X (sky130_fd_sc_hd__buf_2)
                                         _1331_ (net)
                  0.08    0.00    8.03 v _1651_/A (sky130_fd_sc_hd__nor2_1)
     1    0.00    0.07    0.11    8.13 ^ _1651_/Y (sky130_fd_sc_hd__nor2_1)
                                         _0011_ (net)
                  0.07    0.00    8.13 ^ _3190_/D (sky130_fd_sc_hd__dfxtp_1)
                                  8.13   data arrival time

                  0.15   14.00   14.00   clock clk (rise edge)
                          0.00   14.00   clock network delay (ideal)
                         -0.25   13.75   clock uncertainty
                          0.00   13.75   clock reconvergence pessimism
                                 13.75 ^ _3190_/CLK (sky130_fd_sc_hd__dfxtp_1)
                         -0.04   13.71   library setup time
                                 13.71   data required time
-----------------------------------------------------------------------------
                                 13.71   data required time
                                 -8.13   data arrival time
-----------------------------------------------------------------------------
                                  5.57   slack (MET)


Startpoint: _3178_ (rising edge-triggered flip-flop clocked by clk')
Endpoint: _3194_ (rising edge-triggered flip-flop clocked by clk)
Path Group: clk
Path Type: max

Fanout     Cap    Slew   Delay    Time   Description
-----------------------------------------------------------------------------
                  0.15    7.00    7.00   clock clk' (rise edge)
                          0.00    7.00   clock network delay (ideal)
                  0.15    0.00    7.00 ^ _3178_/CLK (sky130_fd_sc_hd__dfxtp_2)
     4    0.03    0.15    0.45    7.45 ^ _3178_/Q (sky130_fd_sc_hd__dfxtp_2)
                                         i_spi_reg.falling_edge_detector_sof.rstb (net)
                  0.15    0.00    7.45 ^ fanout18/A (sky130_fd_sc_hd__buf_4)
    10    0.05    0.15    0.23    7.69 ^ fanout18/X (sky130_fd_sc_hd__buf_4)
                                         net18 (net)
                  0.15    0.00    7.69 ^ _1632_/A (sky130_fd_sc_hd__clkinv_4)
     9    0.04    0.10    0.13    7.82 v _1632_/Y (sky130_fd_sc_hd__clkinv_4)
                                         _1326_ (net)
                  0.10    0.00    7.82 v _1645_/A (sky130_fd_sc_hd__buf_2)
    10    0.03    0.08    0.21    8.03 v _1645_/X (sky130_fd_sc_hd__buf_2)
                                         _1331_ (net)
                  0.08    0.00    8.03 v _1659_/A (sky130_fd_sc_hd__nor2_1)
     1    0.00    0.07    0.11    8.13 ^ _1659_/Y (sky130_fd_sc_hd__nor2_1)
                                         _0015_ (net)
                  0.07    0.00    8.13 ^ _3194_/D (sky130_fd_sc_hd__dfxtp_1)
                                  8.13   data arrival time

                  0.15   14.00   14.00   clock clk (rise edge)
                          0.00   14.00   clock network delay (ideal)
                         -0.25   13.75   clock uncertainty
                          0.00   13.75   clock reconvergence pessimism
                                 13.75 ^ _3194_/CLK (sky130_fd_sc_hd__dfxtp_1)
                         -0.04   13.71   library setup time
                                 13.71   data required time
-----------------------------------------------------------------------------
                                 13.71   data required time
                                 -8.13   data arrival time
-----------------------------------------------------------------------------
                                  5.57   slack (MET)


Startpoint: _3178_ (rising edge-triggered flip-flop clocked by clk')
Endpoint: _3192_ (rising edge-triggered flip-flop clocked by clk)
Path Group: clk
Path Type: max

Fanout     Cap    Slew   Delay    Time   Description
-----------------------------------------------------------------------------
                  0.15    7.00    7.00   clock clk' (rise edge)
                          0.00    7.00   clock network delay (ideal)
                  0.15    0.00    7.00 ^ _3178_/CLK (sky130_fd_sc_hd__dfxtp_2)
     4    0.03    0.15    0.45    7.45 ^ _3178_/Q (sky130_fd_sc_hd__dfxtp_2)
                                         i_spi_reg.falling_edge_detector_sof.rstb (net)
                  0.15    0.00    7.45 ^ fanout18/A (sky130_fd_sc_hd__buf_4)
    10    0.05    0.15    0.23    7.69 ^ fanout18/X (sky130_fd_sc_hd__buf_4)
                                         net18 (net)
                  0.15    0.00    7.69 ^ _1632_/A (sky130_fd_sc_hd__clkinv_4)
     9    0.04    0.10    0.13    7.82 v _1632_/Y (sky130_fd_sc_hd__clkinv_4)
                                         _1326_ (net)
                  0.10    0.00    7.82 v _1645_/A (sky130_fd_sc_hd__buf_2)
    10    0.03    0.08    0.21    8.03 v _1645_/X (sky130_fd_sc_hd__buf_2)
                                         _1331_ (net)
                  0.08    0.00    8.03 v _1655_/A (sky130_fd_sc_hd__nor2_1)
     1    0.00    0.07    0.11    8.13 ^ _1655_/Y (sky130_fd_sc_hd__nor2_1)
                                         _0013_ (net)
                  0.07    0.00    8.13 ^ _3192_/D (sky130_fd_sc_hd__dfxtp_1)
                                  8.13   data arrival time

                  0.15   14.00   14.00   clock clk (rise edge)
                          0.00   14.00   clock network delay (ideal)
                         -0.25   13.75   clock uncertainty
                          0.00   13.75   clock reconvergence pessimism
                                 13.75 ^ _3192_/CLK (sky130_fd_sc_hd__dfxtp_1)
                         -0.04   13.71   library setup time
                                 13.71   data required time
-----------------------------------------------------------------------------
                                 13.71   data required time
                                 -8.13   data arrival time
-----------------------------------------------------------------------------
                                  5.57   slack (MET)


Startpoint: _3178_ (rising edge-triggered flip-flop clocked by clk')
Endpoint: _3198_ (rising edge-triggered flip-flop clocked by clk)
Path Group: clk
Path Type: max

Fanout     Cap    Slew   Delay    Time   Description
-----------------------------------------------------------------------------
                  0.15    7.00    7.00   clock clk' (rise edge)
                          0.00    7.00   clock network delay (ideal)
                  0.15    0.00    7.00 ^ _3178_/CLK (sky130_fd_sc_hd__dfxtp_2)
     4    0.03    0.15    0.45    7.45 ^ _3178_/Q (sky130_fd_sc_hd__dfxtp_2)
                                         i_spi_reg.falling_edge_detector_sof.rstb (net)
                  0.15    0.00    7.45 ^ fanout18/A (sky130_fd_sc_hd__buf_4)
    10    0.05    0.15    0.23    7.69 ^ fanout18/X (sky130_fd_sc_hd__buf_4)
                                         net18 (net)
                  0.15    0.00    7.69 ^ _1632_/A (sky130_fd_sc_hd__clkinv_4)
     9    0.04    0.10    0.13    7.82 v _1632_/Y (sky130_fd_sc_hd__clkinv_4)
                                         _1326_ (net)
                  0.10    0.00    7.82 v _1645_/A (sky130_fd_sc_hd__buf_2)
    10    0.03    0.08    0.21    8.03 v _1645_/X (sky130_fd_sc_hd__buf_2)
                                         _1331_ (net)
                  0.08    0.00    8.03 v _1667_/A (sky130_fd_sc_hd__nor2_1)
     1    0.00    0.07    0.11    8.13 ^ _1667_/Y (sky130_fd_sc_hd__nor2_1)
                                         _0019_ (net)
                  0.07    0.00    8.13 ^ _3198_/D (sky130_fd_sc_hd__dfxtp_1)
                                  8.13   data arrival time

                  0.15   14.00   14.00   clock clk (rise edge)
                          0.00   14.00   clock network delay (ideal)
                         -0.25   13.75   clock uncertainty
                          0.00   13.75   clock reconvergence pessimism
                                 13.75 ^ _3198_/CLK (sky130_fd_sc_hd__dfxtp_1)
                         -0.04   13.71   library setup time
                                 13.71   data required time
-----------------------------------------------------------------------------
                                 13.71   data required time
                                 -8.13   data arrival time
-----------------------------------------------------------------------------
                                  5.57   slack (MET)


Startpoint: _3178_ (rising edge-triggered flip-flop clocked by clk')
Endpoint: _3201_ (rising edge-triggered flip-flop clocked by clk)
Path Group: clk
Path Type: max

Fanout     Cap    Slew   Delay    Time   Description
-----------------------------------------------------------------------------
                  0.15    7.00    7.00   clock clk' (rise edge)
                          0.00    7.00   clock network delay (ideal)
                  0.15    0.00    7.00 ^ _3178_/CLK (sky130_fd_sc_hd__dfxtp_2)
     4    0.03    0.15    0.45    7.45 ^ _3178_/Q (sky130_fd_sc_hd__dfxtp_2)
                                         i_spi_reg.falling_edge_detector_sof.rstb (net)
                  0.15    0.00    7.45 ^ fanout18/A (sky130_fd_sc_hd__buf_4)
    10    0.05    0.15    0.23    7.69 ^ fanout18/X (sky130_fd_sc_hd__buf_4)
                                         net18 (net)
                  0.15    0.00    7.69 ^ _1632_/A (sky130_fd_sc_hd__clkinv_4)
     9    0.04    0.10    0.13    7.82 v _1632_/Y (sky130_fd_sc_hd__clkinv_4)
                                         _1326_ (net)
                  0.10    0.00    7.82 v _1645_/A (sky130_fd_sc_hd__buf_2)
    10    0.03    0.08    0.21    8.03 v _1645_/X (sky130_fd_sc_hd__buf_2)
                                         _1331_ (net)
                  0.08    0.00    8.03 v _1673_/A (sky130_fd_sc_hd__nor2_1)
     1    0.00    0.07    0.11    8.13 ^ _1673_/Y (sky130_fd_sc_hd__nor2_1)
                                         _0022_ (net)
                  0.07    0.00    8.13 ^ _3201_/D (sky130_fd_sc_hd__dfxtp_1)
                                  8.13   data arrival time

                  0.15   14.00   14.00   clock clk (rise edge)
                          0.00   14.00   clock network delay (ideal)
                         -0.25   13.75   clock uncertainty
                          0.00   13.75   clock reconvergence pessimism
                                 13.75 ^ _3201_/CLK (sky130_fd_sc_hd__dfxtp_1)
                         -0.04   13.71   library setup time
                                 13.71   data required time
-----------------------------------------------------------------------------
                                 13.71   data required time
                                 -8.13   data arrival time
-----------------------------------------------------------------------------
                                  5.57   slack (MET)


Startpoint: _3178_ (rising edge-triggered flip-flop clocked by clk')
Endpoint: _3208_ (rising edge-triggered flip-flop clocked by clk)
Path Group: clk
Path Type: max

Fanout     Cap    Slew   Delay    Time   Description
-----------------------------------------------------------------------------
                  0.15    7.00    7.00   clock clk' (rise edge)
                          0.00    7.00   clock network delay (ideal)
                  0.15    0.00    7.00 ^ _3178_/CLK (sky130_fd_sc_hd__dfxtp_2)
     4    0.03    0.15    0.45    7.45 ^ _3178_/Q (sky130_fd_sc_hd__dfxtp_2)
                                         i_spi_reg.falling_edge_detector_sof.rstb (net)
                  0.15    0.00    7.45 ^ fanout18/A (sky130_fd_sc_hd__buf_4)
    10    0.05    0.15    0.23    7.69 ^ fanout18/X (sky130_fd_sc_hd__buf_4)
                                         net18 (net)
                  0.15    0.00    7.69 ^ _1632_/A (sky130_fd_sc_hd__clkinv_4)
     9    0.04    0.10    0.13    7.82 v _1632_/Y (sky130_fd_sc_hd__clkinv_4)
                                         _1326_ (net)
                  0.10    0.00    7.82 v _1674_/A (sky130_fd_sc_hd__buf_2)
    10    0.03    0.08    0.21    8.03 v _1674_/X (sky130_fd_sc_hd__buf_2)
                                         _1348_ (net)
                  0.08    0.00    8.03 v _1688_/A (sky130_fd_sc_hd__nor2_1)
     1    0.00    0.07    0.11    8.13 ^ _1688_/Y (sky130_fd_sc_hd__nor2_1)
                                         _0029_ (net)
                  0.07    0.00    8.13 ^ _3208_/D (sky130_fd_sc_hd__dfxtp_1)
                                  8.13   data arrival time

                  0.15   14.00   14.00   clock clk (rise edge)
                          0.00   14.00   clock network delay (ideal)
                         -0.25   13.75   clock uncertainty
                          0.00   13.75   clock reconvergence pessimism
                                 13.75 ^ _3208_/CLK (sky130_fd_sc_hd__dfxtp_1)
                         -0.04   13.71   library setup time
                                 13.71   data required time
-----------------------------------------------------------------------------
                                 13.71   data required time
                                 -8.13   data arrival time
-----------------------------------------------------------------------------
                                  5.57   slack (MET)


Startpoint: _3178_ (rising edge-triggered flip-flop clocked by clk')
Endpoint: _3203_ (rising edge-triggered flip-flop clocked by clk)
Path Group: clk
Path Type: max

Fanout     Cap    Slew   Delay    Time   Description
-----------------------------------------------------------------------------
                  0.15    7.00    7.00   clock clk' (rise edge)
                          0.00    7.00   clock network delay (ideal)
                  0.15    0.00    7.00 ^ _3178_/CLK (sky130_fd_sc_hd__dfxtp_2)
     4    0.03    0.15    0.45    7.45 ^ _3178_/Q (sky130_fd_sc_hd__dfxtp_2)
                                         i_spi_reg.falling_edge_detector_sof.rstb (net)
                  0.15    0.00    7.45 ^ fanout18/A (sky130_fd_sc_hd__buf_4)
    10    0.05    0.15    0.23    7.69 ^ fanout18/X (sky130_fd_sc_hd__buf_4)
                                         net18 (net)
                  0.15    0.00    7.69 ^ _1632_/A (sky130_fd_sc_hd__clkinv_4)
     9    0.04    0.10    0.13    7.82 v _1632_/Y (sky130_fd_sc_hd__clkinv_4)
                                         _1326_ (net)
                  0.10    0.00    7.82 v _1674_/A (sky130_fd_sc_hd__buf_2)
    10    0.03    0.08    0.21    8.03 v _1674_/X (sky130_fd_sc_hd__buf_2)
                                         _1348_ (net)
                  0.08    0.00    8.03 v _1678_/A (sky130_fd_sc_hd__nor2_1)
     1    0.00    0.07    0.11    8.13 ^ _1678_/Y (sky130_fd_sc_hd__nor2_1)
                                         _0024_ (net)
                  0.07    0.00    8.13 ^ _3203_/D (sky130_fd_sc_hd__dfxtp_1)
                                  8.13   data arrival time

                  0.15   14.00   14.00   clock clk (rise edge)
                          0.00   14.00   clock network delay (ideal)
                         -0.25   13.75   clock uncertainty
                          0.00   13.75   clock reconvergence pessimism
                                 13.75 ^ _3203_/CLK (sky130_fd_sc_hd__dfxtp_1)
                         -0.04   13.71   library setup time
                                 13.71   data required time
-----------------------------------------------------------------------------
                                 13.71   data required time
                                 -8.13   data arrival time
-----------------------------------------------------------------------------
                                  5.57   slack (MET)


Startpoint: _3178_ (rising edge-triggered flip-flop clocked by clk')
Endpoint: _3199_ (rising edge-triggered flip-flop clocked by clk)
Path Group: clk
Path Type: max

Fanout     Cap    Slew   Delay    Time   Description
-----------------------------------------------------------------------------
                  0.15    7.00    7.00   clock clk' (rise edge)
                          0.00    7.00   clock network delay (ideal)
                  0.15    0.00    7.00 ^ _3178_/CLK (sky130_fd_sc_hd__dfxtp_2)
     4    0.03    0.15    0.45    7.45 ^ _3178_/Q (sky130_fd_sc_hd__dfxtp_2)
                                         i_spi_reg.falling_edge_detector_sof.rstb (net)
                  0.15    0.00    7.45 ^ fanout18/A (sky130_fd_sc_hd__buf_4)
    10    0.05    0.15    0.23    7.69 ^ fanout18/X (sky130_fd_sc_hd__buf_4)
                                         net18 (net)
                  0.15    0.00    7.69 ^ _1632_/A (sky130_fd_sc_hd__clkinv_4)
     9    0.04    0.10    0.13    7.82 v _1632_/Y (sky130_fd_sc_hd__clkinv_4)
                                         _1326_ (net)
                  0.10    0.00    7.82 v _1645_/A (sky130_fd_sc_hd__buf_2)
    10    0.03    0.08    0.21    8.03 v _1645_/X (sky130_fd_sc_hd__buf_2)
                                         _1331_ (net)
                  0.08    0.00    8.03 v _1669_/A (sky130_fd_sc_hd__nor2_1)
     1    0.00    0.07    0.10    8.13 ^ _1669_/Y (sky130_fd_sc_hd__nor2_1)
                                         _0020_ (net)
                  0.07    0.00    8.13 ^ _3199_/D (sky130_fd_sc_hd__dfxtp_1)
                                  8.13   data arrival time

                  0.15   14.00   14.00   clock clk (rise edge)
                          0.00   14.00   clock network delay (ideal)
                         -0.25   13.75   clock uncertainty
                          0.00   13.75   clock reconvergence pessimism
                                 13.75 ^ _3199_/CLK (sky130_fd_sc_hd__dfxtp_1)
                         -0.04   13.71   library setup time
                                 13.71   data required time
-----------------------------------------------------------------------------
                                 13.71   data required time
                                 -8.13   data arrival time
-----------------------------------------------------------------------------
                                  5.57   slack (MET)


Startpoint: _3178_ (rising edge-triggered flip-flop clocked by clk')
Endpoint: _3200_ (rising edge-triggered flip-flop clocked by clk)
Path Group: clk
Path Type: max

Fanout     Cap    Slew   Delay    Time   Description
-----------------------------------------------------------------------------
                  0.15    7.00    7.00   clock clk' (rise edge)
                          0.00    7.00   clock network delay (ideal)
                  0.15    0.00    7.00 ^ _3178_/CLK (sky130_fd_sc_hd__dfxtp_2)
     4    0.03    0.15    0.45    7.45 ^ _3178_/Q (sky130_fd_sc_hd__dfxtp_2)
                                         i_spi_reg.falling_edge_detector_sof.rstb (net)
                  0.15    0.00    7.45 ^ fanout18/A (sky130_fd_sc_hd__buf_4)
    10    0.05    0.15    0.23    7.69 ^ fanout18/X (sky130_fd_sc_hd__buf_4)
                                         net18 (net)
                  0.15    0.00    7.69 ^ _1632_/A (sky130_fd_sc_hd__clkinv_4)
     9    0.04    0.10    0.13    7.82 v _1632_/Y (sky130_fd_sc_hd__clkinv_4)
                                         _1326_ (net)
                  0.10    0.00    7.82 v _1645_/A (sky130_fd_sc_hd__buf_2)
    10    0.03    0.08    0.21    8.03 v _1645_/X (sky130_fd_sc_hd__buf_2)
                                         _1331_ (net)
                  0.08    0.00    8.03 v _1671_/A (sky130_fd_sc_hd__nor2_1)
     1    0.00    0.07    0.10    8.13 ^ _1671_/Y (sky130_fd_sc_hd__nor2_1)
                                         _0021_ (net)
                  0.07    0.00    8.13 ^ _3200_/D (sky130_fd_sc_hd__dfxtp_1)
                                  8.13   data arrival time

                  0.15   14.00   14.00   clock clk (rise edge)
                          0.00   14.00   clock network delay (ideal)
                         -0.25   13.75   clock uncertainty
                          0.00   13.75   clock reconvergence pessimism
                                 13.75 ^ _3200_/CLK (sky130_fd_sc_hd__dfxtp_1)
                         -0.04   13.71   library setup time
                                 13.71   data required time
-----------------------------------------------------------------------------
                                 13.71   data required time
                                 -8.13   data arrival time
-----------------------------------------------------------------------------
                                  5.57   slack (MET)


Startpoint: _3178_ (rising edge-triggered flip-flop clocked by clk')
Endpoint: _3211_ (rising edge-triggered flip-flop clocked by clk)
Path Group: clk
Path Type: max

Fanout     Cap    Slew   Delay    Time   Description
-----------------------------------------------------------------------------
                  0.15    7.00    7.00   clock clk' (rise edge)
                          0.00    7.00   clock network delay (ideal)
                  0.15    0.00    7.00 ^ _3178_/CLK (sky130_fd_sc_hd__dfxtp_2)
     4    0.03    0.15    0.45    7.45 ^ _3178_/Q (sky130_fd_sc_hd__dfxtp_2)
                                         i_spi_reg.falling_edge_detector_sof.rstb (net)
                  0.15    0.00    7.45 ^ fanout18/A (sky130_fd_sc_hd__buf_4)
    10    0.05    0.15    0.23    7.69 ^ fanout18/X (sky130_fd_sc_hd__buf_4)
                                         net18 (net)
                  0.15    0.00    7.69 ^ _1632_/A (sky130_fd_sc_hd__clkinv_4)
     9    0.04    0.10    0.13    7.82 v _1632_/Y (sky130_fd_sc_hd__clkinv_4)
                                         _1326_ (net)
                  0.10    0.00    7.82 v _1674_/A (sky130_fd_sc_hd__buf_2)
    10    0.03    0.08    0.21    8.03 v _1674_/X (sky130_fd_sc_hd__buf_2)
                                         _1348_ (net)
                  0.08    0.00    8.03 v _1694_/A (sky130_fd_sc_hd__nor2_1)
     1    0.00    0.07    0.10    8.13 ^ _1694_/Y (sky130_fd_sc_hd__nor2_1)
                                         _0032_ (net)
                  0.07    0.00    8.13 ^ _3211_/D (sky130_fd_sc_hd__dfxtp_1)
                                  8.13   data arrival time

                  0.15   14.00   14.00   clock clk (rise edge)
                          0.00   14.00   clock network delay (ideal)
                         -0.25   13.75   clock uncertainty
                          0.00   13.75   clock reconvergence pessimism
                                 13.75 ^ _3211_/CLK (sky130_fd_sc_hd__dfxtp_1)
                         -0.04   13.71   library setup time
                                 13.71   data required time
-----------------------------------------------------------------------------
                                 13.71   data required time
                                 -8.13   data arrival time
-----------------------------------------------------------------------------
                                  5.57   slack (MET)


Startpoint: _3178_ (rising edge-triggered flip-flop clocked by clk')
Endpoint: _3204_ (rising edge-triggered flip-flop clocked by clk)
Path Group: clk
Path Type: max

Fanout     Cap    Slew   Delay    Time   Description
-----------------------------------------------------------------------------
                  0.15    7.00    7.00   clock clk' (rise edge)
                          0.00    7.00   clock network delay (ideal)
                  0.15    0.00    7.00 ^ _3178_/CLK (sky130_fd_sc_hd__dfxtp_2)
     4    0.03    0.15    0.45    7.45 ^ _3178_/Q (sky130_fd_sc_hd__dfxtp_2)
                                         i_spi_reg.falling_edge_detector_sof.rstb (net)
                  0.15    0.00    7.45 ^ fanout18/A (sky130_fd_sc_hd__buf_4)
    10    0.05    0.15    0.23    7.69 ^ fanout18/X (sky130_fd_sc_hd__buf_4)
                                         net18 (net)
                  0.15    0.00    7.69 ^ _1632_/A (sky130_fd_sc_hd__clkinv_4)
     9    0.04    0.10    0.13    7.82 v _1632_/Y (sky130_fd_sc_hd__clkinv_4)
                                         _1326_ (net)
                  0.10    0.00    7.82 v _1674_/A (sky130_fd_sc_hd__buf_2)
    10    0.03    0.08    0.21    8.03 v _1674_/X (sky130_fd_sc_hd__buf_2)
                                         _1348_ (net)
                  0.08    0.00    8.03 v _1680_/A (sky130_fd_sc_hd__nor2_1)
     1    0.00    0.07    0.10    8.13 ^ _1680_/Y (sky130_fd_sc_hd__nor2_1)
                                         _0025_ (net)
                  0.07    0.00    8.13 ^ _3204_/D (sky130_fd_sc_hd__dfxtp_1)
                                  8.13   data arrival time

                  0.15   14.00   14.00   clock clk (rise edge)
                          0.00   14.00   clock network delay (ideal)
                         -0.25   13.75   clock uncertainty
                          0.00   13.75   clock reconvergence pessimism
                                 13.75 ^ _3204_/CLK (sky130_fd_sc_hd__dfxtp_1)
                         -0.04   13.71   library setup time
                                 13.71   data required time
-----------------------------------------------------------------------------
                                 13.71   data required time
                                 -8.13   data arrival time
-----------------------------------------------------------------------------
                                  5.57   slack (MET)


Startpoint: _3178_ (rising edge-triggered flip-flop clocked by clk')
Endpoint: _3212_ (rising edge-triggered flip-flop clocked by clk)
Path Group: clk
Path Type: max

Fanout     Cap    Slew   Delay    Time   Description
-----------------------------------------------------------------------------
                  0.15    7.00    7.00   clock clk' (rise edge)
                          0.00    7.00   clock network delay (ideal)
                  0.15    0.00    7.00 ^ _3178_/CLK (sky130_fd_sc_hd__dfxtp_2)
     4    0.03    0.15    0.45    7.45 ^ _3178_/Q (sky130_fd_sc_hd__dfxtp_2)
                                         i_spi_reg.falling_edge_detector_sof.rstb (net)
                  0.15    0.00    7.45 ^ fanout18/A (sky130_fd_sc_hd__buf_4)
    10    0.05    0.15    0.23    7.69 ^ fanout18/X (sky130_fd_sc_hd__buf_4)
                                         net18 (net)
                  0.15    0.00    7.69 ^ _1632_/A (sky130_fd_sc_hd__clkinv_4)
     9    0.04    0.10    0.13    7.82 v _1632_/Y (sky130_fd_sc_hd__clkinv_4)
                                         _1326_ (net)
                  0.10    0.00    7.82 v _1674_/A (sky130_fd_sc_hd__buf_2)
    10    0.03    0.08    0.21    8.03 v _1674_/X (sky130_fd_sc_hd__buf_2)
                                         _1348_ (net)
                  0.08    0.00    8.03 v _1696_/A (sky130_fd_sc_hd__nor2_1)
     1    0.00    0.07    0.10    8.13 ^ _1696_/Y (sky130_fd_sc_hd__nor2_1)
                                         _0033_ (net)
                  0.07    0.00    8.13 ^ _3212_/D (sky130_fd_sc_hd__dfxtp_1)
                                  8.13   data arrival time

                  0.15   14.00   14.00   clock clk (rise edge)
                          0.00   14.00   clock network delay (ideal)
                         -0.25   13.75   clock uncertainty
                          0.00   13.75   clock reconvergence pessimism
                                 13.75 ^ _3212_/CLK (sky130_fd_sc_hd__dfxtp_1)
                         -0.04   13.71   library setup time
                                 13.71   data required time
-----------------------------------------------------------------------------
                                 13.71   data required time
                                 -8.13   data arrival time
-----------------------------------------------------------------------------
                                  5.57   slack (MET)


Startpoint: _3178_ (rising edge-triggered flip-flop clocked by clk')
Endpoint: _3233_ (rising edge-triggered flip-flop clocked by clk)
Path Group: clk
Path Type: max

Fanout     Cap    Slew   Delay    Time   Description
-----------------------------------------------------------------------------
                  0.15    7.00    7.00   clock clk' (rise edge)
                          0.00    7.00   clock network delay (ideal)
                  0.15    0.00    7.00 ^ _3178_/CLK (sky130_fd_sc_hd__dfxtp_2)
     4    0.03    0.15    0.45    7.45 ^ _3178_/Q (sky130_fd_sc_hd__dfxtp_2)
                                         i_spi_reg.falling_edge_detector_sof.rstb (net)
                  0.15    0.00    7.45 ^ fanout18/A (sky130_fd_sc_hd__buf_4)
    10    0.05    0.15    0.23    7.69 ^ fanout18/X (sky130_fd_sc_hd__buf_4)
                                         net18 (net)
                  0.15    0.00    7.69 ^ _1632_/A (sky130_fd_sc_hd__clkinv_4)
     9    0.04    0.10    0.13    7.82 v _1632_/Y (sky130_fd_sc_hd__clkinv_4)
                                         _1326_ (net)
                  0.10    0.00    7.82 v _1894_/B1 (sky130_fd_sc_hd__a31o_1)
     1    0.00    0.04    0.21    8.03 v _1894_/X (sky130_fd_sc_hd__a31o_1)
                                         _1537_ (net)
                  0.04    0.00    8.03 v _1895_/B1 (sky130_fd_sc_hd__a21oi_1)
     1    0.00    0.09    0.10    8.13 ^ _1895_/Y (sky130_fd_sc_hd__a21oi_1)
                                         _0054_ (net)
                  0.09    0.00    8.13 ^ _3233_/D (sky130_fd_sc_hd__dfxtp_1)
                                  8.13   data arrival time

                  0.15   14.00   14.00   clock clk (rise edge)
                          0.00   14.00   clock network delay (ideal)
                         -0.25   13.75   clock uncertainty
                          0.00   13.75   clock reconvergence pessimism
                                 13.75 ^ _3233_/CLK (sky130_fd_sc_hd__dfxtp_1)
                         -0.05   13.70   library setup time
                                 13.70   data required time
-----------------------------------------------------------------------------
                                 13.70   data required time
                                 -8.13   data arrival time
-----------------------------------------------------------------------------
                                  5.57   slack (MET)


Startpoint: _3178_ (rising edge-triggered flip-flop clocked by clk')
Endpoint: _3490_ (recovery check against rising-edge clock clk)
Path Group: asynchronous
Path Type: max

Fanout     Cap    Slew   Delay    Time   Description
-----------------------------------------------------------------------------
                  0.15    7.00    7.00   clock clk' (rise edge)
                          0.00    7.00   clock network delay (ideal)
                  0.15    0.00    7.00 ^ _3178_/CLK (sky130_fd_sc_hd__dfxtp_2)
     4    0.03    0.15    0.45    7.45 ^ _3178_/Q (sky130_fd_sc_hd__dfxtp_2)
                                         i_spi_reg.falling_edge_detector_sof.rstb (net)
                  0.15    0.00    7.46 ^ fanout23/A (sky130_fd_sc_hd__buf_2)
     6    0.03    0.14    0.22    7.68 ^ fanout23/X (sky130_fd_sc_hd__buf_2)
                                         net23 (net)
                  0.14    0.00    7.68 ^ fanout22/A (sky130_fd_sc_hd__clkbuf_4)
    10    0.04    0.14    0.25    7.93 ^ fanout22/X (sky130_fd_sc_hd__clkbuf_4)
                                         net22 (net)
                  0.14    0.00    7.93 ^ _3490_/RESET_B (sky130_fd_sc_hd__dfrtp_4)
                                  7.93   data arrival time

                  0.15   14.00   14.00   clock clk (rise edge)
                          0.00   14.00   clock network delay (ideal)
                         -0.25   13.75   clock uncertainty
                          0.00   13.75   clock reconvergence pessimism
                                 13.75 ^ _3490_/CLK (sky130_fd_sc_hd__dfrtp_4)
                          0.22   13.97   library recovery time
                                 13.97   data required time
-----------------------------------------------------------------------------
                                 13.97   data required time
                                 -7.93   data arrival time
-----------------------------------------------------------------------------
                                  6.04   slack (MET)


Startpoint: _3178_ (rising edge-triggered flip-flop clocked by clk')
Endpoint: _3487_ (recovery check against rising-edge clock clk)
Path Group: asynchronous
Path Type: max

Fanout     Cap    Slew   Delay    Time   Description
-----------------------------------------------------------------------------
                  0.15    7.00    7.00   clock clk' (rise edge)
                          0.00    7.00   clock network delay (ideal)
                  0.15    0.00    7.00 ^ _3178_/CLK (sky130_fd_sc_hd__dfxtp_2)
     4    0.03    0.15    0.45    7.45 ^ _3178_/Q (sky130_fd_sc_hd__dfxtp_2)
                                         i_spi_reg.falling_edge_detector_sof.rstb (net)
                  0.15    0.00    7.46 ^ fanout23/A (sky130_fd_sc_hd__buf_2)
     6    0.03    0.14    0.22    7.68 ^ fanout23/X (sky130_fd_sc_hd__buf_2)
                                         net23 (net)
                  0.14    0.00    7.68 ^ fanout22/A (sky130_fd_sc_hd__clkbuf_4)
    10    0.04    0.14    0.25    7.93 ^ fanout22/X (sky130_fd_sc_hd__clkbuf_4)
                                         net22 (net)
                  0.14    0.00    7.93 ^ _3487_/RESET_B (sky130_fd_sc_hd__dfrtp_4)
                                  7.93   data arrival time

                  0.15   14.00   14.00   clock clk (rise edge)
                          0.00   14.00   clock network delay (ideal)
                         -0.25   13.75   clock uncertainty
                          0.00   13.75   clock reconvergence pessimism
                                 13.75 ^ _3487_/CLK (sky130_fd_sc_hd__dfrtp_4)
                          0.22   13.97   library recovery time
                                 13.97   data required time
-----------------------------------------------------------------------------
                                 13.97   data required time
                                 -7.93   data arrival time
-----------------------------------------------------------------------------
                                  6.04   slack (MET)


Startpoint: _3178_ (rising edge-triggered flip-flop clocked by clk')
Endpoint: _3486_ (recovery check against rising-edge clock clk)
Path Group: asynchronous
Path Type: max

Fanout     Cap    Slew   Delay    Time   Description
-----------------------------------------------------------------------------
                  0.15    7.00    7.00   clock clk' (rise edge)
                          0.00    7.00   clock network delay (ideal)
                  0.15    0.00    7.00 ^ _3178_/CLK (sky130_fd_sc_hd__dfxtp_2)
     4    0.03    0.15    0.45    7.45 ^ _3178_/Q (sky130_fd_sc_hd__dfxtp_2)
                                         i_spi_reg.falling_edge_detector_sof.rstb (net)
                  0.15    0.00    7.46 ^ fanout23/A (sky130_fd_sc_hd__buf_2)
     6    0.03    0.14    0.22    7.68 ^ fanout23/X (sky130_fd_sc_hd__buf_2)
                                         net23 (net)
                  0.14    0.00    7.68 ^ fanout22/A (sky130_fd_sc_hd__clkbuf_4)
    10    0.04    0.14    0.25    7.93 ^ fanout22/X (sky130_fd_sc_hd__clkbuf_4)
                                         net22 (net)
                  0.14    0.00    7.93 ^ _3486_/RESET_B (sky130_fd_sc_hd__dfrtp_4)
                                  7.93   data arrival time

                  0.15   14.00   14.00   clock clk (rise edge)
                          0.00   14.00   clock network delay (ideal)
                         -0.25   13.75   clock uncertainty
                          0.00   13.75   clock reconvergence pessimism
                                 13.75 ^ _3486_/CLK (sky130_fd_sc_hd__dfrtp_4)
                          0.22   13.97   library recovery time
                                 13.97   data required time
-----------------------------------------------------------------------------
                                 13.97   data required time
                                 -7.93   data arrival time
-----------------------------------------------------------------------------
                                  6.04   slack (MET)


Startpoint: _3178_ (rising edge-triggered flip-flop clocked by clk')
Endpoint: _3488_ (recovery check against rising-edge clock clk)
Path Group: asynchronous
Path Type: max

Fanout     Cap    Slew   Delay    Time   Description
-----------------------------------------------------------------------------
                  0.15    7.00    7.00   clock clk' (rise edge)
                          0.00    7.00   clock network delay (ideal)
                  0.15    0.00    7.00 ^ _3178_/CLK (sky130_fd_sc_hd__dfxtp_2)
     4    0.03    0.15    0.45    7.45 ^ _3178_/Q (sky130_fd_sc_hd__dfxtp_2)
                                         i_spi_reg.falling_edge_detector_sof.rstb (net)
                  0.15    0.00    7.46 ^ fanout23/A (sky130_fd_sc_hd__buf_2)
     6    0.03    0.14    0.22    7.68 ^ fanout23/X (sky130_fd_sc_hd__buf_2)
                                         net23 (net)
                  0.14    0.00    7.68 ^ fanout22/A (sky130_fd_sc_hd__clkbuf_4)
    10    0.04    0.14    0.25    7.93 ^ fanout22/X (sky130_fd_sc_hd__clkbuf_4)
                                         net22 (net)
                  0.14    0.00    7.93 ^ _3488_/RESET_B (sky130_fd_sc_hd__dfrtp_4)
                                  7.93   data arrival time

                  0.15   14.00   14.00   clock clk (rise edge)
                          0.00   14.00   clock network delay (ideal)
                         -0.25   13.75   clock uncertainty
                          0.00   13.75   clock reconvergence pessimism
                                 13.75 ^ _3488_/CLK (sky130_fd_sc_hd__dfrtp_4)
                          0.22   13.97   library recovery time
                                 13.97   data required time
-----------------------------------------------------------------------------
                                 13.97   data required time
                                 -7.93   data arrival time
-----------------------------------------------------------------------------
                                  6.04   slack (MET)


Startpoint: _3178_ (rising edge-triggered flip-flop clocked by clk')
Endpoint: _3489_ (recovery check against rising-edge clock clk)
Path Group: asynchronous
Path Type: max

Fanout     Cap    Slew   Delay    Time   Description
-----------------------------------------------------------------------------
                  0.15    7.00    7.00   clock clk' (rise edge)
                          0.00    7.00   clock network delay (ideal)
                  0.15    0.00    7.00 ^ _3178_/CLK (sky130_fd_sc_hd__dfxtp_2)
     4    0.03    0.15    0.45    7.45 ^ _3178_/Q (sky130_fd_sc_hd__dfxtp_2)
                                         i_spi_reg.falling_edge_detector_sof.rstb (net)
                  0.15    0.00    7.46 ^ fanout23/A (sky130_fd_sc_hd__buf_2)
     6    0.03    0.14    0.22    7.68 ^ fanout23/X (sky130_fd_sc_hd__buf_2)
                                         net23 (net)
                  0.14    0.00    7.68 ^ fanout22/A (sky130_fd_sc_hd__clkbuf_4)
    10    0.04    0.14    0.25    7.93 ^ fanout22/X (sky130_fd_sc_hd__clkbuf_4)
                                         net22 (net)
                  0.14    0.00    7.93 ^ _3489_/RESET_B (sky130_fd_sc_hd__dfrtp_4)
                                  7.93   data arrival time

                  0.15   14.00   14.00   clock clk (rise edge)
                          0.00   14.00   clock network delay (ideal)
                         -0.25   13.75   clock uncertainty
                          0.00   13.75   clock reconvergence pessimism
                                 13.75 ^ _3489_/CLK (sky130_fd_sc_hd__dfrtp_4)
                          0.22   13.97   library recovery time
                                 13.97   data required time
-----------------------------------------------------------------------------
                                 13.97   data required time
                                 -7.93   data arrival time
-----------------------------------------------------------------------------
                                  6.04   slack (MET)


Startpoint: _3178_ (rising edge-triggered flip-flop clocked by clk')
Endpoint: _3485_ (recovery check against rising-edge clock clk)
Path Group: asynchronous
Path Type: max

Fanout     Cap    Slew   Delay    Time   Description
-----------------------------------------------------------------------------
                  0.15    7.00    7.00   clock clk' (rise edge)
                          0.00    7.00   clock network delay (ideal)
                  0.15    0.00    7.00 ^ _3178_/CLK (sky130_fd_sc_hd__dfxtp_2)
     4    0.03    0.15    0.45    7.45 ^ _3178_/Q (sky130_fd_sc_hd__dfxtp_2)
                                         i_spi_reg.falling_edge_detector_sof.rstb (net)
                  0.15    0.00    7.46 ^ fanout23/A (sky130_fd_sc_hd__buf_2)
     6    0.03    0.14    0.22    7.68 ^ fanout23/X (sky130_fd_sc_hd__buf_2)
                                         net23 (net)
                  0.14    0.00    7.68 ^ fanout22/A (sky130_fd_sc_hd__clkbuf_4)
    10    0.04    0.14    0.25    7.93 ^ fanout22/X (sky130_fd_sc_hd__clkbuf_4)
                                         net22 (net)
                  0.14    0.00    7.93 ^ _3485_/RESET_B (sky130_fd_sc_hd__dfrtp_4)
                                  7.93   data arrival time

                  0.15   14.00   14.00   clock clk (rise edge)
                          0.00   14.00   clock network delay (ideal)
                         -0.25   13.75   clock uncertainty
                          0.00   13.75   clock reconvergence pessimism
                                 13.75 ^ _3485_/CLK (sky130_fd_sc_hd__dfrtp_4)
                          0.22   13.97   library recovery time
                                 13.97   data required time
-----------------------------------------------------------------------------
                                 13.97   data required time
                                 -7.93   data arrival time
-----------------------------------------------------------------------------
                                  6.04   slack (MET)


Startpoint: _3178_ (rising edge-triggered flip-flop clocked by clk')
Endpoint: _3484_ (recovery check against rising-edge clock clk)
Path Group: asynchronous
Path Type: max

Fanout     Cap    Slew   Delay    Time   Description
-----------------------------------------------------------------------------
                  0.15    7.00    7.00   clock clk' (rise edge)
                          0.00    7.00   clock network delay (ideal)
                  0.15    0.00    7.00 ^ _3178_/CLK (sky130_fd_sc_hd__dfxtp_2)
     4    0.03    0.15    0.45    7.45 ^ _3178_/Q (sky130_fd_sc_hd__dfxtp_2)
                                         i_spi_reg.falling_edge_detector_sof.rstb (net)
                  0.15    0.00    7.46 ^ fanout23/A (sky130_fd_sc_hd__buf_2)
     6    0.03    0.14    0.22    7.68 ^ fanout23/X (sky130_fd_sc_hd__buf_2)
                                         net23 (net)
                  0.14    0.00    7.68 ^ fanout22/A (sky130_fd_sc_hd__clkbuf_4)
    10    0.04    0.14    0.25    7.93 ^ fanout22/X (sky130_fd_sc_hd__clkbuf_4)
                                         net22 (net)
                  0.14    0.00    7.93 ^ _3484_/RESET_B (sky130_fd_sc_hd__dfrtp_4)
                                  7.93   data arrival time

                  0.15   14.00   14.00   clock clk (rise edge)
                          0.00   14.00   clock network delay (ideal)
                         -0.25   13.75   clock uncertainty
                          0.00   13.75   clock reconvergence pessimism
                                 13.75 ^ _3484_/CLK (sky130_fd_sc_hd__dfrtp_4)
                          0.22   13.97   library recovery time
                                 13.97   data required time
-----------------------------------------------------------------------------
                                 13.97   data required time
                                 -7.93   data arrival time
-----------------------------------------------------------------------------
                                  6.04   slack (MET)


Startpoint: _3178_ (rising edge-triggered flip-flop clocked by clk')
Endpoint: _3483_ (recovery check against rising-edge clock clk)
Path Group: asynchronous
Path Type: max

Fanout     Cap    Slew   Delay    Time   Description
-----------------------------------------------------------------------------
                  0.15    7.00    7.00   clock clk' (rise edge)
                          0.00    7.00   clock network delay (ideal)
                  0.15    0.00    7.00 ^ _3178_/CLK (sky130_fd_sc_hd__dfxtp_2)
     4    0.03    0.15    0.45    7.45 ^ _3178_/Q (sky130_fd_sc_hd__dfxtp_2)
                                         i_spi_reg.falling_edge_detector_sof.rstb (net)
                  0.15    0.00    7.46 ^ fanout23/A (sky130_fd_sc_hd__buf_2)
     6    0.03    0.14    0.22    7.68 ^ fanout23/X (sky130_fd_sc_hd__buf_2)
                                         net23 (net)
                  0.14    0.00    7.68 ^ fanout22/A (sky130_fd_sc_hd__clkbuf_4)
    10    0.04    0.14    0.25    7.93 ^ fanout22/X (sky130_fd_sc_hd__clkbuf_4)
                                         net22 (net)
                  0.14    0.00    7.93 ^ _3483_/RESET_B (sky130_fd_sc_hd__dfrtp_4)
                                  7.93   data arrival time

                  0.15   14.00   14.00   clock clk (rise edge)
                          0.00   14.00   clock network delay (ideal)
                         -0.25   13.75   clock uncertainty
                          0.00   13.75   clock reconvergence pessimism
                                 13.75 ^ _3483_/CLK (sky130_fd_sc_hd__dfrtp_4)
                          0.22   13.97   library recovery time
                                 13.97   data required time
-----------------------------------------------------------------------------
                                 13.97   data required time
                                 -7.93   data arrival time
-----------------------------------------------------------------------------
                                  6.04   slack (MET)


Startpoint: _3178_ (rising edge-triggered flip-flop clocked by clk')
Endpoint: _3482_ (recovery check against rising-edge clock clk)
Path Group: asynchronous
Path Type: max

Fanout     Cap    Slew   Delay    Time   Description
-----------------------------------------------------------------------------
                  0.15    7.00    7.00   clock clk' (rise edge)
                          0.00    7.00   clock network delay (ideal)
                  0.15    0.00    7.00 ^ _3178_/CLK (sky130_fd_sc_hd__dfxtp_2)
     4    0.03    0.15    0.45    7.45 ^ _3178_/Q (sky130_fd_sc_hd__dfxtp_2)
                                         i_spi_reg.falling_edge_detector_sof.rstb (net)
                  0.15    0.00    7.46 ^ fanout23/A (sky130_fd_sc_hd__buf_2)
     6    0.03    0.14    0.22    7.68 ^ fanout23/X (sky130_fd_sc_hd__buf_2)
                                         net23 (net)
                  0.14    0.00    7.68 ^ fanout22/A (sky130_fd_sc_hd__clkbuf_4)
    10    0.04    0.14    0.25    7.93 ^ fanout22/X (sky130_fd_sc_hd__clkbuf_4)
                                         net22 (net)
                  0.14    0.00    7.93 ^ _3482_/RESET_B (sky130_fd_sc_hd__dfrtp_4)
                                  7.93   data arrival time

                  0.15   14.00   14.00   clock clk (rise edge)
                          0.00   14.00   clock network delay (ideal)
                         -0.25   13.75   clock uncertainty
                          0.00   13.75   clock reconvergence pessimism
                                 13.75 ^ _3482_/CLK (sky130_fd_sc_hd__dfrtp_4)
                          0.22   13.97   library recovery time
                                 13.97   data required time
-----------------------------------------------------------------------------
                                 13.97   data required time
                                 -7.93   data arrival time
-----------------------------------------------------------------------------
                                  6.04   slack (MET)


Startpoint: _3178_ (rising edge-triggered flip-flop clocked by clk')
Endpoint: _3481_ (recovery check against rising-edge clock clk)
Path Group: asynchronous
Path Type: max

Fanout     Cap    Slew   Delay    Time   Description
-----------------------------------------------------------------------------
                  0.15    7.00    7.00   clock clk' (rise edge)
                          0.00    7.00   clock network delay (ideal)
                  0.15    0.00    7.00 ^ _3178_/CLK (sky130_fd_sc_hd__dfxtp_2)
     4    0.03    0.15    0.45    7.45 ^ _3178_/Q (sky130_fd_sc_hd__dfxtp_2)
                                         i_spi_reg.falling_edge_detector_sof.rstb (net)
                  0.15    0.00    7.46 ^ fanout23/A (sky130_fd_sc_hd__buf_2)
     6    0.03    0.14    0.22    7.68 ^ fanout23/X (sky130_fd_sc_hd__buf_2)
                                         net23 (net)
                  0.14    0.00    7.68 ^ fanout22/A (sky130_fd_sc_hd__clkbuf_4)
    10    0.04    0.14    0.25    7.93 ^ fanout22/X (sky130_fd_sc_hd__clkbuf_4)
                                         net22 (net)
                  0.14    0.00    7.93 ^ _3481_/RESET_B (sky130_fd_sc_hd__dfrtp_4)
                                  7.93   data arrival time

                  0.15   14.00   14.00   clock clk (rise edge)
                          0.00   14.00   clock network delay (ideal)
                         -0.25   13.75   clock uncertainty
                          0.00   13.75   clock reconvergence pessimism
                                 13.75 ^ _3481_/CLK (sky130_fd_sc_hd__dfrtp_4)
                          0.22   13.97   library recovery time
                                 13.97   data required time
-----------------------------------------------------------------------------
                                 13.97   data required time
                                 -7.93   data arrival time
-----------------------------------------------------------------------------
                                  6.04   slack (MET)


Startpoint: _3178_ (rising edge-triggered flip-flop clocked by clk')
Endpoint: _3411_ (recovery check against rising-edge clock clk)
Path Group: asynchronous
Path Type: max

Fanout     Cap    Slew   Delay    Time   Description
-----------------------------------------------------------------------------
                  0.15    7.00    7.00   clock clk' (rise edge)
                          0.00    7.00   clock network delay (ideal)
                  0.15    0.00    7.00 ^ _3178_/CLK (sky130_fd_sc_hd__dfxtp_2)
     4    0.03    0.15    0.45    7.45 ^ _3178_/Q (sky130_fd_sc_hd__dfxtp_2)
                                         i_spi_reg.falling_edge_detector_sof.rstb (net)
                  0.15    0.00    7.45 ^ fanout18/A (sky130_fd_sc_hd__buf_4)
    10    0.05    0.15    0.23    7.69 ^ fanout18/X (sky130_fd_sc_hd__buf_4)
                                         net18 (net)
                  0.15    0.00    7.69 ^ fanout17/A (sky130_fd_sc_hd__clkbuf_4)
    10    0.04    0.13    0.25    7.94 ^ fanout17/X (sky130_fd_sc_hd__clkbuf_4)
                                         net17 (net)
                  0.13    0.00    7.94 ^ _3411_/RESET_B (sky130_fd_sc_hd__dfrtp_2)
                                  7.94   data arrival time

                  0.15   14.00   14.00   clock clk (rise edge)
                          0.00   14.00   clock network delay (ideal)
                         -0.25   13.75   clock uncertainty
                          0.00   13.75   clock reconvergence pessimism
                                 13.75 ^ _3411_/CLK (sky130_fd_sc_hd__dfrtp_2)
                          0.23   13.98   library recovery time
                                 13.98   data required time
-----------------------------------------------------------------------------
                                 13.98   data required time
                                 -7.94   data arrival time
-----------------------------------------------------------------------------
                                  6.04   slack (MET)


Startpoint: _3178_ (rising edge-triggered flip-flop clocked by clk')
Endpoint: _3478_ (recovery check against rising-edge clock clk)
Path Group: asynchronous
Path Type: max

Fanout     Cap    Slew   Delay    Time   Description
-----------------------------------------------------------------------------
                  0.15    7.00    7.00   clock clk' (rise edge)
                          0.00    7.00   clock network delay (ideal)
                  0.15    0.00    7.00 ^ _3178_/CLK (sky130_fd_sc_hd__dfxtp_2)
     4    0.03    0.15    0.45    7.45 ^ _3178_/Q (sky130_fd_sc_hd__dfxtp_2)
                                         i_spi_reg.falling_edge_detector_sof.rstb (net)
                  0.15    0.00    7.46 ^ fanout23/A (sky130_fd_sc_hd__buf_2)
     6    0.03    0.14    0.22    7.68 ^ fanout23/X (sky130_fd_sc_hd__buf_2)
                                         net23 (net)
                  0.14    0.00    7.68 ^ fanout20/A (sky130_fd_sc_hd__clkbuf_4)
    10    0.04    0.14    0.25    7.93 ^ fanout20/X (sky130_fd_sc_hd__clkbuf_4)
                                         net20 (net)
                  0.14    0.00    7.93 ^ _3478_/RESET_B (sky130_fd_sc_hd__dfrtp_4)
                                  7.93   data arrival time

                  0.15   14.00   14.00   clock clk (rise edge)
                          0.00   14.00   clock network delay (ideal)
                         -0.25   13.75   clock uncertainty
                          0.00   13.75   clock reconvergence pessimism
                                 13.75 ^ _3478_/CLK (sky130_fd_sc_hd__dfrtp_4)
                          0.22   13.97   library recovery time
                                 13.97   data required time
-----------------------------------------------------------------------------
                                 13.97   data required time
                                 -7.93   data arrival time
-----------------------------------------------------------------------------
                                  6.04   slack (MET)


Startpoint: _3178_ (rising edge-triggered flip-flop clocked by clk')
Endpoint: _3477_ (recovery check against rising-edge clock clk)
Path Group: asynchronous
Path Type: max

Fanout     Cap    Slew   Delay    Time   Description
-----------------------------------------------------------------------------
                  0.15    7.00    7.00   clock clk' (rise edge)
                          0.00    7.00   clock network delay (ideal)
                  0.15    0.00    7.00 ^ _3178_/CLK (sky130_fd_sc_hd__dfxtp_2)
     4    0.03    0.15    0.45    7.45 ^ _3178_/Q (sky130_fd_sc_hd__dfxtp_2)
                                         i_spi_reg.falling_edge_detector_sof.rstb (net)
                  0.15    0.00    7.46 ^ fanout23/A (sky130_fd_sc_hd__buf_2)
     6    0.03    0.14    0.22    7.68 ^ fanout23/X (sky130_fd_sc_hd__buf_2)
                                         net23 (net)
                  0.14    0.00    7.68 ^ fanout20/A (sky130_fd_sc_hd__clkbuf_4)
    10    0.04    0.14    0.25    7.93 ^ fanout20/X (sky130_fd_sc_hd__clkbuf_4)
                                         net20 (net)
                  0.14    0.00    7.93 ^ _3477_/RESET_B (sky130_fd_sc_hd__dfrtp_4)
                                  7.93   data arrival time

                  0.15   14.00   14.00   clock clk (rise edge)
                          0.00   14.00   clock network delay (ideal)
                         -0.25   13.75   clock uncertainty
                          0.00   13.75   clock reconvergence pessimism
                                 13.75 ^ _3477_/CLK (sky130_fd_sc_hd__dfrtp_4)
                          0.22   13.97   library recovery time
                                 13.97   data required time
-----------------------------------------------------------------------------
                                 13.97   data required time
                                 -7.93   data arrival time
-----------------------------------------------------------------------------
                                  6.04   slack (MET)


Startpoint: _3178_ (rising edge-triggered flip-flop clocked by clk')
Endpoint: _3480_ (recovery check against rising-edge clock clk)
Path Group: asynchronous
Path Type: max

Fanout     Cap    Slew   Delay    Time   Description
-----------------------------------------------------------------------------
                  0.15    7.00    7.00   clock clk' (rise edge)
                          0.00    7.00   clock network delay (ideal)
                  0.15    0.00    7.00 ^ _3178_/CLK (sky130_fd_sc_hd__dfxtp_2)
     4    0.03    0.15    0.45    7.45 ^ _3178_/Q (sky130_fd_sc_hd__dfxtp_2)
                                         i_spi_reg.falling_edge_detector_sof.rstb (net)
                  0.15    0.00    7.46 ^ fanout23/A (sky130_fd_sc_hd__buf_2)
     6    0.03    0.14    0.22    7.68 ^ fanout23/X (sky130_fd_sc_hd__buf_2)
                                         net23 (net)
                  0.14    0.00    7.68 ^ fanout20/A (sky130_fd_sc_hd__clkbuf_4)
    10    0.04    0.14    0.25    7.93 ^ fanout20/X (sky130_fd_sc_hd__clkbuf_4)
                                         net20 (net)
                  0.14    0.00    7.93 ^ _3480_/RESET_B (sky130_fd_sc_hd__dfrtp_4)
                                  7.93   data arrival time

                  0.15   14.00   14.00   clock clk (rise edge)
                          0.00   14.00   clock network delay (ideal)
                         -0.25   13.75   clock uncertainty
                          0.00   13.75   clock reconvergence pessimism
                                 13.75 ^ _3480_/CLK (sky130_fd_sc_hd__dfrtp_4)
                          0.22   13.97   library recovery time
                                 13.97   data required time
-----------------------------------------------------------------------------
                                 13.97   data required time
                                 -7.93   data arrival time
-----------------------------------------------------------------------------
                                  6.04   slack (MET)


Startpoint: _3178_ (rising edge-triggered flip-flop clocked by clk')
Endpoint: _3449_ (recovery check against rising-edge clock clk)
Path Group: asynchronous
Path Type: max

Fanout     Cap    Slew   Delay    Time   Description
-----------------------------------------------------------------------------
                  0.15    7.00    7.00   clock clk' (rise edge)
                          0.00    7.00   clock network delay (ideal)
                  0.15    0.00    7.00 ^ _3178_/CLK (sky130_fd_sc_hd__dfxtp_2)
     4    0.03    0.15    0.45    7.45 ^ _3178_/Q (sky130_fd_sc_hd__dfxtp_2)
                                         i_spi_reg.falling_edge_detector_sof.rstb (net)
                  0.15    0.00    7.45 ^ fanout18/A (sky130_fd_sc_hd__buf_4)
    10    0.05    0.15    0.23    7.69 ^ fanout18/X (sky130_fd_sc_hd__buf_4)
                                         net18 (net)
                  0.15    0.00    7.69 ^ fanout17/A (sky130_fd_sc_hd__clkbuf_4)
    10    0.04    0.13    0.25    7.94 ^ fanout17/X (sky130_fd_sc_hd__clkbuf_4)
                                         net17 (net)
                  0.13    0.00    7.94 ^ _3449_/RESET_B (sky130_fd_sc_hd__dfrtp_1)
                                  7.94   data arrival time

                  0.15   14.00   14.00   clock clk (rise edge)
                          0.00   14.00   clock network delay (ideal)
                         -0.25   13.75   clock uncertainty
                          0.00   13.75   clock reconvergence pessimism
                                 13.75 ^ _3449_/CLK (sky130_fd_sc_hd__dfrtp_1)
                          0.24   13.99   library recovery time
                                 13.99   data required time
-----------------------------------------------------------------------------
                                 13.99   data required time
                                 -7.94   data arrival time
-----------------------------------------------------------------------------
                                  6.05   slack (MET)


Startpoint: _3178_ (rising edge-triggered flip-flop clocked by clk')
Endpoint: _3450_ (recovery check against rising-edge clock clk)
Path Group: asynchronous
Path Type: max

Fanout     Cap    Slew   Delay    Time   Description
-----------------------------------------------------------------------------
                  0.15    7.00    7.00   clock clk' (rise edge)
                          0.00    7.00   clock network delay (ideal)
                  0.15    0.00    7.00 ^ _3178_/CLK (sky130_fd_sc_hd__dfxtp_2)
     4    0.03    0.15    0.45    7.45 ^ _3178_/Q (sky130_fd_sc_hd__dfxtp_2)
                                         i_spi_reg.falling_edge_detector_sof.rstb (net)
                  0.15    0.00    7.45 ^ fanout18/A (sky130_fd_sc_hd__buf_4)
    10    0.05    0.15    0.23    7.69 ^ fanout18/X (sky130_fd_sc_hd__buf_4)
                                         net18 (net)
                  0.15    0.00    7.69 ^ fanout17/A (sky130_fd_sc_hd__clkbuf_4)
    10    0.04    0.13    0.25    7.94 ^ fanout17/X (sky130_fd_sc_hd__clkbuf_4)
                                         net17 (net)
                  0.13    0.00    7.94 ^ _3450_/RESET_B (sky130_fd_sc_hd__dfrtp_1)
                                  7.94   data arrival time

                  0.15   14.00   14.00   clock clk (rise edge)
                          0.00   14.00   clock network delay (ideal)
                         -0.25   13.75   clock uncertainty
                          0.00   13.75   clock reconvergence pessimism
                                 13.75 ^ _3450_/CLK (sky130_fd_sc_hd__dfrtp_1)
                          0.24   13.99   library recovery time
                                 13.99   data required time
-----------------------------------------------------------------------------
                                 13.99   data required time
                                 -7.94   data arrival time
-----------------------------------------------------------------------------
                                  6.05   slack (MET)


Startpoint: _3178_ (rising edge-triggered flip-flop clocked by clk')
Endpoint: _3459_ (recovery check against rising-edge clock clk)
Path Group: asynchronous
Path Type: max

Fanout     Cap    Slew   Delay    Time   Description
-----------------------------------------------------------------------------
                  0.15    7.00    7.00   clock clk' (rise edge)
                          0.00    7.00   clock network delay (ideal)
                  0.15    0.00    7.00 ^ _3178_/CLK (sky130_fd_sc_hd__dfxtp_2)
     4    0.03    0.15    0.45    7.45 ^ _3178_/Q (sky130_fd_sc_hd__dfxtp_2)
                                         i_spi_reg.falling_edge_detector_sof.rstb (net)
                  0.15    0.00    7.45 ^ fanout18/A (sky130_fd_sc_hd__buf_4)
    10    0.05    0.15    0.23    7.69 ^ fanout18/X (sky130_fd_sc_hd__buf_4)
                                         net18 (net)
                  0.15    0.00    7.69 ^ fanout17/A (sky130_fd_sc_hd__clkbuf_4)
    10    0.04    0.13    0.25    7.94 ^ fanout17/X (sky130_fd_sc_hd__clkbuf_4)
                                         net17 (net)
                  0.13    0.00    7.94 ^ _3459_/RESET_B (sky130_fd_sc_hd__dfrtp_1)
                                  7.94   data arrival time

                  0.15   14.00   14.00   clock clk (rise edge)
                          0.00   14.00   clock network delay (ideal)
                         -0.25   13.75   clock uncertainty
                          0.00   13.75   clock reconvergence pessimism
                                 13.75 ^ _3459_/CLK (sky130_fd_sc_hd__dfrtp_1)
                          0.24   13.99   library recovery time
                                 13.99   data required time
-----------------------------------------------------------------------------
                                 13.99   data required time
                                 -7.94   data arrival time
-----------------------------------------------------------------------------
                                  6.05   slack (MET)


Startpoint: _3178_ (rising edge-triggered flip-flop clocked by clk')
Endpoint: _3447_ (recovery check against rising-edge clock clk)
Path Group: asynchronous
Path Type: max

Fanout     Cap    Slew   Delay    Time   Description
-----------------------------------------------------------------------------
                  0.15    7.00    7.00   clock clk' (rise edge)
                          0.00    7.00   clock network delay (ideal)
                  0.15    0.00    7.00 ^ _3178_/CLK (sky130_fd_sc_hd__dfxtp_2)
     4    0.03    0.15    0.45    7.45 ^ _3178_/Q (sky130_fd_sc_hd__dfxtp_2)
                                         i_spi_reg.falling_edge_detector_sof.rstb (net)
                  0.15    0.00    7.45 ^ fanout18/A (sky130_fd_sc_hd__buf_4)
    10    0.05    0.15    0.23    7.69 ^ fanout18/X (sky130_fd_sc_hd__buf_4)
                                         net18 (net)
                  0.15    0.00    7.69 ^ fanout17/A (sky130_fd_sc_hd__clkbuf_4)
    10    0.04    0.13    0.25    7.94 ^ fanout17/X (sky130_fd_sc_hd__clkbuf_4)
                                         net17 (net)
                  0.13    0.00    7.94 ^ _3447_/RESET_B (sky130_fd_sc_hd__dfrtp_1)
                                  7.94   data arrival time

                  0.15   14.00   14.00   clock clk (rise edge)
                          0.00   14.00   clock network delay (ideal)
                         -0.25   13.75   clock uncertainty
                          0.00   13.75   clock reconvergence pessimism
                                 13.75 ^ _3447_/CLK (sky130_fd_sc_hd__dfrtp_1)
                          0.24   13.99   library recovery time
                                 13.99   data required time
-----------------------------------------------------------------------------
                                 13.99   data required time
                                 -7.94   data arrival time
-----------------------------------------------------------------------------
                                  6.05   slack (MET)


Startpoint: _3178_ (rising edge-triggered flip-flop clocked by clk')
Endpoint: _3464_ (recovery check against rising-edge clock clk)
Path Group: asynchronous
Path Type: max

Fanout     Cap    Slew   Delay    Time   Description
-----------------------------------------------------------------------------
                  0.15    7.00    7.00   clock clk' (rise edge)
                          0.00    7.00   clock network delay (ideal)
                  0.15    0.00    7.00 ^ _3178_/CLK (sky130_fd_sc_hd__dfxtp_2)
     4    0.03    0.15    0.45    7.45 ^ _3178_/Q (sky130_fd_sc_hd__dfxtp_2)
                                         i_spi_reg.falling_edge_detector_sof.rstb (net)
                  0.15    0.00    7.45 ^ fanout18/A (sky130_fd_sc_hd__buf_4)
    10    0.05    0.15    0.23    7.69 ^ fanout18/X (sky130_fd_sc_hd__buf_4)
                                         net18 (net)
                  0.15    0.00    7.69 ^ fanout17/A (sky130_fd_sc_hd__clkbuf_4)
    10    0.04    0.13    0.25    7.94 ^ fanout17/X (sky130_fd_sc_hd__clkbuf_4)
                                         net17 (net)
                  0.13    0.00    7.94 ^ _3464_/RESET_B (sky130_fd_sc_hd__dfrtp_1)
                                  7.94   data arrival time

                  0.15   14.00   14.00   clock clk (rise edge)
                          0.00   14.00   clock network delay (ideal)
                         -0.25   13.75   clock uncertainty
                          0.00   13.75   clock reconvergence pessimism
                                 13.75 ^ _3464_/CLK (sky130_fd_sc_hd__dfrtp_1)
                          0.24   13.99   library recovery time
                                 13.99   data required time
-----------------------------------------------------------------------------
                                 13.99   data required time
                                 -7.94   data arrival time
-----------------------------------------------------------------------------
                                  6.05   slack (MET)


Startpoint: _3178_ (rising edge-triggered flip-flop clocked by clk')
Endpoint: _3448_ (recovery check against rising-edge clock clk)
Path Group: asynchronous
Path Type: max

Fanout     Cap    Slew   Delay    Time   Description
-----------------------------------------------------------------------------
                  0.15    7.00    7.00   clock clk' (rise edge)
                          0.00    7.00   clock network delay (ideal)
                  0.15    0.00    7.00 ^ _3178_/CLK (sky130_fd_sc_hd__dfxtp_2)
     4    0.03    0.15    0.45    7.45 ^ _3178_/Q (sky130_fd_sc_hd__dfxtp_2)
                                         i_spi_reg.falling_edge_detector_sof.rstb (net)
                  0.15    0.00    7.45 ^ fanout18/A (sky130_fd_sc_hd__buf_4)
    10    0.05    0.15    0.23    7.69 ^ fanout18/X (sky130_fd_sc_hd__buf_4)
                                         net18 (net)
                  0.15    0.00    7.69 ^ fanout17/A (sky130_fd_sc_hd__clkbuf_4)
    10    0.04    0.13    0.25    7.94 ^ fanout17/X (sky130_fd_sc_hd__clkbuf_4)
                                         net17 (net)
                  0.13    0.00    7.94 ^ _3448_/RESET_B (sky130_fd_sc_hd__dfrtp_1)
                                  7.94   data arrival time

                  0.15   14.00   14.00   clock clk (rise edge)
                          0.00   14.00   clock network delay (ideal)
                         -0.25   13.75   clock uncertainty
                          0.00   13.75   clock reconvergence pessimism
                                 13.75 ^ _3448_/CLK (sky130_fd_sc_hd__dfrtp_1)
                          0.24   13.99   library recovery time
                                 13.99   data required time
-----------------------------------------------------------------------------
                                 13.99   data required time
                                 -7.94   data arrival time
-----------------------------------------------------------------------------
                                  6.05   slack (MET)


Startpoint: _3178_ (rising edge-triggered flip-flop clocked by clk')
Endpoint: _3412_ (recovery check against rising-edge clock clk)
Path Group: asynchronous
Path Type: max

Fanout     Cap    Slew   Delay    Time   Description
-----------------------------------------------------------------------------
                  0.15    7.00    7.00   clock clk' (rise edge)
                          0.00    7.00   clock network delay (ideal)
                  0.15    0.00    7.00 ^ _3178_/CLK (sky130_fd_sc_hd__dfxtp_2)
     4    0.03    0.15    0.45    7.45 ^ _3178_/Q (sky130_fd_sc_hd__dfxtp_2)
                                         i_spi_reg.falling_edge_detector_sof.rstb (net)
                  0.15    0.00    7.45 ^ fanout18/A (sky130_fd_sc_hd__buf_4)
    10    0.05    0.15    0.23    7.69 ^ fanout18/X (sky130_fd_sc_hd__buf_4)
                                         net18 (net)
                  0.15    0.00    7.69 ^ fanout17/A (sky130_fd_sc_hd__clkbuf_4)
    10    0.04    0.13    0.25    7.94 ^ fanout17/X (sky130_fd_sc_hd__clkbuf_4)
                                         net17 (net)
                  0.13    0.00    7.94 ^ _3412_/RESET_B (sky130_fd_sc_hd__dfrtp_1)
                                  7.94   data arrival time

                  0.15   14.00   14.00   clock clk (rise edge)
                          0.00   14.00   clock network delay (ideal)
                         -0.25   13.75   clock uncertainty
                          0.00   13.75   clock reconvergence pessimism
                                 13.75 ^ _3412_/CLK (sky130_fd_sc_hd__dfrtp_1)
                          0.24   13.99   library recovery time
                                 13.99   data required time
-----------------------------------------------------------------------------
                                 13.99   data required time
                                 -7.94   data arrival time
-----------------------------------------------------------------------------
                                  6.05   slack (MET)


Startpoint: _3178_ (rising edge-triggered flip-flop clocked by clk')
Endpoint: _3471_ (recovery check against rising-edge clock clk)
Path Group: asynchronous
Path Type: max

Fanout     Cap    Slew   Delay    Time   Description
-----------------------------------------------------------------------------
                  0.15    7.00    7.00   clock clk' (rise edge)
                          0.00    7.00   clock network delay (ideal)
                  0.15    0.00    7.00 ^ _3178_/CLK (sky130_fd_sc_hd__dfxtp_2)
     4    0.03    0.15    0.45    7.45 ^ _3178_/Q (sky130_fd_sc_hd__dfxtp_2)
                                         i_spi_reg.falling_edge_detector_sof.rstb (net)
                  0.15    0.00    7.46 ^ fanout23/A (sky130_fd_sc_hd__buf_2)
     6    0.03    0.14    0.22    7.68 ^ fanout23/X (sky130_fd_sc_hd__buf_2)
                                         net23 (net)
                  0.14    0.00    7.68 ^ fanout20/A (sky130_fd_sc_hd__clkbuf_4)
    10    0.04    0.14    0.25    7.93 ^ fanout20/X (sky130_fd_sc_hd__clkbuf_4)
                                         net20 (net)
                  0.14    0.00    7.93 ^ _3471_/RESET_B (sky130_fd_sc_hd__dfrtp_1)
                                  7.93   data arrival time

                  0.15   14.00   14.00   clock clk (rise edge)
                          0.00   14.00   clock network delay (ideal)
                         -0.25   13.75   clock uncertainty
                          0.00   13.75   clock reconvergence pessimism
                                 13.75 ^ _3471_/CLK (sky130_fd_sc_hd__dfrtp_1)
                          0.24   13.99   library recovery time
                                 13.99   data required time
-----------------------------------------------------------------------------
                                 13.99   data required time
                                 -7.93   data arrival time
-----------------------------------------------------------------------------
                                  6.06   slack (MET)


Startpoint: _3178_ (rising edge-triggered flip-flop clocked by clk')
Endpoint: _3467_ (recovery check against rising-edge clock clk)
Path Group: asynchronous
Path Type: max

Fanout     Cap    Slew   Delay    Time   Description
-----------------------------------------------------------------------------
                  0.15    7.00    7.00   clock clk' (rise edge)
                          0.00    7.00   clock network delay (ideal)
                  0.15    0.00    7.00 ^ _3178_/CLK (sky130_fd_sc_hd__dfxtp_2)
     4    0.03    0.15    0.45    7.45 ^ _3178_/Q (sky130_fd_sc_hd__dfxtp_2)
                                         i_spi_reg.falling_edge_detector_sof.rstb (net)
                  0.15    0.00    7.46 ^ fanout23/A (sky130_fd_sc_hd__buf_2)
     6    0.03    0.14    0.22    7.68 ^ fanout23/X (sky130_fd_sc_hd__buf_2)
                                         net23 (net)
                  0.14    0.00    7.68 ^ fanout20/A (sky130_fd_sc_hd__clkbuf_4)
    10    0.04    0.14    0.25    7.93 ^ fanout20/X (sky130_fd_sc_hd__clkbuf_4)
                                         net20 (net)
                  0.14    0.00    7.93 ^ _3467_/RESET_B (sky130_fd_sc_hd__dfrtp_1)
                                  7.93   data arrival time

                  0.15   14.00   14.00   clock clk (rise edge)
                          0.00   14.00   clock network delay (ideal)
                         -0.25   13.75   clock uncertainty
                          0.00   13.75   clock reconvergence pessimism
                                 13.75 ^ _3467_/CLK (sky130_fd_sc_hd__dfrtp_1)
                          0.24   13.99   library recovery time
                                 13.99   data required time
-----------------------------------------------------------------------------
                                 13.99   data required time
                                 -7.93   data arrival time
-----------------------------------------------------------------------------
                                  6.06   slack (MET)


Startpoint: _3178_ (rising edge-triggered flip-flop clocked by clk')
Endpoint: _3470_ (recovery check against rising-edge clock clk)
Path Group: asynchronous
Path Type: max

Fanout     Cap    Slew   Delay    Time   Description
-----------------------------------------------------------------------------
                  0.15    7.00    7.00   clock clk' (rise edge)
                          0.00    7.00   clock network delay (ideal)
                  0.15    0.00    7.00 ^ _3178_/CLK (sky130_fd_sc_hd__dfxtp_2)
     4    0.03    0.15    0.45    7.45 ^ _3178_/Q (sky130_fd_sc_hd__dfxtp_2)
                                         i_spi_reg.falling_edge_detector_sof.rstb (net)
                  0.15    0.00    7.46 ^ fanout23/A (sky130_fd_sc_hd__buf_2)
     6    0.03    0.14    0.22    7.68 ^ fanout23/X (sky130_fd_sc_hd__buf_2)
                                         net23 (net)
                  0.14    0.00    7.68 ^ fanout20/A (sky130_fd_sc_hd__clkbuf_4)
    10    0.04    0.14    0.25    7.93 ^ fanout20/X (sky130_fd_sc_hd__clkbuf_4)
                                         net20 (net)
                  0.14    0.00    7.93 ^ _3470_/RESET_B (sky130_fd_sc_hd__dfrtp_1)
                                  7.93   data arrival time

                  0.15   14.00   14.00   clock clk (rise edge)
                          0.00   14.00   clock network delay (ideal)
                         -0.25   13.75   clock uncertainty
                          0.00   13.75   clock reconvergence pessimism
                                 13.75 ^ _3470_/CLK (sky130_fd_sc_hd__dfrtp_1)
                          0.24   13.99   library recovery time
                                 13.99   data required time
-----------------------------------------------------------------------------
                                 13.99   data required time
                                 -7.93   data arrival time
-----------------------------------------------------------------------------
                                  6.06   slack (MET)


Startpoint: _3178_ (rising edge-triggered flip-flop clocked by clk')
Endpoint: _3468_ (recovery check against rising-edge clock clk)
Path Group: asynchronous
Path Type: max

Fanout     Cap    Slew   Delay    Time   Description
-----------------------------------------------------------------------------
                  0.15    7.00    7.00   clock clk' (rise edge)
                          0.00    7.00   clock network delay (ideal)
                  0.15    0.00    7.00 ^ _3178_/CLK (sky130_fd_sc_hd__dfxtp_2)
     4    0.03    0.15    0.45    7.45 ^ _3178_/Q (sky130_fd_sc_hd__dfxtp_2)
                                         i_spi_reg.falling_edge_detector_sof.rstb (net)
                  0.15    0.00    7.46 ^ fanout23/A (sky130_fd_sc_hd__buf_2)
     6    0.03    0.14    0.22    7.68 ^ fanout23/X (sky130_fd_sc_hd__buf_2)
                                         net23 (net)
                  0.14    0.00    7.68 ^ fanout20/A (sky130_fd_sc_hd__clkbuf_4)
    10    0.04    0.14    0.25    7.93 ^ fanout20/X (sky130_fd_sc_hd__clkbuf_4)
                                         net20 (net)
                  0.14    0.00    7.93 ^ _3468_/RESET_B (sky130_fd_sc_hd__dfrtp_1)
                                  7.93   data arrival time

                  0.15   14.00   14.00   clock clk (rise edge)
                          0.00   14.00   clock network delay (ideal)
                         -0.25   13.75   clock uncertainty
                          0.00   13.75   clock reconvergence pessimism
                                 13.75 ^ _3468_/CLK (sky130_fd_sc_hd__dfrtp_1)
                          0.24   13.99   library recovery time
                                 13.99   data required time
-----------------------------------------------------------------------------
                                 13.99   data required time
                                 -7.93   data arrival time
-----------------------------------------------------------------------------
                                  6.06   slack (MET)


Startpoint: _3178_ (rising edge-triggered flip-flop clocked by clk')
Endpoint: _3469_ (recovery check against rising-edge clock clk)
Path Group: asynchronous
Path Type: max

Fanout     Cap    Slew   Delay    Time   Description
-----------------------------------------------------------------------------
                  0.15    7.00    7.00   clock clk' (rise edge)
                          0.00    7.00   clock network delay (ideal)
                  0.15    0.00    7.00 ^ _3178_/CLK (sky130_fd_sc_hd__dfxtp_2)
     4    0.03    0.15    0.45    7.45 ^ _3178_/Q (sky130_fd_sc_hd__dfxtp_2)
                                         i_spi_reg.falling_edge_detector_sof.rstb (net)
                  0.15    0.00    7.46 ^ fanout23/A (sky130_fd_sc_hd__buf_2)
     6    0.03    0.14    0.22    7.68 ^ fanout23/X (sky130_fd_sc_hd__buf_2)
                                         net23 (net)
                  0.14    0.00    7.68 ^ fanout20/A (sky130_fd_sc_hd__clkbuf_4)
    10    0.04    0.14    0.25    7.93 ^ fanout20/X (sky130_fd_sc_hd__clkbuf_4)
                                         net20 (net)
                  0.14    0.00    7.93 ^ _3469_/RESET_B (sky130_fd_sc_hd__dfrtp_1)
                                  7.93   data arrival time

                  0.15   14.00   14.00   clock clk (rise edge)
                          0.00   14.00   clock network delay (ideal)
                         -0.25   13.75   clock uncertainty
                          0.00   13.75   clock reconvergence pessimism
                                 13.75 ^ _3469_/CLK (sky130_fd_sc_hd__dfrtp_1)
                          0.24   13.99   library recovery time
                                 13.99   data required time
-----------------------------------------------------------------------------
                                 13.99   data required time
                                 -7.93   data arrival time
-----------------------------------------------------------------------------
                                  6.06   slack (MET)


Startpoint: _3178_ (rising edge-triggered flip-flop clocked by clk')
Endpoint: _3476_ (recovery check against rising-edge clock clk)
Path Group: asynchronous
Path Type: max

Fanout     Cap    Slew   Delay    Time   Description
-----------------------------------------------------------------------------
                  0.15    7.00    7.00   clock clk' (rise edge)
                          0.00    7.00   clock network delay (ideal)
                  0.15    0.00    7.00 ^ _3178_/CLK (sky130_fd_sc_hd__dfxtp_2)
     4    0.03    0.15    0.45    7.45 ^ _3178_/Q (sky130_fd_sc_hd__dfxtp_2)
                                         i_spi_reg.falling_edge_detector_sof.rstb (net)
                  0.15    0.00    7.46 ^ fanout23/A (sky130_fd_sc_hd__buf_2)
     6    0.03    0.14    0.22    7.68 ^ fanout23/X (sky130_fd_sc_hd__buf_2)
                                         net23 (net)
                  0.14    0.00    7.68 ^ fanout20/A (sky130_fd_sc_hd__clkbuf_4)
    10    0.04    0.14    0.25    7.93 ^ fanout20/X (sky130_fd_sc_hd__clkbuf_4)
                                         net20 (net)
                  0.14    0.00    7.93 ^ _3476_/RESET_B (sky130_fd_sc_hd__dfrtp_1)
                                  7.93   data arrival time

                  0.15   14.00   14.00   clock clk (rise edge)
                          0.00   14.00   clock network delay (ideal)
                         -0.25   13.75   clock uncertainty
                          0.00   13.75   clock reconvergence pessimism
                                 13.75 ^ _3476_/CLK (sky130_fd_sc_hd__dfrtp_1)
                          0.24   13.99   library recovery time
                                 13.99   data required time
-----------------------------------------------------------------------------
                                 13.99   data required time
                                 -7.93   data arrival time
-----------------------------------------------------------------------------
                                  6.06   slack (MET)


Startpoint: _3178_ (rising edge-triggered flip-flop clocked by clk')
Endpoint: _3475_ (recovery check against rising-edge clock clk)
Path Group: asynchronous
Path Type: max

Fanout     Cap    Slew   Delay    Time   Description
-----------------------------------------------------------------------------
                  0.15    7.00    7.00   clock clk' (rise edge)
                          0.00    7.00   clock network delay (ideal)
                  0.15    0.00    7.00 ^ _3178_/CLK (sky130_fd_sc_hd__dfxtp_2)
     4    0.03    0.15    0.45    7.45 ^ _3178_/Q (sky130_fd_sc_hd__dfxtp_2)
                                         i_spi_reg.falling_edge_detector_sof.rstb (net)
                  0.15    0.00    7.46 ^ fanout23/A (sky130_fd_sc_hd__buf_2)
     6    0.03    0.14    0.22    7.68 ^ fanout23/X (sky130_fd_sc_hd__buf_2)
                                         net23 (net)
                  0.14    0.00    7.68 ^ fanout20/A (sky130_fd_sc_hd__clkbuf_4)
    10    0.04    0.14    0.25    7.93 ^ fanout20/X (sky130_fd_sc_hd__clkbuf_4)
                                         net20 (net)
                  0.14    0.00    7.93 ^ _3475_/RESET_B (sky130_fd_sc_hd__dfrtp_1)
                                  7.93   data arrival time

                  0.15   14.00   14.00   clock clk (rise edge)
                          0.00   14.00   clock network delay (ideal)
                         -0.25   13.75   clock uncertainty
                          0.00   13.75   clock reconvergence pessimism
                                 13.75 ^ _3475_/CLK (sky130_fd_sc_hd__dfrtp_1)
                          0.24   13.99   library recovery time
                                 13.99   data required time
-----------------------------------------------------------------------------
                                 13.99   data required time
                                 -7.93   data arrival time
-----------------------------------------------------------------------------
                                  6.06   slack (MET)


Startpoint: _3178_ (rising edge-triggered flip-flop clocked by clk')
Endpoint: _3494_ (recovery check against rising-edge clock clk)
Path Group: asynchronous
Path Type: max

Fanout     Cap    Slew   Delay    Time   Description
-----------------------------------------------------------------------------
                  0.15    7.00    7.00   clock clk' (rise edge)
                          0.00    7.00   clock network delay (ideal)
                  0.15    0.00    7.00 ^ _3178_/CLK (sky130_fd_sc_hd__dfxtp_2)
     4    0.03    0.15    0.45    7.45 ^ _3178_/Q (sky130_fd_sc_hd__dfxtp_2)
                                         i_spi_reg.falling_edge_detector_sof.rstb (net)
                  0.15    0.00    7.46 ^ fanout23/A (sky130_fd_sc_hd__buf_2)
     6    0.03    0.14    0.22    7.68 ^ fanout23/X (sky130_fd_sc_hd__buf_2)
                                         net23 (net)
                  0.14    0.00    7.68 ^ fanout21/A (sky130_fd_sc_hd__clkbuf_2)
     5    0.02    0.13    0.21    7.89 ^ fanout21/X (sky130_fd_sc_hd__clkbuf_2)
                                         net21 (net)
                  0.13    0.00    7.89 ^ _3494_/RESET_B (sky130_fd_sc_hd__dfrtp_4)
                                  7.89   data arrival time

                  0.15   14.00   14.00   clock clk (rise edge)
                          0.00   14.00   clock network delay (ideal)
                         -0.25   13.75   clock uncertainty
                          0.00   13.75   clock reconvergence pessimism
                                 13.75 ^ _3494_/CLK (sky130_fd_sc_hd__dfrtp_4)
                          0.22   13.97   library recovery time
                                 13.97   data required time
-----------------------------------------------------------------------------
                                 13.97   data required time
                                 -7.89   data arrival time
-----------------------------------------------------------------------------
                                  6.08   slack (MET)


Startpoint: _3178_ (rising edge-triggered flip-flop clocked by clk')
Endpoint: _3495_ (recovery check against rising-edge clock clk)
Path Group: asynchronous
Path Type: max

Fanout     Cap    Slew   Delay    Time   Description
-----------------------------------------------------------------------------
                  0.15    7.00    7.00   clock clk' (rise edge)
                          0.00    7.00   clock network delay (ideal)
                  0.15    0.00    7.00 ^ _3178_/CLK (sky130_fd_sc_hd__dfxtp_2)
     4    0.03    0.15    0.45    7.45 ^ _3178_/Q (sky130_fd_sc_hd__dfxtp_2)
                                         i_spi_reg.falling_edge_detector_sof.rstb (net)
                  0.15    0.00    7.46 ^ fanout23/A (sky130_fd_sc_hd__buf_2)
     6    0.03    0.14    0.22    7.68 ^ fanout23/X (sky130_fd_sc_hd__buf_2)
                                         net23 (net)
                  0.14    0.00    7.68 ^ fanout21/A (sky130_fd_sc_hd__clkbuf_2)
     5    0.02    0.13    0.21    7.89 ^ fanout21/X (sky130_fd_sc_hd__clkbuf_2)
                                         net21 (net)
                  0.13    0.00    7.89 ^ _3495_/RESET_B (sky130_fd_sc_hd__dfrtp_4)
                                  7.89   data arrival time

                  0.15   14.00   14.00   clock clk (rise edge)
                          0.00   14.00   clock network delay (ideal)
                         -0.25   13.75   clock uncertainty
                          0.00   13.75   clock reconvergence pessimism
                                 13.75 ^ _3495_/CLK (sky130_fd_sc_hd__dfrtp_4)
                          0.22   13.97   library recovery time
                                 13.97   data required time
-----------------------------------------------------------------------------
                                 13.97   data required time
                                 -7.89   data arrival time
-----------------------------------------------------------------------------
                                  6.08   slack (MET)


Startpoint: _3178_ (rising edge-triggered flip-flop clocked by clk')
Endpoint: _3496_ (recovery check against rising-edge clock clk)
Path Group: asynchronous
Path Type: max

Fanout     Cap    Slew   Delay    Time   Description
-----------------------------------------------------------------------------
                  0.15    7.00    7.00   clock clk' (rise edge)
                          0.00    7.00   clock network delay (ideal)
                  0.15    0.00    7.00 ^ _3178_/CLK (sky130_fd_sc_hd__dfxtp_2)
     4    0.03    0.15    0.45    7.45 ^ _3178_/Q (sky130_fd_sc_hd__dfxtp_2)
                                         i_spi_reg.falling_edge_detector_sof.rstb (net)
                  0.15    0.00    7.46 ^ fanout23/A (sky130_fd_sc_hd__buf_2)
     6    0.03    0.14    0.22    7.68 ^ fanout23/X (sky130_fd_sc_hd__buf_2)
                                         net23 (net)
                  0.14    0.00    7.68 ^ fanout21/A (sky130_fd_sc_hd__clkbuf_2)
     5    0.02    0.13    0.21    7.89 ^ fanout21/X (sky130_fd_sc_hd__clkbuf_2)
                                         net21 (net)
                  0.13    0.00    7.89 ^ _3496_/RESET_B (sky130_fd_sc_hd__dfrtp_4)
                                  7.89   data arrival time

                  0.15   14.00   14.00   clock clk (rise edge)
                          0.00   14.00   clock network delay (ideal)
                         -0.25   13.75   clock uncertainty
                          0.00   13.75   clock reconvergence pessimism
                                 13.75 ^ _3496_/CLK (sky130_fd_sc_hd__dfrtp_4)
                          0.22   13.97   library recovery time
                                 13.97   data required time
-----------------------------------------------------------------------------
                                 13.97   data required time
                                 -7.89   data arrival time
-----------------------------------------------------------------------------
                                  6.08   slack (MET)


Startpoint: _3178_ (rising edge-triggered flip-flop clocked by clk')
Endpoint: _3472_ (recovery check against rising-edge clock clk)
Path Group: asynchronous
Path Type: max

Fanout     Cap    Slew   Delay    Time   Description
-----------------------------------------------------------------------------
                  0.15    7.00    7.00   clock clk' (rise edge)
                          0.00    7.00   clock network delay (ideal)
                  0.15    0.00    7.00 ^ _3178_/CLK (sky130_fd_sc_hd__dfxtp_2)
     4    0.03    0.15    0.45    7.45 ^ _3178_/Q (sky130_fd_sc_hd__dfxtp_2)
                                         i_spi_reg.falling_edge_detector_sof.rstb (net)
                  0.15    0.00    7.46 ^ fanout23/A (sky130_fd_sc_hd__buf_2)
     6    0.03    0.14    0.22    7.68 ^ fanout23/X (sky130_fd_sc_hd__buf_2)
                                         net23 (net)
                  0.14    0.00    7.68 ^ fanout21/A (sky130_fd_sc_hd__clkbuf_2)
     5    0.02    0.13    0.21    7.89 ^ fanout21/X (sky130_fd_sc_hd__clkbuf_2)
                                         net21 (net)
                  0.13    0.00    7.89 ^ _3472_/RESET_B (sky130_fd_sc_hd__dfrtp_1)
                                  7.89   data arrival time

                  0.15   14.00   14.00   clock clk (rise edge)
                          0.00   14.00   clock network delay (ideal)
                         -0.25   13.75   clock uncertainty
                          0.00   13.75   clock reconvergence pessimism
                                 13.75 ^ _3472_/CLK (sky130_fd_sc_hd__dfrtp_1)
                          0.24   13.99   library recovery time
                                 13.99   data required time
-----------------------------------------------------------------------------
                                 13.99   data required time
                                 -7.89   data arrival time
-----------------------------------------------------------------------------
                                  6.10   slack (MET)


Startpoint: _3178_ (rising edge-triggered flip-flop clocked by clk')
Endpoint: _3474_ (recovery check against rising-edge clock clk)
Path Group: asynchronous
Path Type: max

Fanout     Cap    Slew   Delay    Time   Description
-----------------------------------------------------------------------------
                  0.15    7.00    7.00   clock clk' (rise edge)
                          0.00    7.00   clock network delay (ideal)
                  0.15    0.00    7.00 ^ _3178_/CLK (sky130_fd_sc_hd__dfxtp_2)
     4    0.03    0.15    0.45    7.45 ^ _3178_/Q (sky130_fd_sc_hd__dfxtp_2)
                                         i_spi_reg.falling_edge_detector_sof.rstb (net)
                  0.15    0.00    7.46 ^ fanout23/A (sky130_fd_sc_hd__buf_2)
     6    0.03    0.14    0.22    7.68 ^ fanout23/X (sky130_fd_sc_hd__buf_2)
                                         net23 (net)
                  0.14    0.00    7.68 ^ fanout21/A (sky130_fd_sc_hd__clkbuf_2)
     5    0.02    0.13    0.21    7.89 ^ fanout21/X (sky130_fd_sc_hd__clkbuf_2)
                                         net21 (net)
                  0.13    0.00    7.89 ^ _3474_/RESET_B (sky130_fd_sc_hd__dfrtp_1)
                                  7.89   data arrival time

                  0.15   14.00   14.00   clock clk (rise edge)
                          0.00   14.00   clock network delay (ideal)
                         -0.25   13.75   clock uncertainty
                          0.00   13.75   clock reconvergence pessimism
                                 13.75 ^ _3474_/CLK (sky130_fd_sc_hd__dfrtp_1)
                          0.24   13.99   library recovery time
                                 13.99   data required time
-----------------------------------------------------------------------------
                                 13.99   data required time
                                 -7.89   data arrival time
-----------------------------------------------------------------------------
                                  6.10   slack (MET)


Startpoint: _3178_ (rising edge-triggered flip-flop clocked by clk')
Endpoint: _3452_ (recovery check against rising-edge clock clk)
Path Group: asynchronous
Path Type: max

Fanout     Cap    Slew   Delay    Time   Description
-----------------------------------------------------------------------------
                  0.15    7.00    7.00   clock clk' (rise edge)
                          0.00    7.00   clock network delay (ideal)
                  0.15    0.00    7.00 ^ _3178_/CLK (sky130_fd_sc_hd__dfxtp_2)
     4    0.03    0.15    0.45    7.45 ^ _3178_/Q (sky130_fd_sc_hd__dfxtp_2)
                                         i_spi_reg.falling_edge_detector_sof.rstb (net)
                  0.15    0.00    7.45 ^ fanout19/A (sky130_fd_sc_hd__clkbuf_4)
    10    0.05    0.15    0.26    7.72 ^ fanout19/X (sky130_fd_sc_hd__clkbuf_4)
                                         net19 (net)
                  0.15    0.00    7.72 ^ _3452_/SET_B (sky130_fd_sc_hd__dfstp_1)
                                  7.72   data arrival time

                  0.15   14.00   14.00   clock clk (rise edge)
                          0.00   14.00   clock network delay (ideal)
                         -0.25   13.75   clock uncertainty
                          0.00   13.75   clock reconvergence pessimism
                                 13.75 ^ _3452_/CLK (sky130_fd_sc_hd__dfstp_1)
                          0.16   13.91   library recovery time
                                 13.91   data required time
-----------------------------------------------------------------------------
                                 13.91   data required time
                                 -7.72   data arrival time
-----------------------------------------------------------------------------
                                  6.19   slack (MET)


Startpoint: _3178_ (rising edge-triggered flip-flop clocked by clk')
Endpoint: _3451_ (recovery check against rising-edge clock clk)
Path Group: asynchronous
Path Type: max

Fanout     Cap    Slew   Delay    Time   Description
-----------------------------------------------------------------------------
                  0.15    7.00    7.00   clock clk' (rise edge)
                          0.00    7.00   clock network delay (ideal)
                  0.15    0.00    7.00 ^ _3178_/CLK (sky130_fd_sc_hd__dfxtp_2)
     4    0.03    0.15    0.45    7.45 ^ _3178_/Q (sky130_fd_sc_hd__dfxtp_2)
                                         i_spi_reg.falling_edge_detector_sof.rstb (net)
                  0.15    0.00    7.45 ^ fanout19/A (sky130_fd_sc_hd__clkbuf_4)
    10    0.05    0.15    0.26    7.72 ^ fanout19/X (sky130_fd_sc_hd__clkbuf_4)
                                         net19 (net)
                  0.15    0.00    7.72 ^ _3451_/SET_B (sky130_fd_sc_hd__dfstp_1)
                                  7.72   data arrival time

                  0.15   14.00   14.00   clock clk (rise edge)
                          0.00   14.00   clock network delay (ideal)
                         -0.25   13.75   clock uncertainty
                          0.00   13.75   clock reconvergence pessimism
                                 13.75 ^ _3451_/CLK (sky130_fd_sc_hd__dfstp_1)
                          0.16   13.91   library recovery time
                                 13.91   data required time
-----------------------------------------------------------------------------
                                 13.91   data required time
                                 -7.72   data arrival time
-----------------------------------------------------------------------------
                                  6.19   slack (MET)


Startpoint: _3178_ (rising edge-triggered flip-flop clocked by clk')
Endpoint: _3479_ (recovery check against rising-edge clock clk)
Path Group: asynchronous
Path Type: max

Fanout     Cap    Slew   Delay    Time   Description
-----------------------------------------------------------------------------
                  0.15    7.00    7.00   clock clk' (rise edge)
                          0.00    7.00   clock network delay (ideal)
                  0.15    0.00    7.00 ^ _3178_/CLK (sky130_fd_sc_hd__dfxtp_2)
     4    0.03    0.15    0.45    7.45 ^ _3178_/Q (sky130_fd_sc_hd__dfxtp_2)
                                         i_spi_reg.falling_edge_detector_sof.rstb (net)
                  0.15    0.00    7.45 ^ fanout19/A (sky130_fd_sc_hd__clkbuf_4)
    10    0.05    0.15    0.26    7.72 ^ fanout19/X (sky130_fd_sc_hd__clkbuf_4)
                                         net19 (net)
                  0.15    0.00    7.72 ^ _3479_/RESET_B (sky130_fd_sc_hd__dfrtp_4)
                                  7.72   data arrival time

                  0.15   14.00   14.00   clock clk (rise edge)
                          0.00   14.00   clock network delay (ideal)
                         -0.25   13.75   clock uncertainty
                          0.00   13.75   clock reconvergence pessimism
                                 13.75 ^ _3479_/CLK (sky130_fd_sc_hd__dfrtp_4)
                          0.22   13.97   library recovery time
                                 13.97   data required time
-----------------------------------------------------------------------------
                                 13.97   data required time
                                 -7.72   data arrival time
-----------------------------------------------------------------------------
                                  6.24   slack (MET)


Startpoint: _3178_ (rising edge-triggered flip-flop clocked by clk')
Endpoint: _3466_ (recovery check against rising-edge clock clk)
Path Group: asynchronous
Path Type: max

Fanout     Cap    Slew   Delay    Time   Description
-----------------------------------------------------------------------------
                  0.15    7.00    7.00   clock clk' (rise edge)
                          0.00    7.00   clock network delay (ideal)
                  0.15    0.00    7.00 ^ _3178_/CLK (sky130_fd_sc_hd__dfxtp_2)
     4    0.03    0.15    0.45    7.45 ^ _3178_/Q (sky130_fd_sc_hd__dfxtp_2)
                                         i_spi_reg.falling_edge_detector_sof.rstb (net)
                  0.15    0.00    7.45 ^ fanout19/A (sky130_fd_sc_hd__clkbuf_4)
    10    0.05    0.15    0.26    7.72 ^ fanout19/X (sky130_fd_sc_hd__clkbuf_4)
                                         net19 (net)
                  0.15    0.00    7.72 ^ _3466_/RESET_B (sky130_fd_sc_hd__dfrtp_4)
                                  7.72   data arrival time

                  0.15   14.00   14.00   clock clk (rise edge)
                          0.00   14.00   clock network delay (ideal)
                         -0.25   13.75   clock uncertainty
                          0.00   13.75   clock reconvergence pessimism
                                 13.75 ^ _3466_/CLK (sky130_fd_sc_hd__dfrtp_4)
                          0.22   13.97   library recovery time
                                 13.97   data required time
-----------------------------------------------------------------------------
                                 13.97   data required time
                                 -7.72   data arrival time
-----------------------------------------------------------------------------
                                  6.24   slack (MET)


Startpoint: _3178_ (rising edge-triggered flip-flop clocked by clk')
Endpoint: _3465_ (recovery check against rising-edge clock clk)
Path Group: asynchronous
Path Type: max

Fanout     Cap    Slew   Delay    Time   Description
-----------------------------------------------------------------------------
                  0.15    7.00    7.00   clock clk' (rise edge)
                          0.00    7.00   clock network delay (ideal)
                  0.15    0.00    7.00 ^ _3178_/CLK (sky130_fd_sc_hd__dfxtp_2)
     4    0.03    0.15    0.45    7.45 ^ _3178_/Q (sky130_fd_sc_hd__dfxtp_2)
                                         i_spi_reg.falling_edge_detector_sof.rstb (net)
                  0.15    0.00    7.45 ^ fanout19/A (sky130_fd_sc_hd__clkbuf_4)
    10    0.05    0.15    0.26    7.72 ^ fanout19/X (sky130_fd_sc_hd__clkbuf_4)
                                         net19 (net)
                  0.15    0.00    7.72 ^ _3465_/RESET_B (sky130_fd_sc_hd__dfrtp_4)
                                  7.72   data arrival time

                  0.15   14.00   14.00   clock clk (rise edge)
                          0.00   14.00   clock network delay (ideal)
                         -0.25   13.75   clock uncertainty
                          0.00   13.75   clock reconvergence pessimism
                                 13.75 ^ _3465_/CLK (sky130_fd_sc_hd__dfrtp_4)
                          0.22   13.97   library recovery time
                                 13.97   data required time
-----------------------------------------------------------------------------
                                 13.97   data required time
                                 -7.72   data arrival time
-----------------------------------------------------------------------------
                                  6.24   slack (MET)


Startpoint: _3178_ (rising edge-triggered flip-flop clocked by clk')
Endpoint: _3453_ (recovery check against rising-edge clock clk)
Path Group: asynchronous
Path Type: max

Fanout     Cap    Slew   Delay    Time   Description
-----------------------------------------------------------------------------
                  0.15    7.00    7.00   clock clk' (rise edge)
                          0.00    7.00   clock network delay (ideal)
                  0.15    0.00    7.00 ^ _3178_/CLK (sky130_fd_sc_hd__dfxtp_2)
     4    0.03    0.15    0.45    7.45 ^ _3178_/Q (sky130_fd_sc_hd__dfxtp_2)
                                         i_spi_reg.falling_edge_detector_sof.rstb (net)
                  0.15    0.00    7.45 ^ fanout19/A (sky130_fd_sc_hd__clkbuf_4)
    10    0.05    0.15    0.26    7.72 ^ fanout19/X (sky130_fd_sc_hd__clkbuf_4)
                                         net19 (net)
                  0.15    0.00    7.72 ^ _3453_/RESET_B (sky130_fd_sc_hd__dfrtp_4)
                                  7.72   data arrival time

                  0.15   14.00   14.00   clock clk (rise edge)
                          0.00   14.00   clock network delay (ideal)
                         -0.25   13.75   clock uncertainty
                          0.00   13.75   clock reconvergence pessimism
                                 13.75 ^ _3453_/CLK (sky130_fd_sc_hd__dfrtp_4)
                          0.22   13.97   library recovery time
                                 13.97   data required time
-----------------------------------------------------------------------------
                                 13.97   data required time
                                 -7.72   data arrival time
-----------------------------------------------------------------------------
                                  6.24   slack (MET)


Startpoint: _3178_ (rising edge-triggered flip-flop clocked by clk')
Endpoint: _3410_ (recovery check against rising-edge clock clk)
Path Group: asynchronous
Path Type: max

Fanout     Cap    Slew   Delay    Time   Description
-----------------------------------------------------------------------------
                  0.15    7.00    7.00   clock clk' (rise edge)
                          0.00    7.00   clock network delay (ideal)
                  0.15    0.00    7.00 ^ _3178_/CLK (sky130_fd_sc_hd__dfxtp_2)
     4    0.03    0.15    0.45    7.45 ^ _3178_/Q (sky130_fd_sc_hd__dfxtp_2)
                                         i_spi_reg.falling_edge_detector_sof.rstb (net)
                  0.15    0.00    7.45 ^ fanout19/A (sky130_fd_sc_hd__clkbuf_4)
    10    0.05    0.15    0.26    7.72 ^ fanout19/X (sky130_fd_sc_hd__clkbuf_4)
                                         net19 (net)
                  0.15    0.00    7.72 ^ _3410_/RESET_B (sky130_fd_sc_hd__dfrtp_4)
                                  7.72   data arrival time

                  0.15   14.00   14.00   clock clk (rise edge)
                          0.00   14.00   clock network delay (ideal)
                         -0.25   13.75   clock uncertainty
                          0.00   13.75   clock reconvergence pessimism
                                 13.75 ^ _3410_/CLK (sky130_fd_sc_hd__dfrtp_4)
                          0.22   13.97   library recovery time
                                 13.97   data required time
-----------------------------------------------------------------------------
                                 13.97   data required time
                                 -7.72   data arrival time
-----------------------------------------------------------------------------
                                  6.25   slack (MET)


Startpoint: _3178_ (rising edge-triggered flip-flop clocked by clk')
Endpoint: _3455_ (recovery check against rising-edge clock clk)
Path Group: asynchronous
Path Type: max

Fanout     Cap    Slew   Delay    Time   Description
-----------------------------------------------------------------------------
                  0.15    7.00    7.00   clock clk' (rise edge)
                          0.00    7.00   clock network delay (ideal)
                  0.15    0.00    7.00 ^ _3178_/CLK (sky130_fd_sc_hd__dfxtp_2)
     4    0.03    0.15    0.45    7.45 ^ _3178_/Q (sky130_fd_sc_hd__dfxtp_2)
                                         i_spi_reg.falling_edge_detector_sof.rstb (net)
                  0.15    0.00    7.45 ^ fanout19/A (sky130_fd_sc_hd__clkbuf_4)
    10    0.05    0.15    0.26    7.72 ^ fanout19/X (sky130_fd_sc_hd__clkbuf_4)
                                         net19 (net)
                  0.15    0.00    7.72 ^ _3455_/RESET_B (sky130_fd_sc_hd__dfrtp_1)
                                  7.72   data arrival time

                  0.15   14.00   14.00   clock clk (rise edge)
                          0.00   14.00   clock network delay (ideal)
                         -0.25   13.75   clock uncertainty
                          0.00   13.75   clock reconvergence pessimism
                                 13.75 ^ _3455_/CLK (sky130_fd_sc_hd__dfrtp_1)
                          0.24   13.99   library recovery time
                                 13.99   data required time
-----------------------------------------------------------------------------
                                 13.99   data required time
                                 -7.72   data arrival time
-----------------------------------------------------------------------------
                                  6.27   slack (MET)


Startpoint: _3178_ (rising edge-triggered flip-flop clocked by clk')
Endpoint: _3454_ (recovery check against rising-edge clock clk)
Path Group: asynchronous
Path Type: max

Fanout     Cap    Slew   Delay    Time   Description
-----------------------------------------------------------------------------
                  0.15    7.00    7.00   clock clk' (rise edge)
                          0.00    7.00   clock network delay (ideal)
                  0.15    0.00    7.00 ^ _3178_/CLK (sky130_fd_sc_hd__dfxtp_2)
     4    0.03    0.15    0.45    7.45 ^ _3178_/Q (sky130_fd_sc_hd__dfxtp_2)
                                         i_spi_reg.falling_edge_detector_sof.rstb (net)
                  0.15    0.00    7.45 ^ fanout18/A (sky130_fd_sc_hd__buf_4)
    10    0.05    0.15    0.23    7.69 ^ fanout18/X (sky130_fd_sc_hd__buf_4)
                                         net18 (net)
                  0.15    0.00    7.69 ^ _3454_/RESET_B (sky130_fd_sc_hd__dfrtp_4)
                                  7.69   data arrival time

                  0.15   14.00   14.00   clock clk (rise edge)
                          0.00   14.00   clock network delay (ideal)
                         -0.25   13.75   clock uncertainty
                          0.00   13.75   clock reconvergence pessimism
                                 13.75 ^ _3454_/CLK (sky130_fd_sc_hd__dfrtp_4)
                          0.22   13.97   library recovery time
                                 13.97   data required time
-----------------------------------------------------------------------------
                                 13.97   data required time
                                 -7.69   data arrival time
-----------------------------------------------------------------------------
                                  6.28   slack (MET)


Startpoint: _3178_ (rising edge-triggered flip-flop clocked by clk')
Endpoint: _3491_ (recovery check against rising-edge clock clk)
Path Group: asynchronous
Path Type: max

Fanout     Cap    Slew   Delay    Time   Description
-----------------------------------------------------------------------------
                  0.15    7.00    7.00   clock clk' (rise edge)
                          0.00    7.00   clock network delay (ideal)
                  0.15    0.00    7.00 ^ _3178_/CLK (sky130_fd_sc_hd__dfxtp_2)
     4    0.03    0.15    0.45    7.45 ^ _3178_/Q (sky130_fd_sc_hd__dfxtp_2)
                                         i_spi_reg.falling_edge_detector_sof.rstb (net)
                  0.15    0.00    7.46 ^ fanout23/A (sky130_fd_sc_hd__buf_2)
     6    0.03    0.14    0.22    7.68 ^ fanout23/X (sky130_fd_sc_hd__buf_2)
                                         net23 (net)
                  0.14    0.00    7.68 ^ _3491_/RESET_B (sky130_fd_sc_hd__dfrtp_4)
                                  7.68   data arrival time

                  0.15   14.00   14.00   clock clk (rise edge)
                          0.00   14.00   clock network delay (ideal)
                         -0.25   13.75   clock uncertainty
                          0.00   13.75   clock reconvergence pessimism
                                 13.75 ^ _3491_/CLK (sky130_fd_sc_hd__dfrtp_4)
                          0.22   13.97   library recovery time
                                 13.97   data required time
-----------------------------------------------------------------------------
                                 13.97   data required time
                                 -7.68   data arrival time
-----------------------------------------------------------------------------
                                  6.29   slack (MET)


Startpoint: _3178_ (rising edge-triggered flip-flop clocked by clk')
Endpoint: _3492_ (recovery check against rising-edge clock clk)
Path Group: asynchronous
Path Type: max

Fanout     Cap    Slew   Delay    Time   Description
-----------------------------------------------------------------------------
                  0.15    7.00    7.00   clock clk' (rise edge)
                          0.00    7.00   clock network delay (ideal)
                  0.15    0.00    7.00 ^ _3178_/CLK (sky130_fd_sc_hd__dfxtp_2)
     4    0.03    0.15    0.45    7.45 ^ _3178_/Q (sky130_fd_sc_hd__dfxtp_2)
                                         i_spi_reg.falling_edge_detector_sof.rstb (net)
                  0.15    0.00    7.46 ^ fanout23/A (sky130_fd_sc_hd__buf_2)
     6    0.03    0.14    0.22    7.68 ^ fanout23/X (sky130_fd_sc_hd__buf_2)
                                         net23 (net)
                  0.14    0.00    7.68 ^ _3492_/RESET_B (sky130_fd_sc_hd__dfrtp_4)
                                  7.68   data arrival time

                  0.15   14.00   14.00   clock clk (rise edge)
                          0.00   14.00   clock network delay (ideal)
                         -0.25   13.75   clock uncertainty
                          0.00   13.75   clock reconvergence pessimism
                                 13.75 ^ _3492_/CLK (sky130_fd_sc_hd__dfrtp_4)
                          0.22   13.97   library recovery time
                                 13.97   data required time
-----------------------------------------------------------------------------
                                 13.97   data required time
                                 -7.68   data arrival time
-----------------------------------------------------------------------------
                                  6.29   slack (MET)


Startpoint: _3178_ (rising edge-triggered flip-flop clocked by clk')
Endpoint: _3493_ (recovery check against rising-edge clock clk)
Path Group: asynchronous
Path Type: max

Fanout     Cap    Slew   Delay    Time   Description
-----------------------------------------------------------------------------
                  0.15    7.00    7.00   clock clk' (rise edge)
                          0.00    7.00   clock network delay (ideal)
                  0.15    0.00    7.00 ^ _3178_/CLK (sky130_fd_sc_hd__dfxtp_2)
     4    0.03    0.15    0.45    7.45 ^ _3178_/Q (sky130_fd_sc_hd__dfxtp_2)
                                         i_spi_reg.falling_edge_detector_sof.rstb (net)
                  0.15    0.00    7.46 ^ fanout23/A (sky130_fd_sc_hd__buf_2)
     6    0.03    0.14    0.22    7.68 ^ fanout23/X (sky130_fd_sc_hd__buf_2)
                                         net23 (net)
                  0.14    0.00    7.68 ^ _3493_/RESET_B (sky130_fd_sc_hd__dfrtp_4)
                                  7.68   data arrival time

                  0.15   14.00   14.00   clock clk (rise edge)
                          0.00   14.00   clock network delay (ideal)
                         -0.25   13.75   clock uncertainty
                          0.00   13.75   clock reconvergence pessimism
                                 13.75 ^ _3493_/CLK (sky130_fd_sc_hd__dfrtp_4)
                          0.22   13.97   library recovery time
                                 13.97   data required time
-----------------------------------------------------------------------------
                                 13.97   data required time
                                 -7.68   data arrival time
-----------------------------------------------------------------------------
                                  6.29   slack (MET)


Startpoint: _3178_ (rising edge-triggered flip-flop clocked by clk')
Endpoint: _3457_ (recovery check against rising-edge clock clk)
Path Group: asynchronous
Path Type: max

Fanout     Cap    Slew   Delay    Time   Description
-----------------------------------------------------------------------------
                  0.15    7.00    7.00   clock clk' (rise edge)
                          0.00    7.00   clock network delay (ideal)
                  0.15    0.00    7.00 ^ _3178_/CLK (sky130_fd_sc_hd__dfxtp_2)
     4    0.03    0.15    0.45    7.45 ^ _3178_/Q (sky130_fd_sc_hd__dfxtp_2)
                                         i_spi_reg.falling_edge_detector_sof.rstb (net)
                  0.15    0.00    7.45 ^ fanout18/A (sky130_fd_sc_hd__buf_4)
    10    0.05    0.15    0.23    7.69 ^ fanout18/X (sky130_fd_sc_hd__buf_4)
                                         net18 (net)
                  0.15    0.00    7.69 ^ _3457_/RESET_B (sky130_fd_sc_hd__dfrtp_1)
                                  7.69   data arrival time

                  0.15   14.00   14.00   clock clk (rise edge)
                          0.00   14.00   clock network delay (ideal)
                         -0.25   13.75   clock uncertainty
                          0.00   13.75   clock reconvergence pessimism
                                 13.75 ^ _3457_/CLK (sky130_fd_sc_hd__dfrtp_1)
                          0.24   13.99   library recovery time
                                 13.99   data required time
-----------------------------------------------------------------------------
                                 13.99   data required time
                                 -7.69   data arrival time
-----------------------------------------------------------------------------
                                  6.30   slack (MET)


Startpoint: _3178_ (rising edge-triggered flip-flop clocked by clk')
Endpoint: _3458_ (recovery check against rising-edge clock clk)
Path Group: asynchronous
Path Type: max

Fanout     Cap    Slew   Delay    Time   Description
-----------------------------------------------------------------------------
                  0.15    7.00    7.00   clock clk' (rise edge)
                          0.00    7.00   clock network delay (ideal)
                  0.15    0.00    7.00 ^ _3178_/CLK (sky130_fd_sc_hd__dfxtp_2)
     4    0.03    0.15    0.45    7.45 ^ _3178_/Q (sky130_fd_sc_hd__dfxtp_2)
                                         i_spi_reg.falling_edge_detector_sof.rstb (net)
                  0.15    0.00    7.45 ^ fanout18/A (sky130_fd_sc_hd__buf_4)
    10    0.05    0.15    0.23    7.69 ^ fanout18/X (sky130_fd_sc_hd__buf_4)
                                         net18 (net)
                  0.15    0.00    7.69 ^ _3458_/RESET_B (sky130_fd_sc_hd__dfrtp_1)
                                  7.69   data arrival time

                  0.15   14.00   14.00   clock clk (rise edge)
                          0.00   14.00   clock network delay (ideal)
                         -0.25   13.75   clock uncertainty
                          0.00   13.75   clock reconvergence pessimism
                                 13.75 ^ _3458_/CLK (sky130_fd_sc_hd__dfrtp_1)
                          0.24   13.99   library recovery time
                                 13.99   data required time
-----------------------------------------------------------------------------
                                 13.99   data required time
                                 -7.69   data arrival time
-----------------------------------------------------------------------------
                                  6.30   slack (MET)


Startpoint: _3178_ (rising edge-triggered flip-flop clocked by clk')
Endpoint: _3462_ (recovery check against rising-edge clock clk)
Path Group: asynchronous
Path Type: max

Fanout     Cap    Slew   Delay    Time   Description
-----------------------------------------------------------------------------
                  0.15    7.00    7.00   clock clk' (rise edge)
                          0.00    7.00   clock network delay (ideal)
                  0.15    0.00    7.00 ^ _3178_/CLK (sky130_fd_sc_hd__dfxtp_2)
     4    0.03    0.15    0.45    7.45 ^ _3178_/Q (sky130_fd_sc_hd__dfxtp_2)
                                         i_spi_reg.falling_edge_detector_sof.rstb (net)
                  0.15    0.00    7.45 ^ fanout18/A (sky130_fd_sc_hd__buf_4)
    10    0.05    0.15    0.23    7.69 ^ fanout18/X (sky130_fd_sc_hd__buf_4)
                                         net18 (net)
                  0.15    0.00    7.69 ^ _3462_/RESET_B (sky130_fd_sc_hd__dfrtp_1)
                                  7.69   data arrival time

                  0.15   14.00   14.00   clock clk (rise edge)
                          0.00   14.00   clock network delay (ideal)
                         -0.25   13.75   clock uncertainty
                          0.00   13.75   clock reconvergence pessimism
                                 13.75 ^ _3462_/CLK (sky130_fd_sc_hd__dfrtp_1)
                          0.24   13.99   library recovery time
                                 13.99   data required time
-----------------------------------------------------------------------------
                                 13.99   data required time
                                 -7.69   data arrival time
-----------------------------------------------------------------------------
                                  6.30   slack (MET)


Startpoint: _3178_ (rising edge-triggered flip-flop clocked by clk')
Endpoint: _3461_ (recovery check against rising-edge clock clk)
Path Group: asynchronous
Path Type: max

Fanout     Cap    Slew   Delay    Time   Description
-----------------------------------------------------------------------------
                  0.15    7.00    7.00   clock clk' (rise edge)
                          0.00    7.00   clock network delay (ideal)
                  0.15    0.00    7.00 ^ _3178_/CLK (sky130_fd_sc_hd__dfxtp_2)
     4    0.03    0.15    0.45    7.45 ^ _3178_/Q (sky130_fd_sc_hd__dfxtp_2)
                                         i_spi_reg.falling_edge_detector_sof.rstb (net)
                  0.15    0.00    7.45 ^ fanout18/A (sky130_fd_sc_hd__buf_4)
    10    0.05    0.15    0.23    7.69 ^ fanout18/X (sky130_fd_sc_hd__buf_4)
                                         net18 (net)
                  0.15    0.00    7.69 ^ _3461_/RESET_B (sky130_fd_sc_hd__dfrtp_1)
                                  7.69   data arrival time

                  0.15   14.00   14.00   clock clk (rise edge)
                          0.00   14.00   clock network delay (ideal)
                         -0.25   13.75   clock uncertainty
                          0.00   13.75   clock reconvergence pessimism
                                 13.75 ^ _3461_/CLK (sky130_fd_sc_hd__dfrtp_1)
                          0.24   13.99   library recovery time
                                 13.99   data required time
-----------------------------------------------------------------------------
                                 13.99   data required time
                                 -7.69   data arrival time
-----------------------------------------------------------------------------
                                  6.30   slack (MET)


Startpoint: _3178_ (rising edge-triggered flip-flop clocked by clk')
Endpoint: _3460_ (recovery check against rising-edge clock clk)
Path Group: asynchronous
Path Type: max

Fanout     Cap    Slew   Delay    Time   Description
-----------------------------------------------------------------------------
                  0.15    7.00    7.00   clock clk' (rise edge)
                          0.00    7.00   clock network delay (ideal)
                  0.15    0.00    7.00 ^ _3178_/CLK (sky130_fd_sc_hd__dfxtp_2)
     4    0.03    0.15    0.45    7.45 ^ _3178_/Q (sky130_fd_sc_hd__dfxtp_2)
                                         i_spi_reg.falling_edge_detector_sof.rstb (net)
                  0.15    0.00    7.45 ^ fanout18/A (sky130_fd_sc_hd__buf_4)
    10    0.05    0.15    0.23    7.69 ^ fanout18/X (sky130_fd_sc_hd__buf_4)
                                         net18 (net)
                  0.15    0.00    7.69 ^ _3460_/RESET_B (sky130_fd_sc_hd__dfrtp_1)
                                  7.69   data arrival time

                  0.15   14.00   14.00   clock clk (rise edge)
                          0.00   14.00   clock network delay (ideal)
                         -0.25   13.75   clock uncertainty
                          0.00   13.75   clock reconvergence pessimism
                                 13.75 ^ _3460_/CLK (sky130_fd_sc_hd__dfrtp_1)
                          0.24   13.99   library recovery time
                                 13.99   data required time
-----------------------------------------------------------------------------
                                 13.99   data required time
                                 -7.69   data arrival time
-----------------------------------------------------------------------------
                                  6.30   slack (MET)


Startpoint: _3178_ (rising edge-triggered flip-flop clocked by clk')
Endpoint: _3456_ (recovery check against rising-edge clock clk)
Path Group: asynchronous
Path Type: max

Fanout     Cap    Slew   Delay    Time   Description
-----------------------------------------------------------------------------
                  0.15    7.00    7.00   clock clk' (rise edge)
                          0.00    7.00   clock network delay (ideal)
                  0.15    0.00    7.00 ^ _3178_/CLK (sky130_fd_sc_hd__dfxtp_2)
     4    0.03    0.15    0.45    7.45 ^ _3178_/Q (sky130_fd_sc_hd__dfxtp_2)
                                         i_spi_reg.falling_edge_detector_sof.rstb (net)
                  0.15    0.00    7.45 ^ fanout18/A (sky130_fd_sc_hd__buf_4)
    10    0.05    0.15    0.23    7.69 ^ fanout18/X (sky130_fd_sc_hd__buf_4)
                                         net18 (net)
                  0.15    0.00    7.69 ^ _3456_/RESET_B (sky130_fd_sc_hd__dfrtp_1)
                                  7.69   data arrival time

                  0.15   14.00   14.00   clock clk (rise edge)
                          0.00   14.00   clock network delay (ideal)
                         -0.25   13.75   clock uncertainty
                          0.00   13.75   clock reconvergence pessimism
                                 13.75 ^ _3456_/CLK (sky130_fd_sc_hd__dfrtp_1)
                          0.24   13.99   library recovery time
                                 13.99   data required time
-----------------------------------------------------------------------------
                                 13.99   data required time
                                 -7.69   data arrival time
-----------------------------------------------------------------------------
                                  6.30   slack (MET)


Startpoint: _3178_ (rising edge-triggered flip-flop clocked by clk')
Endpoint: _3463_ (recovery check against rising-edge clock clk)
Path Group: asynchronous
Path Type: max

Fanout     Cap    Slew   Delay    Time   Description
-----------------------------------------------------------------------------
                  0.15    7.00    7.00   clock clk' (rise edge)
                          0.00    7.00   clock network delay (ideal)
                  0.15    0.00    7.00 ^ _3178_/CLK (sky130_fd_sc_hd__dfxtp_2)
     4    0.03    0.15    0.45    7.45 ^ _3178_/Q (sky130_fd_sc_hd__dfxtp_2)
                                         i_spi_reg.falling_edge_detector_sof.rstb (net)
                  0.15    0.00    7.45 ^ fanout18/A (sky130_fd_sc_hd__buf_4)
    10    0.05    0.15    0.23    7.69 ^ fanout18/X (sky130_fd_sc_hd__buf_4)
                                         net18 (net)
                  0.15    0.00    7.69 ^ _3463_/RESET_B (sky130_fd_sc_hd__dfrtp_1)
                                  7.69   data arrival time

                  0.15   14.00   14.00   clock clk (rise edge)
                          0.00   14.00   clock network delay (ideal)
                         -0.25   13.75   clock uncertainty
                          0.00   13.75   clock reconvergence pessimism
                                 13.75 ^ _3463_/CLK (sky130_fd_sc_hd__dfrtp_1)
                          0.24   13.99   library recovery time
                                 13.99   data required time
-----------------------------------------------------------------------------
                                 13.99   data required time
                                 -7.69   data arrival time
-----------------------------------------------------------------------------
                                  6.30   slack (MET)


Startpoint: _3178_ (rising edge-triggered flip-flop clocked by clk')
Endpoint: _3473_ (recovery check against rising-edge clock clk)
Path Group: asynchronous
Path Type: max

Fanout     Cap    Slew   Delay    Time   Description
-----------------------------------------------------------------------------
                  0.15    7.00    7.00   clock clk' (rise edge)
                          0.00    7.00   clock network delay (ideal)
                  0.15    0.00    7.00 ^ _3178_/CLK (sky130_fd_sc_hd__dfxtp_2)
     4    0.03    0.15    0.45    7.45 ^ _3178_/Q (sky130_fd_sc_hd__dfxtp_2)
                                         i_spi_reg.falling_edge_detector_sof.rstb (net)
                  0.15    0.00    7.46 ^ _3473_/RESET_B (sky130_fd_sc_hd__dfrtp_1)
                                  7.46   data arrival time

                  0.15   14.00   14.00   clock clk (rise edge)
                          0.00   14.00   clock network delay (ideal)
                         -0.25   13.75   clock uncertainty
                          0.00   13.75   clock reconvergence pessimism
                                 13.75 ^ _3473_/CLK (sky130_fd_sc_hd__dfrtp_1)
                          0.24   13.99   library recovery time
                                 13.99   data required time
-----------------------------------------------------------------------------
                                 13.99   data required time
                                 -7.46   data arrival time
-----------------------------------------------------------------------------
                                  6.53   slack (MET)


Startpoint: _3411_ (rising edge-triggered flip-flop clocked by clk)
Endpoint: uio_out[3] (output port clocked by clk)
Path Group: clk
Path Type: max

Fanout     Cap    Slew   Delay    Time   Description
-----------------------------------------------------------------------------
                  0.15    0.00    0.00   clock clk (rise edge)
                          0.00    0.00   clock network delay (ideal)
                  0.15    0.00    0.00 ^ _3411_/CLK (sky130_fd_sc_hd__dfrtp_2)
     9    0.02    0.08    0.49    0.49 v _3411_/Q (sky130_fd_sc_hd__dfrtp_2)
                                         i_spi_reg.state[1] (net)
                  0.08    0.00    0.49 v _1600_/A_N (sky130_fd_sc_hd__and2b_1)
     4    0.02    0.15    0.29    0.78 ^ _1600_/X (sky130_fd_sc_hd__and2b_1)
                                         _1297_ (net)
                  0.15    0.00    0.78 ^ _1601_/C (sky130_fd_sc_hd__and3_1)
     1    0.00    0.05    0.18    0.96 ^ _1601_/X (sky130_fd_sc_hd__and3_1)
                                         _1298_ (net)
                  0.05    0.00    0.96 ^ _1602_/A (sky130_fd_sc_hd__clkbuf_1)
     1    0.00    0.04    0.08    1.04 ^ _1602_/X (sky130_fd_sc_hd__clkbuf_1)
                                         i_spi_reg.spi_miso (net)
                  0.04    0.00    1.04 ^ _3516_/A (sky130_fd_sc_hd__clkbuf_1)
     1    0.01    0.09    0.11    1.16 ^ _3516_/X (sky130_fd_sc_hd__clkbuf_1)
                                         net7 (net)
                  0.09    0.00    1.16 ^ output7/A (sky130_fd_sc_hd__buf_2)
     1    0.03    0.17    0.22    1.38 ^ output7/X (sky130_fd_sc_hd__buf_2)
                                         uio_out[3] (net)
                  0.17    0.00    1.38 ^ uio_out[3] (out)
                                  1.38   data arrival time

                  0.15   14.00   14.00   clock clk (rise edge)
                          0.00   14.00   clock network delay (ideal)
                         -0.25   13.75   clock uncertainty
                          0.00   13.75   clock reconvergence pessimism
                         -2.80   10.95   output external delay
                                 10.95   data required time
-----------------------------------------------------------------------------
                                 10.95   data required time
                                 -1.38   data arrival time
-----------------------------------------------------------------------------
                                  9.57   slack (MET)


Startpoint: _3232_ (rising edge-triggered flip-flop clocked by clk)
Endpoint: uo_out[2] (output port clocked by clk)
Path Group: clk
Path Type: max

Fanout     Cap    Slew   Delay    Time   Description
-----------------------------------------------------------------------------
                  0.15    0.00    0.00   clock clk (rise edge)
                          0.00    0.00   clock network delay (ideal)
                  0.15    0.00    0.00 ^ _3232_/CLK (sky130_fd_sc_hd__dfxtp_1)
     2    0.01    0.04    0.36    0.36 v _3232_/Q (sky130_fd_sc_hd__dfxtp_1)
                                         user_peripheral.busy (net)
                  0.04    0.00    0.36 v _1587_/A (sky130_fd_sc_hd__clkbuf_4)
    10    0.03    0.08    0.19    0.54 v _1587_/X (sky130_fd_sc_hd__clkbuf_4)
                                         _1288_ (net)
                  0.08    0.00    0.54 v _1588_/A0 (sky130_fd_sc_hd__mux2_1)
     1    0.00    0.07    0.32    0.86 v _1588_/X (sky130_fd_sc_hd__mux2_1)
                                         _1289_ (net)
                  0.07    0.00    0.86 v _1589_/A (sky130_fd_sc_hd__inv_2)
     1    0.00    0.03    0.05    0.91 ^ _1589_/Y (sky130_fd_sc_hd__inv_2)
                                         user_peripheral.cs_n (net)
                  0.03    0.00    0.91 ^ _3519_/A (sky130_fd_sc_hd__buf_1)
     1    0.01    0.11    0.13    1.04 ^ _3519_/X (sky130_fd_sc_hd__buf_1)
                                         net10 (net)
                  0.11    0.00    1.04 ^ output10/A (sky130_fd_sc_hd__buf_2)
     1    0.03    0.17    0.23    1.27 ^ output10/X (sky130_fd_sc_hd__buf_2)
                                         uo_out[2] (net)
                  0.17    0.00    1.27 ^ uo_out[2] (out)
                                  1.27   data arrival time

                  0.15   14.00   14.00   clock clk (rise edge)
                          0.00   14.00   clock network delay (ideal)
                         -0.25   13.75   clock uncertainty
                          0.00   13.75   clock reconvergence pessimism
                         -2.80   10.95   output external delay
                                 10.95   data required time
-----------------------------------------------------------------------------
                                 10.95   data required time
                                 -1.27   data arrival time
-----------------------------------------------------------------------------
                                  9.68   slack (MET)


Startpoint: _3213_ (rising edge-triggered flip-flop clocked by clk)
Endpoint: uo_out[3] (output port clocked by clk)
Path Group: clk
Path Type: max

Fanout     Cap    Slew   Delay    Time   Description
-----------------------------------------------------------------------------
                  0.15    0.00    0.00   clock clk (rise edge)
                          0.00    0.00   clock network delay (ideal)
                  0.15    0.00    0.00 ^ _3213_/CLK (sky130_fd_sc_hd__dfxtp_1)
     3    0.01    0.05    0.37    0.37 v _3213_/Q (sky130_fd_sc_hd__dfxtp_1)
                                         user_peripheral.irq (net)
                  0.05    0.00    0.37 v _1590_/A (sky130_fd_sc_hd__or2_1)
     1    0.00    0.05    0.23    0.60 v _1590_/X (sky130_fd_sc_hd__or2_1)
                                         _1290_ (net)
                  0.05    0.00    0.60 v _1591_/A (sky130_fd_sc_hd__clkbuf_1)
     2    0.00    0.04    0.10    0.70 v _1591_/X (sky130_fd_sc_hd__clkbuf_1)
                                         user_peripheral.user_interrupt (net)
                  0.04    0.00    0.70 v _3520_/A (sky130_fd_sc_hd__buf_1)
     1    0.01    0.06    0.12    0.82 v _3520_/X (sky130_fd_sc_hd__buf_1)
                                         net11 (net)
                  0.06    0.00    0.82 v output11/A (sky130_fd_sc_hd__buf_2)
     1    0.03    0.09    0.20    1.02 v output11/X (sky130_fd_sc_hd__buf_2)
                                         uo_out[3] (net)
                  0.09    0.00    1.02 v uo_out[3] (out)
                                  1.02   data arrival time

                  0.15   14.00   14.00   clock clk (rise edge)
                          0.00   14.00   clock network delay (ideal)
                         -0.25   13.75   clock uncertainty
                          0.00   13.75   clock reconvergence pessimism
                         -2.80   10.95   output external delay
                                 10.95   data required time
-----------------------------------------------------------------------------
                                 10.95   data required time
                                 -1.02   data arrival time
-----------------------------------------------------------------------------
                                  9.93   slack (MET)


Startpoint: _3213_ (rising edge-triggered flip-flop clocked by clk)
Endpoint: uio_out[0] (output port clocked by clk)
Path Group: clk
Path Type: max

Fanout     Cap    Slew   Delay    Time   Description
-----------------------------------------------------------------------------
                  0.15    0.00    0.00   clock clk (rise edge)
                          0.00    0.00   clock network delay (ideal)
                  0.15    0.00    0.00 ^ _3213_/CLK (sky130_fd_sc_hd__dfxtp_1)
     3    0.01    0.05    0.37    0.37 v _3213_/Q (sky130_fd_sc_hd__dfxtp_1)
                                         user_peripheral.irq (net)
                  0.05    0.00    0.37 v _1590_/A (sky130_fd_sc_hd__or2_1)
     1    0.00    0.05    0.23    0.60 v _1590_/X (sky130_fd_sc_hd__or2_1)
                                         _1290_ (net)
                  0.05    0.00    0.60 v _1591_/A (sky130_fd_sc_hd__clkbuf_1)
     2    0.00    0.04    0.10    0.70 v _1591_/X (sky130_fd_sc_hd__clkbuf_1)
                                         user_peripheral.user_interrupt (net)
                  0.04    0.00    0.70 v _3515_/A (sky130_fd_sc_hd__buf_1)
     1    0.01    0.06    0.12    0.82 v _3515_/X (sky130_fd_sc_hd__buf_1)
                                         net6 (net)
                  0.06    0.00    0.82 v output6/A (sky130_fd_sc_hd__buf_2)
     1    0.03    0.09    0.20    1.02 v output6/X (sky130_fd_sc_hd__buf_2)
                                         uio_out[0] (net)
                  0.09    0.00    1.02 v uio_out[0] (out)
                                  1.02   data arrival time

                  0.15   14.00   14.00   clock clk (rise edge)
                          0.00   14.00   clock network delay (ideal)
                         -0.25   13.75   clock uncertainty
                          0.00   13.75   clock reconvergence pessimism
                         -2.80   10.95   output external delay
                                 10.95   data required time
-----------------------------------------------------------------------------
                                 10.95   data required time
                                 -1.02   data arrival time
-----------------------------------------------------------------------------
                                  9.93   slack (MET)


Startpoint: _3231_ (rising edge-triggered flip-flop clocked by clk)
Endpoint: uo_out[0] (output port clocked by clk)
Path Group: clk
Path Type: max

Fanout     Cap    Slew   Delay    Time   Description
-----------------------------------------------------------------------------
                  0.15    0.00    0.00   clock clk (rise edge)
                          0.00    0.00   clock network delay (ideal)
                  0.15    0.00    0.00 ^ _3231_/CLK (sky130_fd_sc_hd__dfxtp_1)
     4    0.02    0.16    0.45    0.45 ^ _3231_/Q (sky130_fd_sc_hd__dfxtp_1)
                                         user_peripheral.spi_clk_r (net)
                  0.16    0.00    0.45 ^ _1592_/B (sky130_fd_sc_hd__xor2_1)
     1    0.00    0.11    0.16    0.60 ^ _1592_/X (sky130_fd_sc_hd__xor2_1)
                                         user_peripheral.sclk_out (net)
                  0.11    0.00    0.60 ^ _3517_/A (sky130_fd_sc_hd__buf_1)
     1    0.01    0.12    0.16    0.76 ^ _3517_/X (sky130_fd_sc_hd__buf_1)
                                         net8 (net)
                  0.12    0.00    0.76 ^ output8/A (sky130_fd_sc_hd__buf_2)
     1    0.03    0.17    0.23    0.99 ^ output8/X (sky130_fd_sc_hd__buf_2)
                                         uo_out[0] (net)
                  0.17    0.00    0.99 ^ uo_out[0] (out)
                                  0.99   data arrival time

                  0.15   14.00   14.00   clock clk (rise edge)
                          0.00   14.00   clock network delay (ideal)
                         -0.25   13.75   clock uncertainty
                          0.00   13.75   clock reconvergence pessimism
                         -2.80   10.95   output external delay
                                 10.95   data required time
-----------------------------------------------------------------------------
                                 10.95   data required time
                                 -0.99   data arrival time
-----------------------------------------------------------------------------
                                  9.96   slack (MET)


Startpoint: _3361_ (rising edge-triggered flip-flop clocked by clk)
Endpoint: uo_out[1] (output port clocked by clk)
Path Group: clk
Path Type: max

Fanout     Cap    Slew   Delay    Time   Description
-----------------------------------------------------------------------------
                  0.15    0.00    0.00   clock clk (rise edge)
                          0.00    0.00   clock network delay (ideal)
                  0.15    0.00    0.00 ^ _3361_/CLK (sky130_fd_sc_hd__dfxtp_1)
     2    0.00    0.06    0.37    0.37 ^ _3361_/Q (sky130_fd_sc_hd__dfxtp_1)
                                         user_peripheral.tx_shift[31] (net)
                  0.06    0.00    0.37 ^ _3518_/A (sky130_fd_sc_hd__buf_1)
     1    0.01    0.10    0.13    0.50 ^ _3518_/X (sky130_fd_sc_hd__buf_1)
                                         net9 (net)
                  0.10    0.00    0.50 ^ output9/A (sky130_fd_sc_hd__buf_2)
     1    0.03    0.17    0.23    0.73 ^ output9/X (sky130_fd_sc_hd__buf_2)
                                         uo_out[1] (net)
                  0.17    0.00    0.73 ^ uo_out[1] (out)
                                  0.73   data arrival time

                  0.15   14.00   14.00   clock clk (rise edge)
                          0.00   14.00   clock network delay (ideal)
                         -0.25   13.75   clock uncertainty
                          0.00   13.75   clock reconvergence pessimism
                         -2.80   10.95   output external delay
                                 10.95   data required time
-----------------------------------------------------------------------------
                                 10.95   data required time
                                 -0.73   data arrival time
-----------------------------------------------------------------------------
                                 10.22   slack (MET)


Startpoint: uio_in[6] (input port clocked by clk)
Endpoint: _3445_ (rising edge-triggered flip-flop clocked by clk)
Path Group: clk
Path Type: max

Fanout     Cap    Slew   Delay    Time   Description
-----------------------------------------------------------------------------
                  0.15    0.00    0.00   clock clk (rise edge)
                          0.00    0.00   clock network delay (ideal)
                          2.80    2.80 v input external delay
     1    0.00    0.01    0.00    2.80 v uio_in[6] (in)
                                         uio_in[6] (net)
                  0.01    0.00    2.80 v input5/A (sky130_fd_sc_hd__buf_1)
     1    0.01    0.05    0.10    2.91 v input5/X (sky130_fd_sc_hd__buf_1)
                                         net5 (net)
                  0.05    0.00    2.91 v _3445_/D (sky130_fd_sc_hd__dfxtp_1)
                                  2.91   data arrival time

                  0.15   14.00   14.00   clock clk (rise edge)
                          0.00   14.00   clock network delay (ideal)
                         -0.25   13.75   clock uncertainty
                          0.00   13.75   clock reconvergence pessimism
                                 13.75 ^ _3445_/CLK (sky130_fd_sc_hd__dfxtp_1)
                         -0.09   13.66   library setup time
                                 13.66   data required time
-----------------------------------------------------------------------------
                                 13.66   data required time
                                 -2.91   data arrival time
-----------------------------------------------------------------------------
                                 10.75   slack (MET)


Startpoint: uio_in[4] (input port clocked by clk)
Endpoint: _3441_ (rising edge-triggered flip-flop clocked by clk)
Path Group: clk
Path Type: max

Fanout     Cap    Slew   Delay    Time   Description
-----------------------------------------------------------------------------
                  0.15    0.00    0.00   clock clk (rise edge)
                          0.00    0.00   clock network delay (ideal)
                          2.80    2.80 v input external delay
     1    0.00    0.01    0.00    2.80 v uio_in[4] (in)
                                         uio_in[4] (net)
                  0.01    0.00    2.80 v input3/A (sky130_fd_sc_hd__clkbuf_1)
     1    0.00    0.03    0.08    2.89 v input3/X (sky130_fd_sc_hd__clkbuf_1)
                                         net3 (net)
                  0.03    0.00    2.89 v _3441_/D (sky130_fd_sc_hd__dfxtp_1)
                                  2.89   data arrival time

                  0.15   14.00   14.00   clock clk (rise edge)
                          0.00   14.00   clock network delay (ideal)
                         -0.25   13.75   clock uncertainty
                          0.00   13.75   clock reconvergence pessimism
                                 13.75 ^ _3441_/CLK (sky130_fd_sc_hd__dfxtp_1)
                         -0.08   13.67   library setup time
                                 13.67   data required time
-----------------------------------------------------------------------------
                                 13.67   data required time
                                 -2.89   data arrival time
-----------------------------------------------------------------------------
                                 10.78   slack (MET)


Startpoint: ui_in[0] (input port clocked by clk)
Endpoint: _3180_ (rising edge-triggered flip-flop clocked by clk)
Path Group: clk
Path Type: max

Fanout     Cap    Slew   Delay    Time   Description
-----------------------------------------------------------------------------
                  0.15    0.00    0.00   clock clk (rise edge)
                          0.00    0.00   clock network delay (ideal)
                          2.80    2.80 v input external delay
     1    0.00    0.01    0.00    2.80 v ui_in[0] (in)
                                         ui_in[0] (net)
                  0.01    0.00    2.80 v input2/A (sky130_fd_sc_hd__clkbuf_1)
     1    0.00    0.03    0.08    2.89 v input2/X (sky130_fd_sc_hd__clkbuf_1)
                                         net2 (net)
                  0.03    0.00    2.89 v _3180_/D (sky130_fd_sc_hd__dfxtp_1)
                                  2.89   data arrival time

                  0.15   14.00   14.00   clock clk (rise edge)
                          0.00   14.00   clock network delay (ideal)
                         -0.25   13.75   clock uncertainty
                          0.00   13.75   clock reconvergence pessimism
                                 13.75 ^ _3180_/CLK (sky130_fd_sc_hd__dfxtp_1)
                         -0.08   13.67   library setup time
                                 13.67   data required time
-----------------------------------------------------------------------------
                                 13.67   data required time
                                 -2.89   data arrival time
-----------------------------------------------------------------------------
                                 10.78   slack (MET)


Startpoint: uio_in[5] (input port clocked by clk)
Endpoint: _3443_ (rising edge-triggered flip-flop clocked by clk)
Path Group: clk
Path Type: max

Fanout     Cap    Slew   Delay    Time   Description
-----------------------------------------------------------------------------
                  0.15    0.00    0.00   clock clk (rise edge)
                          0.00    0.00   clock network delay (ideal)
                          2.80    2.80 v input external delay
     1    0.00    0.01    0.00    2.80 v uio_in[5] (in)
                                         uio_in[5] (net)
                  0.01    0.00    2.80 v input4/A (sky130_fd_sc_hd__clkbuf_1)
     1    0.00    0.03    0.08    2.89 v input4/X (sky130_fd_sc_hd__clkbuf_1)
                                         net4 (net)
                  0.03    0.00    2.89 v _3443_/D (sky130_fd_sc_hd__dfxtp_1)
                                  2.89   data arrival time

                  0.15   14.00   14.00   clock clk (rise edge)
                          0.00   14.00   clock network delay (ideal)
                         -0.25   13.75   clock uncertainty
                          0.00   13.75   clock reconvergence pessimism
                                 13.75 ^ _3443_/CLK (sky130_fd_sc_hd__dfxtp_1)
                         -0.08   13.67   library setup time
                                 13.67   data required time
-----------------------------------------------------------------------------
                                 13.67   data required time
                                 -2.89   data arrival time
-----------------------------------------------------------------------------
                                 10.79   slack (MET)


Startpoint: _3456_ (rising edge-triggered flip-flop clocked by clk)
Endpoint: _3465_ (rising edge-triggered flip-flop clocked by clk)
Path Group: clk
Path Type: max

Fanout     Cap    Slew   Delay    Time   Description
-----------------------------------------------------------------------------
                  0.15    0.00    0.00   clock clk (rise edge)
                          0.00    0.00   clock network delay (ideal)
                  0.15    0.00    0.00 ^ _3456_/CLK (sky130_fd_sc_hd__dfrtp_1)
     7    0.01    0.08    0.46    0.46 v _3456_/Q (sky130_fd_sc_hd__dfrtp_1)
                                         i_spi_reg.addr[3] (net)
                  0.08    0.00    0.46 v _1697_/A (sky130_fd_sc_hd__or2_2)
     4    0.02    0.09    0.38    0.84 v _1697_/X (sky130_fd_sc_hd__or2_2)
                                         _1360_ (net)
                  0.09    0.00    0.84 v _1716_/B (sky130_fd_sc_hd__or2_1)
     3    0.01    0.08    0.27    1.11 v _1716_/X (sky130_fd_sc_hd__or2_1)
                                         _1379_ (net)
                  0.08    0.00    1.11 v _1949_/B (sky130_fd_sc_hd__nor3b_1)
     2    0.00    0.19    0.22    1.33 ^ _1949_/Y (sky130_fd_sc_hd__nor3b_1)
                                         _1581_ (net)
                  0.19    0.00    1.33 ^ _1950_/A (sky130_fd_sc_hd__buf_2)
    10    0.03    0.14    0.24    1.57 ^ _1950_/X (sky130_fd_sc_hd__buf_2)
                                         _1582_ (net)
                  0.14    0.00    1.57 ^ _3043_/A2 (sky130_fd_sc_hd__a21oi_1)
     1    0.00    0.06    0.09    1.66 v _3043_/Y (sky130_fd_sc_hd__a21oi_1)
                                         _1185_ (net)
                  0.06    0.00    1.66 v _3044_/B2 (sky130_fd_sc_hd__a22o_1)
     1    0.00    0.04    0.20    1.86 v _3044_/X (sky130_fd_sc_hd__a22o_1)
                                         _1186_ (net)
                  0.04    0.00    1.86 v _3045_/A1 (sky130_fd_sc_hd__mux2_1)
     1    0.00    0.05    0.30    2.15 v _3045_/X (sky130_fd_sc_hd__mux2_1)
                                         _1187_ (net)
                  0.05    0.00    2.15 v _3046_/B2 (sky130_fd_sc_hd__a32o_1)
     1    0.00    0.04    0.22    2.37 v _3046_/X (sky130_fd_sc_hd__a32o_1)
                                         _1188_ (net)
                  0.04    0.00    2.37 v _3051_/A1 (sky130_fd_sc_hd__mux2_1)
     1    0.00    0.05    0.29    2.67 v _3051_/X (sky130_fd_sc_hd__mux2_1)
                                         _1193_ (net)
                  0.05    0.00    2.67 v _3052_/A (sky130_fd_sc_hd__clkbuf_1)
     1    0.00    0.02    0.09    2.76 v _3052_/X (sky130_fd_sc_hd__clkbuf_1)
                                         _0277_ (net)
                  0.02    0.00    2.76 v _3465_/D (sky130_fd_sc_hd__dfrtp_4)
                                  2.76   data arrival time

                  0.15   14.00   14.00   clock clk (rise edge)
                          0.00   14.00   clock network delay (ideal)
                         -0.25   13.75   clock uncertainty
                          0.00   13.75   clock reconvergence pessimism
                                 13.75 ^ _3465_/CLK (sky130_fd_sc_hd__dfrtp_4)
                         -0.08   13.67   library setup time
                                 13.67   data required time
-----------------------------------------------------------------------------
                                 13.67   data required time
                                 -2.76   data arrival time
-----------------------------------------------------------------------------
                                 10.91   slack (MET)


Startpoint: _3454_ (rising edge-triggered flip-flop clocked by clk)
Endpoint: _3473_ (rising edge-triggered flip-flop clocked by clk)
Path Group: clk
Path Type: max

Fanout     Cap    Slew   Delay    Time   Description
-----------------------------------------------------------------------------
                  0.15    0.00    0.00   clock clk (rise edge)
                          0.00    0.00   clock network delay (ideal)
                  0.15    0.00    0.00 ^ _3454_/CLK (sky130_fd_sc_hd__dfrtp_4)
    10    0.03    0.10    0.59    0.59 v _3454_/Q (sky130_fd_sc_hd__dfrtp_4)
                                         i_spi_reg.addr[1] (net)
                  0.10    0.00    0.59 v _1698_/A (sky130_fd_sc_hd__or4_4)
     5    0.02    0.11    0.62    1.21 v _1698_/X (sky130_fd_sc_hd__or4_4)
                                         _1361_ (net)
                  0.11    0.00    1.21 v _1738_/B (sky130_fd_sc_hd__nor3b_1)
     2    0.01    0.32    0.33    1.55 ^ _1738_/Y (sky130_fd_sc_hd__nor3b_1)
                                         _1400_ (net)
                  0.32    0.00    1.55 ^ max_cap13/A (sky130_fd_sc_hd__buf_2)
     8    0.03    0.14    0.26    1.81 ^ max_cap13/X (sky130_fd_sc_hd__buf_2)
                                         net13 (net)
                  0.14    0.00    1.81 ^ _2976_/A (sky130_fd_sc_hd__buf_2)
    10    0.03    0.17    0.24    2.05 ^ _2976_/X (sky130_fd_sc_hd__buf_2)
                                         _1134_ (net)
                  0.17    0.00    2.05 ^ _3091_/B1 (sky130_fd_sc_hd__a22o_1)
     1    0.01    0.07    0.18    2.23 ^ _3091_/X (sky130_fd_sc_hd__a22o_1)
                                         _1225_ (net)
                  0.07    0.00    2.23 ^ _3093_/B1 (sky130_fd_sc_hd__a22o_1)
     1    0.00    0.04    0.12    2.35 ^ _3093_/X (sky130_fd_sc_hd__a22o_1)
                                         _1227_ (net)
                  0.04    0.00    2.35 ^ _3094_/A1 (sky130_fd_sc_hd__mux2_1)
     1    0.01    0.06    0.14    2.49 ^ _3094_/X (sky130_fd_sc_hd__mux2_1)
                                         _1228_ (net)
                  0.06    0.00    2.49 ^ _3095_/A (sky130_fd_sc_hd__clkbuf_1)
     1    0.00    0.04    0.09    2.58 ^ _3095_/X (sky130_fd_sc_hd__clkbuf_1)
                                         _0285_ (net)
                  0.04    0.00    2.58 ^ _3473_/D (sky130_fd_sc_hd__dfrtp_1)
                                  2.58   data arrival time

                  0.15   14.00   14.00   clock clk (rise edge)
                          0.00   14.00   clock network delay (ideal)
                         -0.25   13.75   clock uncertainty
                          0.00   13.75   clock reconvergence pessimism
                                 13.75 ^ _3473_/CLK (sky130_fd_sc_hd__dfrtp_1)
                         -0.04   13.71   library setup time
                                 13.71   data required time
-----------------------------------------------------------------------------
                                 13.71   data required time
                                 -2.58   data arrival time
-----------------------------------------------------------------------------
                                 11.13   slack (MET)


Startpoint: _3454_ (rising edge-triggered flip-flop clocked by clk)
Endpoint: _3471_ (rising edge-triggered flip-flop clocked by clk)
Path Group: clk
Path Type: max

Fanout     Cap    Slew   Delay    Time   Description
-----------------------------------------------------------------------------
                  0.15    0.00    0.00   clock clk (rise edge)
                          0.00    0.00   clock network delay (ideal)
                  0.15    0.00    0.00 ^ _3454_/CLK (sky130_fd_sc_hd__dfrtp_4)
    10    0.03    0.10    0.59    0.59 v _3454_/Q (sky130_fd_sc_hd__dfrtp_4)
                                         i_spi_reg.addr[1] (net)
                  0.10    0.00    0.59 v _1698_/A (sky130_fd_sc_hd__or4_4)
     5    0.02    0.11    0.62    1.21 v _1698_/X (sky130_fd_sc_hd__or4_4)
                                         _1361_ (net)
                  0.11    0.00    1.21 v _1738_/B (sky130_fd_sc_hd__nor3b_1)
     2    0.01    0.32    0.33    1.55 ^ _1738_/Y (sky130_fd_sc_hd__nor3b_1)
                                         _1400_ (net)
                  0.32    0.00    1.55 ^ max_cap13/A (sky130_fd_sc_hd__buf_2)
     8    0.03    0.14    0.26    1.81 ^ max_cap13/X (sky130_fd_sc_hd__buf_2)
                                         net13 (net)
                  0.14    0.00    1.81 ^ _2976_/A (sky130_fd_sc_hd__buf_2)
    10    0.03    0.17    0.24    2.05 ^ _2976_/X (sky130_fd_sc_hd__buf_2)
                                         _1134_ (net)
                  0.17    0.00    2.05 ^ _3083_/B1 (sky130_fd_sc_hd__a22o_1)
     1    0.01    0.07    0.17    2.23 ^ _3083_/X (sky130_fd_sc_hd__a22o_1)
                                         _1219_ (net)
                  0.07    0.00    2.23 ^ _3084_/B2 (sky130_fd_sc_hd__a22o_1)
     1    0.00    0.05    0.13    2.35 ^ _3084_/X (sky130_fd_sc_hd__a22o_1)
                                         _1220_ (net)
                  0.05    0.00    2.35 ^ _3085_/A1 (sky130_fd_sc_hd__mux2_1)
     1    0.00    0.04    0.12    2.48 ^ _3085_/X (sky130_fd_sc_hd__mux2_1)
                                         _1221_ (net)
                  0.04    0.00    2.48 ^ _3086_/A (sky130_fd_sc_hd__clkbuf_1)
     1    0.00    0.04    0.08    2.56 ^ _3086_/X (sky130_fd_sc_hd__clkbuf_1)
                                         _0283_ (net)
                  0.04    0.00    2.56 ^ _3471_/D (sky130_fd_sc_hd__dfrtp_1)
                                  2.56   data arrival time

                  0.15   14.00   14.00   clock clk (rise edge)
                          0.00   14.00   clock network delay (ideal)
                         -0.25   13.75   clock uncertainty
                          0.00   13.75   clock reconvergence pessimism
                                 13.75 ^ _3471_/CLK (sky130_fd_sc_hd__dfrtp_1)
                         -0.04   13.71   library setup time
                                 13.71   data required time
-----------------------------------------------------------------------------
                                 13.71   data required time
                                 -2.56   data arrival time
-----------------------------------------------------------------------------
                                 11.15   slack (MET)


Startpoint: _3460_ (rising edge-triggered flip-flop clocked by clk)
Endpoint: _3479_ (rising edge-triggered flip-flop clocked by clk)
Path Group: clk
Path Type: max

Fanout     Cap    Slew   Delay    Time   Description
-----------------------------------------------------------------------------
                  0.15    0.00    0.00   clock clk (rise edge)
                          0.00    0.00   clock network delay (ideal)
                  0.15    0.00    0.00 ^ _3460_/CLK (sky130_fd_sc_hd__dfrtp_1)
     4    0.01    0.07    0.44    0.44 v _3460_/Q (sky130_fd_sc_hd__dfrtp_1)
                                         i_spi_reg.buffer_counter[1] (net)
                  0.07    0.00    0.44 v _1594_/A (sky130_fd_sc_hd__or3_1)
     1    0.00    0.06    0.37    0.82 v _1594_/X (sky130_fd_sc_hd__or3_1)
                                         _1292_ (net)
                  0.06    0.00    0.82 v _1595_/C (sky130_fd_sc_hd__or3_2)
     5    0.01    0.11    0.49    1.30 v _1595_/X (sky130_fd_sc_hd__or3_2)
                                         _1293_ (net)
                  0.11    0.00    1.30 v _3047_/A2 (sky130_fd_sc_hd__o2111a_1)
     1    0.00    0.05    0.27    1.57 v _3047_/X (sky130_fd_sc_hd__o2111a_1)
                                         _1189_ (net)
                  0.05    0.00    1.57 v _3049_/B1 (sky130_fd_sc_hd__o32a_4)
     5    0.03    0.08    0.27    1.84 v _3049_/X (sky130_fd_sc_hd__o32a_4)
                                         _1191_ (net)
                  0.08    0.00    1.84 v _3102_/A (sky130_fd_sc_hd__clkbuf_4)
    10    0.04    0.10    0.23    2.07 v _3102_/X (sky130_fd_sc_hd__clkbuf_4)
                                         _1234_ (net)
                  0.10    0.00    2.07 v _3120_/S (sky130_fd_sc_hd__mux2_1)
     1    0.00    0.06    0.35    2.42 v _3120_/X (sky130_fd_sc_hd__mux2_1)
                                         _1248_ (net)
                  0.06    0.00    2.42 v _3121_/A (sky130_fd_sc_hd__clkbuf_1)
     1    0.00    0.02    0.10    2.51 v _3121_/X (sky130_fd_sc_hd__clkbuf_1)
                                         _0291_ (net)
                  0.02    0.00    2.51 v _3479_/D (sky130_fd_sc_hd__dfrtp_4)
                                  2.51   data arrival time

                  0.15   14.00   14.00   clock clk (rise edge)
                          0.00   14.00   clock network delay (ideal)
                         -0.25   13.75   clock uncertainty
                          0.00   13.75   clock reconvergence pessimism
                                 13.75 ^ _3479_/CLK (sky130_fd_sc_hd__dfrtp_4)
                         -0.08   13.67   library setup time
                                 13.67   data required time
-----------------------------------------------------------------------------
                                 13.67   data required time
                                 -2.51   data arrival time
-----------------------------------------------------------------------------
                                 11.16   slack (MET)


Startpoint: _3454_ (rising edge-triggered flip-flop clocked by clk)
Endpoint: _3475_ (rising edge-triggered flip-flop clocked by clk)
Path Group: clk
Path Type: max

Fanout     Cap    Slew   Delay    Time   Description
-----------------------------------------------------------------------------
                  0.15    0.00    0.00   clock clk (rise edge)
                          0.00    0.00   clock network delay (ideal)
                  0.15    0.00    0.00 ^ _3454_/CLK (sky130_fd_sc_hd__dfrtp_4)
    10    0.03    0.10    0.59    0.59 v _3454_/Q (sky130_fd_sc_hd__dfrtp_4)
                                         i_spi_reg.addr[1] (net)
                  0.10    0.00    0.59 v _1698_/A (sky130_fd_sc_hd__or4_4)
     5    0.02    0.11    0.62    1.21 v _1698_/X (sky130_fd_sc_hd__or4_4)
                                         _1361_ (net)
                  0.11    0.00    1.21 v _1738_/B (sky130_fd_sc_hd__nor3b_1)
     2    0.01    0.32    0.33    1.55 ^ _1738_/Y (sky130_fd_sc_hd__nor3b_1)
                                         _1400_ (net)
                  0.32    0.00    1.55 ^ max_cap13/A (sky130_fd_sc_hd__buf_2)
     8    0.03    0.14    0.26    1.81 ^ max_cap13/X (sky130_fd_sc_hd__buf_2)
                                         net13 (net)
                  0.14    0.00    1.81 ^ _2976_/A (sky130_fd_sc_hd__buf_2)
    10    0.03    0.17    0.24    2.05 ^ _2976_/X (sky130_fd_sc_hd__buf_2)
                                         _1134_ (net)
                  0.17    0.00    2.05 ^ _3100_/B1 (sky130_fd_sc_hd__a22o_1)
     1    0.00    0.06    0.17    2.22 ^ _3100_/X (sky130_fd_sc_hd__a22o_1)
                                         _1232_ (net)
                  0.06    0.00    2.22 ^ _3101_/B2 (sky130_fd_sc_hd__a22o_1)
     1    0.00    0.04    0.12    2.35 ^ _3101_/X (sky130_fd_sc_hd__a22o_1)
                                         _1233_ (net)
                  0.04    0.00    2.35 ^ _3103_/A1 (sky130_fd_sc_hd__mux2_1)
     1    0.00    0.04    0.12    2.46 ^ _3103_/X (sky130_fd_sc_hd__mux2_1)
                                         _1235_ (net)
                  0.04    0.00    2.46 ^ _3104_/A (sky130_fd_sc_hd__clkbuf_1)
     1    0.00    0.04    0.08    2.54 ^ _3104_/X (sky130_fd_sc_hd__clkbuf_1)
                                         _0287_ (net)
                  0.04    0.00    2.54 ^ _3475_/D (sky130_fd_sc_hd__dfrtp_1)
                                  2.54   data arrival time

                  0.15   14.00   14.00   clock clk (rise edge)
                          0.00   14.00   clock network delay (ideal)
                         -0.25   13.75   clock uncertainty
                          0.00   13.75   clock reconvergence pessimism
                                 13.75 ^ _3475_/CLK (sky130_fd_sc_hd__dfrtp_1)
                         -0.04   13.71   library setup time
                                 13.71   data required time
-----------------------------------------------------------------------------
                                 13.71   data required time
                                 -2.54   data arrival time
-----------------------------------------------------------------------------
                                 11.16   slack (MET)


Startpoint: _3454_ (rising edge-triggered flip-flop clocked by clk)
Endpoint: _3474_ (rising edge-triggered flip-flop clocked by clk)
Path Group: clk
Path Type: max

Fanout     Cap    Slew   Delay    Time   Description
-----------------------------------------------------------------------------
                  0.15    0.00    0.00   clock clk (rise edge)
                          0.00    0.00   clock network delay (ideal)
                  0.15    0.00    0.00 ^ _3454_/CLK (sky130_fd_sc_hd__dfrtp_4)
    10    0.03    0.10    0.59    0.59 v _3454_/Q (sky130_fd_sc_hd__dfrtp_4)
                                         i_spi_reg.addr[1] (net)
                  0.10    0.00    0.59 v _1698_/A (sky130_fd_sc_hd__or4_4)
     5    0.02    0.11    0.62    1.21 v _1698_/X (sky130_fd_sc_hd__or4_4)
                                         _1361_ (net)
                  0.11    0.00    1.21 v _1738_/B (sky130_fd_sc_hd__nor3b_1)
     2    0.01    0.32    0.33    1.55 ^ _1738_/Y (sky130_fd_sc_hd__nor3b_1)
                                         _1400_ (net)
                  0.32    0.00    1.55 ^ max_cap13/A (sky130_fd_sc_hd__buf_2)
     8    0.03    0.14    0.26    1.81 ^ max_cap13/X (sky130_fd_sc_hd__buf_2)
                                         net13 (net)
                  0.14    0.00    1.81 ^ _2976_/A (sky130_fd_sc_hd__buf_2)
    10    0.03    0.17    0.24    2.05 ^ _2976_/X (sky130_fd_sc_hd__buf_2)
                                         _1134_ (net)
                  0.17    0.00    2.05 ^ _3096_/B1 (sky130_fd_sc_hd__a22o_1)
     1    0.00    0.06    0.17    2.22 ^ _3096_/X (sky130_fd_sc_hd__a22o_1)
                                         _1229_ (net)
                  0.06    0.00    2.22 ^ _3097_/B2 (sky130_fd_sc_hd__a22o_1)
     1    0.00    0.04    0.12    2.34 ^ _3097_/X (sky130_fd_sc_hd__a22o_1)
                                         _1230_ (net)
                  0.04    0.00    2.34 ^ _3098_/A1 (sky130_fd_sc_hd__mux2_1)
     1    0.00    0.04    0.12    2.46 ^ _3098_/X (sky130_fd_sc_hd__mux2_1)
                                         _1231_ (net)
                  0.04    0.00    2.46 ^ _3099_/A (sky130_fd_sc_hd__clkbuf_1)
     1    0.00    0.04    0.08    2.54 ^ _3099_/X (sky130_fd_sc_hd__clkbuf_1)
                                         _0286_ (net)
                  0.04    0.00    2.54 ^ _3474_/D (sky130_fd_sc_hd__dfrtp_1)
                                  2.54   data arrival time

                  0.15   14.00   14.00   clock clk (rise edge)
                          0.00   14.00   clock network delay (ideal)
                         -0.25   13.75   clock uncertainty
                          0.00   13.75   clock reconvergence pessimism
                                 13.75 ^ _3474_/CLK (sky130_fd_sc_hd__dfrtp_1)
                         -0.04   13.71   library setup time
                                 13.71   data required time
-----------------------------------------------------------------------------
                                 13.71   data required time
                                 -2.54   data arrival time
-----------------------------------------------------------------------------
                                 11.16   slack (MET)


Startpoint: _3454_ (rising edge-triggered flip-flop clocked by clk)
Endpoint: _3472_ (rising edge-triggered flip-flop clocked by clk)
Path Group: clk
Path Type: max

Fanout     Cap    Slew   Delay    Time   Description
-----------------------------------------------------------------------------
                  0.15    0.00    0.00   clock clk (rise edge)
                          0.00    0.00   clock network delay (ideal)
                  0.15    0.00    0.00 ^ _3454_/CLK (sky130_fd_sc_hd__dfrtp_4)
    10    0.03    0.10    0.59    0.59 v _3454_/Q (sky130_fd_sc_hd__dfrtp_4)
                                         i_spi_reg.addr[1] (net)
                  0.10    0.00    0.59 v _1698_/A (sky130_fd_sc_hd__or4_4)
     5    0.02    0.11    0.62    1.21 v _1698_/X (sky130_fd_sc_hd__or4_4)
                                         _1361_ (net)
                  0.11    0.00    1.21 v _1738_/B (sky130_fd_sc_hd__nor3b_1)
     2    0.01    0.32    0.33    1.55 ^ _1738_/Y (sky130_fd_sc_hd__nor3b_1)
                                         _1400_ (net)
                  0.32    0.00    1.55 ^ max_cap13/A (sky130_fd_sc_hd__buf_2)
     8    0.03    0.14    0.26    1.81 ^ max_cap13/X (sky130_fd_sc_hd__buf_2)
                                         net13 (net)
                  0.14    0.00    1.81 ^ _2976_/A (sky130_fd_sc_hd__buf_2)
    10    0.03    0.17    0.24    2.05 ^ _2976_/X (sky130_fd_sc_hd__buf_2)
                                         _1134_ (net)
                  0.17    0.00    2.05 ^ _3087_/B1 (sky130_fd_sc_hd__a22o_1)
     1    0.00    0.06    0.17    2.22 ^ _3087_/X (sky130_fd_sc_hd__a22o_1)
                                         _1222_ (net)
                  0.06    0.00    2.22 ^ _3088_/B2 (sky130_fd_sc_hd__a22o_1)
     1    0.00    0.04    0.12    2.34 ^ _3088_/X (sky130_fd_sc_hd__a22o_1)
                                         _1223_ (net)
                  0.04    0.00    2.34 ^ _3089_/A1 (sky130_fd_sc_hd__mux2_1)
     1    0.00    0.04    0.12    2.46 ^ _3089_/X (sky130_fd_sc_hd__mux2_1)
                                         _1224_ (net)
                  0.04    0.00    2.46 ^ _3090_/A (sky130_fd_sc_hd__clkbuf_1)
     1    0.00    0.04    0.08    2.54 ^ _3090_/X (sky130_fd_sc_hd__clkbuf_1)
                                         _0284_ (net)
                  0.04    0.00    2.54 ^ _3472_/D (sky130_fd_sc_hd__dfrtp_1)
                                  2.54   data arrival time

                  0.15   14.00   14.00   clock clk (rise edge)
                          0.00   14.00   clock network delay (ideal)
                         -0.25   13.75   clock uncertainty
                          0.00   13.75   clock reconvergence pessimism
                                 13.75 ^ _3472_/CLK (sky130_fd_sc_hd__dfrtp_1)
                         -0.04   13.71   library setup time
                                 13.71   data required time
-----------------------------------------------------------------------------
                                 13.71   data required time
                                 -2.54   data arrival time
-----------------------------------------------------------------------------
                                 11.16   slack (MET)


Startpoint: _3460_ (rising edge-triggered flip-flop clocked by clk)
Endpoint: _3481_ (rising edge-triggered flip-flop clocked by clk)
Path Group: clk
Path Type: max

Fanout     Cap    Slew   Delay    Time   Description
-----------------------------------------------------------------------------
                  0.15    0.00    0.00   clock clk (rise edge)
                          0.00    0.00   clock network delay (ideal)
                  0.15    0.00    0.00 ^ _3460_/CLK (sky130_fd_sc_hd__dfrtp_1)
     4    0.01    0.07    0.44    0.44 v _3460_/Q (sky130_fd_sc_hd__dfrtp_1)
                                         i_spi_reg.buffer_counter[1] (net)
                  0.07    0.00    0.44 v _1594_/A (sky130_fd_sc_hd__or3_1)
     1    0.00    0.06    0.37    0.82 v _1594_/X (sky130_fd_sc_hd__or3_1)
                                         _1292_ (net)
                  0.06    0.00    0.82 v _1595_/C (sky130_fd_sc_hd__or3_2)
     5    0.01    0.11    0.49    1.30 v _1595_/X (sky130_fd_sc_hd__or3_2)
                                         _1293_ (net)
                  0.11    0.00    1.30 v _3047_/A2 (sky130_fd_sc_hd__o2111a_1)
     1    0.00    0.05    0.27    1.57 v _3047_/X (sky130_fd_sc_hd__o2111a_1)
                                         _1189_ (net)
                  0.05    0.00    1.57 v _3049_/B1 (sky130_fd_sc_hd__o32a_4)
     5    0.03    0.08    0.27    1.84 v _3049_/X (sky130_fd_sc_hd__o32a_4)
                                         _1191_ (net)
                  0.08    0.00    1.84 v _3102_/A (sky130_fd_sc_hd__clkbuf_4)
    10    0.04    0.10    0.23    2.07 v _3102_/X (sky130_fd_sc_hd__clkbuf_4)
                                         _1234_ (net)
                  0.10    0.00    2.07 v _3129_/S (sky130_fd_sc_hd__mux2_1)
     1    0.00    0.06    0.34    2.41 v _3129_/X (sky130_fd_sc_hd__mux2_1)
                                         _1255_ (net)
                  0.06    0.00    2.41 v _3130_/A (sky130_fd_sc_hd__clkbuf_1)
     1    0.00    0.03    0.10    2.50 v _3130_/X (sky130_fd_sc_hd__clkbuf_1)
                                         _0293_ (net)
                  0.03    0.00    2.50 v _3481_/D (sky130_fd_sc_hd__dfrtp_4)
                                  2.50   data arrival time

                  0.15   14.00   14.00   clock clk (rise edge)
                          0.00   14.00   clock network delay (ideal)
                         -0.25   13.75   clock uncertainty
                          0.00   13.75   clock reconvergence pessimism
                                 13.75 ^ _3481_/CLK (sky130_fd_sc_hd__dfrtp_4)
                         -0.08   13.67   library setup time
                                 13.67   data required time
-----------------------------------------------------------------------------
                                 13.67   data required time
                                 -2.50   data arrival time
-----------------------------------------------------------------------------
                                 11.17   slack (MET)


Startpoint: _3460_ (rising edge-triggered flip-flop clocked by clk)
Endpoint: _3484_ (rising edge-triggered flip-flop clocked by clk)
Path Group: clk
Path Type: max

Fanout     Cap    Slew   Delay    Time   Description
-----------------------------------------------------------------------------
                  0.15    0.00    0.00   clock clk (rise edge)
                          0.00    0.00   clock network delay (ideal)
                  0.15    0.00    0.00 ^ _3460_/CLK (sky130_fd_sc_hd__dfrtp_1)
     4    0.01    0.07    0.44    0.44 v _3460_/Q (sky130_fd_sc_hd__dfrtp_1)
                                         i_spi_reg.buffer_counter[1] (net)
                  0.07    0.00    0.44 v _1594_/A (sky130_fd_sc_hd__or3_1)
     1    0.00    0.06    0.37    0.82 v _1594_/X (sky130_fd_sc_hd__or3_1)
                                         _1292_ (net)
                  0.06    0.00    0.82 v _1595_/C (sky130_fd_sc_hd__or3_2)
     5    0.01    0.11    0.49    1.30 v _1595_/X (sky130_fd_sc_hd__or3_2)
                                         _1293_ (net)
                  0.11    0.00    1.30 v _3047_/A2 (sky130_fd_sc_hd__o2111a_1)
     1    0.00    0.05    0.27    1.57 v _3047_/X (sky130_fd_sc_hd__o2111a_1)
                                         _1189_ (net)
                  0.05    0.00    1.57 v _3049_/B1 (sky130_fd_sc_hd__o32a_4)
     5    0.03    0.08    0.27    1.84 v _3049_/X (sky130_fd_sc_hd__o32a_4)
                                         _1191_ (net)
                  0.08    0.00    1.84 v _3102_/A (sky130_fd_sc_hd__clkbuf_4)
    10    0.04    0.10    0.23    2.07 v _3102_/X (sky130_fd_sc_hd__clkbuf_4)
                                         _1234_ (net)
                  0.10    0.00    2.07 v _3138_/S (sky130_fd_sc_hd__mux2_1)
     1    0.00    0.05    0.34    2.41 v _3138_/X (sky130_fd_sc_hd__mux2_1)
                                         _1261_ (net)
                  0.05    0.00    2.41 v _3139_/A (sky130_fd_sc_hd__clkbuf_1)
     1    0.00    0.02    0.09    2.50 v _3139_/X (sky130_fd_sc_hd__clkbuf_1)
                                         _0296_ (net)
                  0.02    0.00    2.50 v _3484_/D (sky130_fd_sc_hd__dfrtp_4)
                                  2.50   data arrival time

                  0.15   14.00   14.00   clock clk (rise edge)
                          0.00   14.00   clock network delay (ideal)
                         -0.25   13.75   clock uncertainty
                          0.00   13.75   clock reconvergence pessimism
                                 13.75 ^ _3484_/CLK (sky130_fd_sc_hd__dfrtp_4)
                         -0.08   13.67   library setup time
                                 13.67   data required time
-----------------------------------------------------------------------------
                                 13.67   data required time
                                 -2.50   data arrival time
-----------------------------------------------------------------------------
                                 11.17   slack (MET)


Startpoint: _3454_ (rising edge-triggered flip-flop clocked by clk)
Endpoint: _3476_ (rising edge-triggered flip-flop clocked by clk)
Path Group: clk
Path Type: max

Fanout     Cap    Slew   Delay    Time   Description
-----------------------------------------------------------------------------
                  0.15    0.00    0.00   clock clk (rise edge)
                          0.00    0.00   clock network delay (ideal)
                  0.15    0.00    0.00 ^ _3454_/CLK (sky130_fd_sc_hd__dfrtp_4)
    10    0.03    0.10    0.59    0.59 v _3454_/Q (sky130_fd_sc_hd__dfrtp_4)
                                         i_spi_reg.addr[1] (net)
                  0.10    0.00    0.59 v _1698_/A (sky130_fd_sc_hd__or4_4)
     5    0.02    0.11    0.62    1.21 v _1698_/X (sky130_fd_sc_hd__or4_4)
                                         _1361_ (net)
                  0.11    0.00    1.21 v _1738_/B (sky130_fd_sc_hd__nor3b_1)
     2    0.01    0.32    0.33    1.55 ^ _1738_/Y (sky130_fd_sc_hd__nor3b_1)
                                         _1400_ (net)
                  0.32    0.00    1.55 ^ max_cap13/A (sky130_fd_sc_hd__buf_2)
     8    0.03    0.14    0.26    1.81 ^ max_cap13/X (sky130_fd_sc_hd__buf_2)
                                         net13 (net)
                  0.14    0.00    1.81 ^ _2976_/A (sky130_fd_sc_hd__buf_2)
    10    0.03    0.17    0.24    2.05 ^ _2976_/X (sky130_fd_sc_hd__buf_2)
                                         _1134_ (net)
                  0.17    0.00    2.05 ^ _3106_/B1 (sky130_fd_sc_hd__a22o_1)
     1    0.00    0.06    0.17    2.22 ^ _3106_/X (sky130_fd_sc_hd__a22o_1)
                                         _1237_ (net)
                  0.06    0.00    2.22 ^ _3107_/B2 (sky130_fd_sc_hd__a22o_1)
     1    0.00    0.04    0.12    2.34 ^ _3107_/X (sky130_fd_sc_hd__a22o_1)
                                         _1238_ (net)
                  0.04    0.00    2.34 ^ _3108_/A1 (sky130_fd_sc_hd__mux2_1)
     1    0.00    0.04    0.12    2.46 ^ _3108_/X (sky130_fd_sc_hd__mux2_1)
                                         _1239_ (net)
                  0.04    0.00    2.46 ^ _3109_/A (sky130_fd_sc_hd__clkbuf_1)
     1    0.00    0.04    0.08    2.54 ^ _3109_/X (sky130_fd_sc_hd__clkbuf_1)
                                         _0288_ (net)
                  0.04    0.00    2.54 ^ _3476_/D (sky130_fd_sc_hd__dfrtp_1)
                                  2.54   data arrival time

                  0.15   14.00   14.00   clock clk (rise edge)
                          0.00   14.00   clock network delay (ideal)
                         -0.25   13.75   clock uncertainty
                          0.00   13.75   clock reconvergence pessimism
                                 13.75 ^ _3476_/CLK (sky130_fd_sc_hd__dfrtp_1)
                         -0.04   13.71   library setup time
                                 13.71   data required time
-----------------------------------------------------------------------------
                                 13.71   data required time
                                 -2.54   data arrival time
-----------------------------------------------------------------------------
                                 11.17   slack (MET)


Startpoint: _3460_ (rising edge-triggered flip-flop clocked by clk)
Endpoint: _3482_ (rising edge-triggered flip-flop clocked by clk)
Path Group: clk
Path Type: max

Fanout     Cap    Slew   Delay    Time   Description
-----------------------------------------------------------------------------
                  0.15    0.00    0.00   clock clk (rise edge)
                          0.00    0.00   clock network delay (ideal)
                  0.15    0.00    0.00 ^ _3460_/CLK (sky130_fd_sc_hd__dfrtp_1)
     4    0.01    0.07    0.44    0.44 v _3460_/Q (sky130_fd_sc_hd__dfrtp_1)
                                         i_spi_reg.buffer_counter[1] (net)
                  0.07    0.00    0.44 v _1594_/A (sky130_fd_sc_hd__or3_1)
     1    0.00    0.06    0.37    0.82 v _1594_/X (sky130_fd_sc_hd__or3_1)
                                         _1292_ (net)
                  0.06    0.00    0.82 v _1595_/C (sky130_fd_sc_hd__or3_2)
     5    0.01    0.11    0.49    1.30 v _1595_/X (sky130_fd_sc_hd__or3_2)
                                         _1293_ (net)
                  0.11    0.00    1.30 v _3047_/A2 (sky130_fd_sc_hd__o2111a_1)
     1    0.00    0.05    0.27    1.57 v _3047_/X (sky130_fd_sc_hd__o2111a_1)
                                         _1189_ (net)
                  0.05    0.00    1.57 v _3049_/B1 (sky130_fd_sc_hd__o32a_4)
     5    0.03    0.08    0.27    1.84 v _3049_/X (sky130_fd_sc_hd__o32a_4)
                                         _1191_ (net)
                  0.08    0.00    1.84 v _3102_/A (sky130_fd_sc_hd__clkbuf_4)
    10    0.04    0.10    0.23    2.07 v _3102_/X (sky130_fd_sc_hd__clkbuf_4)
                                         _1234_ (net)
                  0.10    0.00    2.07 v _3132_/S (sky130_fd_sc_hd__mux2_1)
     1    0.00    0.05    0.34    2.41 v _3132_/X (sky130_fd_sc_hd__mux2_1)
                                         _1257_ (net)
                  0.05    0.00    2.41 v _3133_/A (sky130_fd_sc_hd__clkbuf_1)
     1    0.00    0.02    0.09    2.50 v _3133_/X (sky130_fd_sc_hd__clkbuf_1)
                                         _0294_ (net)
                  0.02    0.00    2.50 v _3482_/D (sky130_fd_sc_hd__dfrtp_4)
                                  2.50   data arrival time

                  0.15   14.00   14.00   clock clk (rise edge)
                          0.00   14.00   clock network delay (ideal)
                         -0.25   13.75   clock uncertainty
                          0.00   13.75   clock reconvergence pessimism
                                 13.75 ^ _3482_/CLK (sky130_fd_sc_hd__dfrtp_4)
                         -0.08   13.67   library setup time
                                 13.67   data required time
-----------------------------------------------------------------------------
                                 13.67   data required time
                                 -2.50   data arrival time
-----------------------------------------------------------------------------
                                 11.17   slack (MET)


Startpoint: _3460_ (rising edge-triggered flip-flop clocked by clk)
Endpoint: _3483_ (rising edge-triggered flip-flop clocked by clk)
Path Group: clk
Path Type: max

Fanout     Cap    Slew   Delay    Time   Description
-----------------------------------------------------------------------------
                  0.15    0.00    0.00   clock clk (rise edge)
                          0.00    0.00   clock network delay (ideal)
                  0.15    0.00    0.00 ^ _3460_/CLK (sky130_fd_sc_hd__dfrtp_1)
     4    0.01    0.07    0.44    0.44 v _3460_/Q (sky130_fd_sc_hd__dfrtp_1)
                                         i_spi_reg.buffer_counter[1] (net)
                  0.07    0.00    0.44 v _1594_/A (sky130_fd_sc_hd__or3_1)
     1    0.00    0.06    0.37    0.82 v _1594_/X (sky130_fd_sc_hd__or3_1)
                                         _1292_ (net)
                  0.06    0.00    0.82 v _1595_/C (sky130_fd_sc_hd__or3_2)
     5    0.01    0.11    0.49    1.30 v _1595_/X (sky130_fd_sc_hd__or3_2)
                                         _1293_ (net)
                  0.11    0.00    1.30 v _3047_/A2 (sky130_fd_sc_hd__o2111a_1)
     1    0.00    0.05    0.27    1.57 v _3047_/X (sky130_fd_sc_hd__o2111a_1)
                                         _1189_ (net)
                  0.05    0.00    1.57 v _3049_/B1 (sky130_fd_sc_hd__o32a_4)
     5    0.03    0.08    0.27    1.84 v _3049_/X (sky130_fd_sc_hd__o32a_4)
                                         _1191_ (net)
                  0.08    0.00    1.84 v _3102_/A (sky130_fd_sc_hd__clkbuf_4)
    10    0.04    0.10    0.23    2.07 v _3102_/X (sky130_fd_sc_hd__clkbuf_4)
                                         _1234_ (net)
                  0.10    0.00    2.07 v _3135_/S (sky130_fd_sc_hd__mux2_1)
     1    0.00    0.05    0.34    2.41 v _3135_/X (sky130_fd_sc_hd__mux2_1)
                                         _1259_ (net)
                  0.05    0.00    2.41 v _3136_/A (sky130_fd_sc_hd__clkbuf_1)
     1    0.00    0.02    0.09    2.50 v _3136_/X (sky130_fd_sc_hd__clkbuf_1)
                                         _0295_ (net)
                  0.02    0.00    2.50 v _3483_/D (sky130_fd_sc_hd__dfrtp_4)
                                  2.50   data arrival time

                  0.15   14.00   14.00   clock clk (rise edge)
                          0.00   14.00   clock network delay (ideal)
                         -0.25   13.75   clock uncertainty
                          0.00   13.75   clock reconvergence pessimism
                                 13.75 ^ _3483_/CLK (sky130_fd_sc_hd__dfrtp_4)
                         -0.08   13.67   library setup time
                                 13.67   data required time
-----------------------------------------------------------------------------
                                 13.67   data required time
                                 -2.50   data arrival time
-----------------------------------------------------------------------------
                                 11.17   slack (MET)


Startpoint: _3460_ (rising edge-triggered flip-flop clocked by clk)
Endpoint: _3478_ (rising edge-triggered flip-flop clocked by clk)
Path Group: clk
Path Type: max

Fanout     Cap    Slew   Delay    Time   Description
-----------------------------------------------------------------------------
                  0.15    0.00    0.00   clock clk (rise edge)
                          0.00    0.00   clock network delay (ideal)
                  0.15    0.00    0.00 ^ _3460_/CLK (sky130_fd_sc_hd__dfrtp_1)
     4    0.01    0.07    0.44    0.44 v _3460_/Q (sky130_fd_sc_hd__dfrtp_1)
                                         i_spi_reg.buffer_counter[1] (net)
                  0.07    0.00    0.44 v _1594_/A (sky130_fd_sc_hd__or3_1)
     1    0.00    0.06    0.37    0.82 v _1594_/X (sky130_fd_sc_hd__or3_1)
                                         _1292_ (net)
                  0.06    0.00    0.82 v _1595_/C (sky130_fd_sc_hd__or3_2)
     5    0.01    0.11    0.49    1.30 v _1595_/X (sky130_fd_sc_hd__or3_2)
                                         _1293_ (net)
                  0.11    0.00    1.30 v _3047_/A2 (sky130_fd_sc_hd__o2111a_1)
     1    0.00    0.05    0.27    1.57 v _3047_/X (sky130_fd_sc_hd__o2111a_1)
                                         _1189_ (net)
                  0.05    0.00    1.57 v _3049_/B1 (sky130_fd_sc_hd__o32a_4)
     5    0.03    0.08    0.27    1.84 v _3049_/X (sky130_fd_sc_hd__o32a_4)
                                         _1191_ (net)
                  0.08    0.00    1.84 v _3102_/A (sky130_fd_sc_hd__clkbuf_4)
    10    0.04    0.10    0.23    2.07 v _3102_/X (sky130_fd_sc_hd__clkbuf_4)
                                         _1234_ (net)
                  0.10    0.00    2.07 v _3116_/S (sky130_fd_sc_hd__mux2_1)
     1    0.00    0.05    0.33    2.40 v _3116_/X (sky130_fd_sc_hd__mux2_1)
                                         _1245_ (net)
                  0.05    0.00    2.40 v _3117_/A (sky130_fd_sc_hd__clkbuf_1)
     1    0.00    0.02    0.09    2.50 v _3117_/X (sky130_fd_sc_hd__clkbuf_1)
                                         _0290_ (net)
                  0.02    0.00    2.50 v _3478_/D (sky130_fd_sc_hd__dfrtp_4)
                                  2.50   data arrival time

                  0.15   14.00   14.00   clock clk (rise edge)
                          0.00   14.00   clock network delay (ideal)
                         -0.25   13.75   clock uncertainty
                          0.00   13.75   clock reconvergence pessimism
                                 13.75 ^ _3478_/CLK (sky130_fd_sc_hd__dfrtp_4)
                         -0.08   13.67   library setup time
                                 13.67   data required time
-----------------------------------------------------------------------------
                                 13.67   data required time
                                 -2.50   data arrival time
-----------------------------------------------------------------------------
                                 11.17   slack (MET)


Startpoint: _3460_ (rising edge-triggered flip-flop clocked by clk)
Endpoint: _3480_ (rising edge-triggered flip-flop clocked by clk)
Path Group: clk
Path Type: max

Fanout     Cap    Slew   Delay    Time   Description
-----------------------------------------------------------------------------
                  0.15    0.00    0.00   clock clk (rise edge)
                          0.00    0.00   clock network delay (ideal)
                  0.15    0.00    0.00 ^ _3460_/CLK (sky130_fd_sc_hd__dfrtp_1)
     4    0.01    0.07    0.44    0.44 v _3460_/Q (sky130_fd_sc_hd__dfrtp_1)
                                         i_spi_reg.buffer_counter[1] (net)
                  0.07    0.00    0.44 v _1594_/A (sky130_fd_sc_hd__or3_1)
     1    0.00    0.06    0.37    0.82 v _1594_/X (sky130_fd_sc_hd__or3_1)
                                         _1292_ (net)
                  0.06    0.00    0.82 v _1595_/C (sky130_fd_sc_hd__or3_2)
     5    0.01    0.11    0.49    1.30 v _1595_/X (sky130_fd_sc_hd__or3_2)
                                         _1293_ (net)
                  0.11    0.00    1.30 v _3047_/A2 (sky130_fd_sc_hd__o2111a_1)
     1    0.00    0.05    0.27    1.57 v _3047_/X (sky130_fd_sc_hd__o2111a_1)
                                         _1189_ (net)
                  0.05    0.00    1.57 v _3049_/B1 (sky130_fd_sc_hd__o32a_4)
     5    0.03    0.08    0.27    1.84 v _3049_/X (sky130_fd_sc_hd__o32a_4)
                                         _1191_ (net)
                  0.08    0.00    1.84 v _3102_/A (sky130_fd_sc_hd__clkbuf_4)
    10    0.04    0.10    0.23    2.07 v _3102_/X (sky130_fd_sc_hd__clkbuf_4)
                                         _1234_ (net)
                  0.10    0.00    2.07 v _3124_/S (sky130_fd_sc_hd__mux2_1)
     1    0.00    0.05    0.33    2.40 v _3124_/X (sky130_fd_sc_hd__mux2_1)
                                         _1251_ (net)
                  0.05    0.00    2.40 v _3125_/A (sky130_fd_sc_hd__clkbuf_1)
     1    0.00    0.02    0.09    2.50 v _3125_/X (sky130_fd_sc_hd__clkbuf_1)
                                         _0292_ (net)
                  0.02    0.00    2.50 v _3480_/D (sky130_fd_sc_hd__dfrtp_4)
                                  2.50   data arrival time

                  0.15   14.00   14.00   clock clk (rise edge)
                          0.00   14.00   clock network delay (ideal)
                         -0.25   13.75   clock uncertainty
                          0.00   13.75   clock reconvergence pessimism
                                 13.75 ^ _3480_/CLK (sky130_fd_sc_hd__dfrtp_4)
                         -0.08   13.67   library setup time
                                 13.67   data required time
-----------------------------------------------------------------------------
                                 13.67   data required time
                                 -2.50   data arrival time
-----------------------------------------------------------------------------
                                 11.17   slack (MET)


Startpoint: _3460_ (rising edge-triggered flip-flop clocked by clk)
Endpoint: _3477_ (rising edge-triggered flip-flop clocked by clk)
Path Group: clk
Path Type: max

Fanout     Cap    Slew   Delay    Time   Description
-----------------------------------------------------------------------------
                  0.15    0.00    0.00   clock clk (rise edge)
                          0.00    0.00   clock network delay (ideal)
                  0.15    0.00    0.00 ^ _3460_/CLK (sky130_fd_sc_hd__dfrtp_1)
     4    0.01    0.07    0.44    0.44 v _3460_/Q (sky130_fd_sc_hd__dfrtp_1)
                                         i_spi_reg.buffer_counter[1] (net)
                  0.07    0.00    0.44 v _1594_/A (sky130_fd_sc_hd__or3_1)
     1    0.00    0.06    0.37    0.82 v _1594_/X (sky130_fd_sc_hd__or3_1)
                                         _1292_ (net)
                  0.06    0.00    0.82 v _1595_/C (sky130_fd_sc_hd__or3_2)
     5    0.01    0.11    0.49    1.30 v _1595_/X (sky130_fd_sc_hd__or3_2)
                                         _1293_ (net)
                  0.11    0.00    1.30 v _3047_/A2 (sky130_fd_sc_hd__o2111a_1)
     1    0.00    0.05    0.27    1.57 v _3047_/X (sky130_fd_sc_hd__o2111a_1)
                                         _1189_ (net)
                  0.05    0.00    1.57 v _3049_/B1 (sky130_fd_sc_hd__o32a_4)
     5    0.03    0.08    0.27    1.84 v _3049_/X (sky130_fd_sc_hd__o32a_4)
                                         _1191_ (net)
                  0.08    0.00    1.84 v _3102_/A (sky130_fd_sc_hd__clkbuf_4)
    10    0.04    0.10    0.23    2.07 v _3102_/X (sky130_fd_sc_hd__clkbuf_4)
                                         _1234_ (net)
                  0.10    0.00    2.07 v _3112_/S (sky130_fd_sc_hd__mux2_1)
     1    0.00    0.05    0.33    2.40 v _3112_/X (sky130_fd_sc_hd__mux2_1)
                                         _1242_ (net)
                  0.05    0.00    2.40 v _3113_/A (sky130_fd_sc_hd__clkbuf_1)
     1    0.00    0.02    0.09    2.50 v _3113_/X (sky130_fd_sc_hd__clkbuf_1)
                                         _0289_ (net)
                  0.02    0.00    2.50 v _3477_/D (sky130_fd_sc_hd__dfrtp_4)
                                  2.50   data arrival time

                  0.15   14.00   14.00   clock clk (rise edge)
                          0.00   14.00   clock network delay (ideal)
                         -0.25   13.75   clock uncertainty
                          0.00   13.75   clock reconvergence pessimism
                                 13.75 ^ _3477_/CLK (sky130_fd_sc_hd__dfrtp_4)
                         -0.08   13.67   library setup time
                                 13.67   data required time
-----------------------------------------------------------------------------
                                 13.67   data required time
                                 -2.50   data arrival time
-----------------------------------------------------------------------------
                                 11.17   slack (MET)


Startpoint: _3454_ (rising edge-triggered flip-flop clocked by clk)
Endpoint: _3467_ (rising edge-triggered flip-flop clocked by clk)
Path Group: clk
Path Type: max

Fanout     Cap    Slew   Delay    Time   Description
-----------------------------------------------------------------------------
                  0.15    0.00    0.00   clock clk (rise edge)
                          0.00    0.00   clock network delay (ideal)
                  0.15    0.00    0.00 ^ _3454_/CLK (sky130_fd_sc_hd__dfrtp_4)
    10    0.03    0.10    0.59    0.59 v _3454_/Q (sky130_fd_sc_hd__dfrtp_4)
                                         i_spi_reg.addr[1] (net)
                  0.10    0.00    0.59 v _1698_/A (sky130_fd_sc_hd__or4_4)
     5    0.02    0.11    0.62    1.21 v _1698_/X (sky130_fd_sc_hd__or4_4)
                                         _1361_ (net)
                  0.11    0.00    1.21 v _1812_/B (sky130_fd_sc_hd__or2_2)
     8    0.02    0.11    0.39    1.60 v _1812_/X (sky130_fd_sc_hd__or2_2)
                                         _1465_ (net)
                  0.11    0.00    1.60 v _3062_/B (sky130_fd_sc_hd__or2_1)
     1    0.00    0.05    0.23    1.83 v _3062_/X (sky130_fd_sc_hd__or2_1)
                                         _1202_ (net)
                  0.05    0.00    1.83 v _3063_/A3 (sky130_fd_sc_hd__a32o_1)
     1    0.00    0.05    0.27    2.10 v _3063_/X (sky130_fd_sc_hd__a32o_1)
                                         _1203_ (net)
                  0.05    0.00    2.10 v _3064_/A1 (sky130_fd_sc_hd__mux2_1)
     1    0.00    0.05    0.30    2.40 v _3064_/X (sky130_fd_sc_hd__mux2_1)
                                         _1204_ (net)
                  0.05    0.00    2.40 v _3065_/A (sky130_fd_sc_hd__clkbuf_1)
     1    0.00    0.02    0.09    2.50 v _3065_/X (sky130_fd_sc_hd__clkbuf_1)
                                         _0279_ (net)
                  0.02    0.00    2.50 v _3467_/D (sky130_fd_sc_hd__dfrtp_1)
                                  2.50   data arrival time

                  0.15   14.00   14.00   clock clk (rise edge)
                          0.00   14.00   clock network delay (ideal)
                         -0.25   13.75   clock uncertainty
                          0.00   13.75   clock reconvergence pessimism
                                 13.75 ^ _3467_/CLK (sky130_fd_sc_hd__dfrtp_1)
                         -0.08   13.67   library setup time
                                 13.67   data required time
-----------------------------------------------------------------------------
                                 13.67   data required time
                                 -2.50   data arrival time
-----------------------------------------------------------------------------
                                 11.17   slack (MET)


Startpoint: _3460_ (rising edge-triggered flip-flop clocked by clk)
Endpoint: _3469_ (rising edge-triggered flip-flop clocked by clk)
Path Group: clk
Path Type: max

Fanout     Cap    Slew   Delay    Time   Description
-----------------------------------------------------------------------------
                  0.15    0.00    0.00   clock clk (rise edge)
                          0.00    0.00   clock network delay (ideal)
                  0.15    0.00    0.00 ^ _3460_/CLK (sky130_fd_sc_hd__dfrtp_1)
     4    0.01    0.07    0.44    0.44 v _3460_/Q (sky130_fd_sc_hd__dfrtp_1)
                                         i_spi_reg.buffer_counter[1] (net)
                  0.07    0.00    0.44 v _1594_/A (sky130_fd_sc_hd__or3_1)
     1    0.00    0.06    0.37    0.82 v _1594_/X (sky130_fd_sc_hd__or3_1)
                                         _1292_ (net)
                  0.06    0.00    0.82 v _1595_/C (sky130_fd_sc_hd__or3_2)
     5    0.01    0.11    0.49    1.30 v _1595_/X (sky130_fd_sc_hd__or3_2)
                                         _1293_ (net)
                  0.11    0.00    1.30 v _3047_/A2 (sky130_fd_sc_hd__o2111a_1)
     1    0.00    0.05    0.27    1.57 v _3047_/X (sky130_fd_sc_hd__o2111a_1)
                                         _1189_ (net)
                  0.05    0.00    1.57 v _3049_/B1 (sky130_fd_sc_hd__o32a_4)
     5    0.03    0.08    0.27    1.84 v _3049_/X (sky130_fd_sc_hd__o32a_4)
                                         _1191_ (net)
                  0.08    0.00    1.84 v _3050_/A (sky130_fd_sc_hd__clkbuf_4)
    10    0.04    0.09    0.22    2.06 v _3050_/X (sky130_fd_sc_hd__clkbuf_4)
                                         _1192_ (net)
                  0.09    0.00    2.06 v _3075_/S (sky130_fd_sc_hd__mux2_1)
     1    0.00    0.05    0.33    2.39 v _3075_/X (sky130_fd_sc_hd__mux2_1)
                                         _1213_ (net)
                  0.05    0.00    2.39 v _3076_/A (sky130_fd_sc_hd__clkbuf_1)
     1    0.00    0.03    0.10    2.49 v _3076_/X (sky130_fd_sc_hd__clkbuf_1)
                                         _0281_ (net)
                  0.03    0.00    2.49 v _3469_/D (sky130_fd_sc_hd__dfrtp_1)
                                  2.49   data arrival time

                  0.15   14.00   14.00   clock clk (rise edge)
                          0.00   14.00   clock network delay (ideal)
                         -0.25   13.75   clock uncertainty
                          0.00   13.75   clock reconvergence pessimism
                                 13.75 ^ _3469_/CLK (sky130_fd_sc_hd__dfrtp_1)
                         -0.08   13.67   library setup time
                                 13.67   data required time
-----------------------------------------------------------------------------
                                 13.67   data required time
                                 -2.49   data arrival time
-----------------------------------------------------------------------------
                                 11.18   slack (MET)


Startpoint: _3460_ (rising edge-triggered flip-flop clocked by clk)
Endpoint: _3468_ (rising edge-triggered flip-flop clocked by clk)
Path Group: clk
Path Type: max

Fanout     Cap    Slew   Delay    Time   Description
-----------------------------------------------------------------------------
                  0.15    0.00    0.00   clock clk (rise edge)
                          0.00    0.00   clock network delay (ideal)
                  0.15    0.00    0.00 ^ _3460_/CLK (sky130_fd_sc_hd__dfrtp_1)
     4    0.01    0.07    0.44    0.44 v _3460_/Q (sky130_fd_sc_hd__dfrtp_1)
                                         i_spi_reg.buffer_counter[1] (net)
                  0.07    0.00    0.44 v _1594_/A (sky130_fd_sc_hd__or3_1)
     1    0.00    0.06    0.37    0.82 v _1594_/X (sky130_fd_sc_hd__or3_1)
                                         _1292_ (net)
                  0.06    0.00    0.82 v _1595_/C (sky130_fd_sc_hd__or3_2)
     5    0.01    0.11    0.49    1.30 v _1595_/X (sky130_fd_sc_hd__or3_2)
                                         _1293_ (net)
                  0.11    0.00    1.30 v _3047_/A2 (sky130_fd_sc_hd__o2111a_1)
     1    0.00    0.05    0.27    1.57 v _3047_/X (sky130_fd_sc_hd__o2111a_1)
                                         _1189_ (net)
                  0.05    0.00    1.57 v _3049_/B1 (sky130_fd_sc_hd__o32a_4)
     5    0.03    0.08    0.27    1.84 v _3049_/X (sky130_fd_sc_hd__o32a_4)
                                         _1191_ (net)
                  0.08    0.00    1.84 v _3050_/A (sky130_fd_sc_hd__clkbuf_4)
    10    0.04    0.09    0.22    2.06 v _3050_/X (sky130_fd_sc_hd__clkbuf_4)
                                         _1192_ (net)
                  0.09    0.00    2.06 v _3070_/S (sky130_fd_sc_hd__mux2_1)
     1    0.00    0.06    0.33    2.40 v _3070_/X (sky130_fd_sc_hd__mux2_1)
                                         _1209_ (net)
                  0.06    0.00    2.40 v _3071_/A (sky130_fd_sc_hd__clkbuf_1)
     1    0.00    0.02    0.09    2.49 v _3071_/X (sky130_fd_sc_hd__clkbuf_1)
                                         _0280_ (net)
                  0.02    0.00    2.49 v _3468_/D (sky130_fd_sc_hd__dfrtp_1)
                                  2.49   data arrival time

                  0.15   14.00   14.00   clock clk (rise edge)
                          0.00   14.00   clock network delay (ideal)
                         -0.25   13.75   clock uncertainty
                          0.00   13.75   clock reconvergence pessimism
                                 13.75 ^ _3468_/CLK (sky130_fd_sc_hd__dfrtp_1)
                         -0.08   13.67   library setup time
                                 13.67   data required time
-----------------------------------------------------------------------------
                                 13.67   data required time
                                 -2.49   data arrival time
-----------------------------------------------------------------------------
                                 11.18   slack (MET)


Startpoint: _3454_ (rising edge-triggered flip-flop clocked by clk)
Endpoint: _3470_ (rising edge-triggered flip-flop clocked by clk)
Path Group: clk
Path Type: max

Fanout     Cap    Slew   Delay    Time   Description
-----------------------------------------------------------------------------
                  0.15    0.00    0.00   clock clk (rise edge)
                          0.00    0.00   clock network delay (ideal)
                  0.15    0.00    0.00 ^ _3454_/CLK (sky130_fd_sc_hd__dfrtp_4)
    10    0.03    0.10    0.59    0.59 v _3454_/Q (sky130_fd_sc_hd__dfrtp_4)
                                         i_spi_reg.addr[1] (net)
                  0.10    0.00    0.59 v _1698_/A (sky130_fd_sc_hd__or4_4)
     5    0.02    0.11    0.62    1.21 v _1698_/X (sky130_fd_sc_hd__or4_4)
                                         _1361_ (net)
                  0.11    0.00    1.21 v _1812_/B (sky130_fd_sc_hd__or2_2)
     8    0.02    0.11    0.39    1.60 v _1812_/X (sky130_fd_sc_hd__or2_2)
                                         _1465_ (net)
                  0.11    0.00    1.60 v _3078_/B (sky130_fd_sc_hd__or2_1)
     1    0.00    0.05    0.24    1.84 v _3078_/X (sky130_fd_sc_hd__or2_1)
                                         _1215_ (net)
                  0.05    0.00    1.84 v _3079_/A3 (sky130_fd_sc_hd__a32o_1)
     1    0.00    0.04    0.26    2.10 v _3079_/X (sky130_fd_sc_hd__a32o_1)
                                         _1216_ (net)
                  0.04    0.00    2.10 v _3080_/A1 (sky130_fd_sc_hd__mux2_1)
     1    0.00    0.05    0.30    2.40 v _3080_/X (sky130_fd_sc_hd__mux2_1)
                                         _1217_ (net)
                  0.05    0.00    2.40 v _3081_/A (sky130_fd_sc_hd__clkbuf_1)
     1    0.00    0.02    0.09    2.49 v _3081_/X (sky130_fd_sc_hd__clkbuf_1)
                                         _0282_ (net)
                  0.02    0.00    2.49 v _3470_/D (sky130_fd_sc_hd__dfrtp_1)
                                  2.49   data arrival time

                  0.15   14.00   14.00   clock clk (rise edge)
                          0.00   14.00   clock network delay (ideal)
                         -0.25   13.75   clock uncertainty
                          0.00   13.75   clock reconvergence pessimism
                                 13.75 ^ _3470_/CLK (sky130_fd_sc_hd__dfrtp_1)
                         -0.08   13.67   library setup time
                                 13.67   data required time
-----------------------------------------------------------------------------
                                 13.67   data required time
                                 -2.49   data arrival time
-----------------------------------------------------------------------------
                                 11.18   slack (MET)


Startpoint: _3460_ (rising edge-triggered flip-flop clocked by clk)
Endpoint: _3489_ (rising edge-triggered flip-flop clocked by clk)
Path Group: clk
Path Type: max

Fanout     Cap    Slew   Delay    Time   Description
-----------------------------------------------------------------------------
                  0.15    0.00    0.00   clock clk (rise edge)
                          0.00    0.00   clock network delay (ideal)
                  0.15    0.00    0.00 ^ _3460_/CLK (sky130_fd_sc_hd__dfrtp_1)
     4    0.01    0.07    0.44    0.44 v _3460_/Q (sky130_fd_sc_hd__dfrtp_1)
                                         i_spi_reg.buffer_counter[1] (net)
                  0.07    0.00    0.44 v _1594_/A (sky130_fd_sc_hd__or3_1)
     1    0.00    0.06    0.37    0.82 v _1594_/X (sky130_fd_sc_hd__or3_1)
                                         _1292_ (net)
                  0.06    0.00    0.82 v _1595_/C (sky130_fd_sc_hd__or3_2)
     5    0.01    0.11    0.49    1.30 v _1595_/X (sky130_fd_sc_hd__or3_2)
                                         _1293_ (net)
                  0.11    0.00    1.30 v _3047_/A2 (sky130_fd_sc_hd__o2111a_1)
     1    0.00    0.05    0.27    1.57 v _3047_/X (sky130_fd_sc_hd__o2111a_1)
                                         _1189_ (net)
                  0.05    0.00    1.57 v _3049_/B1 (sky130_fd_sc_hd__o32a_4)
     5    0.03    0.08    0.27    1.84 v _3049_/X (sky130_fd_sc_hd__o32a_4)
                                         _1191_ (net)
                  0.08    0.00    1.84 v _3141_/A (sky130_fd_sc_hd__clkbuf_4)
    10    0.04    0.09    0.22    2.06 v _3141_/X (sky130_fd_sc_hd__clkbuf_4)
                                         _1263_ (net)
                  0.09    0.00    2.06 v _3155_/S (sky130_fd_sc_hd__mux2_1)
     1    0.00    0.05    0.33    2.40 v _3155_/X (sky130_fd_sc_hd__mux2_1)
                                         _1273_ (net)
                  0.05    0.00    2.40 v _3156_/A (sky130_fd_sc_hd__clkbuf_1)
     1    0.00    0.02    0.09    2.49 v _3156_/X (sky130_fd_sc_hd__clkbuf_1)
                                         _0301_ (net)
                  0.02    0.00    2.49 v _3489_/D (sky130_fd_sc_hd__dfrtp_4)
                                  2.49   data arrival time

                  0.15   14.00   14.00   clock clk (rise edge)
                          0.00   14.00   clock network delay (ideal)
                         -0.25   13.75   clock uncertainty
                          0.00   13.75   clock reconvergence pessimism
                                 13.75 ^ _3489_/CLK (sky130_fd_sc_hd__dfrtp_4)
                         -0.08   13.67   library setup time
                                 13.67   data required time
-----------------------------------------------------------------------------
                                 13.67   data required time
                                 -2.49   data arrival time
-----------------------------------------------------------------------------
                                 11.18   slack (MET)


Startpoint: _3460_ (rising edge-triggered flip-flop clocked by clk)
Endpoint: _3466_ (rising edge-triggered flip-flop clocked by clk)
Path Group: clk
Path Type: max

Fanout     Cap    Slew   Delay    Time   Description
-----------------------------------------------------------------------------
                  0.15    0.00    0.00   clock clk (rise edge)
                          0.00    0.00   clock network delay (ideal)
                  0.15    0.00    0.00 ^ _3460_/CLK (sky130_fd_sc_hd__dfrtp_1)
     4    0.01    0.07    0.44    0.44 v _3460_/Q (sky130_fd_sc_hd__dfrtp_1)
                                         i_spi_reg.buffer_counter[1] (net)
                  0.07    0.00    0.44 v _1594_/A (sky130_fd_sc_hd__or3_1)
     1    0.00    0.06    0.37    0.82 v _1594_/X (sky130_fd_sc_hd__or3_1)
                                         _1292_ (net)
                  0.06    0.00    0.82 v _1595_/C (sky130_fd_sc_hd__or3_2)
     5    0.01    0.11    0.49    1.30 v _1595_/X (sky130_fd_sc_hd__or3_2)
                                         _1293_ (net)
                  0.11    0.00    1.30 v _3047_/A2 (sky130_fd_sc_hd__o2111a_1)
     1    0.00    0.05    0.27    1.57 v _3047_/X (sky130_fd_sc_hd__o2111a_1)
                                         _1189_ (net)
                  0.05    0.00    1.57 v _3049_/B1 (sky130_fd_sc_hd__o32a_4)
     5    0.03    0.08    0.27    1.84 v _3049_/X (sky130_fd_sc_hd__o32a_4)
                                         _1191_ (net)
                  0.08    0.00    1.84 v _3050_/A (sky130_fd_sc_hd__clkbuf_4)
    10    0.04    0.09    0.22    2.06 v _3050_/X (sky130_fd_sc_hd__clkbuf_4)
                                         _1192_ (net)
                  0.09    0.00    2.06 v _3058_/S (sky130_fd_sc_hd__mux2_1)
     1    0.00    0.05    0.33    2.39 v _3058_/X (sky130_fd_sc_hd__mux2_1)
                                         _1199_ (net)
                  0.05    0.00    2.39 v _3059_/A (sky130_fd_sc_hd__clkbuf_1)
     1    0.00    0.02    0.09    2.49 v _3059_/X (sky130_fd_sc_hd__clkbuf_1)
                                         _0278_ (net)
                  0.02    0.00    2.49 v _3466_/D (sky130_fd_sc_hd__dfrtp_4)
                                  2.49   data arrival time

                  0.15   14.00   14.00   clock clk (rise edge)
                          0.00   14.00   clock network delay (ideal)
                         -0.25   13.75   clock uncertainty
                          0.00   13.75   clock reconvergence pessimism
                                 13.75 ^ _3466_/CLK (sky130_fd_sc_hd__dfrtp_4)
                         -0.08   13.67   library setup time
                                 13.67   data required time
-----------------------------------------------------------------------------
                                 13.67   data required time
                                 -2.49   data arrival time
-----------------------------------------------------------------------------
                                 11.18   slack (MET)


Startpoint: _3460_ (rising edge-triggered flip-flop clocked by clk)
Endpoint: _3494_ (rising edge-triggered flip-flop clocked by clk)
Path Group: clk
Path Type: max

Fanout     Cap    Slew   Delay    Time   Description
-----------------------------------------------------------------------------
                  0.15    0.00    0.00   clock clk (rise edge)
                          0.00    0.00   clock network delay (ideal)
                  0.15    0.00    0.00 ^ _3460_/CLK (sky130_fd_sc_hd__dfrtp_1)
     4    0.01    0.07    0.44    0.44 v _3460_/Q (sky130_fd_sc_hd__dfrtp_1)
                                         i_spi_reg.buffer_counter[1] (net)
                  0.07    0.00    0.44 v _1594_/A (sky130_fd_sc_hd__or3_1)
     1    0.00    0.06    0.37    0.82 v _1594_/X (sky130_fd_sc_hd__or3_1)
                                         _1292_ (net)
                  0.06    0.00    0.82 v _1595_/C (sky130_fd_sc_hd__or3_2)
     5    0.01    0.11    0.49    1.30 v _1595_/X (sky130_fd_sc_hd__or3_2)
                                         _1293_ (net)
                  0.11    0.00    1.30 v _3047_/A2 (sky130_fd_sc_hd__o2111a_1)
     1    0.00    0.05    0.27    1.57 v _3047_/X (sky130_fd_sc_hd__o2111a_1)
                                         _1189_ (net)
                  0.05    0.00    1.57 v _3049_/B1 (sky130_fd_sc_hd__o32a_4)
     5    0.03    0.08    0.27    1.84 v _3049_/X (sky130_fd_sc_hd__o32a_4)
                                         _1191_ (net)
                  0.08    0.00    1.84 v _3141_/A (sky130_fd_sc_hd__clkbuf_4)
    10    0.04    0.09    0.22    2.06 v _3141_/X (sky130_fd_sc_hd__clkbuf_4)
                                         _1263_ (net)
                  0.09    0.00    2.06 v _3170_/S (sky130_fd_sc_hd__mux2_1)
     1    0.00    0.06    0.33    2.39 v _3170_/X (sky130_fd_sc_hd__mux2_1)
                                         _1283_ (net)
                  0.06    0.00    2.39 v _3171_/A (sky130_fd_sc_hd__clkbuf_1)
     1    0.00    0.03    0.09    2.49 v _3171_/X (sky130_fd_sc_hd__clkbuf_1)
                                         _0306_ (net)
                  0.03    0.00    2.49 v _3494_/D (sky130_fd_sc_hd__dfrtp_4)
                                  2.49   data arrival time

                  0.15   14.00   14.00   clock clk (rise edge)
                          0.00   14.00   clock network delay (ideal)
                         -0.25   13.75   clock uncertainty
                          0.00   13.75   clock reconvergence pessimism
                                 13.75 ^ _3494_/CLK (sky130_fd_sc_hd__dfrtp_4)
                         -0.08   13.67   library setup time
                                 13.67   data required time
-----------------------------------------------------------------------------
                                 13.67   data required time
                                 -2.49   data arrival time
-----------------------------------------------------------------------------
                                 11.18   slack (MET)


Startpoint: _3460_ (rising edge-triggered flip-flop clocked by clk)
Endpoint: _3486_ (rising edge-triggered flip-flop clocked by clk)
Path Group: clk
Path Type: max

Fanout     Cap    Slew   Delay    Time   Description
-----------------------------------------------------------------------------
                  0.15    0.00    0.00   clock clk (rise edge)
                          0.00    0.00   clock network delay (ideal)
                  0.15    0.00    0.00 ^ _3460_/CLK (sky130_fd_sc_hd__dfrtp_1)
     4    0.01    0.07    0.44    0.44 v _3460_/Q (sky130_fd_sc_hd__dfrtp_1)
                                         i_spi_reg.buffer_counter[1] (net)
                  0.07    0.00    0.44 v _1594_/A (sky130_fd_sc_hd__or3_1)
     1    0.00    0.06    0.37    0.82 v _1594_/X (sky130_fd_sc_hd__or3_1)
                                         _1292_ (net)
                  0.06    0.00    0.82 v _1595_/C (sky130_fd_sc_hd__or3_2)
     5    0.01    0.11    0.49    1.30 v _1595_/X (sky130_fd_sc_hd__or3_2)
                                         _1293_ (net)
                  0.11    0.00    1.30 v _3047_/A2 (sky130_fd_sc_hd__o2111a_1)
     1    0.00    0.05    0.27    1.57 v _3047_/X (sky130_fd_sc_hd__o2111a_1)
                                         _1189_ (net)
                  0.05    0.00    1.57 v _3049_/B1 (sky130_fd_sc_hd__o32a_4)
     5    0.03    0.08    0.27    1.84 v _3049_/X (sky130_fd_sc_hd__o32a_4)
                                         _1191_ (net)
                  0.08    0.00    1.84 v _3141_/A (sky130_fd_sc_hd__clkbuf_4)
    10    0.04    0.09    0.22    2.06 v _3141_/X (sky130_fd_sc_hd__clkbuf_4)
                                         _1263_ (net)
                  0.09    0.00    2.06 v _3146_/S (sky130_fd_sc_hd__mux2_1)
     1    0.00    0.06    0.33    2.39 v _3146_/X (sky130_fd_sc_hd__mux2_1)
                                         _1267_ (net)
                  0.06    0.00    2.39 v _3147_/A (sky130_fd_sc_hd__clkbuf_1)
     1    0.00    0.02    0.09    2.49 v _3147_/X (sky130_fd_sc_hd__clkbuf_1)
                                         _0298_ (net)
                  0.02    0.00    2.49 v _3486_/D (sky130_fd_sc_hd__dfrtp_4)
                                  2.49   data arrival time

                  0.15   14.00   14.00   clock clk (rise edge)
                          0.00   14.00   clock network delay (ideal)
                         -0.25   13.75   clock uncertainty
                          0.00   13.75   clock reconvergence pessimism
                                 13.75 ^ _3486_/CLK (sky130_fd_sc_hd__dfrtp_4)
                         -0.08   13.67   library setup time
                                 13.67   data required time
-----------------------------------------------------------------------------
                                 13.67   data required time
                                 -2.49   data arrival time
-----------------------------------------------------------------------------
                                 11.18   slack (MET)


Startpoint: _3460_ (rising edge-triggered flip-flop clocked by clk)
Endpoint: _3485_ (rising edge-triggered flip-flop clocked by clk)
Path Group: clk
Path Type: max

Fanout     Cap    Slew   Delay    Time   Description
-----------------------------------------------------------------------------
                  0.15    0.00    0.00   clock clk (rise edge)
                          0.00    0.00   clock network delay (ideal)
                  0.15    0.00    0.00 ^ _3460_/CLK (sky130_fd_sc_hd__dfrtp_1)
     4    0.01    0.07    0.44    0.44 v _3460_/Q (sky130_fd_sc_hd__dfrtp_1)
                                         i_spi_reg.buffer_counter[1] (net)
                  0.07    0.00    0.44 v _1594_/A (sky130_fd_sc_hd__or3_1)
     1    0.00    0.06    0.37    0.82 v _1594_/X (sky130_fd_sc_hd__or3_1)
                                         _1292_ (net)
                  0.06    0.00    0.82 v _1595_/C (sky130_fd_sc_hd__or3_2)
     5    0.01    0.11    0.49    1.30 v _1595_/X (sky130_fd_sc_hd__or3_2)
                                         _1293_ (net)
                  0.11    0.00    1.30 v _3047_/A2 (sky130_fd_sc_hd__o2111a_1)
     1    0.00    0.05    0.27    1.57 v _3047_/X (sky130_fd_sc_hd__o2111a_1)
                                         _1189_ (net)
                  0.05    0.00    1.57 v _3049_/B1 (sky130_fd_sc_hd__o32a_4)
     5    0.03    0.08    0.27    1.84 v _3049_/X (sky130_fd_sc_hd__o32a_4)
                                         _1191_ (net)
                  0.08    0.00    1.84 v _3141_/A (sky130_fd_sc_hd__clkbuf_4)
    10    0.04    0.09    0.22    2.06 v _3141_/X (sky130_fd_sc_hd__clkbuf_4)
                                         _1263_ (net)
                  0.09    0.00    2.06 v _3142_/S (sky130_fd_sc_hd__mux2_1)
     1    0.00    0.05    0.33    2.39 v _3142_/X (sky130_fd_sc_hd__mux2_1)
                                         _1264_ (net)
                  0.05    0.00    2.39 v _3143_/A (sky130_fd_sc_hd__clkbuf_1)
     1    0.00    0.03    0.09    2.49 v _3143_/X (sky130_fd_sc_hd__clkbuf_1)
                                         _0297_ (net)
                  0.03    0.00    2.49 v _3485_/D (sky130_fd_sc_hd__dfrtp_4)
                                  2.49   data arrival time

                  0.15   14.00   14.00   clock clk (rise edge)
                          0.00   14.00   clock network delay (ideal)
                         -0.25   13.75   clock uncertainty
                          0.00   13.75   clock reconvergence pessimism
                                 13.75 ^ _3485_/CLK (sky130_fd_sc_hd__dfrtp_4)
                         -0.08   13.67   library setup time
                                 13.67   data required time
-----------------------------------------------------------------------------
                                 13.67   data required time
                                 -2.49   data arrival time
-----------------------------------------------------------------------------
                                 11.18   slack (MET)


Startpoint: _3460_ (rising edge-triggered flip-flop clocked by clk)
Endpoint: _3487_ (rising edge-triggered flip-flop clocked by clk)
Path Group: clk
Path Type: max

Fanout     Cap    Slew   Delay    Time   Description
-----------------------------------------------------------------------------
                  0.15    0.00    0.00   clock clk (rise edge)
                          0.00    0.00   clock network delay (ideal)
                  0.15    0.00    0.00 ^ _3460_/CLK (sky130_fd_sc_hd__dfrtp_1)
     4    0.01    0.07    0.44    0.44 v _3460_/Q (sky130_fd_sc_hd__dfrtp_1)
                                         i_spi_reg.buffer_counter[1] (net)
                  0.07    0.00    0.44 v _1594_/A (sky130_fd_sc_hd__or3_1)
     1    0.00    0.06    0.37    0.82 v _1594_/X (sky130_fd_sc_hd__or3_1)
                                         _1292_ (net)
                  0.06    0.00    0.82 v _1595_/C (sky130_fd_sc_hd__or3_2)
     5    0.01    0.11    0.49    1.30 v _1595_/X (sky130_fd_sc_hd__or3_2)
                                         _1293_ (net)
                  0.11    0.00    1.30 v _3047_/A2 (sky130_fd_sc_hd__o2111a_1)
     1    0.00    0.05    0.27    1.57 v _3047_/X (sky130_fd_sc_hd__o2111a_1)
                                         _1189_ (net)
                  0.05    0.00    1.57 v _3049_/B1 (sky130_fd_sc_hd__o32a_4)
     5    0.03    0.08    0.27    1.84 v _3049_/X (sky130_fd_sc_hd__o32a_4)
                                         _1191_ (net)
                  0.08    0.00    1.84 v _3141_/A (sky130_fd_sc_hd__clkbuf_4)
    10    0.04    0.09    0.22    2.06 v _3141_/X (sky130_fd_sc_hd__clkbuf_4)
                                         _1263_ (net)
                  0.09    0.00    2.06 v _3149_/S (sky130_fd_sc_hd__mux2_1)
     1    0.00    0.06    0.33    2.39 v _3149_/X (sky130_fd_sc_hd__mux2_1)
                                         _1269_ (net)
                  0.06    0.00    2.39 v _3150_/A (sky130_fd_sc_hd__clkbuf_1)
     1    0.00    0.02    0.09    2.49 v _3150_/X (sky130_fd_sc_hd__clkbuf_1)
                                         _0299_ (net)
                  0.02    0.00    2.49 v _3487_/D (sky130_fd_sc_hd__dfrtp_4)
                                  2.49   data arrival time

                  0.15   14.00   14.00   clock clk (rise edge)
                          0.00   14.00   clock network delay (ideal)
                         -0.25   13.75   clock uncertainty
                          0.00   13.75   clock reconvergence pessimism
                                 13.75 ^ _3487_/CLK (sky130_fd_sc_hd__dfrtp_4)
                         -0.08   13.67   library setup time
                                 13.67   data required time
-----------------------------------------------------------------------------
                                 13.67   data required time
                                 -2.49   data arrival time
-----------------------------------------------------------------------------
                                 11.18   slack (MET)


Startpoint: _3460_ (rising edge-triggered flip-flop clocked by clk)
Endpoint: _3491_ (rising edge-triggered flip-flop clocked by clk)
Path Group: clk
Path Type: max

Fanout     Cap    Slew   Delay    Time   Description
-----------------------------------------------------------------------------
                  0.15    0.00    0.00   clock clk (rise edge)
                          0.00    0.00   clock network delay (ideal)
                  0.15    0.00    0.00 ^ _3460_/CLK (sky130_fd_sc_hd__dfrtp_1)
     4    0.01    0.07    0.44    0.44 v _3460_/Q (sky130_fd_sc_hd__dfrtp_1)
                                         i_spi_reg.buffer_counter[1] (net)
                  0.07    0.00    0.44 v _1594_/A (sky130_fd_sc_hd__or3_1)
     1    0.00    0.06    0.37    0.82 v _1594_/X (sky130_fd_sc_hd__or3_1)
                                         _1292_ (net)
                  0.06    0.00    0.82 v _1595_/C (sky130_fd_sc_hd__or3_2)
     5    0.01    0.11    0.49    1.30 v _1595_/X (sky130_fd_sc_hd__or3_2)
                                         _1293_ (net)
                  0.11    0.00    1.30 v _3047_/A2 (sky130_fd_sc_hd__o2111a_1)
     1    0.00    0.05    0.27    1.57 v _3047_/X (sky130_fd_sc_hd__o2111a_1)
                                         _1189_ (net)
                  0.05    0.00    1.57 v _3049_/B1 (sky130_fd_sc_hd__o32a_4)
     5    0.03    0.08    0.27    1.84 v _3049_/X (sky130_fd_sc_hd__o32a_4)
                                         _1191_ (net)
                  0.08    0.00    1.84 v _3141_/A (sky130_fd_sc_hd__clkbuf_4)
    10    0.04    0.09    0.22    2.06 v _3141_/X (sky130_fd_sc_hd__clkbuf_4)
                                         _1263_ (net)
                  0.09    0.00    2.06 v _3161_/S (sky130_fd_sc_hd__mux2_1)
     1    0.00    0.05    0.33    2.39 v _3161_/X (sky130_fd_sc_hd__mux2_1)
                                         _1277_ (net)
                  0.05    0.00    2.39 v _3162_/A (sky130_fd_sc_hd__clkbuf_1)
     1    0.00    0.02    0.09    2.49 v _3162_/X (sky130_fd_sc_hd__clkbuf_1)
                                         _0303_ (net)
                  0.02    0.00    2.49 v _3491_/D (sky130_fd_sc_hd__dfrtp_4)
                                  2.49   data arrival time

                  0.15   14.00   14.00   clock clk (rise edge)
                          0.00   14.00   clock network delay (ideal)
                         -0.25   13.75   clock uncertainty
                          0.00   13.75   clock reconvergence pessimism
                                 13.75 ^ _3491_/CLK (sky130_fd_sc_hd__dfrtp_4)
                         -0.08   13.67   library setup time
                                 13.67   data required time
-----------------------------------------------------------------------------
                                 13.67   data required time
                                 -2.49   data arrival time
-----------------------------------------------------------------------------
                                 11.18   slack (MET)


Startpoint: _3460_ (rising edge-triggered flip-flop clocked by clk)
Endpoint: _3488_ (rising edge-triggered flip-flop clocked by clk)
Path Group: clk
Path Type: max

Fanout     Cap    Slew   Delay    Time   Description
-----------------------------------------------------------------------------
                  0.15    0.00    0.00   clock clk (rise edge)
                          0.00    0.00   clock network delay (ideal)
                  0.15    0.00    0.00 ^ _3460_/CLK (sky130_fd_sc_hd__dfrtp_1)
     4    0.01    0.07    0.44    0.44 v _3460_/Q (sky130_fd_sc_hd__dfrtp_1)
                                         i_spi_reg.buffer_counter[1] (net)
                  0.07    0.00    0.44 v _1594_/A (sky130_fd_sc_hd__or3_1)
     1    0.00    0.06    0.37    0.82 v _1594_/X (sky130_fd_sc_hd__or3_1)
                                         _1292_ (net)
                  0.06    0.00    0.82 v _1595_/C (sky130_fd_sc_hd__or3_2)
     5    0.01    0.11    0.49    1.30 v _1595_/X (sky130_fd_sc_hd__or3_2)
                                         _1293_ (net)
                  0.11    0.00    1.30 v _3047_/A2 (sky130_fd_sc_hd__o2111a_1)
     1    0.00    0.05    0.27    1.57 v _3047_/X (sky130_fd_sc_hd__o2111a_1)
                                         _1189_ (net)
                  0.05    0.00    1.57 v _3049_/B1 (sky130_fd_sc_hd__o32a_4)
     5    0.03    0.08    0.27    1.84 v _3049_/X (sky130_fd_sc_hd__o32a_4)
                                         _1191_ (net)
                  0.08    0.00    1.84 v _3141_/A (sky130_fd_sc_hd__clkbuf_4)
    10    0.04    0.09    0.22    2.06 v _3141_/X (sky130_fd_sc_hd__clkbuf_4)
                                         _1263_ (net)
                  0.09    0.00    2.06 v _3152_/S (sky130_fd_sc_hd__mux2_1)
     1    0.00    0.05    0.33    2.39 v _3152_/X (sky130_fd_sc_hd__mux2_1)
                                         _1271_ (net)
                  0.05    0.00    2.39 v _3153_/A (sky130_fd_sc_hd__clkbuf_1)
     1    0.00    0.02    0.09    2.48 v _3153_/X (sky130_fd_sc_hd__clkbuf_1)
                                         _0300_ (net)
                  0.02    0.00    2.48 v _3488_/D (sky130_fd_sc_hd__dfrtp_4)
                                  2.48   data arrival time

                  0.15   14.00   14.00   clock clk (rise edge)
                          0.00   14.00   clock network delay (ideal)
                         -0.25   13.75   clock uncertainty
                          0.00   13.75   clock reconvergence pessimism
                                 13.75 ^ _3488_/CLK (sky130_fd_sc_hd__dfrtp_4)
                         -0.08   13.67   library setup time
                                 13.67   data required time
-----------------------------------------------------------------------------
                                 13.67   data required time
                                 -2.48   data arrival time
-----------------------------------------------------------------------------
                                 11.18   slack (MET)


Startpoint: _3460_ (rising edge-triggered flip-flop clocked by clk)
Endpoint: _3493_ (rising edge-triggered flip-flop clocked by clk)
Path Group: clk
Path Type: max

Fanout     Cap    Slew   Delay    Time   Description
-----------------------------------------------------------------------------
                  0.15    0.00    0.00   clock clk (rise edge)
                          0.00    0.00   clock network delay (ideal)
                  0.15    0.00    0.00 ^ _3460_/CLK (sky130_fd_sc_hd__dfrtp_1)
     4    0.01    0.07    0.44    0.44 v _3460_/Q (sky130_fd_sc_hd__dfrtp_1)
                                         i_spi_reg.buffer_counter[1] (net)
                  0.07    0.00    0.44 v _1594_/A (sky130_fd_sc_hd__or3_1)
     1    0.00    0.06    0.37    0.82 v _1594_/X (sky130_fd_sc_hd__or3_1)
                                         _1292_ (net)
                  0.06    0.00    0.82 v _1595_/C (sky130_fd_sc_hd__or3_2)
     5    0.01    0.11    0.49    1.30 v _1595_/X (sky130_fd_sc_hd__or3_2)
                                         _1293_ (net)
                  0.11    0.00    1.30 v _3047_/A2 (sky130_fd_sc_hd__o2111a_1)
     1    0.00    0.05    0.27    1.57 v _3047_/X (sky130_fd_sc_hd__o2111a_1)
                                         _1189_ (net)
                  0.05    0.00    1.57 v _3049_/B1 (sky130_fd_sc_hd__o32a_4)
     5    0.03    0.08    0.27    1.84 v _3049_/X (sky130_fd_sc_hd__o32a_4)
                                         _1191_ (net)
                  0.08    0.00    1.84 v _3141_/A (sky130_fd_sc_hd__clkbuf_4)
    10    0.04    0.09    0.22    2.06 v _3141_/X (sky130_fd_sc_hd__clkbuf_4)
                                         _1263_ (net)
                  0.09    0.00    2.06 v _3167_/S (sky130_fd_sc_hd__mux2_1)
     1    0.00    0.05    0.33    2.39 v _3167_/X (sky130_fd_sc_hd__mux2_1)
                                         _1281_ (net)
                  0.05    0.00    2.39 v _3168_/A (sky130_fd_sc_hd__clkbuf_1)
     1    0.00    0.02    0.09    2.48 v _3168_/X (sky130_fd_sc_hd__clkbuf_1)
                                         _0305_ (net)
                  0.02    0.00    2.48 v _3493_/D (sky130_fd_sc_hd__dfrtp_4)
                                  2.48   data arrival time

                  0.15   14.00   14.00   clock clk (rise edge)
                          0.00   14.00   clock network delay (ideal)
                         -0.25   13.75   clock uncertainty
                          0.00   13.75   clock reconvergence pessimism
                                 13.75 ^ _3493_/CLK (sky130_fd_sc_hd__dfrtp_4)
                         -0.08   13.67   library setup time
                                 13.67   data required time
-----------------------------------------------------------------------------
                                 13.67   data required time
                                 -2.48   data arrival time
-----------------------------------------------------------------------------
                                 11.19   slack (MET)


Startpoint: _3460_ (rising edge-triggered flip-flop clocked by clk)
Endpoint: _3492_ (rising edge-triggered flip-flop clocked by clk)
Path Group: clk
Path Type: max

Fanout     Cap    Slew   Delay    Time   Description
-----------------------------------------------------------------------------
                  0.15    0.00    0.00   clock clk (rise edge)
                          0.00    0.00   clock network delay (ideal)
                  0.15    0.00    0.00 ^ _3460_/CLK (sky130_fd_sc_hd__dfrtp_1)
     4    0.01    0.07    0.44    0.44 v _3460_/Q (sky130_fd_sc_hd__dfrtp_1)
                                         i_spi_reg.buffer_counter[1] (net)
                  0.07    0.00    0.44 v _1594_/A (sky130_fd_sc_hd__or3_1)
     1    0.00    0.06    0.37    0.82 v _1594_/X (sky130_fd_sc_hd__or3_1)
                                         _1292_ (net)
                  0.06    0.00    0.82 v _1595_/C (sky130_fd_sc_hd__or3_2)
     5    0.01    0.11    0.49    1.30 v _1595_/X (sky130_fd_sc_hd__or3_2)
                                         _1293_ (net)
                  0.11    0.00    1.30 v _3047_/A2 (sky130_fd_sc_hd__o2111a_1)
     1    0.00    0.05    0.27    1.57 v _3047_/X (sky130_fd_sc_hd__o2111a_1)
                                         _1189_ (net)
                  0.05    0.00    1.57 v _3049_/B1 (sky130_fd_sc_hd__o32a_4)
     5    0.03    0.08    0.27    1.84 v _3049_/X (sky130_fd_sc_hd__o32a_4)
                                         _1191_ (net)
                  0.08    0.00    1.84 v _3141_/A (sky130_fd_sc_hd__clkbuf_4)
    10    0.04    0.09    0.22    2.06 v _3141_/X (sky130_fd_sc_hd__clkbuf_4)
                                         _1263_ (net)
                  0.09    0.00    2.06 v _3164_/S (sky130_fd_sc_hd__mux2_1)
     1    0.00    0.05    0.33    2.39 v _3164_/X (sky130_fd_sc_hd__mux2_1)
                                         _1279_ (net)
                  0.05    0.00    2.39 v _3165_/A (sky130_fd_sc_hd__clkbuf_1)
     1    0.00    0.02    0.09    2.48 v _3165_/X (sky130_fd_sc_hd__clkbuf_1)
                                         _0304_ (net)
                  0.02    0.00    2.48 v _3492_/D (sky130_fd_sc_hd__dfrtp_4)
                                  2.48   data arrival time

                  0.15   14.00   14.00   clock clk (rise edge)
                          0.00   14.00   clock network delay (ideal)
                         -0.25   13.75   clock uncertainty
                          0.00   13.75   clock reconvergence pessimism
                                 13.75 ^ _3492_/CLK (sky130_fd_sc_hd__dfrtp_4)
                         -0.08   13.67   library setup time
                                 13.67   data required time
-----------------------------------------------------------------------------
                                 13.67   data required time
                                 -2.48   data arrival time
-----------------------------------------------------------------------------
                                 11.19   slack (MET)


Startpoint: _3460_ (rising edge-triggered flip-flop clocked by clk)
Endpoint: _3490_ (rising edge-triggered flip-flop clocked by clk)
Path Group: clk
Path Type: max

Fanout     Cap    Slew   Delay    Time   Description
-----------------------------------------------------------------------------
                  0.15    0.00    0.00   clock clk (rise edge)
                          0.00    0.00   clock network delay (ideal)
                  0.15    0.00    0.00 ^ _3460_/CLK (sky130_fd_sc_hd__dfrtp_1)
     4    0.01    0.07    0.44    0.44 v _3460_/Q (sky130_fd_sc_hd__dfrtp_1)
                                         i_spi_reg.buffer_counter[1] (net)
                  0.07    0.00    0.44 v _1594_/A (sky130_fd_sc_hd__or3_1)
     1    0.00    0.06    0.37    0.82 v _1594_/X (sky130_fd_sc_hd__or3_1)
                                         _1292_ (net)
                  0.06    0.00    0.82 v _1595_/C (sky130_fd_sc_hd__or3_2)
     5    0.01    0.11    0.49    1.30 v _1595_/X (sky130_fd_sc_hd__or3_2)
                                         _1293_ (net)
                  0.11    0.00    1.30 v _3047_/A2 (sky130_fd_sc_hd__o2111a_1)
     1    0.00    0.05    0.27    1.57 v _3047_/X (sky130_fd_sc_hd__o2111a_1)
                                         _1189_ (net)
                  0.05    0.00    1.57 v _3049_/B1 (sky130_fd_sc_hd__o32a_4)
     5    0.03    0.08    0.27    1.84 v _3049_/X (sky130_fd_sc_hd__o32a_4)
                                         _1191_ (net)
                  0.08    0.00    1.84 v _3141_/A (sky130_fd_sc_hd__clkbuf_4)
    10    0.04    0.09    0.22    2.06 v _3141_/X (sky130_fd_sc_hd__clkbuf_4)
                                         _1263_ (net)
                  0.09    0.00    2.06 v _3158_/S (sky130_fd_sc_hd__mux2_1)
     1    0.00    0.05    0.33    2.39 v _3158_/X (sky130_fd_sc_hd__mux2_1)
                                         _1275_ (net)
                  0.05    0.00    2.39 v _3159_/A (sky130_fd_sc_hd__clkbuf_1)
     1    0.00    0.02    0.09    2.48 v _3159_/X (sky130_fd_sc_hd__clkbuf_1)
                                         _0302_ (net)
                  0.02    0.00    2.48 v _3490_/D (sky130_fd_sc_hd__dfrtp_4)
                                  2.48   data arrival time

                  0.15   14.00   14.00   clock clk (rise edge)
                          0.00   14.00   clock network delay (ideal)
                         -0.25   13.75   clock uncertainty
                          0.00   13.75   clock reconvergence pessimism
                                 13.75 ^ _3490_/CLK (sky130_fd_sc_hd__dfrtp_4)
                         -0.08   13.67   library setup time
                                 13.67   data required time
-----------------------------------------------------------------------------
                                 13.67   data required time
                                 -2.48   data arrival time
-----------------------------------------------------------------------------
                                 11.19   slack (MET)


Startpoint: _3460_ (rising edge-triggered flip-flop clocked by clk)
Endpoint: _3454_ (rising edge-triggered flip-flop clocked by clk)
Path Group: clk
Path Type: max

Fanout     Cap    Slew   Delay    Time   Description
-----------------------------------------------------------------------------
                  0.15    0.00    0.00   clock clk (rise edge)
                          0.00    0.00   clock network delay (ideal)
                  0.15    0.00    0.00 ^ _3460_/CLK (sky130_fd_sc_hd__dfrtp_1)
     4    0.01    0.07    0.44    0.44 v _3460_/Q (sky130_fd_sc_hd__dfrtp_1)
                                         i_spi_reg.buffer_counter[1] (net)
                  0.07    0.00    0.44 v _1594_/A (sky130_fd_sc_hd__or3_1)
     1    0.00    0.06    0.37    0.82 v _1594_/X (sky130_fd_sc_hd__or3_1)
                                         _1292_ (net)
                  0.06    0.00    0.82 v _1595_/C (sky130_fd_sc_hd__or3_2)
     5    0.01    0.11    0.49    1.30 v _1595_/X (sky130_fd_sc_hd__or3_2)
                                         _1293_ (net)
                  0.11    0.00    1.30 v _2899_/C (sky130_fd_sc_hd__or4b_1)
     1    0.00    0.08    0.49    1.79 v _2899_/X (sky130_fd_sc_hd__or4b_1)
                                         _1086_ (net)
                  0.08    0.00    1.79 v _2900_/A (sky130_fd_sc_hd__clkbuf_4)
    10    0.04    0.09    0.22    2.01 v _2900_/X (sky130_fd_sc_hd__clkbuf_4)
                                         _1087_ (net)
                  0.09    0.00    2.01 v _3006_/S (sky130_fd_sc_hd__mux2_1)
     1    0.00    0.05    0.33    2.34 v _3006_/X (sky130_fd_sc_hd__mux2_1)
                                         _1159_ (net)
                  0.05    0.00    2.34 v _3007_/A (sky130_fd_sc_hd__clkbuf_1)
     1    0.00    0.03    0.10    2.44 v _3007_/X (sky130_fd_sc_hd__clkbuf_1)
                                         _0266_ (net)
                  0.03    0.00    2.44 v _3454_/D (sky130_fd_sc_hd__dfrtp_4)
                                  2.44   data arrival time

                  0.15   14.00   14.00   clock clk (rise edge)
                          0.00   14.00   clock network delay (ideal)
                         -0.25   13.75   clock uncertainty
                          0.00   13.75   clock reconvergence pessimism
                                 13.75 ^ _3454_/CLK (sky130_fd_sc_hd__dfrtp_4)
                         -0.08   13.67   library setup time
                                 13.67   data required time
-----------------------------------------------------------------------------
                                 13.67   data required time
                                 -2.44   data arrival time
-----------------------------------------------------------------------------
                                 11.23   slack (MET)


Startpoint: _3460_ (rising edge-triggered flip-flop clocked by clk)
Endpoint: _3458_ (rising edge-triggered flip-flop clocked by clk)
Path Group: clk
Path Type: max

Fanout     Cap    Slew   Delay    Time   Description
-----------------------------------------------------------------------------
                  0.15    0.00    0.00   clock clk (rise edge)
                          0.00    0.00   clock network delay (ideal)
                  0.15    0.00    0.00 ^ _3460_/CLK (sky130_fd_sc_hd__dfrtp_1)
     4    0.01    0.07    0.44    0.44 v _3460_/Q (sky130_fd_sc_hd__dfrtp_1)
                                         i_spi_reg.buffer_counter[1] (net)
                  0.07    0.00    0.44 v _1594_/A (sky130_fd_sc_hd__or3_1)
     1    0.00    0.06    0.37    0.82 v _1594_/X (sky130_fd_sc_hd__or3_1)
                                         _1292_ (net)
                  0.06    0.00    0.82 v _1595_/C (sky130_fd_sc_hd__or3_2)
     5    0.01    0.11    0.49    1.30 v _1595_/X (sky130_fd_sc_hd__or3_2)
                                         _1293_ (net)
                  0.11    0.00    1.30 v _2899_/C (sky130_fd_sc_hd__or4b_1)
     1    0.00    0.08    0.49    1.79 v _2899_/X (sky130_fd_sc_hd__or4b_1)
                                         _1086_ (net)
                  0.08    0.00    1.79 v _2900_/A (sky130_fd_sc_hd__clkbuf_4)
    10    0.04    0.09    0.22    2.01 v _2900_/X (sky130_fd_sc_hd__clkbuf_4)
                                         _1087_ (net)
                  0.09    0.00    2.01 v _3014_/S (sky130_fd_sc_hd__mux2_1)
     1    0.00    0.05    0.33    2.34 v _3014_/X (sky130_fd_sc_hd__mux2_1)
                                         _1163_ (net)
                  0.05    0.00    2.34 v _3015_/A (sky130_fd_sc_hd__clkbuf_1)
     1    0.00    0.03    0.09    2.44 v _3015_/X (sky130_fd_sc_hd__clkbuf_1)
                                         _0270_ (net)
                  0.03    0.00    2.44 v _3458_/D (sky130_fd_sc_hd__dfrtp_1)
                                  2.44   data arrival time

                  0.15   14.00   14.00   clock clk (rise edge)
                          0.00   14.00   clock network delay (ideal)
                         -0.25   13.75   clock uncertainty
                          0.00   13.75   clock reconvergence pessimism
                                 13.75 ^ _3458_/CLK (sky130_fd_sc_hd__dfrtp_1)
                         -0.08   13.67   library setup time
                                 13.67   data required time
-----------------------------------------------------------------------------
                                 13.67   data required time
                                 -2.44   data arrival time
-----------------------------------------------------------------------------
                                 11.23   slack (MET)


Startpoint: _3460_ (rising edge-triggered flip-flop clocked by clk)
Endpoint: _3455_ (rising edge-triggered flip-flop clocked by clk)
Path Group: clk
Path Type: max

Fanout     Cap    Slew   Delay    Time   Description
-----------------------------------------------------------------------------
                  0.15    0.00    0.00   clock clk (rise edge)
                          0.00    0.00   clock network delay (ideal)
                  0.15    0.00    0.00 ^ _3460_/CLK (sky130_fd_sc_hd__dfrtp_1)
     4    0.01    0.07    0.44    0.44 v _3460_/Q (sky130_fd_sc_hd__dfrtp_1)
                                         i_spi_reg.buffer_counter[1] (net)
                  0.07    0.00    0.44 v _1594_/A (sky130_fd_sc_hd__or3_1)
     1    0.00    0.06    0.37    0.82 v _1594_/X (sky130_fd_sc_hd__or3_1)
                                         _1292_ (net)
                  0.06    0.00    0.82 v _1595_/C (sky130_fd_sc_hd__or3_2)
     5    0.01    0.11    0.49    1.30 v _1595_/X (sky130_fd_sc_hd__or3_2)
                                         _1293_ (net)
                  0.11    0.00    1.30 v _2899_/C (sky130_fd_sc_hd__or4b_1)
     1    0.00    0.08    0.49    1.79 v _2899_/X (sky130_fd_sc_hd__or4b_1)
                                         _1086_ (net)
                  0.08    0.00    1.79 v _2900_/A (sky130_fd_sc_hd__clkbuf_4)
    10    0.04    0.09    0.22    2.01 v _2900_/X (sky130_fd_sc_hd__clkbuf_4)
                                         _1087_ (net)
                  0.09    0.00    2.01 v _3008_/S (sky130_fd_sc_hd__mux2_1)
     1    0.00    0.05    0.33    2.34 v _3008_/X (sky130_fd_sc_hd__mux2_1)
                                         _1160_ (net)
                  0.05    0.00    2.34 v _3009_/A (sky130_fd_sc_hd__clkbuf_1)
     1    0.00    0.02    0.09    2.44 v _3009_/X (sky130_fd_sc_hd__clkbuf_1)
                                         _0267_ (net)
                  0.02    0.00    2.44 v _3455_/D (sky130_fd_sc_hd__dfrtp_1)
                                  2.44   data arrival time

                  0.15   14.00   14.00   clock clk (rise edge)
                          0.00   14.00   clock network delay (ideal)
                         -0.25   13.75   clock uncertainty
                          0.00   13.75   clock reconvergence pessimism
                                 13.75 ^ _3455_/CLK (sky130_fd_sc_hd__dfrtp_1)
                         -0.08   13.67   library setup time
                                 13.67   data required time
-----------------------------------------------------------------------------
                                 13.67   data required time
                                 -2.44   data arrival time
-----------------------------------------------------------------------------
                                 11.23   slack (MET)


Startpoint: _3460_ (rising edge-triggered flip-flop clocked by clk)
Endpoint: _3456_ (rising edge-triggered flip-flop clocked by clk)
Path Group: clk
Path Type: max

Fanout     Cap    Slew   Delay    Time   Description
-----------------------------------------------------------------------------
                  0.15    0.00    0.00   clock clk (rise edge)
                          0.00    0.00   clock network delay (ideal)
                  0.15    0.00    0.00 ^ _3460_/CLK (sky130_fd_sc_hd__dfrtp_1)
     4    0.01    0.07    0.44    0.44 v _3460_/Q (sky130_fd_sc_hd__dfrtp_1)
                                         i_spi_reg.buffer_counter[1] (net)
                  0.07    0.00    0.44 v _1594_/A (sky130_fd_sc_hd__or3_1)
     1    0.00    0.06    0.37    0.82 v _1594_/X (sky130_fd_sc_hd__or3_1)
                                         _1292_ (net)
                  0.06    0.00    0.82 v _1595_/C (sky130_fd_sc_hd__or3_2)
     5    0.01    0.11    0.49    1.30 v _1595_/X (sky130_fd_sc_hd__or3_2)
                                         _1293_ (net)
                  0.11    0.00    1.30 v _2899_/C (sky130_fd_sc_hd__or4b_1)
     1    0.00    0.08    0.49    1.79 v _2899_/X (sky130_fd_sc_hd__or4b_1)
                                         _1086_ (net)
                  0.08    0.00    1.79 v _2900_/A (sky130_fd_sc_hd__clkbuf_4)
    10    0.04    0.09    0.22    2.01 v _2900_/X (sky130_fd_sc_hd__clkbuf_4)
                                         _1087_ (net)
                  0.09    0.00    2.01 v _3010_/S (sky130_fd_sc_hd__mux2_1)
     1    0.00    0.05    0.33    2.34 v _3010_/X (sky130_fd_sc_hd__mux2_1)
                                         _1161_ (net)
                  0.05    0.00    2.34 v _3011_/A (sky130_fd_sc_hd__clkbuf_1)
     1    0.00    0.02    0.09    2.44 v _3011_/X (sky130_fd_sc_hd__clkbuf_1)
                                         _0268_ (net)
                  0.02    0.00    2.44 v _3456_/D (sky130_fd_sc_hd__dfrtp_1)
                                  2.44   data arrival time

                  0.15   14.00   14.00   clock clk (rise edge)
                          0.00   14.00   clock network delay (ideal)
                         -0.25   13.75   clock uncertainty
                          0.00   13.75   clock reconvergence pessimism
                                 13.75 ^ _3456_/CLK (sky130_fd_sc_hd__dfrtp_1)
                         -0.08   13.67   library setup time
                                 13.67   data required time
-----------------------------------------------------------------------------
                                 13.67   data required time
                                 -2.44   data arrival time
-----------------------------------------------------------------------------
                                 11.23   slack (MET)


Startpoint: _3460_ (rising edge-triggered flip-flop clocked by clk)
Endpoint: _3450_ (rising edge-triggered flip-flop clocked by clk)
Path Group: clk
Path Type: max

Fanout     Cap    Slew   Delay    Time   Description
-----------------------------------------------------------------------------
                  0.15    0.00    0.00   clock clk (rise edge)
                          0.00    0.00   clock network delay (ideal)
                  0.15    0.00    0.00 ^ _3460_/CLK (sky130_fd_sc_hd__dfrtp_1)
     4    0.01    0.07    0.44    0.44 v _3460_/Q (sky130_fd_sc_hd__dfrtp_1)
                                         i_spi_reg.buffer_counter[1] (net)
                  0.07    0.00    0.44 v _1594_/A (sky130_fd_sc_hd__or3_1)
     1    0.00    0.06    0.37    0.82 v _1594_/X (sky130_fd_sc_hd__or3_1)
                                         _1292_ (net)
                  0.06    0.00    0.82 v _1595_/C (sky130_fd_sc_hd__or3_2)
     5    0.01    0.11    0.49    1.30 v _1595_/X (sky130_fd_sc_hd__or3_2)
                                         _1293_ (net)
                  0.11    0.00    1.30 v _2899_/C (sky130_fd_sc_hd__or4b_1)
     1    0.00    0.08    0.49    1.79 v _2899_/X (sky130_fd_sc_hd__or4b_1)
                                         _1086_ (net)
                  0.08    0.00    1.79 v _2900_/A (sky130_fd_sc_hd__clkbuf_4)
    10    0.04    0.09    0.22    2.01 v _2900_/X (sky130_fd_sc_hd__clkbuf_4)
                                         _1087_ (net)
                  0.09    0.00    2.01 v _2998_/S (sky130_fd_sc_hd__mux2_1)
     1    0.00    0.05    0.33    2.34 v _2998_/X (sky130_fd_sc_hd__mux2_1)
                                         _1155_ (net)
                  0.05    0.00    2.34 v _2999_/A (sky130_fd_sc_hd__clkbuf_1)
     1    0.00    0.02    0.09    2.43 v _2999_/X (sky130_fd_sc_hd__clkbuf_1)
                                         _0262_ (net)
                  0.02    0.00    2.43 v _3450_/D (sky130_fd_sc_hd__dfrtp_1)
                                  2.43   data arrival time

                  0.15   14.00   14.00   clock clk (rise edge)
                          0.00   14.00   clock network delay (ideal)
                         -0.25   13.75   clock uncertainty
                          0.00   13.75   clock reconvergence pessimism
                                 13.75 ^ _3450_/CLK (sky130_fd_sc_hd__dfrtp_1)
                         -0.08   13.67   library setup time
                                 13.67   data required time
-----------------------------------------------------------------------------
                                 13.67   data required time
                                 -2.43   data arrival time
-----------------------------------------------------------------------------
                                 11.23   slack (MET)


Startpoint: _3460_ (rising edge-triggered flip-flop clocked by clk)
Endpoint: _3453_ (rising edge-triggered flip-flop clocked by clk)
Path Group: clk
Path Type: max

Fanout     Cap    Slew   Delay    Time   Description
-----------------------------------------------------------------------------
                  0.15    0.00    0.00   clock clk (rise edge)
                          0.00    0.00   clock network delay (ideal)
                  0.15    0.00    0.00 ^ _3460_/CLK (sky130_fd_sc_hd__dfrtp_1)
     4    0.01    0.07    0.44    0.44 v _3460_/Q (sky130_fd_sc_hd__dfrtp_1)
                                         i_spi_reg.buffer_counter[1] (net)
                  0.07    0.00    0.44 v _1594_/A (sky130_fd_sc_hd__or3_1)
     1    0.00    0.06    0.37    0.82 v _1594_/X (sky130_fd_sc_hd__or3_1)
                                         _1292_ (net)
                  0.06    0.00    0.82 v _1595_/C (sky130_fd_sc_hd__or3_2)
     5    0.01    0.11    0.49    1.30 v _1595_/X (sky130_fd_sc_hd__or3_2)
                                         _1293_ (net)
                  0.11    0.00    1.30 v _2899_/C (sky130_fd_sc_hd__or4b_1)
     1    0.00    0.08    0.49    1.79 v _2899_/X (sky130_fd_sc_hd__or4b_1)
                                         _1086_ (net)
                  0.08    0.00    1.79 v _2900_/A (sky130_fd_sc_hd__clkbuf_4)
    10    0.04    0.09    0.22    2.01 v _2900_/X (sky130_fd_sc_hd__clkbuf_4)
                                         _1087_ (net)
                  0.09    0.00    2.01 v _3004_/S (sky130_fd_sc_hd__mux2_1)
     1    0.00    0.05    0.33    2.34 v _3004_/X (sky130_fd_sc_hd__mux2_1)
                                         _1158_ (net)
                  0.05    0.00    2.34 v _3005_/A (sky130_fd_sc_hd__clkbuf_1)
     1    0.00    0.02    0.09    2.43 v _3005_/X (sky130_fd_sc_hd__clkbuf_1)
                                         _0265_ (net)
                  0.02    0.00    2.43 v _3453_/D (sky130_fd_sc_hd__dfrtp_4)
                                  2.43   data arrival time

                  0.15   14.00   14.00   clock clk (rise edge)
                          0.00   14.00   clock network delay (ideal)
                         -0.25   13.75   clock uncertainty
                          0.00   13.75   clock reconvergence pessimism
                                 13.75 ^ _3453_/CLK (sky130_fd_sc_hd__dfrtp_4)
                         -0.08   13.67   library setup time
                                 13.67   data required time
-----------------------------------------------------------------------------
                                 13.67   data required time
                                 -2.43   data arrival time
-----------------------------------------------------------------------------
                                 11.23   slack (MET)


Startpoint: _3460_ (rising edge-triggered flip-flop clocked by clk)
Endpoint: _3457_ (rising edge-triggered flip-flop clocked by clk)
Path Group: clk
Path Type: max

Fanout     Cap    Slew   Delay    Time   Description
-----------------------------------------------------------------------------
                  0.15    0.00    0.00   clock clk (rise edge)
                          0.00    0.00   clock network delay (ideal)
                  0.15    0.00    0.00 ^ _3460_/CLK (sky130_fd_sc_hd__dfrtp_1)
     4    0.01    0.07    0.44    0.44 v _3460_/Q (sky130_fd_sc_hd__dfrtp_1)
                                         i_spi_reg.buffer_counter[1] (net)
                  0.07    0.00    0.44 v _1594_/A (sky130_fd_sc_hd__or3_1)
     1    0.00    0.06    0.37    0.82 v _1594_/X (sky130_fd_sc_hd__or3_1)
                                         _1292_ (net)
                  0.06    0.00    0.82 v _1595_/C (sky130_fd_sc_hd__or3_2)
     5    0.01    0.11    0.49    1.30 v _1595_/X (sky130_fd_sc_hd__or3_2)
                                         _1293_ (net)
                  0.11    0.00    1.30 v _2899_/C (sky130_fd_sc_hd__or4b_1)
     1    0.00    0.08    0.49    1.79 v _2899_/X (sky130_fd_sc_hd__or4b_1)
                                         _1086_ (net)
                  0.08    0.00    1.79 v _2900_/A (sky130_fd_sc_hd__clkbuf_4)
    10    0.04    0.09    0.22    2.01 v _2900_/X (sky130_fd_sc_hd__clkbuf_4)
                                         _1087_ (net)
                  0.09    0.00    2.01 v _3012_/S (sky130_fd_sc_hd__mux2_1)
     1    0.00    0.05    0.33    2.34 v _3012_/X (sky130_fd_sc_hd__mux2_1)
                                         _1162_ (net)
                  0.05    0.00    2.34 v _3013_/A (sky130_fd_sc_hd__clkbuf_1)
     1    0.00    0.02    0.09    2.43 v _3013_/X (sky130_fd_sc_hd__clkbuf_1)
                                         _0269_ (net)
                  0.02    0.00    2.43 v _3457_/D (sky130_fd_sc_hd__dfrtp_1)
                                  2.43   data arrival time

                  0.15   14.00   14.00   clock clk (rise edge)
                          0.00   14.00   clock network delay (ideal)
                         -0.25   13.75   clock uncertainty
                          0.00   13.75   clock reconvergence pessimism
                                 13.75 ^ _3457_/CLK (sky130_fd_sc_hd__dfrtp_1)
                         -0.08   13.67   library setup time
                                 13.67   data required time
-----------------------------------------------------------------------------
                                 13.67   data required time
                                 -2.43   data arrival time
-----------------------------------------------------------------------------
                                 11.23   slack (MET)


Startpoint: _3460_ (rising edge-triggered flip-flop clocked by clk)
Endpoint: _3452_ (rising edge-triggered flip-flop clocked by clk)
Path Group: clk
Path Type: max

Fanout     Cap    Slew   Delay    Time   Description
-----------------------------------------------------------------------------
                  0.15    0.00    0.00   clock clk (rise edge)
                          0.00    0.00   clock network delay (ideal)
                  0.15    0.00    0.00 ^ _3460_/CLK (sky130_fd_sc_hd__dfrtp_1)
     4    0.01    0.07    0.44    0.44 v _3460_/Q (sky130_fd_sc_hd__dfrtp_1)
                                         i_spi_reg.buffer_counter[1] (net)
                  0.07    0.00    0.44 v _1594_/A (sky130_fd_sc_hd__or3_1)
     1    0.00    0.06    0.37    0.82 v _1594_/X (sky130_fd_sc_hd__or3_1)
                                         _1292_ (net)
                  0.06    0.00    0.82 v _1595_/C (sky130_fd_sc_hd__or3_2)
     5    0.01    0.11    0.49    1.30 v _1595_/X (sky130_fd_sc_hd__or3_2)
                                         _1293_ (net)
                  0.11    0.00    1.30 v _2899_/C (sky130_fd_sc_hd__or4b_1)
     1    0.00    0.08    0.49    1.79 v _2899_/X (sky130_fd_sc_hd__or4b_1)
                                         _1086_ (net)
                  0.08    0.00    1.79 v _2900_/A (sky130_fd_sc_hd__clkbuf_4)
    10    0.04    0.09    0.22    2.01 v _2900_/X (sky130_fd_sc_hd__clkbuf_4)
                                         _1087_ (net)
                  0.09    0.00    2.01 v _3002_/S (sky130_fd_sc_hd__mux2_1)
     1    0.00    0.06    0.33    2.35 v _3002_/X (sky130_fd_sc_hd__mux2_1)
                                         _1157_ (net)
                  0.06    0.00    2.35 v _3003_/A (sky130_fd_sc_hd__clkbuf_1)
     1    0.00    0.03    0.09    2.44 v _3003_/X (sky130_fd_sc_hd__clkbuf_1)
                                         _0264_ (net)
                  0.03    0.00    2.44 v _3452_/D (sky130_fd_sc_hd__dfstp_1)
                                  2.44   data arrival time

                  0.15   14.00   14.00   clock clk (rise edge)
                          0.00   14.00   clock network delay (ideal)
                         -0.25   13.75   clock uncertainty
                          0.00   13.75   clock reconvergence pessimism
                                 13.75 ^ _3452_/CLK (sky130_fd_sc_hd__dfstp_1)
                         -0.04   13.71   library setup time
                                 13.71   data required time
-----------------------------------------------------------------------------
                                 13.71   data required time
                                 -2.44   data arrival time
-----------------------------------------------------------------------------
                                 11.27   slack (MET)


Startpoint: _3460_ (rising edge-triggered flip-flop clocked by clk)
Endpoint: _3451_ (rising edge-triggered flip-flop clocked by clk)
Path Group: clk
Path Type: max

Fanout     Cap    Slew   Delay    Time   Description
-----------------------------------------------------------------------------
                  0.15    0.00    0.00   clock clk (rise edge)
                          0.00    0.00   clock network delay (ideal)
                  0.15    0.00    0.00 ^ _3460_/CLK (sky130_fd_sc_hd__dfrtp_1)
     4    0.01    0.07    0.44    0.44 v _3460_/Q (sky130_fd_sc_hd__dfrtp_1)
                                         i_spi_reg.buffer_counter[1] (net)
                  0.07    0.00    0.44 v _1594_/A (sky130_fd_sc_hd__or3_1)
     1    0.00    0.06    0.37    0.82 v _1594_/X (sky130_fd_sc_hd__or3_1)
                                         _1292_ (net)
                  0.06    0.00    0.82 v _1595_/C (sky130_fd_sc_hd__or3_2)
     5    0.01    0.11    0.49    1.30 v _1595_/X (sky130_fd_sc_hd__or3_2)
                                         _1293_ (net)
                  0.11    0.00    1.30 v _2899_/C (sky130_fd_sc_hd__or4b_1)
     1    0.00    0.08    0.49    1.79 v _2899_/X (sky130_fd_sc_hd__or4b_1)
                                         _1086_ (net)
                  0.08    0.00    1.79 v _2900_/A (sky130_fd_sc_hd__clkbuf_4)
    10    0.04    0.09    0.22    2.01 v _2900_/X (sky130_fd_sc_hd__clkbuf_4)
                                         _1087_ (net)
                  0.09    0.00    2.01 v _3000_/S (sky130_fd_sc_hd__mux2_1)
     1    0.00    0.05    0.33    2.34 v _3000_/X (sky130_fd_sc_hd__mux2_1)
                                         _1156_ (net)
                  0.05    0.00    2.34 v _3001_/A (sky130_fd_sc_hd__clkbuf_1)
     1    0.00    0.03    0.09    2.44 v _3001_/X (sky130_fd_sc_hd__clkbuf_1)
                                         _0263_ (net)
                  0.03    0.00    2.44 v _3451_/D (sky130_fd_sc_hd__dfstp_1)
                                  2.44   data arrival time

                  0.15   14.00   14.00   clock clk (rise edge)
                          0.00   14.00   clock network delay (ideal)
                         -0.25   13.75   clock uncertainty
                          0.00   13.75   clock reconvergence pessimism
                                 13.75 ^ _3451_/CLK (sky130_fd_sc_hd__dfstp_1)
                         -0.04   13.71   library setup time
                                 13.71   data required time
-----------------------------------------------------------------------------
                                 13.71   data required time
                                 -2.44   data arrival time
-----------------------------------------------------------------------------
                                 11.27   slack (MET)


Startpoint: _3460_ (rising edge-triggered flip-flop clocked by clk)
Endpoint: _3496_ (rising edge-triggered flip-flop clocked by clk)
Path Group: clk
Path Type: max

Fanout     Cap    Slew   Delay    Time   Description
-----------------------------------------------------------------------------
                  0.15    0.00    0.00   clock clk (rise edge)
                          0.00    0.00   clock network delay (ideal)
                  0.15    0.00    0.00 ^ _3460_/CLK (sky130_fd_sc_hd__dfrtp_1)
     4    0.01    0.07    0.44    0.44 v _3460_/Q (sky130_fd_sc_hd__dfrtp_1)
                                         i_spi_reg.buffer_counter[1] (net)
                  0.07    0.00    0.44 v _1594_/A (sky130_fd_sc_hd__or3_1)
     1    0.00    0.06    0.37    0.82 v _1594_/X (sky130_fd_sc_hd__or3_1)
                                         _1292_ (net)
                  0.06    0.00    0.82 v _1595_/C (sky130_fd_sc_hd__or3_2)
     5    0.01    0.11    0.49    1.30 v _1595_/X (sky130_fd_sc_hd__or3_2)
                                         _1293_ (net)
                  0.11    0.00    1.30 v _3047_/A2 (sky130_fd_sc_hd__o2111a_1)
     1    0.00    0.05    0.27    1.57 v _3047_/X (sky130_fd_sc_hd__o2111a_1)
                                         _1189_ (net)
                  0.05    0.00    1.57 v _3049_/B1 (sky130_fd_sc_hd__o32a_4)
     5    0.03    0.08    0.27    1.84 v _3049_/X (sky130_fd_sc_hd__o32a_4)
                                         _1191_ (net)
                  0.08    0.00    1.84 v _3176_/S (sky130_fd_sc_hd__mux2_1)
     1    0.00    0.05    0.33    2.17 v _3176_/X (sky130_fd_sc_hd__mux2_1)
                                         _1287_ (net)
                  0.05    0.00    2.17 v _3177_/A (sky130_fd_sc_hd__clkbuf_1)
     1    0.00    0.02    0.09    2.27 v _3177_/X (sky130_fd_sc_hd__clkbuf_1)
                                         _0308_ (net)
                  0.02    0.00    2.27 v _3496_/D (sky130_fd_sc_hd__dfrtp_4)
                                  2.27   data arrival time

                  0.15   14.00   14.00   clock clk (rise edge)
                          0.00   14.00   clock network delay (ideal)
                         -0.25   13.75   clock uncertainty
                          0.00   13.75   clock reconvergence pessimism
                                 13.75 ^ _3496_/CLK (sky130_fd_sc_hd__dfrtp_4)
                         -0.08   13.67   library setup time
                                 13.67   data required time
-----------------------------------------------------------------------------
                                 13.67   data required time
                                 -2.27   data arrival time
-----------------------------------------------------------------------------
                                 11.40   slack (MET)


Startpoint: _3460_ (rising edge-triggered flip-flop clocked by clk)
Endpoint: _3495_ (rising edge-triggered flip-flop clocked by clk)
Path Group: clk
Path Type: max

Fanout     Cap    Slew   Delay    Time   Description
-----------------------------------------------------------------------------
                  0.15    0.00    0.00   clock clk (rise edge)
                          0.00    0.00   clock network delay (ideal)
                  0.15    0.00    0.00 ^ _3460_/CLK (sky130_fd_sc_hd__dfrtp_1)
     4    0.01    0.07    0.44    0.44 v _3460_/Q (sky130_fd_sc_hd__dfrtp_1)
                                         i_spi_reg.buffer_counter[1] (net)
                  0.07    0.00    0.44 v _1594_/A (sky130_fd_sc_hd__or3_1)
     1    0.00    0.06    0.37    0.82 v _1594_/X (sky130_fd_sc_hd__or3_1)
                                         _1292_ (net)
                  0.06    0.00    0.82 v _1595_/C (sky130_fd_sc_hd__or3_2)
     5    0.01    0.11    0.49    1.30 v _1595_/X (sky130_fd_sc_hd__or3_2)
                                         _1293_ (net)
                  0.11    0.00    1.30 v _3047_/A2 (sky130_fd_sc_hd__o2111a_1)
     1    0.00    0.05    0.27    1.57 v _3047_/X (sky130_fd_sc_hd__o2111a_1)
                                         _1189_ (net)
                  0.05    0.00    1.57 v _3049_/B1 (sky130_fd_sc_hd__o32a_4)
     5    0.03    0.08    0.27    1.84 v _3049_/X (sky130_fd_sc_hd__o32a_4)
                                         _1191_ (net)
                  0.08    0.00    1.84 v _3173_/S (sky130_fd_sc_hd__mux2_1)
     1    0.00    0.05    0.33    2.17 v _3173_/X (sky130_fd_sc_hd__mux2_1)
                                         _1285_ (net)
                  0.05    0.00    2.17 v _3174_/A (sky130_fd_sc_hd__clkbuf_1)
     1    0.00    0.02    0.09    2.27 v _3174_/X (sky130_fd_sc_hd__clkbuf_1)
                                         _0307_ (net)
                  0.02    0.00    2.27 v _3495_/D (sky130_fd_sc_hd__dfrtp_4)
                                  2.27   data arrival time

                  0.15   14.00   14.00   clock clk (rise edge)
                          0.00   14.00   clock network delay (ideal)
                         -0.25   13.75   clock uncertainty
                          0.00   13.75   clock reconvergence pessimism
                                 13.75 ^ _3495_/CLK (sky130_fd_sc_hd__dfrtp_4)
                         -0.08   13.67   library setup time
                                 13.67   data required time
-----------------------------------------------------------------------------
                                 13.67   data required time
                                 -2.27   data arrival time
-----------------------------------------------------------------------------
                                 11.40   slack (MET)


Startpoint: _3460_ (rising edge-triggered flip-flop clocked by clk)
Endpoint: _3411_ (rising edge-triggered flip-flop clocked by clk)
Path Group: clk
Path Type: max

Fanout     Cap    Slew   Delay    Time   Description
-----------------------------------------------------------------------------
                  0.15    0.00    0.00   clock clk (rise edge)
                          0.00    0.00   clock network delay (ideal)
                  0.15    0.00    0.00 ^ _3460_/CLK (sky130_fd_sc_hd__dfrtp_1)
     4    0.01    0.07    0.44    0.44 v _3460_/Q (sky130_fd_sc_hd__dfrtp_1)
                                         i_spi_reg.buffer_counter[1] (net)
                  0.07    0.00    0.44 v _1594_/A (sky130_fd_sc_hd__or3_1)
     1    0.00    0.06    0.37    0.82 v _1594_/X (sky130_fd_sc_hd__or3_1)
                                         _1292_ (net)
                  0.06    0.00    0.82 v _1595_/C (sky130_fd_sc_hd__or3_2)
     5    0.01    0.11    0.49    1.30 v _1595_/X (sky130_fd_sc_hd__or3_2)
                                         _1293_ (net)
                  0.11    0.00    1.30 v _2899_/C (sky130_fd_sc_hd__or4b_1)
     1    0.00    0.08    0.49    1.79 v _2899_/X (sky130_fd_sc_hd__or4b_1)
                                         _1086_ (net)
                  0.08    0.00    1.79 v _2900_/A (sky130_fd_sc_hd__clkbuf_4)
    10    0.04    0.09    0.22    2.01 v _2900_/X (sky130_fd_sc_hd__clkbuf_4)
                                         _1087_ (net)
                  0.09    0.00    2.01 v _2901_/C_N (sky130_fd_sc_hd__or3b_1)
     1    0.00    0.04    0.18    2.19 ^ _2901_/X (sky130_fd_sc_hd__or3b_1)
                                         _1088_ (net)
                  0.04    0.00    2.19 ^ _2902_/A (sky130_fd_sc_hd__clkbuf_1)
     1    0.00    0.04    0.08    2.27 ^ _2902_/X (sky130_fd_sc_hd__clkbuf_1)
                                         _0232_ (net)
                  0.04    0.00    2.27 ^ _3411_/D (sky130_fd_sc_hd__dfrtp_2)
                                  2.27   data arrival time

                  0.15   14.00   14.00   clock clk (rise edge)
                          0.00   14.00   clock network delay (ideal)
                         -0.25   13.75   clock uncertainty
                          0.00   13.75   clock reconvergence pessimism
                                 13.75 ^ _3411_/CLK (sky130_fd_sc_hd__dfrtp_2)
                         -0.05   13.70   library setup time
                                 13.70   data required time
-----------------------------------------------------------------------------
                                 13.70   data required time
                                 -2.27   data arrival time
-----------------------------------------------------------------------------
                                 11.43   slack (MET)


Startpoint: _3460_ (rising edge-triggered flip-flop clocked by clk)
Endpoint: _3412_ (rising edge-triggered flip-flop clocked by clk)
Path Group: clk
Path Type: max

Fanout     Cap    Slew   Delay    Time   Description
-----------------------------------------------------------------------------
                  0.15    0.00    0.00   clock clk (rise edge)
                          0.00    0.00   clock network delay (ideal)
                  0.15    0.00    0.00 ^ _3460_/CLK (sky130_fd_sc_hd__dfrtp_1)
     4    0.01    0.07    0.44    0.44 v _3460_/Q (sky130_fd_sc_hd__dfrtp_1)
                                         i_spi_reg.buffer_counter[1] (net)
                  0.07    0.00    0.44 v _1594_/A (sky130_fd_sc_hd__or3_1)
     1    0.00    0.06    0.37    0.82 v _1594_/X (sky130_fd_sc_hd__or3_1)
                                         _1292_ (net)
                  0.06    0.00    0.82 v _1595_/C (sky130_fd_sc_hd__or3_2)
     5    0.01    0.11    0.49    1.30 v _1595_/X (sky130_fd_sc_hd__or3_2)
                                         _1293_ (net)
                  0.11    0.00    1.30 v _2891_/B2 (sky130_fd_sc_hd__o22a_1)
     3    0.01    0.07    0.22    1.52 v _2891_/X (sky130_fd_sc_hd__o22a_1)
                                         _1079_ (net)
                  0.07    0.00    1.52 v _2907_/A2 (sky130_fd_sc_hd__a22o_1)
     1    0.00    0.04    0.25    1.77 v _2907_/X (sky130_fd_sc_hd__a22o_1)
                                         _1093_ (net)
                  0.04    0.00    1.77 v _2908_/A2 (sky130_fd_sc_hd__o21a_1)
     1    0.00    0.03    0.16    1.93 v _2908_/X (sky130_fd_sc_hd__o21a_1)
                                         _0233_ (net)
                  0.03    0.00    1.93 v _3412_/D (sky130_fd_sc_hd__dfrtp_1)
                                  1.93   data arrival time

                  0.15   14.00   14.00   clock clk (rise edge)
                          0.00   14.00   clock network delay (ideal)
                         -0.25   13.75   clock uncertainty
                          0.00   13.75   clock reconvergence pessimism
                                 13.75 ^ _3412_/CLK (sky130_fd_sc_hd__dfrtp_1)
                         -0.09   13.66   library setup time
                                 13.66   data required time
-----------------------------------------------------------------------------
                                 13.66   data required time
                                 -1.93   data arrival time
-----------------------------------------------------------------------------
                                 11.73   slack (MET)


Startpoint: _3460_ (rising edge-triggered flip-flop clocked by clk)
Endpoint: _3459_ (rising edge-triggered flip-flop clocked by clk)
Path Group: clk
Path Type: max

Fanout     Cap    Slew   Delay    Time   Description
-----------------------------------------------------------------------------
                  0.15    0.00    0.00   clock clk (rise edge)
                          0.00    0.00   clock network delay (ideal)
                  0.15    0.00    0.00 ^ _3460_/CLK (sky130_fd_sc_hd__dfrtp_1)
     4    0.01    0.07    0.44    0.44 v _3460_/Q (sky130_fd_sc_hd__dfrtp_1)
                                         i_spi_reg.buffer_counter[1] (net)
                  0.07    0.00    0.44 v _1594_/A (sky130_fd_sc_hd__or3_1)
     1    0.00    0.06    0.37    0.82 v _1594_/X (sky130_fd_sc_hd__or3_1)
                                         _1292_ (net)
                  0.06    0.00    0.82 v _1595_/C (sky130_fd_sc_hd__or3_2)
     5    0.01    0.11    0.49    1.30 v _1595_/X (sky130_fd_sc_hd__or3_2)
                                         _1293_ (net)
                  0.11    0.00    1.30 v _1596_/B (sky130_fd_sc_hd__nor2_1)
     2    0.01    0.13    0.15    1.46 ^ _1596_/Y (sky130_fd_sc_hd__nor2_1)
                                         _1294_ (net)
                  0.13    0.00    1.46 ^ _3018_/A (sky130_fd_sc_hd__nor2_1)
     1    0.00    0.04    0.06    1.52 v _3018_/Y (sky130_fd_sc_hd__nor2_1)
                                         _1166_ (net)
                  0.04    0.00    1.52 v _3019_/A0 (sky130_fd_sc_hd__mux2_1)
     1    0.00    0.05    0.28    1.80 v _3019_/X (sky130_fd_sc_hd__mux2_1)
                                         _1167_ (net)
                  0.05    0.00    1.80 v _3020_/A (sky130_fd_sc_hd__clkbuf_1)
     1    0.00    0.02    0.09    1.89 v _3020_/X (sky130_fd_sc_hd__clkbuf_1)
                                         _0271_ (net)
                  0.02    0.00    1.89 v _3459_/D (sky130_fd_sc_hd__dfrtp_1)
                                  1.89   data arrival time

                  0.15   14.00   14.00   clock clk (rise edge)
                          0.00   14.00   clock network delay (ideal)
                         -0.25   13.75   clock uncertainty
                          0.00   13.75   clock reconvergence pessimism
                                 13.75 ^ _3459_/CLK (sky130_fd_sc_hd__dfrtp_1)
                         -0.08   13.67   library setup time
                                 13.67   data required time
-----------------------------------------------------------------------------
                                 13.67   data required time
                                 -1.89   data arrival time
-----------------------------------------------------------------------------
                                 11.77   slack (MET)


Startpoint: _3460_ (rising edge-triggered flip-flop clocked by clk)
Endpoint: _3410_ (rising edge-triggered flip-flop clocked by clk)
Path Group: clk
Path Type: max

Fanout     Cap    Slew   Delay    Time   Description
-----------------------------------------------------------------------------
                  0.15    0.00    0.00   clock clk (rise edge)
                          0.00    0.00   clock network delay (ideal)
                  0.15    0.00    0.00 ^ _3460_/CLK (sky130_fd_sc_hd__dfrtp_1)
     4    0.01    0.07    0.44    0.44 v _3460_/Q (sky130_fd_sc_hd__dfrtp_1)
                                         i_spi_reg.buffer_counter[1] (net)
                  0.07    0.00    0.44 v _1594_/A (sky130_fd_sc_hd__or3_1)
     1    0.00    0.06    0.37    0.82 v _1594_/X (sky130_fd_sc_hd__or3_1)
                                         _1292_ (net)
                  0.06    0.00    0.82 v _1595_/C (sky130_fd_sc_hd__or3_2)
     5    0.01    0.11    0.49    1.30 v _1595_/X (sky130_fd_sc_hd__or3_2)
                                         _1293_ (net)
                  0.11    0.00    1.30 v _2891_/B2 (sky130_fd_sc_hd__o22a_1)
     3    0.01    0.07    0.22    1.52 v _2891_/X (sky130_fd_sc_hd__o22a_1)
                                         _1079_ (net)
                  0.07    0.00    1.52 v _2897_/A2 (sky130_fd_sc_hd__a31o_1)
     1    0.00    0.04    0.22    1.74 v _2897_/X (sky130_fd_sc_hd__a31o_1)
                                         _0231_ (net)
                  0.04    0.00    1.74 v _3410_/D (sky130_fd_sc_hd__dfrtp_4)
                                  1.74   data arrival time

                  0.15   14.00   14.00   clock clk (rise edge)
                          0.00   14.00   clock network delay (ideal)
                         -0.25   13.75   clock uncertainty
                          0.00   13.75   clock reconvergence pessimism
                                 13.75 ^ _3410_/CLK (sky130_fd_sc_hd__dfrtp_4)
                         -0.09   13.66   library setup time
                                 13.66   data required time
-----------------------------------------------------------------------------
                                 13.66   data required time
                                 -1.74   data arrival time
-----------------------------------------------------------------------------
                                 11.92   slack (MET)


Startpoint: _3460_ (rising edge-triggered flip-flop clocked by clk)
Endpoint: _3449_ (rising edge-triggered flip-flop clocked by clk)
Path Group: clk
Path Type: max

Fanout     Cap    Slew   Delay    Time   Description
-----------------------------------------------------------------------------
                  0.15    0.00    0.00   clock clk (rise edge)
                          0.00    0.00   clock network delay (ideal)
                  0.15    0.00    0.00 ^ _3460_/CLK (sky130_fd_sc_hd__dfrtp_1)
     4    0.01    0.07    0.44    0.44 v _3460_/Q (sky130_fd_sc_hd__dfrtp_1)
                                         i_spi_reg.buffer_counter[1] (net)
                  0.07    0.00    0.44 v _1594_/A (sky130_fd_sc_hd__or3_1)
     1    0.00    0.06    0.37    0.82 v _1594_/X (sky130_fd_sc_hd__or3_1)
                                         _1292_ (net)
                  0.06    0.00    0.82 v _1595_/C (sky130_fd_sc_hd__or3_2)
     5    0.01    0.11    0.49    1.30 v _1595_/X (sky130_fd_sc_hd__or3_2)
                                         _1293_ (net)
                  0.11    0.00    1.30 v _1596_/B (sky130_fd_sc_hd__nor2_1)
     2    0.01    0.13    0.15    1.46 ^ _1596_/Y (sky130_fd_sc_hd__nor2_1)
                                         _1294_ (net)
                  0.13    0.00    1.46 ^ _1598_/C (sky130_fd_sc_hd__and4_1)
     1    0.00    0.06    0.21    1.66 ^ _1598_/X (sky130_fd_sc_hd__and4_1)
                                         _1296_ (net)
                  0.06    0.00    1.66 ^ _1599_/A (sky130_fd_sc_hd__clkbuf_1)
     1    0.00    0.04    0.09    1.75 ^ _1599_/X (sky130_fd_sc_hd__clkbuf_1)
                                         _0000_ (net)
                  0.04    0.00    1.75 ^ _3449_/D (sky130_fd_sc_hd__dfrtp_1)
                                  1.75   data arrival time

                  0.15   14.00   14.00   clock clk (rise edge)
                          0.00   14.00   clock network delay (ideal)
                         -0.25   13.75   clock uncertainty
                          0.00   13.75   clock reconvergence pessimism
                                 13.75 ^ _3449_/CLK (sky130_fd_sc_hd__dfrtp_1)
                         -0.04   13.71   library setup time
                                 13.71   data required time
-----------------------------------------------------------------------------
                                 13.71   data required time
                                 -1.75   data arrival time
-----------------------------------------------------------------------------
                                 11.96   slack (MET)


Startpoint: _3460_ (rising edge-triggered flip-flop clocked by clk)
Endpoint: _3464_ (rising edge-triggered flip-flop clocked by clk)
Path Group: clk
Path Type: max

Fanout     Cap    Slew   Delay    Time   Description
-----------------------------------------------------------------------------
                  0.15    0.00    0.00   clock clk (rise edge)
                          0.00    0.00   clock network delay (ideal)
                  0.15    0.00    0.00 ^ _3460_/CLK (sky130_fd_sc_hd__dfrtp_1)
     4    0.01    0.07    0.44    0.44 v _3460_/Q (sky130_fd_sc_hd__dfrtp_1)
                                         i_spi_reg.buffer_counter[1] (net)
                  0.07    0.00    0.44 v _1594_/A (sky130_fd_sc_hd__or3_1)
     1    0.00    0.06    0.37    0.82 v _1594_/X (sky130_fd_sc_hd__or3_1)
                                         _1292_ (net)
                  0.06    0.00    0.82 v _1595_/C (sky130_fd_sc_hd__or3_2)
     5    0.01    0.11    0.49    1.30 v _1595_/X (sky130_fd_sc_hd__or3_2)
                                         _1293_ (net)
                  0.11    0.00    1.30 v _3035_/B (sky130_fd_sc_hd__nand3_1)
     1    0.00    0.06    0.10    1.41 ^ _3035_/Y (sky130_fd_sc_hd__nand3_1)
                                         _1178_ (net)
                  0.06    0.00    1.41 ^ _3036_/B1 (sky130_fd_sc_hd__o21ai_1)
     1    0.00    0.04    0.06    1.47 v _3036_/Y (sky130_fd_sc_hd__o21ai_1)
                                         _0276_ (net)
                  0.04    0.00    1.47 v _3464_/D (sky130_fd_sc_hd__dfrtp_1)
                                  1.47   data arrival time

                  0.15   14.00   14.00   clock clk (rise edge)
                          0.00   14.00   clock network delay (ideal)
                         -0.25   13.75   clock uncertainty
                          0.00   13.75   clock reconvergence pessimism
                                 13.75 ^ _3464_/CLK (sky130_fd_sc_hd__dfrtp_1)
                         -0.09   13.66   library setup time
                                 13.66   data required time
-----------------------------------------------------------------------------
                                 13.66   data required time
                                 -1.47   data arrival time
-----------------------------------------------------------------------------
                                 12.19   slack (MET)


Startpoint: _3442_ (rising edge-triggered flip-flop clocked by clk)
Endpoint: _3461_ (rising edge-triggered flip-flop clocked by clk)
Path Group: clk
Path Type: max

Fanout     Cap    Slew   Delay    Time   Description
-----------------------------------------------------------------------------
                  0.15    0.00    0.00   clock clk (rise edge)
                          0.00    0.00   clock network delay (ideal)
                  0.15    0.00    0.00 ^ _3442_/CLK (sky130_fd_sc_hd__dfxtp_1)
     2    0.01    0.08    0.39    0.39 ^ _3442_/Q (sky130_fd_sc_hd__dfxtp_1)
                                         i_spi_reg.falling_edge_detector_spi_clk.data (net)
                  0.08    0.00    0.39 ^ _3016_/A (sky130_fd_sc_hd__inv_2)
     3    0.01    0.03    0.05    0.44 v _3016_/Y (sky130_fd_sc_hd__inv_2)
                                         _1164_ (net)
                  0.03    0.00    0.44 v _3021_/B (sky130_fd_sc_hd__nor3_2)
     4    0.01    0.27    0.27    0.71 ^ _3021_/Y (sky130_fd_sc_hd__nor3_2)
                                         _1168_ (net)
                  0.27    0.00    0.71 ^ _3022_/C (sky130_fd_sc_hd__and3_1)
     4    0.01    0.12    0.26    0.97 ^ _3022_/X (sky130_fd_sc_hd__and3_1)
                                         _1169_ (net)
                  0.12    0.00    0.97 ^ _3025_/B (sky130_fd_sc_hd__nand2_1)
     2    0.01    0.06    0.09    1.07 v _3025_/Y (sky130_fd_sc_hd__nand2_1)
                                         _1171_ (net)
                  0.06    0.00    1.07 v _3027_/A (sky130_fd_sc_hd__and2_1)
     1    0.00    0.03    0.15    1.21 v _3027_/X (sky130_fd_sc_hd__and2_1)
                                         _1173_ (net)
                  0.03    0.00    1.21 v _3028_/A (sky130_fd_sc_hd__clkbuf_1)
     1    0.00    0.02    0.08    1.30 v _3028_/X (sky130_fd_sc_hd__clkbuf_1)
                                         _0273_ (net)
                  0.02    0.00    1.30 v _3461_/D (sky130_fd_sc_hd__dfrtp_1)
                                  1.30   data arrival time

                  0.15   14.00   14.00   clock clk (rise edge)
                          0.00   14.00   clock network delay (ideal)
                         -0.25   13.75   clock uncertainty
                          0.00   13.75   clock reconvergence pessimism
                                 13.75 ^ _3461_/CLK (sky130_fd_sc_hd__dfrtp_1)
                         -0.08   13.67   library setup time
                                 13.67   data required time
-----------------------------------------------------------------------------
                                 13.67   data required time
                                 -1.30   data arrival time
-----------------------------------------------------------------------------
                                 12.37   slack (MET)


Startpoint: _3442_ (rising edge-triggered flip-flop clocked by clk)
Endpoint: _3463_ (rising edge-triggered flip-flop clocked by clk)
Path Group: clk
Path Type: max

Fanout     Cap    Slew   Delay    Time   Description
-----------------------------------------------------------------------------
                  0.15    0.00    0.00   clock clk (rise edge)
                          0.00    0.00   clock network delay (ideal)
                  0.15    0.00    0.00 ^ _3442_/CLK (sky130_fd_sc_hd__dfxtp_1)
     2    0.01    0.08    0.39    0.39 ^ _3442_/Q (sky130_fd_sc_hd__dfxtp_1)
                                         i_spi_reg.falling_edge_detector_spi_clk.data (net)
                  0.08    0.00    0.39 ^ _3016_/A (sky130_fd_sc_hd__inv_2)
     3    0.01    0.03    0.05    0.44 v _3016_/Y (sky130_fd_sc_hd__inv_2)
                                         _1164_ (net)
                  0.03    0.00    0.44 v _3021_/B (sky130_fd_sc_hd__nor3_2)
     4    0.01    0.27    0.27    0.71 ^ _3021_/Y (sky130_fd_sc_hd__nor3_2)
                                         _1168_ (net)
                  0.27    0.00    0.71 ^ _3022_/C (sky130_fd_sc_hd__and3_1)
     4    0.01    0.12    0.26    0.97 ^ _3022_/X (sky130_fd_sc_hd__and3_1)
                                         _1169_ (net)
                  0.12    0.00    0.97 ^ _3030_/A3 (sky130_fd_sc_hd__a31o_1)
     1    0.00    0.04    0.15    1.12 ^ _3030_/X (sky130_fd_sc_hd__a31o_1)
                                         _1174_ (net)
                  0.04    0.00    1.12 ^ _3033_/A (sky130_fd_sc_hd__and2_1)
     1    0.00    0.04    0.11    1.23 ^ _3033_/X (sky130_fd_sc_hd__and2_1)
                                         _1177_ (net)
                  0.04    0.00    1.23 ^ _3034_/A (sky130_fd_sc_hd__clkbuf_1)
     1    0.00    0.04    0.08    1.31 ^ _3034_/X (sky130_fd_sc_hd__clkbuf_1)
                                         _0275_ (net)
                  0.04    0.00    1.31 ^ _3463_/D (sky130_fd_sc_hd__dfrtp_1)
                                  1.31   data arrival time

                  0.15   14.00   14.00   clock clk (rise edge)
                          0.00   14.00   clock network delay (ideal)
                         -0.25   13.75   clock uncertainty
                          0.00   13.75   clock reconvergence pessimism
                                 13.75 ^ _3463_/CLK (sky130_fd_sc_hd__dfrtp_1)
                         -0.04   13.71   library setup time
                                 13.71   data required time
-----------------------------------------------------------------------------
                                 13.71   data required time
                                 -1.31   data arrival time
-----------------------------------------------------------------------------
                                 12.40   slack (MET)


Startpoint: _3442_ (rising edge-triggered flip-flop clocked by clk)
Endpoint: _3462_ (rising edge-triggered flip-flop clocked by clk)
Path Group: clk
Path Type: max

Fanout     Cap    Slew   Delay    Time   Description
-----------------------------------------------------------------------------
                  0.15    0.00    0.00   clock clk (rise edge)
                          0.00    0.00   clock network delay (ideal)
                  0.15    0.00    0.00 ^ _3442_/CLK (sky130_fd_sc_hd__dfxtp_1)
     2    0.01    0.08    0.39    0.39 ^ _3442_/Q (sky130_fd_sc_hd__dfxtp_1)
                                         i_spi_reg.falling_edge_detector_spi_clk.data (net)
                  0.08    0.00    0.39 ^ _3016_/A (sky130_fd_sc_hd__inv_2)
     3    0.01    0.03    0.05    0.44 v _3016_/Y (sky130_fd_sc_hd__inv_2)
                                         _1164_ (net)
                  0.03    0.00    0.44 v _3021_/B (sky130_fd_sc_hd__nor3_2)
     4    0.01    0.27    0.27    0.71 ^ _3021_/Y (sky130_fd_sc_hd__nor3_2)
                                         _1168_ (net)
                  0.27    0.00    0.71 ^ _3022_/C (sky130_fd_sc_hd__and3_1)
     4    0.01    0.12    0.26    0.97 ^ _3022_/X (sky130_fd_sc_hd__and3_1)
                                         _1169_ (net)
                  0.12    0.00    0.97 ^ _3025_/B (sky130_fd_sc_hd__nand2_1)
     2    0.01    0.06    0.09    1.07 v _3025_/Y (sky130_fd_sc_hd__nand2_1)
                                         _1171_ (net)
                  0.06    0.00    1.07 v _3029_/B (sky130_fd_sc_hd__xnor2_1)
     1    0.00    0.05    0.13    1.20 v _3029_/Y (sky130_fd_sc_hd__xnor2_1)
                                         _0274_ (net)
                  0.05    0.00    1.20 v _3462_/D (sky130_fd_sc_hd__dfrtp_1)
                                  1.20   data arrival time

                  0.15   14.00   14.00   clock clk (rise edge)
                          0.00   14.00   clock network delay (ideal)
                         -0.25   13.75   clock uncertainty
                          0.00   13.75   clock reconvergence pessimism
                                 13.75 ^ _3462_/CLK (sky130_fd_sc_hd__dfrtp_1)
                         -0.09   13.66   library setup time
                                 13.66   data required time
-----------------------------------------------------------------------------
                                 13.66   data required time
                                 -1.20   data arrival time
-----------------------------------------------------------------------------
                                 12.46   slack (MET)


Startpoint: _3442_ (rising edge-triggered flip-flop clocked by clk)
Endpoint: _3460_ (rising edge-triggered flip-flop clocked by clk)
Path Group: clk
Path Type: max

Fanout     Cap    Slew   Delay    Time   Description
-----------------------------------------------------------------------------
                  0.15    0.00    0.00   clock clk (rise edge)
                          0.00    0.00   clock network delay (ideal)
                  0.15    0.00    0.00 ^ _3442_/CLK (sky130_fd_sc_hd__dfxtp_1)
     2    0.01    0.08    0.39    0.39 ^ _3442_/Q (sky130_fd_sc_hd__dfxtp_1)
                                         i_spi_reg.falling_edge_detector_spi_clk.data (net)
                  0.08    0.00    0.39 ^ _3016_/A (sky130_fd_sc_hd__inv_2)
     3    0.01    0.03    0.05    0.44 v _3016_/Y (sky130_fd_sc_hd__inv_2)
                                         _1164_ (net)
                  0.03    0.00    0.44 v _3021_/B (sky130_fd_sc_hd__nor3_2)
     4    0.01    0.27    0.27    0.71 ^ _3021_/Y (sky130_fd_sc_hd__nor3_2)
                                         _1168_ (net)
                  0.27    0.00    0.71 ^ _3022_/C (sky130_fd_sc_hd__and3_1)
     4    0.01    0.12    0.26    0.97 ^ _3022_/X (sky130_fd_sc_hd__and3_1)
                                         _1169_ (net)
                  0.12    0.00    0.97 ^ _3024_/A (sky130_fd_sc_hd__nor2_1)
     1    0.00    0.04    0.06    1.03 v _3024_/Y (sky130_fd_sc_hd__nor2_1)
                                         _0272_ (net)
                  0.04    0.00    1.03 v _3460_/D (sky130_fd_sc_hd__dfrtp_1)
                                  1.03   data arrival time

                  0.15   14.00   14.00   clock clk (rise edge)
                          0.00   14.00   clock network delay (ideal)
                         -0.25   13.75   clock uncertainty
                          0.00   13.75   clock reconvergence pessimism
                                 13.75 ^ _3460_/CLK (sky130_fd_sc_hd__dfrtp_1)
                         -0.09   13.66   library setup time
                                 13.66   data required time
-----------------------------------------------------------------------------
                                 13.66   data required time
                                 -1.03   data arrival time
-----------------------------------------------------------------------------
                                 12.63   slack (MET)


Startpoint: _3440_ (rising edge-triggered flip-flop clocked by clk)
Endpoint: _3448_ (rising edge-triggered flip-flop clocked by clk)
Path Group: clk
Path Type: max

Fanout     Cap    Slew   Delay    Time   Description
-----------------------------------------------------------------------------
                  0.15    0.00    0.00   clock clk (rise edge)
                          0.00    0.00   clock network delay (ideal)
                  0.15    0.00    0.00 ^ _3440_/CLK (sky130_fd_sc_hd__dfxtp_1)
     4    0.01    0.14    0.43    0.43 ^ _3440_/Q (sky130_fd_sc_hd__dfxtp_1)
                                         i_spi_reg.falling_edge_detector_sof.data (net)
                  0.14    0.00    0.43 ^ _3448_/D (sky130_fd_sc_hd__dfrtp_1)
                                  0.43   data arrival time

                  0.15   14.00   14.00   clock clk (rise edge)
                          0.00   14.00   clock network delay (ideal)
                         -0.25   13.75   clock uncertainty
                          0.00   13.75   clock reconvergence pessimism
                                 13.75 ^ _3448_/CLK (sky130_fd_sc_hd__dfrtp_1)
                         -0.07   13.68   library setup time
                                 13.68   data required time
-----------------------------------------------------------------------------
                                 13.68   data required time
                                 -0.43   data arrival time
-----------------------------------------------------------------------------
                                 13.25   slack (MET)


Startpoint: _3442_ (rising edge-triggered flip-flop clocked by clk)
Endpoint: _3447_ (rising edge-triggered flip-flop clocked by clk)
Path Group: clk
Path Type: max

Fanout     Cap    Slew   Delay    Time   Description
-----------------------------------------------------------------------------
                  0.15    0.00    0.00   clock clk (rise edge)
                          0.00    0.00   clock network delay (ideal)
                  0.15    0.00    0.00 ^ _3442_/CLK (sky130_fd_sc_hd__dfxtp_1)
     2    0.01    0.04    0.36    0.36 v _3442_/Q (sky130_fd_sc_hd__dfxtp_1)
                                         i_spi_reg.falling_edge_detector_spi_clk.data (net)
                  0.04    0.00    0.36 v _3447_/D (sky130_fd_sc_hd__dfrtp_1)
                                  0.36   data arrival time

                  0.15   14.00   14.00   clock clk (rise edge)
                          0.00   14.00   clock network delay (ideal)
                         -0.25   13.75   clock uncertainty
                          0.00   13.75   clock reconvergence pessimism
                                 13.75 ^ _3447_/CLK (sky130_fd_sc_hd__dfrtp_1)
                         -0.09   13.66   library setup time
                                 13.66   data required time
-----------------------------------------------------------------------------
                                 13.66   data required time
                                 -0.36   data arrival time
-----------------------------------------------------------------------------
                                 13.30   slack (MET)


Startpoint: _3443_ (rising edge-triggered flip-flop clocked by clk)
Endpoint: _3442_ (rising edge-triggered flip-flop clocked by clk)
Path Group: clk
Path Type: max

Fanout     Cap    Slew   Delay    Time   Description
-----------------------------------------------------------------------------
                  0.15    0.00    0.00   clock clk (rise edge)
                          0.00    0.00   clock network delay (ideal)
                  0.15    0.00    0.00 ^ _3443_/CLK (sky130_fd_sc_hd__dfxtp_1)
     1    0.00    0.02    0.34    0.34 v _3443_/Q (sky130_fd_sc_hd__dfxtp_1)
                                         synchronizer_spi_clk_inst.data_sync[1] (net)
                  0.02    0.00    0.34 v _3442_/D (sky130_fd_sc_hd__dfxtp_1)
                                  0.34   data arrival time

                  0.15   14.00   14.00   clock clk (rise edge)
                          0.00   14.00   clock network delay (ideal)
                         -0.25   13.75   clock uncertainty
                          0.00   13.75   clock reconvergence pessimism
                                 13.75 ^ _3442_/CLK (sky130_fd_sc_hd__dfxtp_1)
                         -0.08   13.67   library setup time
                                 13.67   data required time
-----------------------------------------------------------------------------
                                 13.67   data required time
                                 -0.34   data arrival time
-----------------------------------------------------------------------------
                                 13.33   slack (MET)


Startpoint: _3441_ (rising edge-triggered flip-flop clocked by clk)
Endpoint: _3440_ (rising edge-triggered flip-flop clocked by clk)
Path Group: clk
Path Type: max

Fanout     Cap    Slew   Delay    Time   Description
-----------------------------------------------------------------------------
                  0.15    0.00    0.00   clock clk (rise edge)
                          0.00    0.00   clock network delay (ideal)
                  0.15    0.00    0.00 ^ _3441_/CLK (sky130_fd_sc_hd__dfxtp_1)
     1    0.00    0.02    0.34    0.34 v _3441_/Q (sky130_fd_sc_hd__dfxtp_1)
                                         synchronizer_spi_cs_n_inst.data_sync[1] (net)
                  0.02    0.00    0.34 v _3440_/D (sky130_fd_sc_hd__dfxtp_1)
                                  0.34   data arrival time

                  0.15   14.00   14.00   clock clk (rise edge)
                          0.00   14.00   clock network delay (ideal)
                         -0.25   13.75   clock uncertainty
                          0.00   13.75   clock reconvergence pessimism
                                 13.75 ^ _3440_/CLK (sky130_fd_sc_hd__dfxtp_1)
                         -0.08   13.67   library setup time
                                 13.67   data required time
-----------------------------------------------------------------------------
                                 13.67   data required time
                                 -0.34   data arrival time
-----------------------------------------------------------------------------
                                 13.33   slack (MET)


Startpoint: _3445_ (rising edge-triggered flip-flop clocked by clk)
Endpoint: _3444_ (rising edge-triggered flip-flop clocked by clk)
Path Group: clk
Path Type: max

Fanout     Cap    Slew   Delay    Time   Description
-----------------------------------------------------------------------------
                  0.15    0.00    0.00   clock clk (rise edge)
                          0.00    0.00   clock network delay (ideal)
                  0.15    0.00    0.00 ^ _3445_/CLK (sky130_fd_sc_hd__dfxtp_1)
     1    0.00    0.02    0.34    0.34 v _3445_/Q (sky130_fd_sc_hd__dfxtp_1)
                                         synchronizer_spi_mosi_inst.data_sync[1] (net)
                  0.02    0.00    0.34 v _3444_/D (sky130_fd_sc_hd__dfxtp_1)
                                  0.34   data arrival time

                  0.15   14.00   14.00   clock clk (rise edge)
                          0.00   14.00   clock network delay (ideal)
                         -0.25   13.75   clock uncertainty
                          0.00   13.75   clock reconvergence pessimism
                                 13.75 ^ _3444_/CLK (sky130_fd_sc_hd__dfxtp_1)
                         -0.08   13.67   library setup time
                                 13.67   data required time
-----------------------------------------------------------------------------
                                 13.67   data required time
                                 -0.34   data arrival time
-----------------------------------------------------------------------------
                                 13.33   slack (MET)


Startpoint: _3180_ (rising edge-triggered flip-flop clocked by clk)
Endpoint: _3179_ (rising edge-triggered flip-flop clocked by clk)
Path Group: clk
Path Type: max

Fanout     Cap    Slew   Delay    Time   Description
-----------------------------------------------------------------------------
                  0.15    0.00    0.00   clock clk (rise edge)
                          0.00    0.00   clock network delay (ideal)
                  0.15    0.00    0.00 ^ _3180_/CLK (sky130_fd_sc_hd__dfxtp_1)
     1    0.00    0.02    0.34    0.34 v _3180_/Q (sky130_fd_sc_hd__dfxtp_1)
                                         synchronizer_ui_in_inst.data_sync[1][0] (net)
                  0.02    0.00    0.34 v _3179_/D (sky130_fd_sc_hd__dfxtp_1)
                                  0.34   data arrival time

                  0.15   14.00   14.00   clock clk (rise edge)
                          0.00   14.00   clock network delay (ideal)
                         -0.25   13.75   clock uncertainty
                          0.00   13.75   clock reconvergence pessimism
                                 13.75 ^ _3179_/CLK (sky130_fd_sc_hd__dfxtp_1)
                         -0.08   13.67   library setup time
                                 13.67   data required time
-----------------------------------------------------------------------------
                                 13.67   data required time
                                 -0.34   data arrival time
-----------------------------------------------------------------------------
                                 13.33   slack (MET)



worst slack corner Typical: 3.7747
